#{"t_start": 1790427219.5301673, "env_id": "None"}
r,l,t,forward_distance,x,height,upright,fallen,episode_step
233.174287,117,1.09054,0.6637495936101055,0.6637495936101055,0.43342513564453156,0.4739738939910573,True,117
217.43341,109,1.199925,0.602853122231469,0.602853122231469,0.4242378720963779,0.4933262370178131,True,109
218.675337,111,1.312355,0.623511347849702,0.623511347849702,0.41866550655359236,0.446924749046662,True,111
229.193398,115,1.427928,0.6571991106492528,0.6571991106492528,0.42135137987898885,0.4732640609943612,True,115
227.651009,110,1.543929,0.6057435610819536,0.6057435610819536,0.42391180816406626,0.5082158922312482,True,110
219.379902,110,1.65578,0.6261866215960583,0.6261866215960583,0.42666490082479414,0.4776878080540234,True,110
237.732275,115,1.778668,0.6484296831479792,0.6484296831479792,0.4259711946227661,0.47083400609421383,True,115
221.556062,114,1.895501,0.6578707684074245,0.6578707684074245,0.422233602117969,0.4189242048755208,True,114
217.583978,110,2.008999,0.6041316558307207,0.6041316558307207,0.42936014989320864,0.47738390939364717,True,110
230.347574,111,2.12025,0.6117242919442728,0.6117242919442728,0.4271755208928985,0.48749345044936176,True,111
222.125304,112,2.233908,0.6517859023147011,0.6517859023147011,0.4196781724938891,0.47855354658395416,True,112
220.559825,112,2.349259,0.6075056971922429,0.6075056971922429,0.42477622134005827,0.4411860578003443,True,112
237.292113,111,2.462985,0.6277269267058113,0.6277269267058113,0.4315131323069663,0.5162774920438377,True,111
237.164594,113,2.576372,0.6523267148061355,0.6523267148061355,0.43530988863828,0.46867982213160425,True,113
234.925036,112,2.691476,0.6072680332811156,0.6072680332811156,0.41860929467686253,0.4735312920081586,True,112
217.889832,111,2.807414,0.6311037740852785,0.6311037740852785,0.4349652004933287,0.4773375681029781,True,111
229.181095,111,2.921992,0.6249920898706496,0.6249920898706496,0.42399946716843073,0.4939328411182036,True,111
226.989553,112,3.036414,0.6603065795883225,0.6603065795883225,0.4193854789969373,0.47148656797766764,True,112
236.546994,115,4.000143,0.6433587106412681,0.6433587106412681,0.4299142898001363,0.46738499307713594,True,115
221.608382,109,4.123182,0.6055387838596207,0.6055387838596207,0.4291866046746859,0.46944720428435244,True,109
220.421682,110,4.234787,0.6332907488219528,0.6332907488219528,0.43168177134743607,0.45137628818918807,True,110
219.40065,111,4.350646,0.6366160240546618,0.6366160240546618,0.4238304803627592,0.4965340632363812,True,111
210.60477,110,4.46372,0.6117262055044388,0.6117262055044388,0.4180974097413453,0.43950803442143105,True,110
224.581778,110,4.577117,0.6166417838501204,0.6166417838501204,0.4245784911287551,0.44761320261863197,True,110
236.10745,113,4.693452,0.5880572698020445,0.5880572698020445,0.41983026485203606,0.46127524499084605,True,113
232.003204,112,4.807089,0.5881910549813737,0.5881910549813737,0.4248077671328213,0.4857388725877144,True,112
233.21748,113,4.9226,0.6576403501647023,0.6576403501647023,0.4303902789058395,0.5011747811406463,True,113
226.538279,112,5.037959,0.6415563252567517,0.6415563252567517,0.4176479342373444,0.47500482285182,True,112
231.807858,116,5.157514,0.6345063518360637,0.6345063518360637,0.4338066466941372,0.47948426645293096,True,116
221.301332,112,5.271382,0.623683049575706,0.623683049575706,0.42679931988877023,0.46931474467297774,True,112
225.787679,114,5.388774,0.6322896824621664,0.6322896824621664,0.42215627728959065,0.4662996410917933,True,114
220.6915,111,5.501292,0.6295086322590869,0.6295086322590869,0.4270569031269902,0.4728323135300354,True,111
216.574238,111,5.611939,0.6354157366607757,0.6354157366607757,0.4305155202402223,0.4643363641036625,True,111
218.581857,111,5.72395,0.6240050228155996,0.6240050228155996,0.42356790755629425,0.4472661302389286,True,111
230.704644,111,5.836298,0.5894515781024945,0.5894515781024945,0.4345576994867831,0.4858790635646206,True,111
232.123504,115,5.950577,0.6307983283493427,0.6307983283493427,0.42477463546242555,0.47562664286520245,True,115
227.590903,113,6.947085,0.6457136811406546,0.6457136811406546,0.4275282312665423,0.4765367482623253,True,113
238.183756,114,7.08765,0.6364155167729666,0.6364155167729666,0.422352752302811,0.48377740370667893,True,114
218.866548,110,7.1965,0.6049169692524432,0.6049169692524432,0.4179130029946399,0.45327036832610396,True,110
224.316582,111,7.30888,0.6330629590807239,0.6330629590807239,0.42012132595887974,0.4776354506645328,True,111
226.75058,116,7.431378,0.6404076501097576,0.6404076501097576,0.42612469812232523,0.49726633502274126,True,116
239.121494,114,7.549345,0.6277045309616316,0.6277045309616316,0.4243898468737323,0.5069871981016753,True,114
226.498182,112,7.664328,0.642418532669133,0.642418532669133,0.43066890848438405,0.4890896846473399,True,112
220.33893,111,7.77336,0.6385199296450523,0.6385199296450523,0.4217200843546016,0.4421126118065649,True,111
232.971986,112,7.88453,0.5635145898973815,0.5635145898973815,0.41725631779577016,0.46107564474336044,True,112
246.097317,116,8.004604,0.6444596480393238,0.6444596480393238,0.42031368824701526,0.4894289624440621,True,116
235.097621,113,8.124015,0.5864654749740263,0.5864654749740263,0.42190236127148706,0.5114642291103468,True,113
246.601879,116,8.24112,0.6575450603115724,0.6575450603115724,0.4261555534850621,0.4689895743835155,True,116
234.295869,114,8.356619,0.6242778974354554,0.6242778974354554,0.423415340858344,0.48277259311290044,True,114
227.237516,114,8.468592,0.6386354931927946,0.6386354931927946,0.4219988530041797,0.4696767476917135,True,114
240.375316,116,8.589014,0.6428591382326863,0.6428591382326863,0.4240020598451312,0.4722838408257786,True,116
224.813104,111,8.699297,0.6452909448122476,0.6452909448122476,0.41802507743610423,0.4625082116760338,True,111
235.263812,112,8.816226,0.6465267063102681,0.6465267063102681,0.4200041485333005,0.49080254751034275,True,112
228.032533,113,8.934628,0.5668184268458196,0.5668184268458196,0.4343834272981398,0.4938495551400393,True,113
232.032272,113,9.975326,0.6461836187442915,0.6461836187442915,0.43087867688139797,0.4640249457941377,True,113
235.60658,115,10.135361,0.6066570347183149,0.6066570347183149,0.41675251094238974,0.4762362403296123,True,115
226.363771,111,10.249602,0.6282004997995609,0.6282004997995609,0.43126335730450915,0.45067295031076304,True,111
221.015671,110,10.374617,0.5898917928674593,0.5898917928674593,0.42615859678407825,0.44145978080792675,True,110
231.873855,114,10.496555,0.665781512578385,0.665781512578385,0.41759405308416686,0.46059427766944927,True,114
232.036211,114,10.612671,0.6197034106072027,0.6197034106072027,0.42791641991107404,0.5029693331664711,True,114
236.817926,114,10.731173,0.5874565359316952,0.5874565359316952,0.42703444269831825,0.4863296490815595,True,114
225.191163,114,10.848112,0.6383887514566724,0.6383887514566724,0.4255588480702129,0.4479704576137546,True,114
232.743603,113,10.963953,0.647520056360683,0.647520056360683,0.4197007889411156,0.44540817099866203,True,113
233.430922,113,11.081768,0.6192208775223683,0.6192208775223683,0.4294625038169644,0.48307225891122924,True,113
241.317375,115,11.199382,0.6324113285918836,0.6324113285918836,0.4283260675313373,0.4838986161703986,True,115
222.142746,110,11.309476,0.6195289987964976,0.6195289987964976,0.4287243009000184,0.4992951141064986,True,110
231.166768,112,11.422877,0.6366823772987821,0.6366823772987821,0.42274854255183464,0.4957623987124461,True,112
225.742343,113,11.53822,0.653623759900227,0.653623759900227,0.4243201436080417,0.4669496782490859,True,113
225.709446,111,11.649608,0.6369626047208476,0.6369626047208476,0.42458481793539293,0.47729831411680007,True,111
224.910985,114,11.766306,0.683216160352156,0.683216160352156,0.41773750913452484,0.4568157902492832,True,114
233.463335,111,11.881212,0.6260050895568182,0.6260050895568182,0.4317901616271913,0.48391779634573456,True,111
241.401876,115,12.010862,0.6626042122190546,0.6626042122190546,0.4183398669256175,0.4686423499748244,True,115
233.415635,113,12.895793,0.6414820676165467,0.6414820676165467,0.4328103872699738,0.4884251859497168,True,113
238.56933,117,13.05484,0.6363656738037857,0.6363656738037857,0.4194796876969569,0.45484791784694917,True,117
214.414448,111,13.171857,0.6366228558750172,0.6366228558750172,0.4203694367309949,0.4444952081465492,True,111
219.843506,113,13.286756,0.6214437915668978,0.6214437915668978,0.4343070491338436,0.4425569528657625,True,113
228.334961,112,13.403878,0.640802480004013,0.640802480004013,0.42453897010034003,0.47362162634770905,True,112
222.507627,111,13.519723,0.6478296903235615,0.6478296903235615,0.4277735610426137,0.4679990569864289,True,111
219.177569,108,13.632575,0.6011071446616444,0.6011071446616444,0.4253162545426615,0.4673550281473347,True,108
214.998728,109,13.74597,0.6159164203004542,0.6159164203004542,0.4164555836652453,0.47659655072890145,True,109
235.193601,114,13.86403,0.6582550380282733,0.6582550380282733,0.423661644512785,0.4444122604456456,True,114
240.003172,114,13.97616,0.637358218855598,0.637358218855598,0.4279862693046666,0.508259839487611,True,114
244.887374,114,14.089703,0.641307341996971,0.641307341996971,0.4351566145986804,0.480312581343829,True,114
222.336863,112,14.203631,0.6278032164936901,0.6278032164936901,0.4200802813447335,0.44068659656487336,True,112
222.750292,111,14.313034,0.6300801031258146,0.6300801031258146,0.43572898462350224,0.47431425462733595,True,111
237.527398,112,14.42871,0.6268256855338276,0.6268256855338276,0.43596907328254014,0.49519698106746585,True,112
225.215068,111,14.540334,0.6237776157234762,0.6237776157234762,0.42983199408495365,0.44551260536817366,True,111
247.225998,116,14.660325,0.6649616694435838,0.6649616694435838,0.43279843412306224,0.47398791660720063,True,116
228.539822,114,14.774331,0.5974571849916779,0.5974571849916779,0.4251372839521784,0.4728245136041794,True,114
217.457961,110,14.889567,0.6355402628953948,0.6355402628953948,0.4185758333919133,0.44921189811560935,True,110
228.814954,112,15.002178,0.5684223103557277,0.5684223103557277,0.42529372667532656,0.5126686581266117,True,112
213.943016,111,15.998045,0.6103227218995367,0.6103227218995367,0.4356615550297149,0.4897275695179778,True,111
234.255846,114,16.121673,0.6368371904194747,0.6368371904194747,0.4271913756309406,0.47336790506637516,True,114
250.013088,118,16.239278,0.6153257113304287,0.6153257113304287,0.4344845747093914,0.45856096960281006,True,118
213.668738,109,16.349487,0.628485922145819,0.628485922145819,0.4189962648969723,0.4956590250314055,True,109
234.77136,114,16.469562,0.6039514906994528,0.6039514906994528,0.42715920556872455,0.5020544764635912,True,114
233.062239,114,16.583642,0.6640282718953516,0.6640282718953516,0.4358260067179092,0.4837332424848032,True,114
236.5793,115,16.701376,0.6457923237751124,0.6457923237751124,0.4213013269449804,0.45213560679195125,True,115
232.234119,113,16.822268,0.5953214610833933,0.5953214610833933,0.43375500831169445,0.5204289010655234,True,113
218.259864,112,16.940122,0.6288799560606892,0.6288799560606892,0.42023779347096374,0.46365650899459704,True,112
228.977277,115,17.058083,0.6547869213355543,0.6547869213355543,0.42876711747065704,0.44474478073759705,True,115
247.207149,121,17.185326,0.6805330526615436,0.6805330526615436,0.4211561486353557,0.4680065066000163,True,121
237.206675,114,17.302584,0.6304394737720803,0.6304394737720803,0.4171386492646384,0.46092395939296354,True,114
213.146634,109,17.417226,0.6446084645964357,0.6446084645964357,0.42810091617411,0.49961000686441226,True,109
199.266104,108,17.531416,0.6299174890749667,0.6299174890749667,0.4246015140615791,0.4318048649745874,True,108
222.197872,108,17.642537,0.5944233187786769,0.5944233187786769,0.43090268452141,0.4896049656765571,True,108
224.652122,112,17.757858,0.6114241280923416,0.6114241280923416,0.43194503674946794,0.463246998717193,True,112
223.581927,111,17.873481,0.5706970921215159,0.5706970921215159,0.42962447310234847,0.5323204660493543,True,111
237.433854,112,17.985558,0.6040134674868747,0.6040134674868747,0.423606410910938,0.48084172450492174,True,112
236.836536,111,18.781947,0.5798501683378261,0.5798501683378261,0.42712019438829896,0.5251652913914513,True,111
227.098036,112,18.906285,0.6428881749754723,0.6428881749754723,0.4255510896531156,0.4821711644676687,True,112
228.323655,111,19.020243,0.658928479387899,0.658928479387899,0.43467149948066464,0.48525715952648996,True,111
223.312732,110,19.129069,0.5555161395103136,0.5555161395103136,0.43157212973311637,0.5034168610285342,True,110
218.665581,111,19.241793,0.6480896261214526,0.6480896261214526,0.4188291985704998,0.468723780258112,True,111
237.585254,114,19.355316,0.6366447502663743,0.6366447502663743,0.4226871846592404,0.4715174546904924,True,114
237.454849,113,19.470427,0.62696857157342,0.62696857157342,0.41929644472781963,0.474665827942562,True,113
234.827496,113,19.582683,0.6165495662333333,0.6165495662333333,0.43106130186959374,0.4922165713187463,True,113
228.158459,112,19.692619,0.6303374041986145,0.6303374041986145,0.4266606137119608,0.4756063106029353,True,112
234.79106,114,19.805958,0.6391304044015752,0.6391304044015752,0.4358833336447105,0.472576970337088,True,114
223.198167,113,19.919514,0.6153335496702225,0.6153335496702225,0.4178735642237716,0.4672984933455795,True,113
219.068784,110,20.030602,0.5870412513272999,0.5870412513272999,0.425583541908094,0.5027838714987838,True,110
226.608668,113,20.140079,0.6563353613324623,0.6563353613324623,0.42688037865742695,0.495280465656603,True,113
201.378492,107,20.248177,0.6231199614928906,0.6231199614928906,0.42935785845926305,0.4991262305882034,True,107
217.247454,109,20.362073,0.6114323115668034,0.6114323115668034,0.43450543246640067,0.48344719255714363,True,109
226.288647,114,20.478191,0.5930886427179135,0.5930886427179135,0.4321259668737993,0.4917017476454914,True,114
236.050493,115,20.59575,0.6555249876595775,0.6555249876595775,0.4256013740483348,0.48642268770466124,True,115
236.789802,112,20.708949,0.642765921208731,0.642765921208731,0.43129400590486505,0.5077544735225791,True,112
227.180603,113,21.566585,0.6388850062178277,0.6388850062178277,0.43444193577453405,0.46373467560344295,True,113
226.566773,112,21.719505,0.6147065960729173,0.6147065960729173,0.4336407946385088,0.4495175922557759,True,112
215.612077,111,21.833627,0.6090903239637767,0.6090903239637767,0.43127298938368397,0.4781377841738869,True,111
233.608404,114,21.949605,0.6518007310342957,0.6518007310342957,0.423842410224132,0.48772208971600656,True,114
226.791751,115,22.063863,0.6454110639729074,0.6454110639729074,0.4256457241756162,0.45964796782624723,True,115
225.532105,110,22.176148,0.5842513116362542,0.5842513116362542,0.42574132248266544,0.5168214233293311,True,110
223.766291,113,22.289157,0.6541900968593531,0.6541900968593531,0.4227114462570145,0.4555106183399615,True,113
228.814602,114,22.403908,0.6348980126976207,0.6348980126976207,0.41970395425093676,0.46500261118952146,True,114
216.455958,109,22.516393,0.6109069660973084,0.6109069660973084,0.4338327547795873,0.4916047764496194,True,109
237.096895,116,22.637425,0.6127040554855578,0.6127040554855578,0.43522516653236204,0.5029448817217601,True,116
235.95139,113,22.750017,0.6650499445322553,0.6650499445322553,0.4317301165231598,0.4678004132836871,True,113
228.737361,114,22.868639,0.6180670162562942,0.6180670162562942,0.4267781815851776,0.4841334529468203,True,114
223.316776,110,22.983105,0.6381524906826528,0.6381524906826528,0.43406941895048995,0.48807881708803863,True,110
236.888593,113,23.094898,0.5866188259973124,0.5866188259973124,0.43129185747311194,0.5184178593621849,True,113
237.143104,114,23.209963,0.6378214936000939,0.6378214936000939,0.4262617751221789,0.4443421289936998,True,114
222.681273,111,23.32334,0.5875674191583772,0.5875674191583772,0.43257944156459327,0.5039601058403546,True,111
223.48284,111,23.436245,0.6317804988516071,0.6317804988516071,0.42668310519432445,0.47700658242612626,True,111
240.004627,115,23.553313,0.6511860312753884,0.6511860312753884,0.4198949221006185,0.47767859002653723,True,115
226.003008,112,24.450111,0.6239519930991957,0.6239519930991957,0.42785649595702796,0.48043973827926206,True,112
223.851366,113,24.597934,0.6453266327013156,0.6453266327013156,0.41821345505096613,0.48241618742916753,True,113
235.095681,114,24.711869,0.624389212283513,0.624389212283513,0.43237713513130754,0.49962519615246753,True,114
232.61484,111,24.82549,0.5827472237945073,0.5827472237945073,0.42918599846340877,0.4803607307974172,True,111
228.442918,111,24.936614,0.6320404700276445,0.6320404700276445,0.42855359179534996,0.4923186348850148,True,111
222.139314,110,25.045364,0.6362150387757699,0.6362150387757699,0.4309943770497699,0.4732011286661477,True,110
234.290461,114,25.159388,0.6314282512646967,0.6314282512646967,0.43477058504296034,0.503019757988697,True,114
222.951781,110,25.269296,0.6236325307602015,0.6236325307602015,0.42242545555523237,0.4882037676505214,True,110
234.804171,113,25.381379,0.6340413670913893,0.6340413670913893,0.42377910285491427,0.4732070590545189,True,113
229.662758,113,25.498936,0.6040840841144456,0.6040840841144456,0.42021393623020026,0.4580656742370668,True,113
241.627323,115,25.613861,0.6840687708387725,0.6840687708387725,0.422141433526682,0.4791403644392536,True,115
227.449217,114,25.726489,0.6191282822474308,0.6191282822474308,0.4359648868664411,0.4770833287882353,True,114
229.959952,112,25.837749,0.5858260020876566,0.5858260020876566,0.4310953808811945,0.512473829182079,True,112
222.633928,109,25.947191,0.6144211073388081,0.6144211073388081,0.42455624751035087,0.5199217489045386,True,109
231.781587,112,26.063861,0.649669223644841,0.649669223644841,0.42358597500157325,0.49383706347441075,True,112
224.930346,111,26.177107,0.6569514083979945,0.6569514083979945,0.4323164064699248,0.4628873979175696,True,111
226.425673,111,26.287763,0.644802125585751,0.644802125585751,0.43165084616001426,0.45409322184753903,True,111
232.491649,111,26.400648,0.6044592962488801,0.6044592962488801,0.43411214288069605,0.5129135419408974,True,111
212.133058,110,27.290446,0.6440213645642837,0.6440213645642837,0.43489246667478393,0.4653324677787222,True,110
213.644261,111,27.456712,0.5937965528484542,0.5937965528484542,0.4308154550113508,0.508857231854147,True,111
237.667741,114,27.5841,0.6159516796948039,0.6159516796948039,0.42691981854389,0.5240026279388716,True,114
233.679921,111,27.701912,0.6245724593611717,0.6245724593611717,0.4286630471006277,0.4922006251510756,True,111
220.389348,113,27.821243,0.678284283302342,0.678284283302342,0.4216744281784417,0.4687124607335779,True,113
212.612917,110,27.939353,0.6207126290757033,0.6207126290757033,0.4163606464302212,0.43115905238225766,True,110
236.101506,112,28.057403,0.6147856974159708,0.6147856974159708,0.4323088878523435,0.4773994483999462,True,112
231.361524,113,28.177757,0.6244315444936956,0.6244315444936956,0.42346372105577734,0.4654636831975892,True,113
236.129096,112,28.293656,0.601934426848448,0.601934426848448,0.4192072421177845,0.4764199671258609,True,112
210.31489,108,28.407013,0.6097393541216186,0.6097393541216186,0.4210017017574669,0.4509505552883276,True,108
235.302664,117,28.528317,0.6251583504155472,0.6251583504155472,0.4301626725531594,0.46796130418995646,True,117
223.180073,110,28.644816,0.6256647989591884,0.6256647989591884,0.4317867372559302,0.4706113057645202,True,110
231.068577,111,28.760329,0.6157339762574288,0.6157339762574288,0.43560164116789607,0.5192466153958488,True,111
228.808546,113,28.879282,0.6260593055727042,0.6260593055727042,0.4306884166778223,0.4541718482334961,True,113
224.425243,112,28.996362,0.5956478563462753,0.5956478563462753,0.42445136741108896,0.49545023644433484,True,112
229.774863,111,29.113184,0.6164479526014712,0.6164479526014712,0.4357514712712501,0.5058232508721603,True,111
226.132012,113,29.229079,0.6301955073492236,0.6301955073492236,0.419027619209299,0.46875682922333745,True,113
228.275121,113,29.347444,0.617834421210217,0.617834421210217,0.4241607960729846,0.47913493587203615,True,113
245.237035,117,29.464435,0.6454363540297403,0.6454363540297403,0.41700920584016693,0.4711894921498311,True,117
237.011947,114,30.261718,0.6373687209701145,0.6373687209701145,0.41978429749447105,0.4856920741438987,True,114
225.804699,110,30.380301,0.5890356421036081,0.5890356421036081,0.4357049945857403,0.48671740025797994,True,110
237.081039,115,30.501341,0.6339633861329098,0.6339633861329098,0.42726198821466116,0.49747606545291534,True,115
230.928689,113,30.614905,0.6361833783095698,0.6361833783095698,0.43100374372154815,0.4545782263963041,True,113
218.558106,113,30.728055,0.6285845879563055,0.6285845879563055,0.4286352202084648,0.4616779956526471,True,113
210.209923,107,30.837445,0.5577278807409094,0.5577278807409094,0.42919313023021993,0.46569278032069233,True,107
248.065294,112,30.95161,0.6026094075070342,0.6026094075070342,0.4356039066616737,0.5263866108723535,True,112
221.277745,109,31.062443,0.6321371332516982,0.6321371332516982,0.42884319845056806,0.5014542818001988,True,109
224.169097,109,31.172483,0.6208925696288818,0.6208925696288818,0.4342218071423964,0.5023049631965437,True,109
220.677337,111,31.283417,0.637136083756341,0.637136083756341,0.420782629370968,0.4778638372273942,True,111
230.461513,116,31.400003,0.6632399987974169,0.6632399987974169,0.4309417019634298,0.4674854662208551,True,116
224.218821,111,31.513629,0.6524137252706306,0.6524137252706306,0.42172007813187673,0.4518586930217984,True,111
225.591722,112,31.626793,0.6166516052940535,0.6166516052940535,0.43228833938667127,0.47617882154570185,True,112
237.544655,115,31.742465,0.6564945391386147,0.6564945391386147,0.42982625914077893,0.47829144513474753,True,115
208.501939,111,31.854982,0.6366413626233028,0.6366413626233028,0.41964698725398575,0.46543304118640066,True,111
233.981233,114,31.974322,0.6155637410176963,0.6155637410176963,0.4242545489651192,0.4622366164437908,True,114
232.140812,112,32.091418,0.5910143687027695,0.5910143687027695,0.4309032479165003,0.488890062868341,True,112
221.876509,111,32.205419,0.6508498464019146,0.6508498464019146,0.41903386919667657,0.429572577438909,True,111
221.576285,113,33.167412,0.6329411977666365,0.6329411977666365,0.4232950103605542,0.477528722578596,True,113
224.746055,113,33.307412,0.664103995963477,0.664103995963477,0.41742327062027723,0.43594511867613506,True,113
227.40243,109,33.413344,0.5702146304905031,0.5702146304905031,0.41714981029309306,0.45775442917541653,True,109
228.661381,114,33.531394,0.6724390433070992,0.6724390433070992,0.4250078268691231,0.4718245115974799,True,114
235.428576,113,33.648951,0.6419884606339379,0.6419884606339379,0.42944261221272634,0.48365873938315357,True,113
242.651639,115,33.772207,0.629820063239548,0.629820063239548,0.4358518937543759,0.5099185570676225,True,115
227.925198,114,33.892088,0.6318708790644785,0.6318708790644785,0.43380112622827993,0.44476032626631834,True,114
215.347254,108,34.002856,0.5970816792248207,0.5970816792248207,0.4326649064394424,0.455329058075725,True,108
231.391089,113,34.116726,0.6214509334295044,0.6214509334295044,0.43066872691073915,0.4917360142712665,True,113
216.531872,113,34.228228,0.6116779948190071,0.6116779948190071,0.4236683058457483,0.4319066436494328,True,113
217.83192,109,34.340321,0.6219624427891747,0.6219624427891747,0.4209232476633892,0.44327455545397043,True,109
217.616723,110,34.455659,0.6073990033991938,0.6073990033991938,0.4320143398374721,0.4576026226830021,True,110
238.154912,113,34.577127,0.6449408134385605,0.6449408134385605,0.4338809520459777,0.5002507914825826,True,113
237.849571,114,34.696527,0.6383566268390297,0.6383566268390297,0.4274358584442548,0.5126297620381208,True,114
232.055513,111,34.808647,0.6322064060142767,0.6322064060142767,0.420693820011719,0.47538363510534676,True,111
232.371202,113,34.925238,0.6166299748960741,0.6166299748960741,0.42917664289757035,0.4639496644176349,True,113
231.780308,113,35.043286,0.6283461255788871,0.6283461255788871,0.42574698148965123,0.4824836146963781,True,113
224.658964,113,35.163943,0.6492435454691821,0.6492435454691821,0.42164644847623306,0.47841790413929286,True,113
231.350434,113,36.037008,0.6101768121556022,0.6101768121556022,0.42785031458718614,0.49340489428004014,True,113
219.88182,113,36.198223,0.6359762721279524,0.6359762721279524,0.4224744192507781,0.5062022587551892,True,113
219.354061,110,36.306615,0.6252482556319015,0.6252482556319015,0.42862062934564704,0.4846041800119584,True,110
222.699471,111,36.419323,0.6179450424606617,0.6179450424606617,0.4196703658561931,0.4889008914099718,True,111
221.869304,114,36.53282,0.6510334475675611,0.6510334475675611,0.4279922759389762,0.4524260615921244,True,114
235.747464,115,36.654956,0.6560332539141426,0.6560332539141426,0.4190408638780839,0.4590426115828447,True,115
234.040093,114,36.768217,0.6281318205604938,0.6281318205604938,0.4282416787987283,0.47473525019762436,True,114
225.630449,111,36.88223,0.6384608464017417,0.6384608464017417,0.4188946728947226,0.4400539466686461,True,111
239.222468,114,37.002055,0.6227101833775189,0.6227101833775189,0.42381694048245494,0.47728548549758865,True,114
224.801655,114,37.115049,0.6485298557324304,0.6485298557324304,0.42520804059260575,0.4673657864463628,True,114
243.402071,116,37.233225,0.6022998202430834,0.6022998202430834,0.4258780463339745,0.5087618614762849,True,116
234.573492,116,37.354683,0.6760540298597743,0.6760540298597743,0.4261420589340468,0.453333689181775,True,116
227.413407,110,37.468188,0.6437876057265945,0.6437876057265945,0.4349728778853305,0.47612086361778,True,110
228.26002,110,37.581084,0.6243744047097152,0.6243744047097152,0.4263755906587487,0.449417920790887,True,110
236.240893,115,37.698093,0.594514828536213,0.594514828536213,0.4298359120087311,0.4880678308344927,True,115
224.34396,114,37.816289,0.63739683981375,0.63739683981375,0.42607446995997045,0.4420300426627933,True,114
222.929257,111,37.930192,0.5795118103267151,0.5795118103267151,0.4317019848579674,0.49014374441839575,True,111
233.565095,114,38.045809,0.6268964390819024,0.6268964390819024,0.42534638973354805,0.4490454034490474,True,114
215.599824,111,38.895286,0.6032440252165167,0.6032440252165167,0.4188199476308677,0.46221446768054797,True,111
220.733781,112,39.077424,0.6159101646173686,0.6159101646173686,0.41668950800154836,0.4795300919499334,True,112
218.199487,110,39.185142,0.585517431086216,0.585517431086216,0.42156316765679575,0.48185782326992493,True,110
215.344635,110,39.294817,0.6227801966681189,0.6227801966681189,0.428777310788438,0.4878875606818875,True,110
222.423841,111,39.40815,0.6046387154829598,0.6046387154829598,0.4260129869262776,0.4541923067920682,True,111
228.66875,112,39.526149,0.6296026860819179,0.6296026860819179,0.4207966757518501,0.4685191063263931,True,112
239.398046,118,39.644799,0.6511334042351848,0.6511334042351848,0.43239293905156084,0.46818192332919023,True,118
228.172769,111,39.760882,0.5926480248705001,0.5926480248705001,0.4266531976471743,0.4935502481834094,True,111
216.306693,110,39.874061,0.6191240131721499,0.6191240131721499,0.4268375587943961,0.46924770629103435,True,110
219.176313,111,39.988256,0.6370786978208516,0.6370786978208516,0.4308952811226871,0.46865515725884604,True,111
233.4279,110,40.105343,0.5995472252718882,0.5995472252718882,0.4345599572859173,0.49542653159113464,True,110
234.647561,110,40.218745,0.6063341201283451,0.6063341201283451,0.4295643110303148,0.5019379290304229,True,110
219.025368,111,40.333271,0.6147688388046201,0.6147688388046201,0.4256158245154591,0.48639691601119306,True,111
226.568618,112,40.44904,0.6036525850503788,0.6036525850503788,0.4316479915373875,0.48540389457739597,True,112
232.222733,113,40.563116,0.6653865419463132,0.6653865419463132,0.4217097125955837,0.4743525361946175,True,113
225.112972,116,40.681773,0.6506155234153511,0.6506155234153511,0.43355638165435617,0.47032636351559315,True,116
234.825559,115,40.801702,0.6539110400962248,0.6539110400962248,0.42597630806045245,0.48175842844823025,True,115
240.648896,115,40.923445,0.6587936654759039,0.6587936654759039,0.41864895838260385,0.43357152772769847,True,115
230.631082,114,41.043763,0.6498886426010259,0.6498886426010259,0.4309028162465431,0.4874293903076849,True,114
222.271882,109,42.050687,0.5985059955019085,0.5985059955019085,0.42681499691957847,0.48254791138959136,True,109
216.198999,111,42.188666,0.6088591245599563,0.6088591245599563,0.4207005248178347,0.4375933615688761,True,111
239.838181,116,42.306468,0.5802461786930376,0.5802461786930376,0.4251396808109848,0.48770040148391736,True,116
214.843233,107,42.416856,0.6041695189485314,0.6041695189485314,0.4265058179476795,0.48697743762563295,True,107
212.954244,112,42.533217,0.6610887785528334,0.6610887785528334,0.43255101031111715,0.45570905060023487,True,112
218.863852,111,42.648387,0.6150851160959089,0.6150851160959089,0.4210634729092081,0.46072034156787245,True,111
231.95844,111,42.754731,0.6054462903064363,0.6054462903064363,0.42626053419638477,0.4767353921969484,True,111
226.77522,112,42.863883,0.6099680815251162,0.6099680815251162,0.4199931682533505,0.49338892051882804,True,112
221.05148,111,42.982101,0.6167317141911068,0.6167317141911068,0.42781738889690774,0.49531079320755045,True,111
229.203273,111,43.098003,0.6093214265479706,0.6093214265479706,0.41733540571928407,0.45687051369021464,True,111
228.587255,112,43.220269,0.6242391377080426,0.6242391377080426,0.42951081463044277,0.46327819711931606,True,112
218.088527,112,43.337184,0.6142594368025815,0.6142594368025815,0.42570269572182884,0.4530959185944508,True,112
233.38251,112,43.453751,0.6300619836735715,0.6300619836735715,0.42476707868454167,0.4868844604252251,True,112
238.683718,114,43.573972,0.6541320667842379,0.6541320667842379,0.42855514345263646,0.461526860099948,True,114
217.651679,112,43.690773,0.6594181913866165,0.6594181913866165,0.43368112282141885,0.4906015239447117,True,112
234.015805,114,43.805523,0.6226948808910979,0.6226948808910979,0.4318318380535461,0.5148723987249116,True,114
219.655275,111,43.929971,0.6227778594659573,0.6227778594659573,0.4213678605016585,0.4420559756465237,True,111
220.226909,111,44.059703,0.6282643093938126,0.6282643093938126,0.4290184064119397,0.500034872769547,True,111
241.748178,115,44.930542,0.6393861227269309,0.6393861227269309,0.42993590902047063,0.4654891164368044,True,115
233.591538,113,45.074437,0.6486325498238295,0.6486325498238295,0.42503055093913683,0.49660728669362436,True,113
226.789335,115,45.184045,0.6283494006275454,0.6283494006275454,0.4267633407810139,0.47608886106167697,True,115
228.939221,112,45.296682,0.6312102889055018,0.6312102889055018,0.430132864011916,0.47640104875836015,True,112
228.94003,110,45.403359,0.6175584578765494,0.6175584578765494,0.4357259567265083,0.44576367812409673,True,110
216.002925,111,45.514631,0.602516942262536,0.602516942262536,0.42207069524544294,0.4978886730619062,True,111
241.445648,113,45.630653,0.6494296726925641,0.6494296726925641,0.4286477545221288,0.525772213803587,True,113
227.459177,112,45.741369,0.6211231207540038,0.6211231207540038,0.4373628310982312,0.4432483561009159,True,112
249.503761,119,45.867,0.6681179827198493,0.6681179827198493,0.4346534904265878,0.5085371441185537,True,119
210.797253,109,45.97998,0.6598511791986772,0.6598511791986772,0.41938877767004,0.44541642614319454,True,109
227.325516,111,46.089021,0.640382687943128,0.640382687943128,0.4304405303004182,0.46506943850532406,True,111
230.222339,113,46.202579,0.6232588445594208,0.6232588445594208,0.42957471343638914,0.4895757899835271,True,113
235.891342,117,46.321506,0.6429580380676144,0.6429580380676144,0.4334098584556313,0.4705959629769854,True,117
228.006808,113,46.436233,0.5969963985705692,0.5969963985705692,0.42701685585440097,0.4758202905586799,True,113
234.001676,113,46.548986,0.5972600871964223,0.5972600871964223,0.41916731232351956,0.4552831253803118,True,113
238.955544,114,46.663904,0.6307968984613468,0.6307968984613468,0.43211874991242655,0.4778723856168061,True,114
234.251237,112,46.777941,0.638456856821671,0.638456856821671,0.43270680369930253,0.48150222577487783,True,112
233.29896,112,46.896989,0.616784707220476,0.616784707220476,0.4243872747903189,0.4941128309522909,True,112
229.242077,113,47.803946,0.6122446255474845,0.6122446255474845,0.43511337630836283,0.46650402606923386,True,113
214.52007,109,47.958713,0.5806766054633694,0.5806766054633694,0.4289061532120674,0.48764759816162956,True,109
210.871204,109,48.069498,0.6431327857467336,0.6431327857467336,0.42134987871036356,0.44260976836337523,True,109
221.481637,111,48.183264,0.6083419110143716,0.6083419110143716,0.435715509259631,0.5057616558816925,True,111
238.200321,116,48.30297,0.6254506095256521,0.6254506095256521,0.4326581600741619,0.46093543044160007,True,116
229.572065,113,48.422971,0.6555575042566458,0.6555575042566458,0.42530095251295086,0.47853432413286107,True,113
226.318748,114,48.538981,0.5961057076758174,0.5961057076758174,0.42207477378235125,0.47220445849417286,True,114
219.576988,113,48.655729,0.6517637252920068,0.6517637252920068,0.434044949840656,0.4763302445747149,True,113
229.611666,112,48.774545,0.5668108498054245,0.5668108498054245,0.428915006493733,0.47622816142386715,True,112
222.546062,111,48.892514,0.6289243933946637,0.6289243933946637,0.4271748536816889,0.47022300252579824,True,111
226.995917,110,49.01132,0.6050755908780686,0.6050755908780686,0.42081466831026143,0.4457841769922709,True,110
234.047378,116,49.132155,0.6318071642258937,0.6318071642258937,0.42367162833344896,0.4645217351912875,True,116
233.466982,112,49.251,0.6310850901253042,0.6310850901253042,0.43443353433801346,0.47676093153767474,True,112
224.344123,111,49.367148,0.6413296741225364,0.6413296741225364,0.42817279109177925,0.5066983549073572,True,111
228.664247,113,49.487122,0.6176585957176565,0.6176585957176565,0.43244562352877175,0.45483894579284956,True,113
225.759665,114,49.610511,0.6271895164349116,0.6271895164349116,0.4217820438887036,0.446475928703316,True,114
227.800126,112,49.730157,0.6394406711033754,0.6394406711033754,0.4300362092289944,0.4405392607818295,True,112
235.720522,115,49.853179,0.6425326975748423,0.6425326975748423,0.4169737655015594,0.4828628431245884,True,115
223.486561,109,50.570576,0.6497595154320206,0.6497595154320206,0.4333448154898546,0.4797552590871462,True,109
225.771255,114,50.708499,0.6449610212660708,0.6449610212660708,0.43328059215764997,0.48890571246485237,True,114
226.756947,112,50.821247,0.6193400645774945,0.6193400645774945,0.4243239095626341,0.48632209691492634,True,112
230.277282,114,50.938592,0.6398573041201044,0.6398573041201044,0.4244209778718229,0.515408241215444,True,114
205.122711,109,51.055506,0.631710889869621,0.631710889869621,0.42863541431581825,0.47060238303402563,True,109
226.046256,110,51.166875,0.5476023596200177,0.5476023596200177,0.43314783045580496,0.4982291502588284,True,110
211.993098,109,51.282313,0.6172747030004072,0.6172747030004072,0.4357354474772937,0.4770601026556039,True,109
221.14893,110,51.403182,0.6015067152389477,0.6015067152389477,0.42410901976652415,0.4821318999489235,True,110
231.639817,112,51.52069,0.5998520190876064,0.5998520190876064,0.42946273526033646,0.48082269034351127,True,112
233.537243,113,51.642431,0.6397558496233731,0.6397558496233731,0.4264255468555756,0.5039158448013955,True,113
208.515619,112,51.762188,0.6545017330762778,0.6545017330762778,0.41989661374429266,0.4758102295394752,True,112
214.279533,109,51.878763,0.6134165593998544,0.6134165593998544,0.4342641617092539,0.47616807270169204,True,109
209.900182,109,51.989448,0.6150788744670879,0.6150788744670879,0.4192022849250284,0.45374109279660585,True,109
231.783023,112,52.106849,0.6221338590002117,0.6221338590002117,0.43488450070870427,0.47128818330616673,True,112
229.592125,114,52.231289,0.6541385835161233,0.6541385835161233,0.4238708440572217,0.4693917907406231,True,114
242.656286,117,52.357847,0.6367857092965056,0.6367857092965056,0.4278161147148521,0.4934989587810898,True,117
233.374541,112,52.475413,0.5980929091245891,0.5980929091245891,0.43516175327282924,0.5059191679178944,True,112
236.109981,113,52.595951,0.600082338384585,0.600082338384585,0.4354897216324516,0.4812745368784968,True,113
237.199897,113,52.71344,0.6342770275531072,0.6342770275531072,0.42863156388933527,0.48396663634483017,True,113
233.357595,113,53.538373,0.5988436575613136,0.5988436575613136,0.4201570409708889,0.48000683214407747,True,113
229.808284,113,53.664709,0.5760609040281637,0.5760609040281637,0.42251283513690757,0.5001167551987148,True,113
235.010257,115,53.783163,0.6350335055443477,0.6350335055443477,0.42570620026515105,0.4720831127183735,True,115
231.24262,115,53.904928,0.6088431458595784,0.6088431458595784,0.42637907391040164,0.5110589043513628,True,115
233.428929,115,54.023277,0.6416254923985771,0.6416254923985771,0.4245542390367931,0.498710302307766,True,115
241.066364,116,54.145929,0.6569872402952688,0.6569872402952688,0.4230854542472228,0.4840848068167598,True,116
219.109053,110,54.261442,0.6370354403492203,0.6370354403492203,0.4217600665087534,0.43729673267224917,True,110
236.995939,113,54.3822,0.5777179576568514,0.5777179576568514,0.4210554613688318,0.4807499720680325,True,113
220.753214,110,54.497898,0.6284520870025009,0.6284520870025009,0.42207222083345036,0.4998101785204202,True,110
229.015059,112,54.615413,0.609744439768132,0.609744439768132,0.4302032073008945,0.4781688911436726,True,112
230.444632,114,54.733383,0.643649934274297,0.643649934274297,0.42079363653498136,0.4637085075329528,True,114
231.08349,111,54.849544,0.5908120408865616,0.5908120408865616,0.4238982482901082,0.4625167169894617,True,111
228.261074,112,54.965414,0.6299055423667095,0.6299055423667095,0.42746546828905513,0.5019392424656658,True,112
229.469129,114,55.086515,0.6473385258529638,0.6473385258529638,0.42491610287852116,0.4779472084489033,True,114
240.263728,113,55.204289,0.6626902254426864,0.6626902254426864,0.4242294265948075,0.5145357984741249,True,113
221.218412,110,55.320465,0.6411936158153653,0.6411936158153653,0.4264476428813427,0.474512494836777,True,110
234.609198,114,55.441955,0.6344658608411946,0.6344658608411946,0.43214078803759876,0.5059642934546061,True,114
221.068896,112,55.573572,0.6479791305002874,0.6479791305002874,0.41969581745293527,0.45019746027799024,True,112
234.656361,112,56.459616,0.5777178214918072,0.5777178214918072,0.42977079860648554,0.4922060803373697,True,112
225.071476,113,56.593478,0.6782832074167923,0.6782832074167923,0.41652319840871144,0.4465577198892329,True,113
241.37648,118,56.711237,0.6161945564628679,0.6161945564628679,0.4181263146240495,0.4548503111854754,True,118
219.212701,113,56.830996,0.6401649440028272,0.6401649440028272,0.42521360685739557,0.4719397949903863,True,113
233.234961,111,56.942965,0.6009029067910332,0.6009029067910332,0.4238739448482572,0.5013300462402452,True,111
239.605401,113,57.058118,0.6109672970236776,0.6109672970236776,0.4301517143129709,0.48065195083559537,True,113
220.448802,109,57.172986,0.6444669700211646,0.6444669700211646,0.4252065688843838,0.4842055305838502,True,109
231.919275,114,57.283662,0.608703121195689,0.608703121195689,0.42501986569472755,0.49039611089723784,True,114
245.463557,114,57.400485,0.6289445280973868,0.6289445280973868,0.43101362914688773,0.5017256710215058,True,114
242.080101,115,57.513985,0.6330991607359001,0.6330991607359001,0.42345973578002327,0.4819080605180186,True,115
229.18425,115,57.626443,0.594440484566308,0.594440484566308,0.4296284363078384,0.5100665519960313,True,115
226.372267,111,57.738178,0.6565571532091729,0.6565571532091729,0.4187553797693181,0.46622700818514407,True,111
229.910928,113,57.853503,0.6171070269235301,0.6171070269235301,0.43505133708727234,0.48770540424908837,True,113
239.870548,113,57.967617,0.6559008094043864,0.6559008094043864,0.42768312801064645,0.4687268844819238,True,113
224.261758,112,58.081614,0.5818799427307653,0.5818799427307653,0.4317422990731119,0.4777652737879193,True,112
221.209037,110,58.191625,0.6037825817249587,0.6037825817249587,0.41815077884624785,0.4660160893607457,True,110
228.886658,112,58.305546,0.6367092688930066,0.6367092688930066,0.4265217704181084,0.47176958006535463,True,112
226.022595,110,58.41879,0.656514421986811,0.656514421986811,0.41560472474817806,0.4357550209739039,True,110
231.440721,112,59.409892,0.6335298560340249,0.6335298560340249,0.43514819619365025,0.4772501663669195,True,112
229.504021,111,59.551494,0.6435868615528494,0.6435868615528494,0.41837615125395416,0.47600433469324727,True,111
234.404598,116,59.669613,0.6589891716778717,0.6589891716778717,0.4341007741112714,0.4648486109574398,True,116
229.433471,112,59.783172,0.6256311304562913,0.6256311304562913,0.43054811185422215,0.4507592712855526,True,112
221.940358,112,59.898066,0.6303725149230719,0.6303725149230719,0.4257249171380296,0.4690711621693768,True,112
226.181027,112,60.013644,0.6242651593422403,0.6242651593422403,0.44991796145543256,0.4476523887554981,True,112
234.953103,115,60.134851,0.6526087828657303,0.6526087828657303,0.4228259443641224,0.5083414727949761,True,115
236.10932,115,60.255204,0.6358019313495994,0.6358019313495994,0.41726859551572454,0.46689814285912684,True,115
226.548435,112,60.372075,0.6630194765094864,0.6630194765094864,0.43251043577767806,0.4639253221555264,True,112
220.430436,112,60.490441,0.6041003272546411,0.6041003272546411,0.423375924396874,0.4252161707537289,True,112
221.037291,113,60.605064,0.6738503383557245,0.6738503383557245,0.42117604559625815,0.44285926180056256,True,113
232.368639,112,60.716907,0.605468802261204,0.605468802261204,0.4260884903732397,0.49100500072316144,True,112
231.081892,112,60.831614,0.6264481278383328,0.6264481278383328,0.4326016449212485,0.4632121454755993,True,112
239.045075,116,60.954551,0.6752187753925706,0.6752187753925706,0.43393634614296234,0.467102567398623,True,116
241.33069,115,61.079847,0.6578815552818765,0.6578815552818765,0.42083355234432435,0.44372397763574434,True,115
222.020498,112,61.197249,0.6519068363167728,0.6519068363167728,0.4194382376859005,0.4883362307397352,True,112
236.47168,112,61.318603,0.6402273107744786,0.6402273107744786,0.43468383344181727,0.475750489621701,True,112
220.163846,114,61.432042,0.6419639101471364,0.6419639101471364,0.4229916988068003,0.4497438935683546,True,114
230.702595,112,62.33499,0.609512317773548,0.609512317773548,0.42086191485532465,0.47563108393807063,True,112
241.635421,116,62.48033,0.6362204905369526,0.6362204905369526,0.43485165155175814,0.4623696182791236,True,116
231.9563,115,62.607197,0.651178179658727,0.651178179658727,0.4251911780761708,0.4474688646667128,True,115
224.415128,111,62.728405,0.6191588493464111,0.6191588493464111,0.41906434960023214,0.43797696283775295,True,111
242.531892,114,62.854053,0.6206314351030392,0.6206314351030392,0.4336129584034535,0.5207185385541977,True,114
227.200636,115,62.977954,0.6401626643771168,0.6401626643771168,0.4240109350169182,0.48569201357613034,True,115
226.666925,112,63.098121,0.6371207084336439,0.6371207084336439,0.4306822006222452,0.4679007116456234,True,112
222.190988,113,63.216425,0.6494228687171257,0.6494228687171257,0.4213948075209325,0.4641175407138223,True,113
220.63545,110,63.33218,0.6319093408990814,0.6319093408990814,0.43514570717650575,0.48089279745979063,True,110
221.175145,114,63.449551,0.6061908589335369,0.6061908589335369,0.42654090271595757,0.5089591946975704,True,114
219.637839,112,63.5711,0.6439593836056052,0.6439593836056052,0.4345093705001297,0.4575461042128349,True,112
233.236147,113,63.69245,0.6725264719182684,0.6725264719182684,0.4242055934592815,0.44760572729154285,True,113
243.879338,115,63.814241,0.618786622386676,0.618786622386676,0.42732163209656043,0.5003176296048159,True,115
232.211796,112,63.944345,0.6245223516399125,0.6245223516399125,0.43575779576698337,0.5402669701181025,True,112
213.480905,111,64.060969,0.6503618159886445,0.6503618159886445,0.4314653582243032,0.47426484520004997,True,111
226.065456,113,64.185905,0.6096453613711827,0.6096453613711827,0.4288817707474852,0.47234795311960776,True,113
223.75783,112,64.315997,0.6383714625315517,0.6383714625315517,0.4223869323529495,0.4261591994034727,True,112
233.900594,115,64.428946,0.6355484459636869,0.6355484459636869,0.416709183614504,0.43911784549059424,True,115
233.199201,114,65.144926,0.663068843350886,0.663068843350886,0.43506620351583114,0.4754959816626133,True,114
222.571517,111,65.312485,0.6459639528817367,0.6459639528817367,0.4237597530875077,0.4511259846824957,True,111
227.698008,110,65.434804,0.6249376377054239,0.6249376377054239,0.43012787681695014,0.45926441503067494,True,110
228.558752,115,65.550718,0.6608274987952681,0.6608274987952681,0.4225519607105996,0.4382121447998584,True,115
227.821819,112,65.678071,0.6434073321514892,0.6434073321514892,0.4267371352916141,0.4457597525576705,True,112
239.440027,115,65.803557,0.6409508746512449,0.6409508746512449,0.4159437590921043,0.4605253927395875,True,115
231.083367,111,65.918887,0.5915737422034993,0.5915737422034993,0.4207680769091462,0.4531664035016753,True,111
223.17891,113,66.038991,0.6440645555465009,0.6440645555465009,0.4214644497346,0.472249915502747,True,113
247.448367,116,66.1605,0.6263004317453397,0.6263004317453397,0.4352364440362705,0.4681922940022861,True,116
214.814394,112,66.28194,0.6536103884443774,0.6536103884443774,0.42659896438208783,0.4742612591726512,True,112
225.760666,111,66.399279,0.5844696284934389,0.5844696284934389,0.4333819579963391,0.4897724520672245,True,111
224.866882,110,66.510349,0.6476497634178795,0.6476497634178795,0.4260802300965813,0.471178494153831,True,110
248.041271,119,66.632254,0.6595185060079849,0.6595185060079849,0.42105729949397463,0.4651495805131789,True,119
244.184107,118,66.752775,0.6875948786222577,0.6875948786222577,0.42560489135804147,0.43130662974123735,True,118
247.329784,118,66.874496,0.6611093450687814,0.6611093450687814,0.42228739850267116,0.4859686997950347,True,118
249.999104,118,66.993485,0.6434354390353049,0.6434354390353049,0.4287494279880559,0.4672455857372483,True,118
233.669238,113,67.107927,0.6413312216496533,0.6413312216496533,0.4261562002305206,0.5063118795166267,True,113
221.52865,111,67.2208,0.5902559597172249,0.5902559597172249,0.418039104430443,0.4685371326311916,True,111
234.698363,112,67.957947,0.6308076553696483,0.6308076553696483,0.43448951232558825,0.49563935375453816,True,112
223.616736,113,68.129977,0.6429382176017084,0.6429382176017084,0.4314110633996286,0.4800422270129043,True,113
224.492268,114,68.240438,0.6065862367014733,0.6065862367014733,0.4296709093122434,0.4698465530060923,True,114
223.991946,111,68.357727,0.6543665334725067,0.6543665334725067,0.41733060048243914,0.43440671863058905,True,111
230.611297,115,68.482251,0.6612998195518602,0.6612998195518602,0.4214166772538861,0.45863476011432946,True,115
215.014736,109,68.594691,0.5771988832394563,0.5771988832394563,0.4231844314806006,0.4606636828453274,True,109
227.295603,115,68.716069,0.6152977405679555,0.6152977405679555,0.4346446451886856,0.49018947140165675,True,115
232.512083,115,68.831513,0.637387789703174,0.637387789703174,0.42380237956215866,0.47200909216787407,True,115
229.36385,114,68.944854,0.6382086501721991,0.6382086501721991,0.4246151749974543,0.43185274658555534,True,114
212.756076,109,69.058565,0.622665843381686,0.622665843381686,0.4343482978516061,0.49192002091023546,True,109
233.356361,115,69.17782,0.6319084310658389,0.6319084310658389,0.42545152953142484,0.46505508745333907,True,115
227.465556,113,69.292709,0.6584973314155345,0.6584973314155345,0.41810908787612744,0.4723018316747229,True,113
222.607719,114,69.408864,0.6433009421119752,0.6433009421119752,0.42952769039231686,0.4594152924893169,True,114
216.272662,110,69.518006,0.6284513889696338,0.6284513889696338,0.4327888485223166,0.4698477012423929,True,110
222.249352,112,69.631101,0.6570755611447636,0.6570755611447636,0.41750396362771564,0.48188848904242254,True,112
231.083383,111,69.746981,0.6359154896326572,0.6359154896326572,0.43044640196300493,0.4652003673591914,True,111
236.920003,113,69.865283,0.6657712543036045,0.6657712543036045,0.4260511929385,0.480524480130132,True,113
224.209114,112,69.975987,0.6215058084002417,0.6215058084002417,0.427636620210029,0.47386416977650886,True,112
219.220141,111,70.711978,0.6562892027433167,0.6562892027433167,0.42952010208063074,0.43170095139842557,True,111
236.666989,115,70.863552,0.6358116432680369,0.6358116432680369,0.4347637437955319,0.49169562658453814,True,115
236.736951,112,70.982379,0.6036514798364877,0.6036514798364877,0.42587836607912366,0.5098102787064224,True,112
227.589392,112,71.095242,0.6463338818251101,0.6463338818251101,0.4156272747077913,0.45017429485413457,True,112
236.921457,113,71.207784,0.6092644821286958,0.6092644821286958,0.42952662882250525,0.48009941815170337,True,113
215.11912,112,71.322441,0.6364849668081886,0.6364849668081886,0.43058050302951667,0.44889706979518995,True,112
250.984698,117,71.439091,0.6279294379101095,0.6279294379101095,0.4251964906095045,0.4212467399630752,True,117
232.549386,114,71.553691,0.6365723234575775,0.6365723234575775,0.42979243297056063,0.4742996094132808,True,114
223.104169,112,71.67143,0.6382368508211756,0.6382368508211756,0.4228650250070706,0.468174741303743,True,112
226.690502,114,71.786381,0.6182868679979805,0.6182868679979805,0.43102534228698586,0.5147824992102285,True,114
237.790475,112,71.899785,0.5600047725203694,0.5600047725203694,0.4336366550003048,0.5276137028704757,True,112
248.373404,118,72.013274,0.6600596804377596,0.6600596804377596,0.4248539844937448,0.46928835335286845,True,118
228.132459,112,72.130416,0.6561600212305599,0.6561600212305599,0.428495667393998,0.4820927719883002,True,112
236.047047,112,72.246287,0.6476747507692884,0.6476747507692884,0.4309607823813636,0.4736849498157434,True,112
215.72935,110,72.358554,0.6375567174390052,0.6375567174390052,0.4230996731735515,0.4363314178969143,True,110
230.922424,110,72.467758,0.6110213974960749,0.6110213974960749,0.4321904199679367,0.5295131604375408,True,110
229.625711,112,72.581386,0.6451247046806629,0.6451247046806629,0.4318910585942372,0.48549799142342287,True,112
231.329192,112,72.694346,0.6051576214648088,0.6051576214648088,0.4331315412978939,0.49849050318635846,True,112
233.929245,115,72.808549,0.6741368339231664,0.6741368339231664,0.4176250851713649,0.4286748135137142,True,115
229.794407,113,73.45443,0.6272498597936079,0.6272498597936079,0.4355163648733966,0.45760242208188734,True,113
218.626739,111,73.566817,0.6609187673220108,0.6609187673220108,0.4205087713407656,0.4751477557999745,True,111
219.822419,110,73.676802,0.6677068667972909,0.6677068667972909,0.42018677410965144,0.47073637402140844,True,110
234.508399,115,73.794619,0.6605495685621499,0.6605495685621499,0.4223900194189229,0.4677011502854025,True,115
211.939532,108,73.906896,0.6415878845077371,0.6415878845077371,0.43284024868722837,0.4701278404206911,True,108
242.350611,113,74.023564,0.635288516013252,0.635288516013252,0.43340188610169844,0.4940045002149634,True,113
225.147555,111,74.134825,0.6050826770585543,0.6050826770585543,0.4305855464170353,0.4783581173324271,True,111
228.578532,114,74.250383,0.6487038983529637,0.6487038983529637,0.4243263095090412,0.4704521017368133,True,114
227.908517,112,74.361029,0.6426249336094725,0.6426249336094725,0.4245323969519952,0.4795531241820747,True,112
237.142939,112,74.474134,0.5954691077850165,0.5954691077850165,0.43592412557140614,0.4944549641134317,True,112
238.216736,113,74.586616,0.64924797403868,0.64924797403868,0.42682410804544135,0.4774446877762143,True,113
230.083855,111,74.695249,0.5837454060741867,0.5837454060741867,0.42290654017628454,0.5023759397340776,True,111
227.835076,112,74.807023,0.6188414308436978,0.6188414308436978,0.42985464507794874,0.49584906031680615,True,112
223.272505,109,74.916159,0.6267374867792981,0.6267374867792981,0.4275331767591357,0.4883305150095543,True,109
229.989736,113,75.030015,0.5893879015465638,0.5893879015465638,0.42124261486256653,0.484300693663279,True,113
241.755015,115,75.143984,0.6386157838679007,0.6386157838679007,0.42251083729304867,0.48855701711544114,True,115
238.10903,116,75.260176,0.6536578041363041,0.6536578041363041,0.43418107664931566,0.4462549146418963,True,116
215.974935,111,75.368527,0.6006066785259129,0.6006066785259129,0.41709244552724645,0.4641159743745792,True,111
234.942753,113,76.11111,0.6441831982604893,0.6441831982604893,0.4278340882178685,0.48763893465444613,True,113
215.647631,110,76.242881,0.6034351686736052,0.6034351686736052,0.4213845173565131,0.50370478563467,True,110
229.309298,113,76.356791,0.6218187742096131,0.6218187742096131,0.4259341992395149,0.48904264023849403,True,113
231.490908,112,76.474448,0.5734238415219429,0.5734238415219429,0.4344191083523907,0.5218399273540872,True,112
229.697274,113,76.584798,0.630904603168373,0.630904603168373,0.4262772582576667,0.4632901579223292,True,113
220.738519,113,76.695109,0.6397694480146735,0.6397694480146735,0.423918169012997,0.44726229665170075,True,113
226.580427,116,76.810422,0.6274633284631225,0.6274633284631225,0.4226116703040664,0.4426661187932317,True,116
228.91841,112,76.921112,0.6248494495575203,0.6248494495575203,0.4187132413182146,0.4595465147153428,True,112
231.019852,115,77.035956,0.6528776697294179,0.6528776697294179,0.4293640398182785,0.4836685806488715,True,115
224.456101,112,77.148827,0.6099965447512812,0.6099965447512812,0.4222220147743409,0.4728187386661281,True,112
241.688428,118,77.270018,0.6553845090009248,0.6553845090009248,0.4275373508872552,0.4766557599305194,True,118
239.679045,115,77.394071,0.6217248328639374,0.6217248328639374,0.4385153105953426,0.4475546165946446,True,115
228.106682,113,77.50678,0.5816655360026599,0.5816655360026599,0.41901168371757364,0.4866369228805007,True,113
222.842847,109,77.617973,0.5884338319625877,0.5884338319625877,0.4301068574637093,0.4959559334260085,True,109
225.806455,109,77.730563,0.6354432834549363,0.6354432834549363,0.4329028023476302,0.5042546549054728,True,109
219.783227,111,77.840569,0.6168058623327521,0.6168058623327521,0.43454342819471836,0.5009542743362733,True,111
237.07155,113,77.951452,0.5880261162197767,0.5880261162197767,0.4309215396929523,0.4776807918274757,True,113
221.505126,113,78.061902,0.6685880803748068,0.6685880803748068,0.4232150931811554,0.45007890228123915,True,113
215.851781,110,78.756161,0.6481051597700257,0.6481051597700257,0.4164921650765131,0.44521595034483946,True,110
241.250058,118,78.917206,0.6608755566354252,0.6608755566354252,0.4339768190713216,0.4444579930416761,True,118
231.278796,114,79.0292,0.6042872568162467,0.6042872568162467,0.43215787585848375,0.4746454783824931,True,114
227.993148,115,79.145035,0.6122670202386876,0.6122670202386876,0.4319803671908197,0.5091493819686015,True,115
242.732388,116,79.264009,0.6296291425589237,0.6296291425589237,0.4193251426524881,0.4623170008830216,True,116
225.679426,112,79.375813,0.6419823826367433,0.6419823826367433,0.41657538550347123,0.42183109141734865,True,112
243.18536,116,79.494907,0.6424735659472897,0.6424735659472897,0.4263177511680468,0.4986870002502616,True,116
228.972592,112,79.607227,0.6158802347606196,0.6158802347606196,0.4323023151687911,0.5294178317897041,True,112
227.31369,110,79.71693,0.5788005390506875,0.5788005390506875,0.4354558806911346,0.5160638234603735,True,110
230.906764,112,79.827539,0.6386331421107165,0.6386331421107165,0.4307778350500951,0.4962975770230956,True,112
218.450074,111,79.938258,0.6430909599191987,0.6430909599191987,0.4217781889463603,0.44176700782644196,True,111
235.501653,119,80.058006,0.6088231093108617,0.6088231093108617,0.43504366715203785,0.4798755575976121,True,119
237.335243,114,80.173099,0.635138512526041,0.635138512526041,0.42111094173652847,0.4753340267828364,True,114
221.803098,112,80.287439,0.6389399759993851,0.6389399759993851,0.4222970259835238,0.49574486556851055,True,112
219.494063,111,80.405361,0.6335623998029565,0.6335623998029565,0.4249752633185876,0.44740033285110453,True,111
227.615156,111,80.524274,0.6244735379084341,0.6244735379084341,0.4308795682861263,0.48093672554160855,True,111
221.156986,114,80.64061,0.6242132949117659,0.6242132949117659,0.4181458187959505,0.46591403942927795,True,114
238.181796,114,80.758362,0.6012187378545351,0.6012187378545351,0.4229597034952047,0.4783474146625984,True,114
227.037964,115,81.359014,0.6540599965361805,0.6540599965361805,0.42576387658197157,0.448247452708371,True,115
230.28158,114,81.503857,0.6504200843781373,0.6504200843781373,0.4310908819684223,0.49121029071773625,True,114
230.607577,112,81.615389,0.642996825431943,0.642996825431943,0.43146686881186663,0.47143901349596673,True,112
223.797707,111,81.728568,0.6402886560100903,0.6402886560100903,0.4289937181864156,0.497415072781676,True,111
246.477898,115,81.846781,0.6432705258748903,0.6432705258748903,0.4339280834899746,0.5112414211881681,True,115
218.101073,110,81.956859,0.5656486335951527,0.5656486335951527,0.4268709665590089,0.5069416069964041,True,110
239.85014,115,82.073058,0.6208912942493368,0.6208912942493368,0.4202389576644138,0.49614503685565936,True,115
232.142365,113,82.191973,0.646002026737017,0.646002026737017,0.43022803308382923,0.46469985345743153,True,113
216.494208,113,82.303696,0.6530079897873842,0.6530079897873842,0.41722379965232426,0.47076705378604694,True,113
243.689564,116,82.41977,0.6525144028620422,0.6525144028620422,0.4197417316180238,0.4596198248674978,True,116
250.462316,114,82.532945,0.6371596803742752,0.6371596803742752,0.43440714282774057,0.5183710441801407,True,114
218.999859,112,82.646354,0.6484163944212971,0.6484163944212971,0.4387541238066376,0.44136146631750706,True,112
224.125986,115,82.762489,0.6748192727350018,0.6748192727350018,0.4191983054444182,0.43034345398210994,True,115
239.896795,115,82.878743,0.6101880569809888,0.6101880569809888,0.42638289194383344,0.4891942682894972,True,115
223.271065,111,82.993516,0.6615411404532939,0.6615411404532939,0.4306440757587838,0.48700920715284657,True,111
237.477676,115,83.109236,0.678755309397532,0.678755309397532,0.41749498284343944,0.45439667652686805,True,115
230.473243,114,83.225447,0.618779543533509,0.618779543533509,0.4354772803444349,0.4877224183168573,True,114
235.266431,117,83.343064,0.6172587239891044,0.6172587239891044,0.4295347346210744,0.48181504586951235,True,117
222.97498,112,84.042353,0.6524863843470698,0.6524863843470698,0.42813518146644935,0.4934296817041419,True,112
234.888382,114,84.199,0.642260089113637,0.642260089113637,0.427552202481655,0.49203120460421634,True,114
219.903651,111,84.309822,0.6519803446922067,0.6519803446922067,0.42359739458689644,0.45915087841037866,True,111
225.087933,112,84.421149,0.6513949943770525,0.6513949943770525,0.4329020582290327,0.485911237457526,True,112
253.378865,115,84.53827,0.621399941732963,0.621399941732963,0.4276385703538476,0.48995803433739915,True,115
219.68296,112,84.652693,0.6537117252361456,0.6537117252361456,0.42645913178989064,0.43373190150672325,True,112
214.061995,112,84.771835,0.6428994832719681,0.6428994832719681,0.41650664472258064,0.48074457057311143,True,112
244.936549,117,84.891661,0.6916297350090244,0.6916297350090244,0.4269210446070015,0.4732686499119975,True,117
229.863521,112,85.008314,0.6272341408634444,0.6272341408634444,0.4343607282451452,0.469244675625638,True,112
243.610603,116,85.127348,0.6409769198950062,0.6409769198950062,0.41795046285462906,0.48265325043586427,True,116
222.433056,111,85.24461,0.6213681707635106,0.6213681707635106,0.4357592161080938,0.48734818692283266,True,111
214.28604,109,85.355403,0.6218914646916581,0.6218914646916581,0.4317874039743238,0.4639210419055093,True,109
219.632861,111,85.47395,0.6355710949660789,0.6355710949660789,0.4333701675030233,0.4861600024806705,True,111
235.523204,115,85.593019,0.6239153732057748,0.6239153732057748,0.42351208691084996,0.4567785253493812,True,115
246.638568,116,85.71132,0.6633270750363396,0.6633270750363396,0.4204980141090897,0.46888231715255846,True,116
235.224218,114,85.829485,0.5816432059287878,0.5816432059287878,0.4358393871244599,0.47141231979356935,True,114
242.888637,116,85.948393,0.6376376448990874,0.6376376448990874,0.4283862211001488,0.48294139209793363,True,116
239.65862,116,86.070792,0.6686991618289395,0.6686991618289395,0.4347139191259777,0.47511715979478647,True,116
228.796016,113,86.716997,0.6646048075840006,0.6646048075840006,0.4358922331651022,0.47121321117511816,True,113
228.931246,111,86.875653,0.6526251149997856,0.6526251149997856,0.42715033300546845,0.46379466998113056,True,111
231.502798,113,86.988634,0.6450910590517387,0.6450910590517387,0.4312919522138414,0.4629158378276862,True,113
242.088675,118,87.110503,0.6514265951728252,0.6514265951728252,0.4178649021430493,0.4669730436065313,True,118
223.278312,110,87.225992,0.6372605546639163,0.6372605546639163,0.4205706864418026,0.45741251261282445,True,110
232.227069,113,87.342767,0.5803306685888818,0.5803306685888818,0.43331966776936137,0.4616078304226227,True,113
235.753635,113,87.460245,0.6494301241134727,0.6494301241134727,0.42987758553633076,0.49719284378863116,True,113
217.614731,111,87.57576,0.6181843137072944,0.6181843137072944,0.41857207280919284,0.4465946660053204,True,111
232.801881,119,87.696488,0.6354038335588347,0.6354038335588347,0.4208480414630762,0.4515871489021504,True,119
239.913817,114,87.811828,0.6264129633522291,0.6264129633522291,0.4252259380725273,0.48606311930602614,True,114
227.911177,111,87.92465,0.6504143763098676,0.6504143763098676,0.42146428332184604,0.4761639170460881,True,111
241.565389,115,88.041754,0.6615041662282063,0.6615041662282063,0.43358204038818937,0.47911877216965804,True,115
222.11573,112,88.155283,0.6299591138152947,0.6299591138152947,0.41800289465122453,0.45169160228497574,True,112
227.002844,112,88.272363,0.6326803995443655,0.6326803995443655,0.42085892922827983,0.4618215767610968,True,112
237.820097,116,88.38971,0.6575302467471786,0.6575302467471786,0.42142663487213544,0.462335237339615,True,116
226.682746,112,88.503837,0.6409782707092924,0.6409782707092924,0.42100090607816953,0.4356509910072777,True,112
234.294003,112,88.620054,0.6238005689650544,0.6238005689650544,0.435121468874184,0.4768940873411154,True,112
233.316817,113,88.736655,0.6092258048749841,0.6092258048749841,0.41902545895879134,0.4781443601833985,True,113
233.776865,112,89.555171,0.6196692878155153,0.6196692878155153,0.4348067457889452,0.5240476436813837,True,112
220.019344,111,89.7126,0.5983175763312999,0.5983175763312999,0.42861775720869244,0.4786684431332749,True,111
242.439196,118,89.826973,0.6436056055126053,0.6436056055126053,0.4235483920079632,0.42457211942740075,True,118
237.524379,114,89.941318,0.644197202182113,0.644197202182113,0.4244076433882172,0.4645374359831499,True,114
234.905415,114,90.056985,0.6369872429515582,0.6369872429515582,0.4339268539832538,0.4794131460498095,True,114
233.860258,113,90.171806,0.630299975564274,0.630299975564274,0.4294634267547061,0.46540325241900327,True,113
231.077671,112,90.285825,0.6461101056295123,0.6461101056295123,0.418278928725367,0.46703302371644545,True,112
222.0591,109,90.394582,0.6240240690088855,0.6240240690088855,0.4284264095465781,0.463391190201019,True,109
225.382541,115,90.510807,0.6457388327579033,0.6457388327579033,0.43494855170880087,0.45925526268065847,True,115
236.103896,112,90.624617,0.6295026704822987,0.6295026704822987,0.4272644438313998,0.46734179354051103,True,112
229.737947,112,90.737198,0.6503139555515718,0.6503139555515718,0.4277606004380304,0.47381629188766083,True,112
217.329888,110,90.849935,0.6296665270333225,0.6296665270333225,0.4320915825813794,0.47256584813351976,True,110
236.444407,113,90.966608,0.6086249629087764,0.6086249629087764,0.4205264871100882,0.5012270245878223,True,113
238.613817,117,91.087398,0.6533983454414963,0.6533983454414963,0.41996703034934385,0.4974324871802782,True,117
228.710661,115,91.203921,0.6440263725058728,0.6440263725058728,0.4238015102125399,0.4869373178632468,True,115
231.075326,115,91.321169,0.6056201776153304,0.6056201776153304,0.43108582102246895,0.5312115826932667,True,115
225.678798,112,91.434979,0.6423596223653552,0.6423596223653552,0.4202974802402472,0.4375843549838102,True,112
248.504022,114,91.553863,0.6278175630441171,0.6278175630441171,0.4273308077187095,0.47103263321414196,True,114
220.985199,111,92.215899,0.614723192253425,0.614723192253425,0.43082483729504095,0.47485422475564937,True,111
236.048696,115,92.375677,0.6387019844364643,0.6387019844364643,0.4278052974302573,0.49617110571153333,True,115
225.484879,113,92.488819,0.6442492844865304,0.6442492844865304,0.4261622009547658,0.46339378577314017,True,113
224.220119,112,92.601397,0.6592629136530341,0.6592629136530341,0.419169321705268,0.4796090632868304,True,112
228.451592,111,92.713668,0.6357490176580874,0.6357490176580874,0.42323389790918975,0.4935147624398213,True,111
229.137839,113,92.829406,0.5859085762098957,0.5859085762098957,0.4269776713055245,0.4668984283282533,True,113
222.954017,113,92.944118,0.6534435757471458,0.6534435757471458,0.4243907736961529,0.4745616100625586,True,113
213.392747,110,93.054646,0.650758766350072,0.650758766350072,0.41735042250751614,0.4640484348496917,True,110
201.147949,108,93.166721,0.6437506989295383,0.6437506989295383,0.4173453922497559,0.4453127143439837,True,108
230.512013,116,93.286281,0.6697420588586048,0.6697420588586048,0.4175976797230207,0.44536100003586454,True,116
229.835825,113,93.405345,0.6666962416528295,0.6666962416528295,0.4336986746730176,0.4694583231688276,True,113
230.133189,114,93.524196,0.6138436135053496,0.6138436135053496,0.4249844264977504,0.47724390245241055,True,114
231.182456,113,93.641936,0.6207595447413026,0.6207595447413026,0.42570755633627194,0.4568092596971978,True,113
225.20971,118,93.762495,0.6615108934955398,0.6615108934955398,0.4184309208616778,0.42189161473460424,True,118
227.928997,111,93.873807,0.6439400314439241,0.6439400314439241,0.4252442474153582,0.46457200566473233,True,111
232.184327,113,93.988242,0.6727967992382577,0.6727967992382577,0.4204947199234554,0.4342430513616777,True,113
241.563632,117,94.109895,0.6765616635753209,0.6765616635753209,0.42254357888421734,0.47908590825761954,True,117
227.299261,113,94.225978,0.6537773961338527,0.6537773961338527,0.4203640014713745,0.47512014454516177,True,113
229.38279,112,94.947725,0.6264272840440406,0.6264272840440406,0.43511943136885217,0.49055513875206685,True,112
237.209196,117,95.118936,0.664152573275997,0.664152573275997,0.4327439190612003,0.46303972923691256,True,117
226.592527,112,95.231071,0.6437371489744361,0.6437371489744361,0.4332206126275072,0.4579317702361891,True,112
218.898034,111,95.343604,0.6627360013576599,0.6627360013576599,0.42070579224279625,0.40947580826096347,True,111
241.775239,113,95.459365,0.5999838316748118,0.5999838316748118,0.4360982605179583,0.4877797695356977,True,113
230.549883,113,95.574994,0.6483436797758878,0.6483436797758878,0.4259138624737294,0.4898128646144987,True,113
228.495514,110,95.685031,0.6089731836594154,0.6089731836594154,0.43313503035631556,0.4690007762445603,True,110
221.918151,109,95.794168,0.5914418171972248,0.5914418171972248,0.4351879427971766,0.46629695919186387,True,109
240.156661,113,95.906674,0.6355222625783093,0.6355222625783093,0.42186524749435655,0.4807526564761143,True,113
234.093638,113,96.026535,0.6277139548530594,0.6277139548530594,0.4195022123553383,0.4696109744633666,True,113
238.952229,114,96.141397,0.6038945127752636,0.6038945127752636,0.42133139370306616,0.49268364781915336,True,114
212.997236,108,96.257945,0.6115633159816063,0.6115633159816063,0.43233885714348186,0.47906376529809713,True,108
241.126466,113,96.373414,0.6534575936519083,0.6534575936519083,0.42785603061190225,0.4977189881206628,True,113
226.264176,116,96.495751,0.6141130961146172,0.6141130961146172,0.42052771847892123,0.46745782854544254,True,116
231.109981,114,96.612686,0.6306529802997065,0.6306529802997065,0.4210212081132141,0.44400520900203705,True,114
227.502289,113,96.728571,0.615177105303802,0.615177105303802,0.42413181425496915,0.4970417474964324,True,113
236.787354,111,96.843198,0.5883161040073202,0.5883161040073202,0.4333003916448005,0.5073721267604688,True,111
238.572502,114,96.960727,0.6326231410881333,0.6326231410881333,0.4258800502277946,0.48841601579848176,True,114
232.690952,111,97.077091,0.5461552781665464,0.5461552781665464,0.4328778450233728,0.5116364129948098,True,111
236.665301,111,97.832908,0.6366899251448424,0.6366899251448424,0.4257591460390886,0.4261449037207185,True,111
233.584486,112,97.968091,0.6473621994015776,0.6473621994015776,0.430674416707494,0.4863108290317683,True,112
238.927482,115,98.083441,0.6668003210700236,0.6668003210700236,0.43041873472588404,0.491505146702276,True,115
223.395732,112,98.20654,0.64837758828111,0.64837758828111,0.434779857241044,0.46830511273091097,True,112
237.494212,114,98.327071,0.6593318714692272,0.6593318714692272,0.4229708160884398,0.47876079835655727,True,114
231.155206,111,98.444758,0.6257379737420212,0.6257379737420212,0.4358612065838128,0.509533885973181,True,111
238.335812,116,98.576554,0.6531026215428797,0.6531026215428797,0.4326285149178732,0.5150461758479006,True,116
244.904259,119,98.704033,0.6297352249545045,0.6297352249545045,0.420328105062846,0.5048839000575367,True,119
233.817213,117,98.829225,0.6537571816466468,0.6537571816466468,0.43297584001871303,0.4581544294282304,True,117
219.286129,111,98.963795,0.6408533194174902,0.6408533194174902,0.4338522417178265,0.4639712058023701,True,111
228.10221,114,99.080488,0.6519149164044624,0.6519149164044624,0.41727386610207146,0.45265487271036453,True,114
223.412761,109,99.193085,0.5762996091098344,0.5762996091098344,0.4347338089365949,0.4822662893966405,True,109
231.231675,109,99.309905,0.6337513570316455,0.6337513570316455,0.4227202235521533,0.49073559210147905,True,109
229.161615,114,99.429774,0.6191030912842435,0.6191030912842435,0.4178966703622601,0.4685708116432286,True,114
237.860474,114,99.545092,0.6414898541733779,0.6414898541733779,0.4258788764172769,0.5070762311141366,True,114
234.204622,113,99.660667,0.6212335450192128,0.6212335450192128,0.4492264835840293,0.44871174280290615,True,113
231.722566,113,99.774587,0.619067465684256,0.619067465684256,0.4266232800104367,0.45564203387980207,True,113
234.071166,113,99.891088,0.6358123545583708,0.6358123545583708,0.42512716003147194,0.4916147771750401,True,113
233.196634,111,100.642214,0.5781617417376372,0.5781617417376372,0.4258386476076489,0.49725264630969374,True,111
220.519997,109,100.768871,0.6046344071098239,0.6046344071098239,0.4288252028528009,0.4795061926452783,True,109
226.079336,113,100.882757,0.6067248409943607,0.6067248409943607,0.42046109580818175,0.5051254437229529,True,113
232.840799,115,101.003587,0.6275806093819986,0.6275806093819986,0.43535907192442896,0.4584873997441874,True,115
241.823908,115,101.125211,0.6385281203106674,0.6385281203106674,0.42637180080633175,0.45842318077205674,True,115
238.476824,113,101.241556,0.6201461986362128,0.6201461986362128,0.4231040332624861,0.46584973582581457,True,113
227.623088,113,101.36541,0.6214291470291282,0.6214291470291282,0.4186616432558098,0.448911057910692,True,113
223.919168,111,101.477671,0.5943698599945115,0.5943698599945115,0.4216242595315841,0.47544746555507217,True,111
240.669776,113,101.592862,0.6148205709729199,0.6148205709729199,0.4312186607965375,0.4971588299780341,True,113
226.691224,109,101.706532,0.5990965383748168,0.5990965383748168,0.4354410320031345,0.482048376628874,True,109
223.546514,110,101.815059,0.625103978342884,0.625103978342884,0.431484996609368,0.4458669102723194,True,110
238.031749,113,101.933253,0.570539280660028,0.570539280660028,0.43274415582315434,0.5268547775690278,True,113
227.445271,112,102.0491,0.6407393984458934,0.6407393984458934,0.43708613553512843,0.42618825889971573,True,112
225.79604,111,102.167021,0.6293118206969386,0.6293118206969386,0.417766264967882,0.46490189373415924,True,111
226.225911,113,102.281716,0.6144489060607431,0.6144489060607431,0.4341516470104223,0.5110383666452216,True,113
235.208689,112,102.401364,0.6427350822307308,0.6427350822307308,0.42185329302665603,0.5031122641679029,True,112
238.228286,112,102.5221,0.6197336132546915,0.6197336132546915,0.42306339192080256,0.46483238049630154,True,112
236.242666,116,102.647234,0.6512125686826769,0.6512125686826769,0.4255812276849632,0.462376298379607,True,116
237.308918,115,103.2804,0.694935498818947,0.694935498818947,0.42633817160149823,0.4385265085524536,True,115
235.740905,111,103.424214,0.6009724001723366,0.6009724001723366,0.4289493481580747,0.48550547398572336,True,111
235.442193,113,103.55022,0.6173327377913556,0.6173327377913556,0.43518632043696065,0.4772166256704356,True,113
230.413781,112,103.664752,0.6494647962005755,0.6494647962005755,0.4189147304468939,0.46551442512607333,True,112
229.449828,111,103.781827,0.5986522152460743,0.5986522152460743,0.42760964662256434,0.48589907521206616,True,111
237.115824,115,103.899627,0.6176766092461473,0.6176766092461473,0.43554452773035174,0.4747039103893972,True,115
234.879397,113,104.018975,0.6266772029641108,0.6266772029641108,0.4301117111078802,0.4449128740211139,True,113
216.346212,111,104.139741,0.6374960414581566,0.6374960414581566,0.42776359618349274,0.461889129000785,True,111
224.44392,113,104.255547,0.6423295014258045,0.6423295014258045,0.41689051326425697,0.4547327398471863,True,113
235.271846,112,104.370625,0.6161362360056843,0.6161362360056843,0.4358673953069861,0.5039741998864842,True,112
236.460135,114,104.48829,0.6428194303820516,0.6428194303820516,0.42949708858137353,0.48017375170228155,True,114
228.625175,113,104.602394,0.6231635053714181,0.6231635053714181,0.43091954154738144,0.45335196392267907,True,113
207.988082,110,104.717274,0.6271939508804936,0.6271939508804936,0.41912019297483205,0.49128511503256445,True,110
242.339595,115,104.834939,0.6627193986667946,0.6627193986667946,0.4227522226941475,0.46012026199813627,True,115
234.218064,112,104.949563,0.6311284607609284,0.6311284607609284,0.4353957952663719,0.49109851227212425,True,112
231.23663,113,105.068079,0.6329922373869035,0.6329922373869035,0.4330759764012289,0.4661089161360439,True,113
244.282406,114,105.184924,0.6480057450247073,0.6480057450247073,0.4279445439719545,0.4779489295770013,True,114
218.596762,109,105.298241,0.6133349424937655,0.6133349424937655,0.43560284892255857,0.4514155014946703,True,109
235.8052,114,105.96858,0.6607009503392218,0.6607009503392218,0.42681256857006344,0.49727807969320015,True,114
225.196868,114,106.126431,0.6595767341621523,0.6595767341621523,0.41715974655301763,0.4663684046166594,True,114
229.203298,115,106.243938,0.6535874849034119,0.6535874849034119,0.4198936031762498,0.43640381462121325,True,115
242.370506,115,106.366349,0.6626467937157691,0.6626467937157691,0.42669413591825084,0.514408814586673,True,115
225.644653,111,106.481164,0.61634271941482,0.61634271941482,0.43452461100857387,0.5261712588207923,True,111
231.391363,113,106.596361,0.6582773385266667,0.6582773385266667,0.428774390654475,0.4681374540161349,True,113
235.130081,113,106.709442,0.6419829881914676,0.6419829881914676,0.4238982888951024,0.4537451695061804,True,113
225.170751,110,106.820491,0.6291721583695957,0.6291721583695957,0.420867374109854,0.4873438901691189,True,110
231.150326,115,106.93679,0.6356554704203833,0.6356554704203833,0.4162221842070748,0.4335777684576121,True,115
237.997421,114,107.054125,0.6393602907016498,0.6393602907016498,0.4282329997749099,0.44696719950077823,True,114
237.982935,111,107.162497,0.6214339438506941,0.6214339438506941,0.4314155546369459,0.47147084745833545,True,111
230.523637,112,107.273041,0.6122658321025201,0.6122658321025201,0.4357873304959997,0.5053683593524928,True,112
220.489769,109,107.382148,0.6094741041887273,0.6094741041887273,0.4342273019301628,0.4968823645568195,True,109
240.140544,116,107.497513,0.6225547565651127,0.6225547565651127,0.4340313553572709,0.49873331621357786,True,116
222.322967,110,107.606427,0.6263216375294444,0.6263216375294444,0.41772262202086374,0.45663719479885456,True,110
228.452548,114,107.722352,0.6489957041704201,0.6489957041704201,0.43707860049429575,0.4451302439166557,True,114
208.671706,110,107.833824,0.6415846957848945,0.6415846957848945,0.42847128762274006,0.47592639429626743,True,110
231.951123,114,107.947024,0.6532404103752143,0.6532404103752143,0.4332625623443764,0.4473267335025625,True,114
227.804145,111,108.62219,0.6199029354361221,0.6199029354361221,0.43514558796190883,0.48806016292455773,True,111
226.934007,112,108.797556,0.649040759433783,0.649040759433783,0.4183894718432808,0.4449450069076612,True,112
226.36522,111,108.913305,0.6420783293105079,0.6420783293105079,0.43321895775574076,0.5001730864680021,True,111
241.350367,113,109.031283,0.5916937294885608,0.5916937294885608,0.4288098354019924,0.5036477518790637,True,113
220.227769,112,109.142694,0.6693175152226595,0.6693175152226595,0.4212890596201285,0.44400263950494806,True,112
228.901823,113,109.255955,0.6496800806463615,0.6496800806463615,0.4205868919303319,0.4885055830478192,True,113
225.193974,111,109.36918,0.6425090637838966,0.6425090637838966,0.4210380913462142,0.46403683269851437,True,111
242.141717,112,109.482175,0.5857417923230855,0.5857417923230855,0.43335948046522244,0.5032643301654601,True,112
223.44817,112,109.595244,0.6305916162190977,0.6305916162190977,0.41939596488310066,0.47274657244004487,True,112
238.161309,113,109.705693,0.6300289984813148,0.6300289984813148,0.41844511113060195,0.42647067304207115,True,113
227.01629,113,109.817329,0.6156246198195817,0.6156246198195817,0.42411836195585617,0.4595367738937962,True,113
208.910672,108,109.930532,0.603187050825998,0.603187050825998,0.4313129752893653,0.45729167641453883,True,108
227.57392,112,110.04122,0.605082201958062,0.605082201958062,0.4280130165459723,0.4917378577245033,True,112
225.550497,109,110.153618,0.6241029033328593,0.6241029033328593,0.42762943269496423,0.5002007641919886,True,109
217.955486,111,110.267826,0.6434169394203502,0.6434169394203502,0.42738475416061,0.4910978211872305,True,111
246.829339,114,110.389529,0.5902446662026021,0.5902446662026021,0.4278805481506352,0.4766051099764122,True,114
239.918835,115,110.507358,0.620406209753173,0.620406209753173,0.4325490233803019,0.4643652642855947,True,115
232.933118,114,110.619317,0.6073898350426439,0.6073898350426439,0.4343805027472642,0.47115057985517705,True,114
237.30137,114,110.732011,0.6106816601352713,0.6106816601352713,0.4310009056369033,0.4828623673310745,True,114
232.428883,114,111.406227,0.6508151863449368,0.6508151863449368,0.4296392411876955,0.479873183114745,True,114
233.602382,113,111.538249,0.6111791885642568,0.6111791885642568,0.4267091907716158,0.4949383245513095,True,113
226.529464,110,111.652052,0.6184965734664337,0.6184965734664337,0.4357332398940605,0.46820168824622505,True,110
237.199316,114,111.776088,0.6127794115538215,0.6127794115538215,0.4354191969018622,0.4465706009045892,True,114
223.872771,111,111.889991,0.630696268866063,0.630696268866063,0.4268221905929201,0.47675087704208424,True,111
234.035167,112,112.0103,0.6312420529372513,0.6312420529372513,0.42188689974652355,0.48206219933430206,True,112
232.347725,110,112.124224,0.5811865271250585,0.5811865271250585,0.42303689908631276,0.48538385124438577,True,110
231.052988,112,112.242305,0.654421303420972,0.654421303420972,0.41841292021831655,0.433730848044877,True,112
233.812457,114,112.362469,0.6473628373641778,0.6473628373641778,0.41909290877903693,0.47717690678265245,True,114
231.881279,113,112.482996,0.6540791797302111,0.6540791797302111,0.4356926309832022,0.5114102997343043,True,113
224.060815,113,112.597754,0.6311979752111457,0.6311979752111457,0.425654673568375,0.4513098347521217,True,113
236.873662,112,112.712384,0.6186402631851627,0.6186402631851627,0.4286133031103126,0.5054219645905614,True,112
226.255883,111,112.829234,0.6332002063219437,0.6332002063219437,0.4345976319155304,0.48889933999016666,True,111
229.463391,113,112.948377,0.6202730801366878,0.6202730801366878,0.42634919283432543,0.4978795563930863,True,113
248.562111,115,113.070785,0.6484588684114826,0.6484588684114826,0.4255050578921427,0.4796235582705523,True,115
238.026895,112,113.190445,0.6162722240746111,0.6162722240746111,0.4234213556436728,0.43955307734155835,True,112
234.135869,111,113.305662,0.6310054558883533,0.6310054558883533,0.4258392007089486,0.4696876798303158,True,111
237.735443,114,113.426371,0.6548873792251472,0.6548873792251472,0.424444911087501,0.47801607650230954,True,114
246.777792,116,114.062273,0.6460564878599042,0.6460564878599042,0.42726140384206956,0.4423658412214305,True,116
236.909005,113,114.207135,0.629088492725133,0.629088492725133,0.4243485792618298,0.4926151305350677,True,113
249.446348,114,114.327194,0.6073885116048525,0.6073885116048525,0.43155064282730465,0.5148096274758902,True,114
228.780631,110,114.442159,0.6004957102036919,0.6004957102036919,0.4238148986511951,0.48195723360626946,True,110
233.911425,111,114.559087,0.6430867126864956,0.6430867126864956,0.4261807864867466,0.5254984862491568,True,111
242.058867,117,114.678927,0.6575300847487461,0.6575300847487461,0.4187641428735242,0.4629864840986066,True,117
224.977498,109,114.792496,0.6196665720201329,0.6196665720201329,0.4339701077247662,0.4743958618508691,True,109
233.155304,113,114.907957,0.6212478480087141,0.6212478480087141,0.4253579573277335,0.4468799311583188,True,113
239.163409,116,115.029651,0.6425288839357496,0.6425288839357496,0.42578962601043485,0.46845106626196104,True,116
210.320861,109,115.140508,0.58183398472406,0.58183398472406,0.4353378470816538,0.47899211714704115,True,109
225.738361,109,115.253305,0.6211404491339577,0.6211404491339577,0.43431078693474695,0.46270726241831883,True,109
234.643452,112,115.370206,0.6537269609061508,0.6537269609061508,0.42773596272965886,0.4794914100087629,True,112
226.606253,112,115.485734,0.6484249991289942,0.6484249991289942,0.42589520519964963,0.448529384294141,True,112
249.036683,116,115.605323,0.6460938796834602,0.6460938796834602,0.43261796075890635,0.46131969330187694,True,116
235.706768,113,115.721497,0.631562690827839,0.631562690827839,0.42546766409660425,0.49466718186807696,True,113
234.866694,114,115.838609,0.6186098762376082,0.6186098762376082,0.4313884950606539,0.48427209222284984,True,114
226.913632,113,115.956314,0.6361548469447723,0.6361548469447723,0.4340611688636397,0.4926534755503464,True,113
227.331778,112,116.070766,0.5980789335832769,0.5980789335832769,0.42730078908452035,0.45307869089112657,True,112
230.928931,114,116.769159,0.5956923926452562,0.5956923926452562,0.42095534631700043,0.45010252778479565,True,114
235.650308,112,116.920638,0.6443093437387319,0.6443093437387319,0.4293538153421664,0.4906922684765686,True,112
232.283414,110,117.031797,0.627060554346242,0.627060554346242,0.4226854130758361,0.46456250457478854,True,110
235.682236,111,117.147352,0.5817544242805733,0.5817544242805733,0.42124040554296827,0.47170462480318426,True,111
236.156569,114,117.270614,0.6700141667061728,0.6700141667061728,0.4172925925977443,0.45468865436481387,True,114
232.488438,112,117.384748,0.6503367019640304,0.6503367019640304,0.42159460286550116,0.46871771142427493,True,112
240.106936,110,117.50925,0.6005206815323053,0.6005206815323053,0.4217959404898853,0.5281882430627415,True,110
235.853795,114,117.637752,0.6337952232683611,0.6337952232683611,0.42698128788571366,0.48543796568002245,True,114
231.71459,112,117.760724,0.6367079588334384,0.6367079588334384,0.4313555505631127,0.4548068104840117,True,112
240.293954,110,117.876576,0.5584193205384337,0.5584193205384337,0.4300737899010795,0.5258879841565116,True,110
230.228922,113,117.993292,0.6365215053396325,0.6365215053396325,0.4169549501518799,0.45383496671426493,True,113
237.850813,112,118.108783,0.6605253431945864,0.6605253431945864,0.4309941960726061,0.4692566374370882,True,112
235.215092,113,118.2285,0.6529754352455072,0.6529754352455072,0.42648031747931503,0.49376550014473725,True,113
240.139117,114,118.344534,0.6549721807785972,0.6549721807785972,0.43500473315221233,0.4899593502301113,True,114
242.089492,116,118.475729,0.6428342734447975,0.6428342734447975,0.4186233700778281,0.4645379409664456,True,116
228.021462,109,118.586218,0.6045888044107195,0.6045888044107195,0.4291497696503912,0.4922309733079399,True,109
223.263796,110,118.711378,0.6279301195345234,0.6279301195345234,0.41902698591107057,0.472697223987558,True,110
229.255149,115,118.827515,0.6397003074179387,0.6397003074179387,0.4354994077559321,0.46793402245956156,True,115
245.26846,117,119.34175,0.6713144236170022,0.6713144236170022,0.42041244912760456,0.44417213090703817,True,117
246.96404,114,119.48776,0.5855571845970918,0.5855571845970918,0.43490852928150825,0.5220262893300188,True,114
242.214442,117,119.602686,0.6760381472345318,0.6760381472345318,0.4311215715165935,0.45491659038345106,True,117
226.762281,112,119.717773,0.6311903013136848,0.6311903013136848,0.4327844794180998,0.48102909153897466,True,112
243.935147,114,119.831614,0.6393555128803159,0.6393555128803159,0.4218000001942958,0.4698947701319772,True,114
240.683082,113,119.943963,0.6173711694608587,0.6173711694608587,0.4264102056091593,0.45391981033390455,True,113
229.148811,114,120.054791,0.6753176545915032,0.6753176545915032,0.4325019078858543,0.47332649196762455,True,114
234.862562,112,120.165389,0.6401294251312988,0.6401294251312988,0.424201187938396,0.5067430315251902,True,112
239.411786,114,120.278008,0.6948142368838723,0.6948142368838723,0.4308651464863323,0.45288806621478944,True,114
238.083896,111,120.388443,0.6503603383652934,0.6503603383652934,0.4267434721020533,0.4923576163930662,True,111
230.843013,112,120.501237,0.5847559412127432,0.5847559412127432,0.42218073450787963,0.48420765197021964,True,112
239.255861,117,120.619647,0.6634348962251992,0.6634348962251992,0.42856673879094553,0.4793401365275055,True,117
235.356348,115,120.733003,0.6792258392891222,0.6792258392891222,0.43231645844957534,0.48172746332316374,True,115
231.649238,113,120.847264,0.6502717165965535,0.6502717165965535,0.4232323966880366,0.45941373843769956,True,113
237.20431,118,120.962059,0.6241635248936203,0.6241635248936203,0.4228066265351146,0.48107985053522584,True,118
245.493033,114,121.074958,0.6313362212965403,0.6313362212965403,0.43397723629340446,0.5073261963124207,True,114
222.769993,109,121.188443,0.6093321464398355,0.6093321464398355,0.42781063078700443,0.4714441614393417,True,109
235.908945,113,121.305422,0.6169824941341399,0.6169824941341399,0.4294391897686353,0.516272282074444,True,113
245.750174,116,121.847539,0.6727419007772073,0.6727419007772073,0.4242438358463856,0.45583323208585025,True,116
232.10455,114,121.981966,0.6532562851881802,0.6532562851881802,0.4230901404743294,0.48803121949631445,True,114
232.444366,113,122.096546,0.6449831914670362,0.6449831914670362,0.42955656499737616,0.5081327661670367,True,113
244.689183,114,122.210107,0.609920081946555,0.609920081946555,0.42762256290397854,0.46038919852344123,True,114
228.029076,111,122.323618,0.5948997093640317,0.5948997093640317,0.4336301009704379,0.46657397763463604,True,111
245.388485,113,122.439356,0.6239465864344369,0.6239465864344369,0.4284054209412773,0.462220567904891,True,113
240.090917,112,122.554585,0.635408130810643,0.635408130810643,0.42916303969341235,0.47792377329252084,True,112
237.626346,114,122.676232,0.6508736651714906,0.6508736651714906,0.4239562180037054,0.46572857142075164,True,114
235.368712,113,122.791729,0.6582914585608883,0.6582914585608883,0.4282898226675923,0.4847642705418223,True,113
241.677736,111,122.903351,0.5990328892615358,0.5990328892615358,0.4322277470196345,0.45423612504429833,True,111
253.847575,117,123.021714,0.6706872114285795,0.6706872114285795,0.4226439397123226,0.44095022212625196,True,117
226.320622,110,123.130436,0.6496132201684784,0.6496132201684784,0.425785791292902,0.46430480036546184,True,110
244.687318,116,123.245907,0.6097346195966784,0.6097346195966784,0.43524859915884667,0.4759453374055095,True,116
227.487664,108,123.353921,0.5929575496356191,0.5929575496356191,0.4320622634327539,0.49541608090033784,True,108
232.087222,113,123.468775,0.6521857490649637,0.6521857490649637,0.41994661270640476,0.4546454455681133,True,113
237.897899,114,123.583269,0.6675702303295186,0.6675702303295186,0.4347893875478201,0.4778762829401168,True,114
232.658313,115,123.69983,0.6276653989984048,0.6276653989984048,0.4274847609312764,0.4694887565718271,True,115
239.833979,116,123.814205,0.6450648784155857,0.6450648784155857,0.4232543615122291,0.4976120772636569,True,116
228.110446,111,124.647107,0.6182575882745244,0.6182575882745244,0.4186027416890738,0.4810731866915418,True,111
237.392046,112,124.795617,0.6207509957817854,0.6207509957817854,0.41845683392021643,0.49359156145857513,True,112
237.442529,111,124.907551,0.6287830898829,0.6287830898829,0.41726311193473253,0.46358758675002654,True,111
226.212029,112,125.017442,0.6072141902179428,0.6072141902179428,0.4298312778428406,0.47535840384925976,True,112
244.00167,116,125.130098,0.6278753763719063,0.6278753763719063,0.42880108597161637,0.4668985121528046,True,116
228.541835,111,125.242975,0.6077845220676299,0.6077845220676299,0.4215061152629854,0.45894002735024847,True,111
240.363137,113,125.354593,0.6125759727805529,0.6125759727805529,0.4273842877259143,0.47959031338328634,True,113
235.919705,113,125.470199,0.6368425322060794,0.6368425322060794,0.42252903409347303,0.48472818473775964,True,113
237.913714,114,125.583353,0.633712497273234,0.633712497273234,0.41805225761726234,0.4757696350753182,True,114
238.217078,112,125.698859,0.6163886304751999,0.6163886304751999,0.4254706753739881,0.5173056105218148,True,112
247.634695,116,125.816713,0.6345985875823176,0.6345985875823176,0.4326282668078741,0.4977367604704743,True,116
237.32338,112,125.927386,0.6382126727095285,0.6382126727095285,0.42373649590977247,0.5149856936892552,True,112
248.803961,117,126.04518,0.6722807565431925,0.6722807565431925,0.42758150443803145,0.4578546912202205,True,117
231.939104,113,126.159591,0.6399870929211738,0.6399870929211738,0.4359810412917418,0.5023676549257238,True,113
243.314601,113,126.271523,0.6315577917039022,0.6315577917039022,0.42524745239366846,0.43344682265985573,True,113
221.121894,109,126.38008,0.6411493475199098,0.6411493475199098,0.43309246847279276,0.49920913055405525,True,109
230.183067,111,126.493672,0.6302828619964244,0.6302828619964244,0.4324302222197026,0.4861984837521528,True,111
240.181317,112,126.604573,0.6666305250948815,0.6666305250948815,0.43387105800916054,0.5112654215822875,True,112
235.890272,112,127.164021,0.589092086104938,0.589092086104938,0.4346040743707037,0.5040905767452529,True,112
238.50425,112,127.333283,0.636162476963891,0.636162476963891,0.43309756617135775,0.5168627108527271,True,112
234.807268,113,127.445292,0.6267015351579714,0.6267015351579714,0.4245939710687662,0.4777814573928999,True,113
252.410321,117,127.567713,0.6426889420219071,0.6426889420219071,0.4297355213863389,0.47582069348980777,True,117
235.936355,114,127.680405,0.6504625373684748,0.6504625373684748,0.4198339952185008,0.4866471746571234,True,114
242.353862,114,127.795047,0.6443940411898901,0.6443940411898901,0.4252724221315205,0.48562289558779187,True,114
240.741961,111,127.907821,0.6291144522839833,0.6291144522839833,0.43581401898382227,0.5080664310928402,True,111
244.260217,116,128.023481,0.6479623550553594,0.6479623550553594,0.43429469946447563,0.4586191978357635,True,116
249.988324,113,128.138878,0.5876701923232565,0.5876701923232565,0.4284528718865621,0.5051202820215439,True,113
237.40118,112,128.250442,0.6224422109504281,0.6224422109504281,0.4293393976959032,0.4743139096654372,True,112
250.062074,116,128.367747,0.6467881316743436,0.6467881316743436,0.4329954270740371,0.473908795094967,True,116
249.654524,115,128.488454,0.6485949237681528,0.6485949237681528,0.4342434215979559,0.5546788550635972,True,115
236.78893,113,128.601614,0.6468651998622005,0.6468651998622005,0.41999466421790427,0.452919963852948,True,113
246.394755,116,128.717254,0.6597535508054785,0.6597535508054785,0.42191336836776916,0.46603251936950735,True,116
247.250814,113,128.831623,0.6537241216861788,0.6537241216861788,0.4277428399919537,0.5088808380135063,True,113
238.192488,111,128.947897,0.571704384796075,0.571704384796075,0.4332056286112426,0.4777529211063124,True,111
232.053203,112,129.062764,0.6218488402182701,0.6218488402182701,0.4265847111807379,0.48417328699835877,True,112
239.529842,112,129.179753,0.647315019163945,0.647315019163945,0.42194592096453293,0.4774007747096959,True,112
240.518464,112,129.62899,0.6273451473296049,0.6273451473296049,0.4360482587644984,0.5244547985726071,True,112
224.100904,111,129.793419,0.6388528199080702,0.6388528199080702,0.41798132831059115,0.4931550211351523,True,111
238.958715,113,129.913926,0.6104831445179698,0.6104831445179698,0.42982876854902846,0.5051744337881708,True,113
235.387772,111,130.027802,0.6439538837885416,0.6439538837885416,0.43104854298193773,0.5053121317134243,True,111
227.44548,108,130.139681,0.6058830086500447,0.6058830086500447,0.4351758344049513,0.5371450094778675,True,108
240.879884,115,130.256671,0.6500326749057485,0.6500326749057485,0.42803448476782174,0.47158318245101766,True,115
243.254045,113,130.372665,0.6439275813536802,0.6439275813536802,0.43022183290963273,0.4824851550316957,True,113
259.865557,119,130.495831,0.6623231259353679,0.6623231259353679,0.4186616649877712,0.4706686992166729,True,119
239.739351,112,130.60993,0.5802987693533875,0.5802987693533875,0.4335947584589562,0.5300809349181045,True,112
230.9092,113,130.726743,0.6277285744439225,0.6277285744439225,0.4309797052939123,0.49234664842950626,True,113
240.076491,115,130.843353,0.6400568052061482,0.6400568052061482,0.431335915125255,0.521546832200554,True,115
249.306624,116,130.962038,0.5892471404724964,0.5892471404724964,0.4185099144679357,0.48948121058485117,True,116
248.592101,118,131.083788,0.6538729903369359,0.6538729903369359,0.4208453936677549,0.5150486028225575,True,118
237.926057,114,131.196794,0.6729064879006541,0.6729064879006541,0.41722135052461223,0.46921381192768613,True,114
239.959315,112,131.30854,0.6418030051633828,0.6418030051633828,0.4337453875727748,0.4790824190835527,True,112
240.071374,115,131.425024,0.6265303659837489,0.6265303659837489,0.421872707658198,0.45897534689043434,True,115
240.68494,112,131.536113,0.6365174348032159,0.6365174348032159,0.4329645340074215,0.5107137144700142,True,112
241.273457,112,131.6504,0.6412023073011988,0.6412023073011988,0.42715724536664096,0.4710951326555229,True,112
228.470267,108,131.759515,0.5863438748322937,0.5863438748322937,0.4277250658769258,0.5034659671672713,True,108
236.473186,112,132.389626,0.609100058092628,0.609100058092628,0.43056378053176153,0.49101407584858764,True,112
248.211723,116,132.534951,0.6417991084647527,0.6417991084647527,0.4294548186278981,0.45057377230534273,True,116
248.615336,113,132.650029,0.6179487772767998,0.6179487772767998,0.42964618038355123,0.5111478324113028,True,113
239.918142,112,132.760327,0.5487024549591953,0.5487024549591953,0.4206540770495242,0.5349291019298006,True,112
240.338004,114,132.872872,0.6306687218779475,0.6306687218779475,0.4185219188833815,0.4594973789179339,True,114
249.128738,113,132.985382,0.6623801162008718,0.6623801162008718,0.436082250143785,0.5062266337994212,True,113
236.933851,115,133.101882,0.6227117152096556,0.6227117152096556,0.43495146513596966,0.5039729930740289,True,115
231.881583,111,133.211627,0.6398875826576977,0.6398875826576977,0.42951208623775744,0.5215289418324058,True,111
248.355443,116,133.328433,0.6598685485031096,0.6598685485031096,0.4185652523693018,0.45968906477116533,True,116
244.1682,115,133.441944,0.6863210466047522,0.6863210466047522,0.4281195635981567,0.4775743880861378,True,115
233.300817,112,133.554564,0.5978022452264428,0.5978022452264428,0.4312293039083752,0.4908740766050515,True,112
243.772602,115,133.670518,0.6521351657189639,0.6521351657189639,0.42889275905538377,0.5067430951466962,True,115
242.593517,116,133.784728,0.6395967546767791,0.6395967546767791,0.4194503129305065,0.47966642205117094,True,116
246.32487,114,133.904028,0.5969433018457451,0.5969433018457451,0.4234751669870955,0.5320880358910193,True,114
244.280517,114,134.019893,0.6252975922859885,0.6252975922859885,0.4293496276651688,0.5095332714327643,True,114
230.329752,110,134.133612,0.6189317999367904,0.6189317999367904,0.42553606349846823,0.4945493061497113,True,110
247.788252,114,134.249882,0.6124107556661579,0.6124107556661579,0.4275022625446592,0.46723242826466316,True,114
234.539903,113,134.363651,0.6166575260912935,0.6166575260912935,0.430873629033481,0.4861395392367263,True,113
245.002364,113,134.935678,0.6111756413800502,0.6111756413800502,0.43446903390636926,0.5163868765354804,True,113
256.164059,116,135.068227,0.6516122166984013,0.6516122166984013,0.42077954223792213,0.4437468006260815,True,116
252.225407,117,135.188175,0.6543149347387509,0.6543149347387509,0.4255593542752112,0.525418985641172,True,117
238.023646,114,135.310842,0.6379947118573542,0.6379947118573542,0.4197064854716773,0.4947706901764577,True,114
234.301103,114,135.435334,0.6299455553298133,0.6299455553298133,0.4175386797631869,0.45083841912384875,True,114
237.088216,113,135.552567,0.6215675395244323,0.6215675395244323,0.4333610012187044,0.4900516813501022,True,113
248.679389,118,135.66964,0.6146355822741861,0.6146355822741861,0.4344398446137556,0.5160895653538263,True,118
253.732644,117,135.789988,0.6364229274865627,0.6364229274865627,0.42067077262805136,0.4686835895746976,True,117
233.14765,111,135.90379,0.6236413295141744,0.6236413295141744,0.42794981932784937,0.48030577880903114,True,111
261.095112,119,136.028021,0.676953038377611,0.676953038377611,0.4227616433515199,0.49765344093460606,True,119
242.837034,113,136.143534,0.6340936884003564,0.6340936884003564,0.4286321157874754,0.5100127062785845,True,113
237.727052,112,136.258887,0.649469145037689,0.649469145037689,0.4357037798560213,0.5083048681469724,True,112
250.109884,114,136.377756,0.6225363857691436,0.6225363857691436,0.4248613751192733,0.5044248123826095,True,114
236.151578,117,136.499643,0.6821764983178301,0.6821764983178301,0.42148696641326217,0.46711072061806425,True,117
257.281162,118,136.622914,0.6668844739598595,0.6668844739598595,0.42021723504620806,0.46140023794325574,True,118
245.008511,117,136.743593,0.6643071277567111,0.6643071277567111,0.4300271901033956,0.49463096928410083,True,117
241.049232,116,136.86528,0.6252205204005707,0.6252205204005707,0.4181263882546412,0.5046859191969459,True,116
230.737004,111,137.53683,0.6388874349095642,0.6388874349095642,0.42294364972304915,0.4655533863986623,True,111
235.991167,111,137.666166,0.6067789368403644,0.6067789368403644,0.4309509218519837,0.5026826151714546,True,111
248.584238,114,137.799753,0.5997526212380155,0.5997526212380155,0.4215862674551236,0.48258984732597365,True,114
224.20442,110,137.914509,0.6409307032903153,0.6409307032903153,0.4299495438339873,0.4427306558501257,True,110
252.927187,114,138.032562,0.6304818528518042,0.6304818528518042,0.4244967103718548,0.48626274561893396,True,114
237.944251,117,138.154662,0.6222645050534614,0.6222645050534614,0.4180220929051291,0.4688141793476194,True,117
248.936609,112,138.268527,0.6356395815498423,0.6356395815498423,0.42348146803200937,0.48406953882252896,True,112
254.124694,116,138.391556,0.6399561859336425,0.6399561859336425,0.43605753686765614,0.5252403102554236,True,116
237.90078,114,138.512773,0.6214810269409299,0.6214810269409299,0.427760206651044,0.5122302605360779,True,114
248.776623,118,138.659509,0.6036493064883881,0.6036493064883881,0.4334773991339644,0.525237999116807,True,118
240.514871,113,138.779765,0.591684982612861,0.591684982612861,0.4226508782478172,0.496171680727729,True,113
232.085492,112,138.90461,0.6571494615166482,0.6571494615166482,0.41872301603441986,0.47068075321863806,True,112
231.180304,111,139.025998,0.637792013446834,0.637792013446834,0.43016408400391776,0.5141832989794455,True,111
249.69343,116,139.162677,0.6248256169920855,0.6248256169920855,0.4255375822562378,0.5025126998264922,True,116
249.654308,116,139.285533,0.6369586805923009,0.6369586805923009,0.4313310950467641,0.5155945249466903,True,116
244.809876,115,139.416852,0.5800108413879556,0.5800108413879556,0.42447556895712896,0.50665518935785,True,115
241.535744,114,139.558969,0.6299589850390463,0.6299589850390463,0.4299271014347527,0.4645903506874296,True,114
247.469109,115,139.691629,0.5978582241056968,0.5978582241056968,0.42892833552345744,0.5314661360034585,True,115
242.436209,117,140.384875,0.6537123351874675,0.6537123351874675,0.42230706308632787,0.4581127407162362,True,117
239.658993,115,140.553612,0.6637630257963875,0.6637630257963875,0.41868269337883446,0.46946664896927087,True,115
242.206394,112,140.664984,0.6185953271390234,0.6185953271390234,0.4184005406482476,0.4922968433599229,True,112
244.323548,111,140.778809,0.6182679984340221,0.6182679984340221,0.43089780253400384,0.5150452952194078,True,111
232.167257,116,140.896652,0.6677927032029407,0.6677927032029407,0.41718433923936504,0.48616100887873814,True,116
241.104278,114,141.012917,0.6483437416251658,0.6483437416251658,0.417302235706633,0.48679469881959364,True,114
239.8098,113,141.12929,0.6387877771897084,0.6387877771897084,0.42545350223625167,0.4824895287050948,True,113
238.982465,116,141.247572,0.6039221431698109,0.6039221431698109,0.4259223094741125,0.5001078650415015,True,116
240.020026,114,141.364226,0.6206607985055539,0.6206607985055539,0.43574999897279365,0.5181978198541388,True,114
235.820643,113,141.483685,0.6413889412198681,0.6413889412198681,0.418354457773828,0.4736092292563108,True,113
246.177717,114,141.602417,0.6318754706564191,0.6318754706564191,0.4289007344723331,0.48291660816102544,True,114
260.384635,116,141.720552,0.6276464484732103,0.6276464484732103,0.42689496824102224,0.5316412845641477,True,116
247.735112,116,141.840997,0.665093396326054,0.665093396326054,0.4248131768729858,0.5081392214774327,True,116
240.095407,114,141.958955,0.6397394505817006,0.6397394505817006,0.4243317991451277,0.473335864910496,True,114
247.645638,115,142.077023,0.6324516311457072,0.6324516311457072,0.4244317436788134,0.4804424289468195,True,115
245.008139,115,142.197173,0.6257859288866785,0.6257859288866785,0.42500762286354105,0.5103261241245655,True,115
234.717168,112,142.31318,0.6171844381453061,0.6171844381453061,0.4278398463784149,0.49567750003128513,True,112
243.565803,120,142.435971,0.6671154168381791,0.6671154168381791,0.42642910697807423,0.4427639349400781,True,120
242.757044,112,142.963519,0.5865768827670743,0.5865768827670743,0.43132651302429836,0.5190818794760097,True,112
247.160782,113,143.130973,0.6106809213226607,0.6106809213226607,0.42153096539142976,0.4786123121752446,True,113
251.139843,114,143.244327,0.6280496457029086,0.6280496457029086,0.4354334266652461,0.5055223317625428,True,114
252.4205,113,143.359122,0.5949089534415264,0.5949089534415264,0.4358896541247983,0.5464685869233602,True,113
233.935837,111,143.469741,0.5936774787330612,0.5936774787330612,0.4297128435700164,0.4913899217385616,True,111
246.506508,114,143.581622,0.6332052190344197,0.6332052190344197,0.42034489385867096,0.5152355105303685,True,114
248.990532,117,143.700146,0.5888529587588297,0.5888529587588297,0.435372074769055,0.5275333703832062,True,117
239.858544,114,143.813475,0.6415169133860604,0.6415169133860604,0.4226656878837331,0.46741048553922043,True,114
257.578535,113,143.927271,0.6306210738316531,0.6306210738316531,0.4330659138756032,0.5258902764896072,True,113
243.566015,113,144.038763,0.6303851086755473,0.6303851086755473,0.42149609604282806,0.49473093566378107,True,113
236.618641,112,144.150597,0.6597394527921269,0.6597394527921269,0.417873151298683,0.46980547540196677,True,112
243.66023,113,144.262722,0.6333293007617807,0.6333293007617807,0.4314418456998849,0.48180654309558896,True,113
243.819532,118,144.383189,0.6618455020906983,0.6618455020906983,0.4265774747147675,0.4766560903958354,True,118
246.795557,117,144.49942,0.6781174915494036,0.6781174915494036,0.42854125307279806,0.49711797171215,True,117
239.168362,110,144.609206,0.5884142658615138,0.5884142658615138,0.4332185557664512,0.5091502650829809,True,110
242.645876,111,144.718186,0.6156736198000496,0.6156736198000496,0.429188189937297,0.5097347376520164,True,111
243.468092,111,144.827768,0.5954804108764892,0.5954804108764892,0.4305227334978733,0.5046137227564419,True,111
255.473172,118,144.945061,0.6429683902295649,0.6429683902295649,0.4236281802785013,0.48753942319316224,True,118
256.211216,115,145.609163,0.6274138995288324,0.6274138995288324,0.42626588221474737,0.5167921940105924,True,115
252.882219,116,145.775398,0.6474626900697548,0.6474626900697548,0.4203864950573016,0.45402331139758917,True,116
248.054193,114,145.887431,0.6496674263714136,0.6496674263714136,0.43174395595096055,0.5054958290377395,True,114
254.187817,115,146.000724,0.6272761292488355,0.6272761292488355,0.4193996317890384,0.4947775522089638,True,115
245.868168,113,146.11502,0.6221002547103699,0.6221002547103699,0.41915612667882396,0.49379067615130307,True,113
246.501296,113,146.228325,0.5883463787856796,0.5883463787856796,0.4263097859069824,0.5063733034582404,True,113
254.085109,116,146.345212,0.6074908485124071,0.6074908485124071,0.4307237481393167,0.5154955747291735,True,116
244.478243,114,146.460801,0.6630891772047005,0.6630891772047005,0.41927313549668344,0.4548865879138137,True,114
238.73132,113,146.577279,0.6385596313287031,0.6385596313287031,0.4294976412417718,0.5102920972385561,True,113
240.317778,112,146.692664,0.6289548357722415,0.6289548357722415,0.426691471408385,0.5130758589096218,True,112
246.705151,113,146.809454,0.6101145113312535,0.6101145113312535,0.4248318023361749,0.5093781507954959,True,113
250.507688,115,146.931319,0.6162164476452505,0.6162164476452505,0.43050008691826624,0.5152875008091409,True,115
236.272896,114,147.048921,0.6216705716507795,0.6216705716507795,0.4191586932176018,0.44736784553497927,True,114
250.278034,113,147.16435,0.5765512157689546,0.5765512157689546,0.4350057481596582,0.5230941734745586,True,113
244.821612,112,147.278658,0.6450935306654372,0.6450935306654372,0.4299739351787415,0.5346703228649727,True,112
243.626165,112,147.395543,0.6109419575925528,0.6109419575925528,0.4288186797703454,0.4971397135903058,True,112
252.790536,116,147.513818,0.6724671045470839,0.6724671045470839,0.4203699920187215,0.4801683164257405,True,116
249.010183,117,147.632815,0.6660629972161812,0.6660629972161812,0.42869534123800884,0.45493895482881214,True,117
247.66827,117,148.142033,0.6464904667918087,0.6464904667918087,0.4186304235287118,0.49533405735793357,True,117
255.25483,116,148.317326,0.6652261192825363,0.6652261192825363,0.4197144268416318,0.5018062816097227,True,116
245.958618,112,148.430202,0.6228894274369806,0.6228894274369806,0.42014694571910216,0.4796523013386819,True,112
253.565818,115,148.550881,0.6552728307481729,0.6552728307481729,0.42396067156492706,0.5111175989926292,True,115
242.277616,114,148.667329,0.6032717999802392,0.6032717999802392,0.43028129826995176,0.5264297072178329,True,114
261.405978,117,148.786465,0.6273536098651988,0.6273536098651988,0.4258719711351782,0.5043518657912692,True,117
242.984297,113,148.903263,0.5821586264608274,0.5821586264608274,0.4317573491474713,0.495715516470953,True,113
248.121538,116,149.021286,0.622008346245869,0.622008346245869,0.4352382466934596,0.5046138369045098,True,116
243.369173,115,149.136016,0.6430135964692174,0.6430135964692174,0.4278187720134559,0.5195219168776105,True,115
243.511,113,149.252123,0.6044189010586176,0.6044189010586176,0.43120432805576153,0.5251055501638281,True,113
253.087022,116,149.373434,0.6071304817162548,0.6071304817162548,0.4230528074581059,0.5241166768258766,True,116
245.353526,115,149.494702,0.6287215484851872,0.6287215484851872,0.4265963145531853,0.5087962113618341,True,115
243.828085,114,149.614458,0.614760837006387,0.614760837006387,0.43516140010103066,0.5088186161613157,True,114
241.008834,114,149.731684,0.6023161820877041,0.6023161820877041,0.42450312739331036,0.4970018392723895,True,114
235.499272,112,149.847341,0.5996215214498972,0.5996215214498972,0.42268404879260596,0.4879838106496367,True,112
263.398096,119,149.97968,0.6825614765224642,0.6825614765224642,0.4276844790082727,0.48699591060379305,True,119
241.005437,115,150.096658,0.6213826129781019,0.6213826129781019,0.4296420298269106,0.49629110073003135,True,115
241.990097,115,150.214611,0.6567592974020254,0.6567592974020254,0.430005460112187,0.5109073849627974,True,115
240.80248,113,150.774959,0.6112752116330644,0.6112752116330644,0.42869566009052107,0.5173610423636783,True,113
245.665751,112,150.940159,0.6547443764429499,0.6547443764429499,0.4278008257698217,0.488964636838994,True,112
239.227893,113,151.052092,0.5468149323341783,0.5468149323341783,0.42669275296606607,0.4791382978138645,True,113
258.550795,116,151.171519,0.6234612253662931,0.6234612253662931,0.43089569511453824,0.48806044355500494,True,116
254.786727,116,151.290254,0.6045431967436249,0.6045431967436249,0.4350675601094838,0.542162385319762,True,116
246.622723,113,151.40788,0.6128068250318918,0.6128068250318918,0.4248072165574254,0.5191955425227281,True,113
249.959571,116,151.52966,0.6501697162484111,0.6501697162484111,0.41904861830596885,0.4472467539008115,True,116
246.455125,117,151.650228,0.6307225721448783,0.6307225721448783,0.42949601926711506,0.5032468957339938,True,117
260.020781,118,151.771543,0.6636303548081878,0.6636303548081878,0.42790458747437277,0.5236613385159918,True,118
248.544686,114,151.888501,0.6324519263087857,0.6324519263087857,0.42835584377872116,0.5120322202466857,True,114
250.698403,114,152.002542,0.6500586263442387,0.6500586263442387,0.42968917989323974,0.4733385015798246,True,114
240.846368,114,152.119012,0.6329369666763973,0.6329369666763973,0.4344751062228246,0.5166365068804244,True,114
243.187863,115,152.232522,0.6685036319165533,0.6685036319165533,0.42959266535015567,0.5114522224644296,True,115
239.869483,111,152.344092,0.6136692887082331,0.6136692887082331,0.4321650209871162,0.4886179950164563,True,111
244.514349,116,152.459938,0.665386094847835,0.665386094847835,0.42205346375466557,0.506719495110237,True,116
252.531378,112,152.576393,0.649355979101948,0.649355979101948,0.4345749071857383,0.4986360315429948,True,112
257.578527,118,152.697633,0.6779279608009914,0.6779279608009914,0.4177637588756219,0.5303429678144193,True,118
244.551843,114,152.816052,0.6566085976478281,0.6566085976478281,0.42694196619375135,0.5181428544435916,True,114
251.735787,117,153.44154,0.6681362001899466,0.6681362001899466,0.43310045948019155,0.48652423456538113,True,117
233.939449,111,153.580148,0.6259314386168917,0.6259314386168917,0.4294083872938776,0.4765924927724166,True,111
247.333174,114,153.694592,0.6079043952374067,0.6079043952374067,0.421560062173223,0.4976321661933716,True,114
261.36611,116,153.810843,0.6711555180180823,0.6711555180180823,0.43310312925367395,0.5369710341535682,True,116
245.402079,113,153.924273,0.6591527025556921,0.6591527025556921,0.4179878486215926,0.50762550751215,True,113
245.559551,112,154.040541,0.631873957529478,0.631873957529478,0.43142941424264464,0.5239346800012038,True,112
235.324754,114,154.153648,0.6272918436991315,0.6272918436991315,0.43084956122007184,0.46782800327385465,True,114
249.597157,117,154.274518,0.6209233361096922,0.6209233361096922,0.42296884787492023,0.4983541944562312,True,117
243.680075,115,154.390608,0.641010813437618,0.641010813437618,0.42372153155990194,0.4869534793497422,True,115
251.363597,113,154.506785,0.6390983761464513,0.6390983761464513,0.43588815368394035,0.48006093920110265,True,113
254.880175,115,154.628704,0.6451966354708439,0.6451966354708439,0.4340947500252823,0.5090636829813232,True,115
240.284037,112,154.74289,0.5749131640425321,0.5749131640425321,0.43192154691060897,0.5400721789238105,True,112
251.516087,114,154.858821,0.6384594645470345,0.6384594645470345,0.4335073646343384,0.5156318924957832,True,114
252.783217,117,154.980159,0.6300800343879434,0.6300800343879434,0.4347687366015526,0.5145461484506733,True,117
244.058812,115,155.097536,0.6488241004321206,0.6488241004321206,0.4207835734174016,0.500772704269826,True,115
251.056409,117,155.215912,0.6280329959148249,0.6280329959148249,0.4217490147342382,0.48345503316665356,True,117
250.879624,115,155.334541,0.6485340830169566,0.6485340830169566,0.42157969674603774,0.4915469059645726,True,115
252.76097,115,155.452906,0.6197032072792632,0.6197032072792632,0.42190153654727786,0.5277596200166669,True,115
256.479792,117,156.104352,0.6713689744047764,0.6713689744047764,0.42701993649616293,0.44719348750633797,True,117
260.926937,119,156.240316,0.6829442915558515,0.6829442915558515,0.4317176491637754,0.5073428940804467,True,119
250.170436,116,156.356556,0.5995124319187071,0.5995124319187071,0.431380757918649,0.5165163402486785,True,116
238.565654,112,156.470788,0.625862947625235,0.625862947625235,0.434083708279979,0.5036099040316695,True,112
257.643111,115,156.592906,0.638400683418152,0.638400683418152,0.4247451365448495,0.5356356050499655,True,115
257.232562,118,156.71463,0.633123303243749,0.633123303243749,0.4256730014583237,0.5124978168745407,True,118
254.462609,115,156.83044,0.5812020752697373,0.5812020752697373,0.4267137309796575,0.5290127867621169,True,115
246.424995,117,156.9501,0.6725552544496224,0.6725552544496224,0.43111663590970095,0.48755433299979273,True,117
258.599349,117,157.06937,0.6447342172607439,0.6447342172607439,0.42316074703907497,0.5064789826363157,True,117
251.684017,116,157.189972,0.6477425166524068,0.6477425166524068,0.4199225023554124,0.45154596687268134,True,116
256.857658,118,157.310796,0.6384336706810639,0.6384336706810639,0.428450096476255,0.5256189834898227,True,118
259.918074,118,157.428263,0.6631107279220984,0.6631107279220984,0.4230147453861165,0.4781472023448008,True,118
246.050093,113,157.541946,0.6292216512683082,0.6292216512683082,0.4266655867516952,0.5121715975799767,True,113
258.04958,117,157.661817,0.6911427272417832,0.6911427272417832,0.4201273115310324,0.4499809635906651,True,117
247.080217,114,157.775674,0.6123400824099253,0.6123400824099253,0.43190815044300573,0.48012250191441497,True,114
247.318198,114,157.889387,0.6069143280135909,0.6069143280135909,0.4351915549588181,0.5292613986351581,True,114
249.483313,115,158.006021,0.651562251565741,0.651562251565741,0.4273884795481426,0.5027395853743426,True,115
248.871654,114,158.69087,0.592778328973517,0.592778328973517,0.42758007868328834,0.5268746507149791,True,114
262.062775,118,158.861639,0.6483565633595195,0.6483565633595195,0.43015071186904125,0.5174394617884986,True,118
250.781078,116,158.982157,0.6226040682270942,0.6226040682270942,0.42682990156568973,0.5115879090879443,True,116
261.003567,118,159.103428,0.6247910444838057,0.6247910444838057,0.42473374598773117,0.4577913373984056,True,118
242.472652,111,159.216002,0.6107629992473977,0.6107629992473977,0.4261696082813885,0.47461465466710634,True,111
243.042314,111,159.328127,0.615782722358562,0.615782722358562,0.4335936619250736,0.4915921789424683,True,111
251.977031,117,159.453145,0.6326121056757156,0.6326121056757156,0.4238222147131722,0.49129235108611524,True,117
243.389146,114,159.573016,0.658045472809193,0.658045472809193,0.4201834852372867,0.5192723183370545,True,114
256.857934,115,159.693201,0.6356195705855726,0.6356195705855726,0.42915533082127877,0.5087606110306956,True,115
255.574215,117,159.811939,0.634475092335045,0.634475092335045,0.43241983539334383,0.4989426872967144,True,117
245.243637,115,159.930845,0.5922309506811196,0.5922309506811196,0.4300995212769382,0.49097585280409617,True,115
248.795527,112,160.046212,0.5989223262447532,0.5989223262447532,0.42480346271636965,0.5073464913232061,True,112
252.512398,117,160.165092,0.6595651405169476,0.6595651405169476,0.4345097411460013,0.46803783267471466,True,117
259.592829,115,160.284396,0.6705755010058388,0.6705755010058388,0.4283393712382413,0.5074386092693474,True,115
236.837556,111,160.400432,0.6548011302646863,0.6548011302646863,0.42602610707017047,0.5159300124180652,True,111
251.539209,114,160.516703,0.6479848299117905,0.6479848299117905,0.4264486488138112,0.49890026951870026,True,114
253.549954,113,160.636939,0.6679020580025432,0.6679020580025432,0.42086940503320236,0.4849717438531516,True,113
262.677835,119,160.761153,0.6936210691854744,0.6936210691854744,0.422532588519822,0.4411184994583923,True,119
251.073761,115,161.377367,0.6495422214577296,0.6495422214577296,0.41760483935579157,0.47833118145199044,True,115
247.247199,113,161.531165,0.6375286144353425,0.6375286144353425,0.4361425512661664,0.5114284549992516,True,113
250.460161,113,161.64441,0.6603473447676304,0.6603473447676304,0.42956346517572414,0.4597510592808447,True,113
259.487468,118,161.764188,0.6471940475738837,0.6471940475738837,0.4356089504662327,0.5535815318804969,True,118
243.867668,114,161.879284,0.6713352024963332,0.6713352024963332,0.42289750741950594,0.45746428864066857,True,114
249.399447,113,161.990865,0.6207463513276769,0.6207463513276769,0.4280161750778607,0.5060038249337231,True,113
261.292886,117,162.10864,0.6462136878737905,0.6462136878737905,0.4360438860143963,0.5135707826739959,True,117
255.538509,120,162.226612,0.6644104501856384,0.6644104501856384,0.425668460772198,0.504024766994783,True,120
253.699101,114,162.339192,0.6264444953234305,0.6264444953234305,0.42721371441570116,0.5356780458647786,True,114
261.755585,115,162.454198,0.6620122300265621,0.6620122300265621,0.42389645028332107,0.5059471581877444,True,115
254.418536,115,162.570573,0.6510102303830988,0.6510102303830988,0.42338711515296995,0.47624742507282797,True,115
241.656309,113,162.681851,0.6094323532456692,0.6094323532456692,0.4292053056541192,0.5000666644869776,True,113
245.397928,116,162.802995,0.6359412118401118,0.6359412118401118,0.426925689138154,0.5135945869150527,True,116
246.418763,117,162.923136,0.676000945329751,0.676000945329751,0.4310588571787782,0.46033554151597117,True,117
247.463159,115,163.040071,0.6327507691944257,0.6327507691944257,0.4346802881125766,0.4840301206122626,True,115
244.91659,115,163.159609,0.6612274952143025,0.6612274952143025,0.4212029460313928,0.49220449595408877,True,115
249.916285,112,163.270634,0.6194352757453184,0.6194352757453184,0.4276394801415793,0.5301139474784561,True,112
250.594874,115,163.386389,0.6238315645821648,0.6238315645821648,0.42828362819620014,0.5066086755058065,True,115
254.164421,115,163.972423,0.6600866247796865,0.6600866247796865,0.4289565060469907,0.49842806083232155,True,115
247.305397,113,164.133929,0.6314359508570313,0.6314359508570313,0.42966925516499715,0.48139617658810124,True,113
255.880067,115,164.247537,0.6428888557757352,0.6428888557757352,0.4294266623140341,0.5142805729118063,True,115
252.587815,115,164.360672,0.6327795354886718,0.6327795354886718,0.43385362719991705,0.5161987022567475,True,115
264.883683,117,164.477274,0.6621425832227691,0.6621425832227691,0.4207218000003551,0.5173324880474814,True,117
262.999393,118,164.599428,0.6292469587961165,0.6292469587961165,0.43111646931410497,0.5066084186184202,True,118
263.283207,118,164.7221,0.6739373574367853,0.6739373574367853,0.4323734083484687,0.5208081323579392,True,118
257.912962,115,164.835371,0.6266125107357101,0.6266125107357101,0.4239293405741857,0.47855637734483697,True,115
258.212638,117,164.951443,0.6654893962448815,0.6654893962448815,0.4212747546042565,0.4753882352014463,True,117
249.428957,114,165.071619,0.6145668223788182,0.6145668223788182,0.4209112462675942,0.5044906830082088,True,114
249.280571,112,165.1864,0.5970843316717852,0.5970843316717852,0.4309355241000017,0.4891915003852316,True,112
246.121841,113,165.299671,0.6183238362392584,0.6183238362392584,0.4360963456855982,0.5055446870328836,True,113
249.792443,117,165.417626,0.6489677046586447,0.6489677046586447,0.4347913943350074,0.5125268730444917,True,117
256.069492,117,165.540321,0.6718582461351844,0.6718582461351844,0.4203399464945692,0.48581892079803524,True,117
255.135739,112,165.653278,0.6163575062984825,0.6163575062984825,0.4228405461938422,0.5204438158818088,True,112
256.055101,116,165.776212,0.6480975692375608,0.6480975692375608,0.42827571848765494,0.5055108084658021,True,116
252.469595,117,165.907483,0.6274068613784624,0.6274068613784624,0.42810248485668284,0.5085584352681306,True,117
253.313064,115,166.030908,0.6393001790584045,0.6393001790584045,0.4305269198013853,0.5159400898398514,True,115
242.584313,115,166.661424,0.6279598233437157,0.6279598233437157,0.4315666056899673,0.49509981793310676,True,115
247.044441,115,166.794814,0.6225856236891524,0.6225856236891524,0.4225285703237768,0.47970411350095465,True,115
252.186561,114,166.907618,0.6163653270391735,0.6163653270391735,0.418493960911064,0.4964097255963451,True,114
250.486684,116,167.025056,0.6174157776525644,0.6174157776525644,0.42080224761414187,0.5089045016619721,True,116
252.204796,113,167.146837,0.6515630822650772,0.6515630822650772,0.42865295459822883,0.512773648061671,True,113
259.490857,116,167.267694,0.6555431202798773,0.6555431202798773,0.42737546073909305,0.5053075474601743,True,116
251.272768,113,167.3821,0.6090950863578102,0.6090950863578102,0.42998039418957085,0.5126284604508787,True,113
256.19875,117,167.501668,0.6571314467768828,0.6571314467768828,0.4293853038374349,0.5242501898920988,True,117
253.188981,116,167.622252,0.6495314562991424,0.6495314562991424,0.42613512533582243,0.47821958149952115,True,116
251.928861,113,167.737269,0.6211749747417497,0.6211749747417497,0.43474604373062375,0.49921329733296166,True,113
261.247336,117,167.859251,0.6437239244534303,0.6437239244534303,0.42331324969683853,0.5013694609645986,True,117
255.603304,118,167.977585,0.655357946733301,0.655357946733301,0.42021728347745074,0.5100919329059321,True,118
249.469703,115,168.09155,0.6562706637907428,0.6562706637907428,0.4188491541515776,0.4861801988044549,True,115
264.691987,120,168.215644,0.6627782966346067,0.6627782966346067,0.4235193974316562,0.5056490471718584,True,120
244.342957,114,168.333701,0.6305085801137353,0.6305085801137353,0.4198562835918389,0.5060582742181862,True,114
264.394604,115,168.450855,0.6398070078553935,0.6398070078553935,0.43331359506858996,0.5182369298229502,True,115
245.995548,118,168.568067,0.6508666602303258,0.6508666602303258,0.4256883847914978,0.48812447206616366,True,118
258.355652,115,168.685991,0.6341263922808151,0.6341263922808151,0.4276368193206626,0.5176951007265244,True,115
247.723076,114,169.233176,0.6485792820600461,0.6485792820600461,0.4314375976233554,0.490879760154701,True,114
262.000347,116,169.366276,0.6394470129318842,0.6394470129318842,0.43593307646150653,0.49680952216421853,True,116
242.171034,111,169.478232,0.5747002642286386,0.5747002642286386,0.4349797157515937,0.5184455281402708,True,111
265.281206,115,169.595945,0.612443462067073,0.612443462067073,0.4238470817764203,0.5447797094533067,True,115
248.408429,112,169.70639,0.6385364416505634,0.6385364416505634,0.4288336041258752,0.5375783897568511,True,112
240.097144,113,169.819104,0.6564153454602286,0.6564153454602286,0.41800611708794466,0.4906208540083898,True,113
251.534175,116,169.938084,0.597417557313621,0.597417557313621,0.4251847534643419,0.5353094489047123,True,116
253.332476,115,170.053764,0.6301157325107964,0.6301157325107964,0.4201981042791776,0.5050546002368805,True,115
250.61729,120,170.170994,0.6689398244520229,0.6689398244520229,0.43466721462941155,0.48298633003913655,True,120
254.856293,114,170.281642,0.608516615233049,0.608516615233049,0.43389196295398363,0.5358339765454353,True,114
247.758178,116,170.413528,0.6326372505619311,0.6326372505619311,0.42947976546938826,0.49671081308915915,True,116
258.436555,115,170.529471,0.6437334692252085,0.6437334692252085,0.43444688390803493,0.5163532884906682,True,115
258.499881,113,170.644269,0.6252491381575663,0.6252491381575663,0.42323625151495353,0.5202972023885521,True,113
259.436083,115,170.757599,0.648648417284734,0.648648417284734,0.43322082641864845,0.5212900865013825,True,115
255.364012,116,170.874813,0.6618840248709219,0.6618840248709219,0.42718319566375224,0.5327151154698992,True,116
253.670517,113,170.986887,0.6280249878741568,0.6280249878741568,0.4281797501000799,0.5268614618662306,True,113
256.859939,118,171.10968,0.6641593463630246,0.6641593463630246,0.4239877255744724,0.4988238544657428,True,118
250.224859,114,171.810793,0.637266624896917,0.637266624896917,0.42404131187658417,0.5260517553517201,True,114
253.002123,112,171.971562,0.6295000459645335,0.6295000459645335,0.42577665887430477,0.5401900687997035,True,112
253.481944,115,172.097856,0.6540547416735726,0.6540547416735726,0.42154054620432574,0.4899154681217521,True,115
256.417657,119,172.220333,0.6323132724760946,0.6323132724760946,0.42075635594003713,0.48054696666927105,True,119
247.034879,118,172.339149,0.6312703401560845,0.6312703401560845,0.42695170993414705,0.523444032092771,True,118
250.13544,117,172.458407,0.6225318978019315,0.6225318978019315,0.420482883773683,0.5067617200049523,True,117
266.224993,120,172.58156,0.6958070516145962,0.6958070516145962,0.42176935043108044,0.49915341637164173,True,120
263.206767,122,172.709236,0.6557367916680944,0.6557367916680944,0.4214957630608739,0.5520967881510805,True,122
245.049729,119,172.840107,0.6282957013366441,0.6282957013366441,0.42527027282847096,0.510602949733253,True,119
255.455926,116,172.956991,0.662515636103695,0.662515636103695,0.4260550804936581,0.4822192888621067,True,116
249.280144,116,173.072755,0.6561168962693372,0.6561168962693372,0.4247500442981337,0.5066752810129486,True,116
256.34226,116,173.191973,0.6340915008786102,0.6340915008786102,0.422519030158751,0.502072381038088,True,116
250.523235,118,173.309386,0.6252988726480849,0.6252988726480849,0.4195715026747531,0.5022559137493022,True,118
248.750372,113,173.421658,0.6409766551258439,0.6409766551258439,0.4327440204754279,0.47436079459289554,True,113
255.467148,115,173.542843,0.6621391397345585,0.6621391397345585,0.43502514707031553,0.5347110116224908,True,115
247.832668,113,173.660237,0.6307345416161444,0.6307345416161444,0.427019225232023,0.505397714112881,True,113
254.348879,115,173.782856,0.6382522703106459,0.6382522703106459,0.42616633898275585,0.49227194794247114,True,115
248.602588,115,173.898966,0.6337073701745674,0.6337073701745674,0.4325554098513614,0.5252980085899468,True,115
248.504087,112,174.657912,0.6339200329791242,0.6339200329791242,0.4202971079288415,0.4915920952093897,True,112
256.175228,116,174.813342,0.6109832083392582,0.6109832083392582,0.42250578351089996,0.5307748586636722,True,116
252.224671,114,174.926862,0.6481475534546789,0.6481475534546789,0.4289414792578906,0.5015606194988708,True,114
258.357386,114,175.045901,0.6372084607516204,0.6372084607516204,0.43037535662071147,0.5303347240845937,True,114
248.516494,115,175.162231,0.6549694761250113,0.6549694761250113,0.4206354741581858,0.5127647453788098,True,115
256.844554,114,175.279553,0.6081930217275937,0.6081930217275937,0.4266605483818072,0.5081103891237616,True,114
251.7237,112,175.39642,0.6034069102371884,0.6034069102371884,0.41900881620386055,0.5284987057916124,True,112
266.075631,117,175.514158,0.6407898122301383,0.6407898122301383,0.41991868804932164,0.4991750206537388,True,117
257.117181,112,175.633034,0.5811839831398976,0.5811839831398976,0.42247052164552945,0.5047822126570498,True,112
256.020829,116,175.748642,0.671739808035898,0.671739808035898,0.4209438204260871,0.5071826153160853,True,116
266.437454,118,175.86493,0.6566343901622415,0.6566343901622415,0.4321856049928825,0.5229067469582314,True,118
256.114866,118,175.984999,0.66195838141243,0.66195838141243,0.42416181080860305,0.4924445179310599,True,118
251.932889,116,176.102489,0.631779787552454,0.631779787552454,0.42823066246570035,0.5421807598426323,True,116
257.211548,115,176.215052,0.6213080203625297,0.6213080203625297,0.4262001626167845,0.510578402066485,True,115
250.539764,116,176.329929,0.6203795230658296,0.6203795230658296,0.42301471717696,0.4989452860128768,True,116
242.530599,113,176.440706,0.6400931133042371,0.6400931133042371,0.42806925186577255,0.5064092305696044,True,113
242.712457,115,176.55552,0.5811997116548412,0.5811997116548412,0.43590754347821625,0.5061506991200894,True,115
255.691368,113,176.671871,0.5943380354707046,0.5943380354707046,0.4286472052688574,0.5563191615508567,True,113
266.454378,120,177.278183,0.6424097824081526,0.6424097824081526,0.4206461329583724,0.525827746490256,True,120
261.181119,117,177.432282,0.6661486132701132,0.6661486132701132,0.42961847925378216,0.550735174856505,True,117
245.238285,113,177.557037,0.6446097185610338,0.6446097185610338,0.428540461307907,0.5360927582111583,True,113
262.751383,115,177.694082,0.5886034717799619,0.5886034717799619,0.4266634885265402,0.5410100225593116,True,115
260.521626,119,177.819944,0.6515656940646962,0.6515656940646962,0.43581891825289004,0.5420163275986822,True,119
268.895544,117,177.942098,0.6462556132686289,0.6462556132686289,0.423237629521896,0.5595738159579512,True,117
268.812708,115,178.060918,0.6630367800216705,0.6630367800216705,0.42016200570626694,0.5164972921826829,True,115
257.214567,114,178.181288,0.5873529875205725,0.5873529875205725,0.4335549504763728,0.5165759252230891,True,114
254.079972,116,178.302351,0.656945216727839,0.656945216727839,0.42397508294460556,0.5117710604392132,True,116
257.227532,117,178.419411,0.627871349790325,0.627871349790325,0.429176863123784,0.5025596234946136,True,117
262.892559,115,178.535326,0.6542930208334958,0.6542930208334958,0.423090432890454,0.5368332525602926,True,115
246.300772,112,178.651796,0.6290594726798792,0.6290594726798792,0.43100243356432244,0.5401930930054647,True,112
267.817168,117,178.771451,0.6252083057684233,0.6252083057684233,0.4239465951244283,0.5015868969116817,True,117
258.629911,116,178.894788,0.6499864164251996,0.6499864164251996,0.4184097210483524,0.5145959502989718,True,116
261.639445,120,179.014791,0.6672931425865678,0.6672931425865678,0.4283050651584823,0.5009194672301055,True,120
255.136287,115,179.132503,0.6232886122097239,0.6232886122097239,0.433038183861037,0.507216883659371,True,115
246.7755,113,179.246346,0.5947021429820353,0.5947021429820353,0.4319054912543162,0.509689461331073,True,113
252.726273,114,179.364262,0.6146229878373407,0.6146229878373407,0.4248842580014087,0.48257641536537865,True,114
256.803109,114,179.946427,0.6482572988919922,0.6482572988919922,0.43569932041437903,0.5331347627381244,True,114
261.729923,113,180.073599,0.6245547573061071,0.6245547573061071,0.43601433368504156,0.5298480603709161,True,113
250.428289,112,180.188415,0.6444375922104384,0.6444375922104384,0.4259771046517007,0.5039369348240085,True,112
259.586446,117,180.307331,0.633585085077285,0.633585085077285,0.4274021607815742,0.5168392619427341,True,117
268.093627,120,180.430801,0.6861221233700515,0.6861221233700515,0.42176242289492966,0.5087875445591701,True,120
262.639984,118,180.552032,0.6522298026032848,0.6522298026032848,0.4328980158710275,0.543218784721862,True,118
269.943025,119,180.672797,0.6689561201500801,0.6689561201500801,0.4280119892968258,0.4845899153960861,True,119
264.815558,120,180.798719,0.5924238816567629,0.5924238816567629,0.42523928453548065,0.5499157362029964,True,120
255.030765,116,180.920455,0.6798559192088163,0.6798559192088163,0.4238476949040696,0.5015273598452271,True,116
258.574447,117,181.041772,0.6609645303641148,0.6609645303641148,0.4274544642908655,0.5014562305577016,True,117
262.777981,117,181.157942,0.6594971579298564,0.6594971579298564,0.43415751899767224,0.553973029004915,True,117
260.401494,115,181.271914,0.6334215747931801,0.6334215747931801,0.4324644254629736,0.5133501411973849,True,115
245.49575,117,181.390591,0.619006509495089,0.619006509495089,0.42285909023904517,0.5172588487610114,True,117
242.756375,114,181.504427,0.6121356935004256,0.6121356935004256,0.43120527351892574,0.519933251343026,True,114
254.68401,114,181.61659,0.6238542346649826,0.6238542346649826,0.4334830913135064,0.5184018494138105,True,114
256.138054,117,181.739628,0.6359688135187728,0.6359688135187728,0.42437703930901494,0.5113824548398825,True,117
265.215992,119,181.859209,0.6540983564341131,0.6540983564341131,0.421836828699315,0.5059264077900767,True,119
260.791291,113,182.509091,0.5901308136242793,0.5901308136242793,0.4288041132365022,0.5255077107335205,True,113
266.163449,116,182.668808,0.6574322645336289,0.6574322645336289,0.4238689848983989,0.5398712020749824,True,116
260.331818,115,182.783194,0.6458343691579852,0.6458343691579852,0.4338005043197629,0.513671453775553,True,115
265.649791,120,182.908071,0.695402003633685,0.695402003633685,0.42350344523900474,0.51445498245898,True,120
266.842677,121,183.028538,0.6778808745565561,0.6778808745565561,0.42495248117689954,0.5230879836642679,True,121
252.471077,112,183.144963,0.6003020837258368,0.6003020837258368,0.4255779742791998,0.5105352752314928,True,112
261.439876,119,183.264594,0.6610335584111796,0.6610335584111796,0.42755872370120623,0.5317165098138831,True,119
265.299492,118,183.38051,0.6371356570649176,0.6371356570649176,0.4190463992903847,0.5303907771283007,True,118
263.730604,117,183.500025,0.6678798983161875,0.6678798983161875,0.43487951078582615,0.519102992909414,True,117
257.989153,118,183.621428,0.6327905088979037,0.6327905088979037,0.4182295146233476,0.48656681246901345,True,118
253.738432,113,183.735534,0.634866940661295,0.634866940661295,0.42841011119188815,0.5616136640436181,True,113
245.806294,116,183.853742,0.6377958220600906,0.6377958220600906,0.420830816890923,0.4841566573904111,True,116
257.460337,114,183.96867,0.6485845223742762,0.6485845223742762,0.43318291803038245,0.48349387610828753,True,114
248.150306,115,184.088731,0.6102827914167902,0.6102827914167902,0.43084598065145213,0.542967222444491,True,115
263.659927,117,184.208188,0.6591183383366838,0.6591183383366838,0.42590563703560164,0.5247606269595168,True,117
267.779175,118,184.326347,0.6534672542251857,0.6534672542251857,0.4254692534555703,0.5151113721101591,True,118
261.188535,116,184.443645,0.658106750617721,0.658106750617721,0.43418959809787416,0.5142556879961071,True,116
255.012049,116,184.560016,0.6097575293819496,0.6097575293819496,0.4247327295226706,0.5270571796446608,True,116
263.810717,114,185.194571,0.5818475266856462,0.5818475266856462,0.4337922910417815,0.5247784921354353,True,114
252.548198,113,185.339822,0.6509735090030776,0.6509735090030776,0.4276718621210649,0.5144664796260713,True,113
261.824587,113,185.45579,0.6542471200704011,0.6542471200704011,0.42325712117107894,0.5273977936333829,True,113
254.845187,115,185.576504,0.6066966260943121,0.6066966260943121,0.42901750352241463,0.5088019339987597,True,115
269.174795,121,185.698905,0.6589783513454782,0.6589783513454782,0.4291744425970023,0.517880637584105,True,121
257.510864,113,185.811655,0.6194641199135498,0.6194641199135498,0.4291021585876776,0.5118070345018989,True,113
262.156013,114,185.927735,0.6474536906439676,0.6474536906439676,0.4189638152256028,0.5145932051547008,True,114
254.618328,118,186.047309,0.6850896089623505,0.6850896089623505,0.41858685566870607,0.48206542322450635,True,118
266.706826,118,186.170644,0.6674616409646175,0.6674616409646175,0.4328100800889231,0.5383337040801653,True,118
257.162532,116,186.289991,0.6048910627413993,0.6048910627413993,0.42642285518141837,0.5446221306888849,True,116
260.063043,117,186.41521,0.7012793604053137,0.7012793604053137,0.4195853195186252,0.5226944124803566,True,117
255.445138,114,186.533031,0.650867556817177,0.650867556817177,0.42772999067895967,0.5004248589502319,True,114
273.58689,118,186.650905,0.6536340530100029,0.6536340530100029,0.4360840820913853,0.557487202295254,True,118
258.947439,116,186.770231,0.6487544155542869,0.6487544155542869,0.4359240276156132,0.5224943588688852,True,116
249.732281,112,186.884887,0.6418977757075068,0.6418977757075068,0.42397310365612095,0.5171607155840395,True,112
262.436946,115,187.001486,0.6252168166871301,0.6252168166871301,0.42599937836977375,0.5081607151441289,True,115
262.603573,118,187.125944,0.6409261921367694,0.6409261921367694,0.42854416012491137,0.5298367907269893,True,118
258.830238,117,187.675356,0.626510986584218,0.626510986584218,0.42495006681192754,0.5375621572449738,True,117
258.678136,115,187.827568,0.6371345542353386,0.6371345542353386,0.4262876785842798,0.5069631944884307,True,115
256.793416,116,187.951591,0.652158569289561,0.652158569289561,0.4289175784377601,0.47764995953559114,True,116
254.061669,116,188.074151,0.6296281932957454,0.6296281932957454,0.42695216138146025,0.48351095405889705,True,116
253.203608,117,188.196904,0.6576937952464861,0.6576937952464861,0.43260109949982267,0.515695439177703,True,117
261.966539,119,188.324382,0.6966252823702486,0.6966252823702486,0.4216165116704823,0.5067701688957166,True,119
261.992137,117,188.4432,0.6217014951334675,0.6217014951334675,0.4284553266085848,0.5252616177215658,True,117
256.718114,114,188.559934,0.6453480399000561,0.6453480399000561,0.41723246807222586,0.5024009248339296,True,114
262.688106,115,188.678644,0.648691070960002,0.648691070960002,0.42987712193445515,0.47613074496873464,True,115
258.991208,117,188.794568,0.673162699935193,0.673162699935193,0.4313493160390965,0.5523514327641861,True,117
260.87693,116,188.914117,0.6759502062317234,0.6759502062317234,0.43289353769655153,0.5456422007949399,True,116
261.566395,114,189.02577,0.6641596206283875,0.6641596206283875,0.42889820266647316,0.5039234907728817,True,114
262.706016,117,189.141273,0.6751918199632522,0.6751918199632522,0.4341010841933126,0.5180212713004926,True,117
265.266602,118,189.25849,0.6724492264687788,0.6724492264687788,0.43081259939601635,0.5159349290176514,True,118
257.045977,117,189.376405,0.6431883534135732,0.6431883534135732,0.4334069201325186,0.5262573764968335,True,117
262.829862,115,189.493522,0.6215673949215731,0.6215673949215731,0.4276879635934645,0.5240201165205829,True,115
255.937385,117,189.612417,0.6480749008768929,0.6480749008768929,0.43006896289618823,0.5351641060003872,True,117
261.566772,116,189.730178,0.6668900406004146,0.6668900406004146,0.4229512837594016,0.4712166803636137,True,116
264.53582,118,190.242097,0.6409875759666342,0.6409875759666342,0.4349459240648912,0.5388642209593142,True,118
263.127608,118,190.38908,0.6664812377323969,0.6664812377323969,0.4283917361234208,0.4955371262317109,True,118
265.810595,116,190.50609,0.6635689760751374,0.6635689760751374,0.42223086053967257,0.51168348817567,True,116
255.919582,116,190.625708,0.6451817065345338,0.6451817065345338,0.4254530677574515,0.5349836426931495,True,116
257.699307,118,190.748621,0.6400220663596962,0.6400220663596962,0.4311667185322308,0.5529529438627794,True,118
251.762231,115,190.864303,0.6537175199761946,0.6537175199761946,0.4230903617478209,0.47369729976826297,True,115
264.531869,114,190.978168,0.6331729757288203,0.6331729757288203,0.4330244809355356,0.5506253133450116,True,114
271.699355,118,191.098234,0.638264946794913,0.638264946794913,0.43377615981496576,0.5485297126150286,True,118
265.339325,121,191.224876,0.6836005758425158,0.6836005758425158,0.4180568804246102,0.503517405544906,True,121
264.334863,120,191.346296,0.6491338293844211,0.6491338293844211,0.4301814741935701,0.5166601888963518,True,120
262.238355,115,191.463291,0.5472920077458336,0.5472920077458336,0.42866408884281837,0.5514790109645159,True,115
268.476892,117,191.581898,0.6162663232367417,0.6162663232367417,0.4219744004686448,0.569050604308541,True,117
258.831744,116,191.701308,0.6515055551201926,0.6515055551201926,0.4313853538717228,0.5290992827710314,True,116
268.006809,118,191.823884,0.6703762536430118,0.6703762536430118,0.4223958373942185,0.49036817682881745,True,118
262.185367,117,191.945559,0.6305566073874973,0.6305566073874973,0.43242603248387285,0.5292100963624021,True,117
260.225132,115,192.065049,0.5974481285724333,0.5974481285724333,0.43115196002679396,0.5528521061454205,True,115
259.668303,117,192.186815,0.6725158855991092,0.6725158855991092,0.41910874979786417,0.5023209696876575,True,117
255.683368,116,192.307698,0.6649349059680537,0.6649349059680537,0.4296910168047957,0.5041836081477554,True,116
267.442907,116,192.89438,0.6314006119230605,0.6314006119230605,0.426062687417151,0.5473675743656767,True,116
257.929783,115,193.027477,0.621325748402578,0.621325748402578,0.4242065173856612,0.5303577312257935,True,115
256.71525,114,193.144687,0.6508403173707861,0.6508403173707861,0.43275352902337966,0.5070227968099467,True,114
280.685162,119,193.269725,0.6792387411622876,0.6792387411622876,0.4252169468896296,0.5231530005884121,True,119
257.045025,115,193.387291,0.6487067510450384,0.6487067510450384,0.43424175061881437,0.5196801637889072,True,115
247.330834,117,193.508087,0.6046405596647172,0.6046405596647172,0.423392745299524,0.5132521397940208,True,117
252.441263,114,193.623804,0.6140514027838773,0.6140514027838773,0.42269330022313695,0.5194933611830688,True,114
257.937868,114,193.741182,0.6398817877048283,0.6398817877048283,0.42940012927248455,0.5019976078799353,True,114
255.292517,113,193.853142,0.6370086506386607,0.6370086506386607,0.42874796471170634,0.5350422225368059,True,113
260.266671,117,193.966823,0.6809491151479702,0.6809491151479702,0.43124178587336853,0.49631463636162326,True,117
252.723136,113,194.080036,0.6159501225077202,0.6159501225077202,0.42796336680553215,0.5043151427113692,True,113
270.742028,120,194.20318,0.6808884278844645,0.6808884278844645,0.4178912366536651,0.4831601967418907,True,120
255.627935,116,194.318268,0.6011020571609778,0.6011020571609778,0.43007716351157244,0.5177346973070297,True,116
266.261963,117,194.43685,0.6312798740083257,0.6312798740083257,0.4253887794253668,0.5363373744816513,True,117
260.649951,115,194.552321,0.6492303805862211,0.6492303805862211,0.4359656274537182,0.48860405976592575,True,115
268.581294,116,194.668295,0.6787556028521617,0.6787556028521617,0.4295537296532987,0.5203103052654858,True,116
259.141965,115,194.782872,0.6251786766805669,0.6251786766805669,0.43421366922208227,0.541435190818693,True,115
264.634158,122,195.458138,0.6841475345196237,0.6841475345196237,0.4330053744825453,0.48080723364680583,True,122
267.293405,119,195.630521,0.6539074423409688,0.6539074423409688,0.43481113348921613,0.5179617351672452,True,119
269.635251,120,195.750295,0.6970918787901174,0.6970918787901174,0.4205348406873567,0.5081118418171405,True,120
259.0221,114,195.861508,0.6425584123795426,0.6425584123795426,0.4307401722864632,0.5166668255711119,True,114
254.404015,113,195.973301,0.6042092701728284,0.6042092701728284,0.4298625707450567,0.5254380200757005,True,113
265.967713,118,196.091829,0.6790828077698249,0.6790828077698249,0.4193857797268098,0.5005801133561247,True,118
268.011351,119,196.219454,0.6911555012222687,0.6911555012222687,0.42254495962756616,0.5098749966400155,True,119
267.415003,121,196.338141,0.6634995844319549,0.6634995844319549,0.4222567365263148,0.4900015111824491,True,121
260.662234,116,196.461412,0.6628823670693118,0.6628823670693118,0.4239110042020895,0.5193249358449004,True,116
265.706307,118,196.58425,0.6450859255376045,0.6450859255376045,0.4266329656801654,0.5543107072289817,True,118
260.161856,117,196.704575,0.6414198364532225,0.6414198364532225,0.4241509006883567,0.5393551741229327,True,117
261.290228,115,196.820419,0.6264977262225124,0.6264977262225124,0.4286015447281098,0.5368854843838251,True,115
272.088683,119,196.944266,0.6695916254795894,0.6695916254795894,0.41934029936549966,0.49493996894748743,True,119
261.830657,117,197.067212,0.583315868162498,0.583315868162498,0.42595784362334416,0.5304308109418931,True,117
265.194996,116,197.187621,0.6545428458136436,0.6545428458136436,0.42706217161289345,0.5160747963512395,True,116
263.242748,118,197.310665,0.6828903317162798,0.6828903317162798,0.4176397839247639,0.4774477346308413,True,118
255.668104,115,197.427033,0.6538897904457958,0.6538897904457958,0.42019028081912685,0.5008103241842248,True,115
261.586746,119,197.549157,0.6547526844741038,0.6547526844741038,0.42505552597760743,0.5158267936346594,True,119
267.630223,120,198.205018,0.6673225459220945,0.6673225459220945,0.42958036389639614,0.5273539525542658,True,120
260.565007,118,198.341665,0.6388994881862194,0.6388994881862194,0.42294892169803133,0.522556870766237,True,118
271.634921,118,198.463835,0.6522370957502054,0.6522370957502054,0.43045443437108716,0.5845247299830721,True,118
260.349356,116,198.585415,0.6247804674947196,0.6247804674947196,0.4207056557428211,0.5442565811092698,True,116
263.548261,116,198.706022,0.6539373723176701,0.6539373723176701,0.4301989008660097,0.49485605655779674,True,116
269.134382,124,198.833371,0.701331908359663,0.701331908359663,0.4253344336845185,0.49521230845942865,True,124
260.461604,114,198.950694,0.638516624661423,0.638516624661423,0.4324135483922619,0.554305600982554,True,114
260.953362,118,199.073748,0.6365893055577907,0.6365893055577907,0.42383573104327443,0.5327928818204326,True,118
268.569535,114,199.192364,0.6162887088352302,0.6162887088352302,0.42730332978034613,0.5415864097023924,True,114
259.151095,118,199.315315,0.6394289445574503,0.6394289445574503,0.4354759246492344,0.5283322853414937,True,118
274.930621,116,199.437076,0.6769012815748306,0.6769012815748306,0.41900694163108165,0.5122951711704792,True,116
265.587265,115,199.556987,0.6519192925074176,0.6519192925074176,0.42144785116018496,0.5051779140255231,True,115
266.822428,122,199.686625,0.694780423379953,0.694780423379953,0.42789472477138796,0.4845213999204254,True,122
266.508997,119,199.810992,0.6673576967404177,0.6673576967404177,0.4318952007565051,0.5242464895155952,True,119
269.289183,117,199.9279,0.6339167577449705,0.6339167577449705,0.43529221822240666,0.5440941373495638,True,117
264.755934,117,200.043829,0.658456110074213,0.658456110074213,0.4190608578640664,0.5173235551258193,True,117
259.619322,114,200.164253,0.6338454898741613,0.6338454898741613,0.42684576753966647,0.5126766583413028,True,114
258.953614,116,200.643313,0.6528583425707114,0.6528583425707114,0.4215840664384743,0.5369283239199334,True,116
264.74529,118,200.810848,0.6990920847243065,0.6990920847243065,0.4187418509867689,0.4836201082135795,True,118
277.537375,123,200.933915,0.6750846774414669,0.6750846774414669,0.42022457338213237,0.5258811444507718,True,123
264.938876,120,201.057583,0.6924028618755388,0.6924028618755388,0.41953156126429547,0.49539319986117386,True,120
270.634626,120,201.178536,0.6800778294162558,0.6800778294162558,0.4214154217132615,0.5199642400541014,True,120
268.381573,118,201.299317,0.6648878226306968,0.6648878226306968,0.42578512403295143,0.5129251336517384,True,118
261.859999,118,201.418485,0.6429211724331767,0.6429211724331767,0.4338546076721245,0.5305705531682736,True,118
265.527984,119,201.536318,0.6394878553815201,0.6394878553815201,0.4246162918735442,0.5086376639079185,True,119
266.393935,121,201.659492,0.6504706269053859,0.6504706269053859,0.43363239312961493,0.5299418909508818,True,121
268.439075,119,201.782797,0.6617611882984672,0.6617611882984672,0.41943425060070416,0.5196024285412526,True,119
259.395986,115,201.901216,0.6316355458130403,0.6316355458130403,0.4327200611513558,0.52309680973081,True,115
266.452627,116,202.016872,0.6543129617872823,0.6543129617872823,0.42492729616417274,0.524749789280579,True,116
253.168242,116,202.131511,0.6226108942783154,0.6226108942783154,0.43009166590971115,0.5275980712387538,True,116
264.547371,114,202.244387,0.6135381970010869,0.6135381970010869,0.42983204516734097,0.5643467525232677,True,114
267.518166,116,202.362392,0.6363754319298315,0.6363754319298315,0.4356211285454447,0.55040380426852,True,116
268.427886,118,202.478873,0.6493635453049447,0.6493635453049447,0.4199164124846916,0.5321881641379701,True,118
257.783592,117,202.592278,0.6772518060250035,0.6772518060250035,0.42303126581437095,0.5262284806870288,True,117
260.432732,115,202.707319,0.6576729108817422,0.6576729108817422,0.4254438626445194,0.5077422649916332,True,115
266.527097,118,203.255771,0.6534185371851168,0.6534185371851168,0.4262514018639927,0.5090720070687325,True,118
273.107938,117,203.381493,0.638697239096508,0.638697239096508,0.42264453352944054,0.5226961037489539,True,117
268.461575,119,203.50432,0.6463094894134059,0.6463094894134059,0.43402304869325115,0.5291896307839201,True,119
263.710973,119,203.62422,0.6349420467673439,0.6349420467673439,0.4297940899005785,0.5451430602057088,True,119
267.479098,119,203.748583,0.6294233828383808,0.6294233828383808,0.42458560056625694,0.5336232190872,True,119
271.318897,117,203.873805,0.6274958352772508,0.6274958352772508,0.42982883131785704,0.5374541270703089,True,117
267.273119,122,203.998185,0.6541925519045785,0.6541925519045785,0.4355229413705713,0.5184669536928144,True,122
263.332343,118,204.120747,0.6647948683595943,0.6647948683595943,0.4259102646258158,0.5050140158793682,True,118
263.494414,118,204.244079,0.6040449664423573,0.6040449664423573,0.42306812760990414,0.5154325432681693,True,118
258.032297,115,204.362674,0.5813001853216327,0.5813001853216327,0.4316035311157662,0.538407571223144,True,115
263.336177,119,204.489785,0.6657502294168584,0.6657502294168584,0.420941911756009,0.5126579788658571,True,119
267.395185,117,204.622152,0.6573537397165586,0.6573537397165586,0.43606979074060637,0.5437077307809636,True,117
257.279538,119,204.748851,0.6563915588947743,0.6563915588947743,0.43019127195671053,0.48507942634398676,True,119
255.430679,118,204.872153,0.6857332403048192,0.6857332403048192,0.42838719561710287,0.4946493306530137,True,118
258.194162,114,204.987344,0.6410843102730157,0.6410843102730157,0.4253960132124363,0.48230087804469907,True,114
275.318867,119,205.111279,0.6696317076399058,0.6696317076399058,0.4293317473507085,0.5264570030240049,True,119
263.27091,119,205.234119,0.694526398742966,0.694526398742966,0.43274446955867524,0.5184009340290373,True,119
260.050959,117,205.754818,0.6582397175377797,0.6582397175377797,0.41923144239821936,0.5052210316603183,True,117
257.286595,116,205.906544,0.6284838034488494,0.6284838034488494,0.4359893144242062,0.5211033209509252,True,116
262.881808,119,206.026911,0.6336284314810907,0.6336284314810907,0.43528127737484473,0.5296159306834293,True,119
269.697596,120,206.153752,0.6147068990091141,0.6147068990091141,0.4205208773878232,0.5384611301762667,True,120
264.632126,114,206.276685,0.6567783510570516,0.6567783510570516,0.4271073697820095,0.5607836946234551,True,114
268.864808,121,206.40354,0.6785361060251006,0.6785361060251006,0.4220754826565243,0.5110811724161349,True,121
268.94361,119,206.523618,0.7096745346280172,0.7096745346280172,0.4194828100534978,0.5064956403908071,True,119
260.381778,116,206.639807,0.6387162634137196,0.6387162634137196,0.42251645999211523,0.5278820687553282,True,116
256.163213,120,206.760888,0.6415900913161295,0.6415900913161295,0.4276923246116328,0.5333244690332207,True,120
265.252186,118,206.881338,0.6007088545336787,0.6007088545336787,0.4201280467165446,0.5010847907224406,True,118
263.164115,119,207.004326,0.6405956970746315,0.6405956970746315,0.42919135034964434,0.5685315410852149,True,119
263.161915,116,207.117964,0.6513880005386783,0.6513880005386783,0.41831662565435834,0.5034426549656096,True,116
260.124239,114,207.230925,0.6665406496350915,0.6665406496350915,0.4193646499299286,0.4787208694040763,True,114
255.088429,113,207.34475,0.598135775622543,0.598135775622543,0.43292460407283256,0.5106788738633274,True,113
271.416438,118,207.464876,0.6547917971383836,0.6547917971383836,0.4320161423164503,0.5279496974379465,True,118
266.862799,115,207.582418,0.6455074075573004,0.6455074075573004,0.42212857148067634,0.5173383551020689,True,115
269.709186,117,207.700612,0.6690117850471369,0.6690117850471369,0.43228398299847015,0.5129441573152632,True,117
258.607002,116,208.17413,0.6446520433111887,0.6446520433111887,0.4299042490048772,0.4978402627674202,True,116
270.689646,120,208.324888,0.6847482004547983,0.6847482004547983,0.4228217130513553,0.5159909553178434,True,120
257.696965,114,208.445904,0.6116544569240816,0.6116544569240816,0.4296940740209418,0.5593277765680417,True,114
272.888443,119,208.567457,0.6349917420412321,0.6349917420412321,0.42293496253758955,0.541730014058644,True,119
262.635208,114,208.684844,0.6573181567997465,0.6573181567997465,0.4189392699201986,0.5293406385615619,True,114
264.102124,116,208.806152,0.6618246366457882,0.6618246366457882,0.4352710176796923,0.5074205047578556,True,116
267.523666,118,208.928196,0.629256437551285,0.629256437551285,0.4195993733445044,0.5223593264047129,True,118
259.723167,114,209.050288,0.6204970844697996,0.6204970844697996,0.43053543574161995,0.5405130481298832,True,114
270.17546,116,209.179172,0.670479303445292,0.670479303445292,0.4248751424164635,0.5083273988318867,True,116
259.557009,115,209.300327,0.6202813742323608,0.6202813742323608,0.4270577808622243,0.5279411881521586,True,115
268.610763,117,209.423511,0.6621867167624245,0.6621867167624245,0.4269281862838083,0.5307829227037658,True,117
264.600731,115,209.542624,0.648429518053352,0.648429518053352,0.42595046424181715,0.5386175416374769,True,115
266.396217,117,209.666499,0.6625421942183298,0.6625421942183298,0.41971204561127534,0.5049094211052486,True,117
269.179742,119,209.792519,0.6977521044082536,0.6977521044082536,0.42467680382460615,0.4850988159885517,True,119
264.001942,114,209.90999,0.6308518913695901,0.6308518913695901,0.4324313312851146,0.5343501083136402,True,114
272.766947,118,210.030376,0.6913738670190644,0.6913738670190644,0.432299478777719,0.5122329533761489,True,118
271.432921,117,210.14785,0.6368651601903937,0.6368651601903937,0.42706263242747267,0.5452257000068347,True,117
261.649157,118,210.269473,0.6190711728482617,0.6190711728482617,0.43345702047475443,0.536900957601582,True,118
265.195456,117,210.90064,0.6424153111427964,0.6424153111427964,0.43547342583725296,0.5503578672276972,True,117
274.184855,117,211.046327,0.6635445464315959,0.6635445464315959,0.4222930668398761,0.554731735498025,True,117
265.462384,120,211.164076,0.6670366328313903,0.6670366328313903,0.4190105820839035,0.5074609836545777,True,120
265.143936,115,211.285323,0.648734164820685,0.648734164820685,0.4273146258504667,0.529439311835846,True,115
269.225279,124,211.416018,0.6544261335447068,0.6544261335447068,0.42717601501677815,0.5282011154421685,True,124
260.120515,115,211.535494,0.6668097775649109,0.6668097775649109,0.4310784751127454,0.516321460454342,True,115
263.604743,116,211.66163,0.6228874804534339,0.6228874804534339,0.43157474014558067,0.5572655652541733,True,116
259.643542,114,211.780174,0.6694784551391264,0.6694784551391264,0.4291696998233385,0.521375760270409,True,114
277.54803,120,211.904717,0.6925590134687963,0.6925590134687963,0.4213391263647501,0.4993241400636465,True,120
261.384387,116,212.025842,0.6739849463003347,0.6739849463003347,0.4271449177925337,0.5234378746640007,True,116
273.637096,121,212.14946,0.6306213329674412,0.6306213329674412,0.4307699818885655,0.5495334211156924,True,121
268.258284,119,212.272986,0.6852336853854671,0.6852336853854671,0.4283985200231194,0.5234453014630495,True,119
268.808119,115,212.394645,0.6268325009039339,0.6268325009039339,0.42955305354005097,0.5255727802908008,True,115
259.41224,114,212.521276,0.6460037285457345,0.6460037285457345,0.4287995582121101,0.5275422161476951,True,114
253.574274,112,212.639034,0.6682823813794609,0.6682823813794609,0.43501497381142945,0.5164820445989519,True,112
267.793872,120,212.763834,0.6630152582565482,0.6630152582565482,0.42571085033058786,0.5372943554391842,True,120
258.565549,117,212.880443,0.6339370171412803,0.6339370171412803,0.4217951193039933,0.5035954668345541,True,117
263.787486,115,213.467302,0.6328995006182574,0.6328995006182574,0.4340014306296509,0.5617956970143827,True,115
266.55996,117,213.651145,0.6457643836497781,0.6457643836497781,0.4353034765126927,0.5596647295331421,True,117
269.450609,118,213.771019,0.6465340468824964,0.6465340468824964,0.43574421411694075,0.5470376908742361,True,118
270.988294,116,213.890186,0.6505268498206918,0.6505268498206918,0.4202363429870097,0.5246685148427089,True,116
257.707077,119,214.011997,0.6739532227573726,0.6739532227573726,0.4311076573118053,0.4974625820409967,True,119
275.698154,120,214.131798,0.6917033687326256,0.6917033687326256,0.4183560957751044,0.5030720117296921,True,120
271.970885,118,214.252661,0.652967844166509,0.652967844166509,0.42669285583488187,0.538265098642079,True,118
268.374926,117,214.374897,0.6517664659600375,0.6517664659600375,0.42801841343582453,0.5259799143222276,True,117
272.965945,120,214.495813,0.6414581868864158,0.6414581868864158,0.42954295369740386,0.5373616275696105,True,120
264.567696,114,214.609871,0.6097845958316539,0.6097845958316539,0.4279180451102701,0.5780845228271768,True,114
261.033634,120,214.730078,0.6509114679585251,0.6509114679585251,0.42582321851935845,0.550696540344057,True,120
265.64144,119,214.850705,0.634570991472737,0.634570991472737,0.4340227988480856,0.5113715047847018,True,119
273.181454,117,214.968613,0.6145206698030019,0.6145206698030019,0.42045290796703316,0.5478053766383235,True,117
272.08294,124,215.094417,0.6980540205967647,0.6980540205967647,0.4269031359322141,0.5055856430235945,True,124
272.698269,117,215.212485,0.6628226616693768,0.6628226616693768,0.4342711441663887,0.5458966127361032,True,117
274.672493,119,215.33436,0.6613298920501717,0.6613298920501717,0.43207931197782085,0.5417452100068312,True,119
257.459301,112,215.44717,0.6395765097327024,0.6395765097327024,0.43458685741602837,0.544840050020764,True,112
263.467703,115,215.564398,0.6551399491971405,0.6551399491971405,0.4325205441866977,0.5514849187343471,True,115
270.186608,118,216.340397,0.6413567388434706,0.6413567388434706,0.4349239140270097,0.542063815956018,True,118
274.194175,117,216.474291,0.6549038772471064,0.6549038772471064,0.4348776920714077,0.5781544621907032,True,117
270.589838,122,216.597259,0.6691523430730668,0.6691523430730668,0.42421905311871044,0.5290878094718469,True,122
269.829434,119,216.723768,0.6213779063628038,0.6213779063628038,0.4354557033184291,0.5343545970115724,True,119
264.584863,117,216.846098,0.6882439447803672,0.6882439447803672,0.4206565299370504,0.49114891730652566,True,117
263.636678,116,216.967294,0.6552425836738753,0.6552425836738753,0.42687108042753125,0.524328590012787,True,116
274.921045,120,217.093189,0.6900930226666866,0.6900930226666866,0.42684002748133976,0.5450828287303333,True,120
268.862775,118,217.220349,0.6814214838308678,0.6814214838308678,0.4348179331544767,0.5604602017297349,True,118
273.799447,117,217.343888,0.6390860869042196,0.6390860869042196,0.4302242745690655,0.5591523559658306,True,117
270.0215,120,217.469095,0.6217331845094636,0.6217331845094636,0.41959931929579986,0.5720887315383059,True,120
272.661777,118,217.589247,0.6717968677133995,0.6717968677133995,0.4274362640622724,0.5254462350928913,True,118
266.400074,113,217.704608,0.6039570882642076,0.6039570882642076,0.4244190646890735,0.5313582430101316,True,113
265.725312,113,217.823735,0.6292657907656959,0.6292657907656959,0.43036684364634803,0.5428629155584583,True,113
273.202414,117,217.942335,0.6506536475489725,0.6506536475489725,0.4269751147900146,0.5395509596163124,True,117
277.818083,116,218.062706,0.658597683486192,0.658597683486192,0.4199996430374794,0.5635534422674762,True,116
264.492665,114,218.181199,0.6334207145215207,0.6334207145215207,0.4284477799807572,0.5285944026168005,True,114
270.18369,121,218.304694,0.6360099165906472,0.6360099165906472,0.4303455659737048,0.5373550603466553,True,121
272.175689,120,218.946295,0.6629604855297091,0.6629604855297091,0.42517975290051246,0.5396752691708279,True,120
263.941505,118,219.1188,0.6302474230352721,0.6302474230352721,0.4211912832076341,0.511217842270946,True,118
265.586117,117,219.237556,0.657663148125159,0.657663148125159,0.42135508401928884,0.5167342128214824,True,117
266.128841,115,219.35692,0.6523872590072828,0.6523872590072828,0.42687152366250264,0.5668972917033477,True,115
275.03283,120,219.47917,0.6904846623168236,0.6904846623168236,0.43172807722706524,0.5212070087209597,True,120
275.143153,118,219.600082,0.6317075802039775,0.6317075802039775,0.4286218205582169,0.5535117491631406,True,118
264.022184,117,219.723789,0.6442770352963496,0.6442770352963496,0.424439473262763,0.5292929200417167,True,117
270.285769,119,219.847244,0.65225992120238,0.65225992120238,0.43051449424258187,0.5573457367471757,True,119
266.399856,118,219.968271,0.6697287944059884,0.6697287944059884,0.4251601886797253,0.5499946644254553,True,118
260.840377,115,220.082259,0.6344939613449762,0.6344939613449762,0.42049987350245827,0.5342663247507591,True,115
271.544516,120,220.20295,0.6831567754378545,0.6831567754378545,0.43116436981293055,0.5664356554204675,True,120
269.879198,116,220.319906,0.659948816053479,0.659948816053479,0.4258230466873369,0.5381666044667838,True,116
256.029482,121,220.445396,0.6302072919270926,0.6302072919270926,0.4233040103206528,0.5728508651335098,True,121
272.280671,119,220.567003,0.6294845070562622,0.6294845070562622,0.43488437638114225,0.5460176741606955,True,119
263.078237,118,220.68798,0.661520063502278,0.661520063502278,0.43478554033528394,0.5323420375325867,True,118
262.000986,115,220.806588,0.6093090976897083,0.6093090976897083,0.42983842284532,0.5574868847707877,True,115
268.296637,118,220.931086,0.6467913554961782,0.6467913554961782,0.4224491039251186,0.5545808449772989,True,118
275.06342,122,221.056965,0.6634489691687765,0.6634489691687765,0.4286439907570383,0.5501017794093556,True,122
274.089451,117,221.768239,0.665449548634893,0.665449548634893,0.4331215598221044,0.5319452519093787,True,117
272.594521,121,221.891848,0.6719465673593935,0.6719465673593935,0.4224749604355778,0.5267420606554323,True,121
267.417899,118,222.013726,0.6690130463912186,0.6690130463912186,0.4228726974642538,0.5343283249222466,True,118
272.74973,119,222.134423,0.6585684005976654,0.6585684005976654,0.43086798794026,0.5586400661198421,True,119
272.117061,117,222.256518,0.6601774623347237,0.6601774623347237,0.42231518858754563,0.5469915729858215,True,117
264.528428,114,222.374853,0.6381723963991722,0.6381723963991722,0.43194693759581954,0.5436353642359337,True,114
271.765428,121,222.494664,0.6696485284008716,0.6696485284008716,0.43496455543484297,0.5481776442443494,True,121
264.973251,116,222.613277,0.6515876759977423,0.6515876759977423,0.4185070684951691,0.5236191854672118,True,116
268.281626,119,222.737276,0.6540852864192258,0.6540852864192258,0.42997190950879877,0.5467772322383836,True,119
270.679076,117,222.855242,0.6411488167006524,0.6411488167006524,0.43286155706261586,0.541026887502663,True,117
274.911842,120,222.976023,0.6476097961289758,0.6476097961289758,0.4341175414290495,0.5534281241929349,True,120
273.377087,119,223.099077,0.662302223001789,0.662302223001789,0.4185859903018598,0.5049833326532568,True,119
264.808189,118,223.224483,0.6456288032763414,0.6456288032763414,0.43448933244267934,0.49808373456409594,True,118
272.766657,117,223.350273,0.6466213323036422,0.6466213323036422,0.42902432547828706,0.5565389858576694,True,117
262.712576,116,223.472351,0.594572216954613,0.594572216954613,0.4270616973443614,0.5400618651147014,True,116
267.72356,122,223.596137,0.6578777832986359,0.6578777832986359,0.42281211388939693,0.5348532004331242,True,122
277.22891,119,223.717009,0.6727915688989375,0.6727915688989375,0.43556611685693086,0.5161828559945804,True,119
264.654542,117,224.281446,0.6368155448586511,0.6368155448586511,0.4307144397226762,0.5632077420740078,True,117
275.99993,118,224.435645,0.6600649521356913,0.6600649521356913,0.42120087111895654,0.5354768286584253,True,118
275.922226,119,224.55488,0.6808237904213573,0.6808237904213573,0.4213065352665663,0.4732298614881221,True,119
277.691798,116,224.674981,0.6500919220225894,0.6500919220225894,0.4263045064882485,0.5063510464800073,True,116
282.140541,123,224.802207,0.7145719908369281,0.7145719908369281,0.41864665898905357,0.5087308566055349,True,123
270.358982,122,224.924119,0.6658121733188843,0.6658121733188843,0.4329034596911472,0.5594873073820562,True,122
263.56041,115,225.039404,0.6114712321943234,0.6114712321943234,0.4266275461797837,0.5289266498717707,True,115
269.49552,115,225.152829,0.6420853704268226,0.6420853704268226,0.42123731439109685,0.5546656821140916,True,115
254.016093,115,225.269744,0.6620437609732038,0.6620437609732038,0.4220140138788283,0.5144451587240451,True,115
278.6983,119,225.388511,0.6369963115826806,0.6369963115826806,0.4282370886149993,0.5519076230912237,True,119
270.831107,117,225.509066,0.6167545310170162,0.6167545310170162,0.42955501054366924,0.5356879720930275,True,117
264.547554,116,225.631598,0.6386896186405516,0.6386896186405516,0.42901758493704556,0.5313766802415433,True,116
280.956456,119,225.755029,0.658209086802484,0.658209086802484,0.42544718819427974,0.559871792394312,True,119
264.679366,116,225.873579,0.6335689437103651,0.6335689437103651,0.42981403051451167,0.5455537867914068,True,116
273.10006,115,225.989164,0.6351071925237151,0.6351071925237151,0.41954106802741475,0.5303348420091499,True,115
265.538891,118,226.110428,0.6656389743328602,0.6656389743328602,0.4294197437141115,0.5125065873502076,True,118
267.030211,118,226.228645,0.6498387350166024,0.6498387350166024,0.4345239159757694,0.5617269216579953,True,118
276.764562,119,226.82264,0.6862430601243394,0.6862430601243394,0.4252117360726766,0.5306876556471847,True,119
264.738907,117,226.999699,0.6586581245940301,0.6586581245940301,0.4206419723312158,0.5413006302033778,True,117
263.958163,115,227.11603,0.6209684798552376,0.6209684798552376,0.43063711134961646,0.5341829452932799,True,115
266.500569,115,227.234029,0.6456168699474095,0.6456168699474095,0.41981500774437513,0.5315695943071358,True,115
267.440346,120,227.355947,0.6506698413102983,0.6506698413102983,0.4274308769795059,0.5363480715084794,True,120
276.914714,115,227.474348,0.6627312423130068,0.6627312423130068,0.42909030101637935,0.5690025221568528,True,115
266.469091,114,227.591171,0.6370816082650907,0.6370816082650907,0.4299878576120399,0.5355540987510776,True,114
264.140373,122,227.714167,0.6629851477518418,0.6629851477518418,0.4238222537034666,0.5178382109795375,True,122
271.755129,117,227.833998,0.6687120228470916,0.6687120228470916,0.4241544691200143,0.5607149085595076,True,117
266.134406,116,227.95495,0.6471220514810856,0.6471220514810856,0.4286746751693244,0.5441927211332791,True,116
267.089773,118,228.078768,0.6221325312980803,0.6221325312980803,0.4279034625493985,0.5370861350039675,True,118
265.880341,116,228.193467,0.5868133430983014,0.5868133430983014,0.4271591453528751,0.575774273999532,True,116
268.713963,119,228.318383,0.6413928350341577,0.6413928350341577,0.4234650975063203,0.5581281808015168,True,119
265.122624,117,228.439654,0.6421780289975989,0.6421780289975989,0.43109746866723553,0.5620650794880916,True,117
266.849121,118,228.56441,0.668465145010185,0.668465145010185,0.4189097006173773,0.49127304203067174,True,118
268.044907,116,228.686091,0.6723648812876445,0.6723648812876445,0.4212703112387492,0.526706323264982,True,116
267.169861,121,228.808713,0.6649261697285134,0.6649261697285134,0.42873061533882056,0.5254167052302683,True,121
268.703396,119,228.935464,0.6637094426813064,0.6637094426813064,0.43300873913101356,0.5463828577391374,True,119
267.993725,117,229.558221,0.6630866811176809,0.6630866811176809,0.43067499613854293,0.5325039865044249,True,117
267.459924,113,229.710089,0.5951641266187444,0.5951641266187444,0.42121408218573964,0.5513261085207778,True,113
275.332333,119,229.830191,0.6471098062400445,0.6471098062400445,0.43068918899185626,0.5459160816734576,True,119
272.659137,118,229.954641,0.6759226097844984,0.6759226097844984,0.42604406502869285,0.5513264189777414,True,118
271.095754,118,230.073151,0.6640045506521443,0.6640045506521443,0.4307300909450666,0.5541963122761848,True,118
275.739932,118,230.196335,0.6435983824960432,0.6435983824960432,0.4212595123950757,0.5568375326003144,True,118
273.726257,117,230.315623,0.6484884053940336,0.6484884053940336,0.42302518014188256,0.5498238073449716,True,117
273.960617,116,230.435828,0.5752781129827679,0.5752781129827679,0.4333084579757719,0.5756376393879902,True,116
263.544545,113,230.553234,0.5999742164765606,0.5999742164765606,0.42978231784536014,0.5441226045596517,True,113
269.519378,118,230.673577,0.6445016118266246,0.6445016118266246,0.4220883877443933,0.5346387371518005,True,118
280.152755,119,230.799482,0.6606975761521644,0.6606975761521644,0.4344083127443637,0.5217400997440095,True,119
267.700327,115,230.914974,0.6713073711130161,0.6713073711130161,0.426678887140674,0.5207656151913803,True,115
274.516554,118,231.034871,0.6668428699761467,0.6668428699761467,0.4320522755355918,0.5430895451879768,True,118
271.398446,116,231.157879,0.6939291019423104,0.6939291019423104,0.4227304366564393,0.521427524334176,True,116
273.347433,118,231.281535,0.6513249576059571,0.6513249576059571,0.42455907208257176,0.5654253231201266,True,118
272.241108,119,231.413182,0.6661107355156718,0.6661107355156718,0.4258832718090681,0.5523737476752503,True,119
279.592404,121,231.535853,0.6689147923521901,0.6689147923521901,0.42562528540751077,0.5597083595673387,True,121
273.856695,120,231.950944,0.6741258738121462,0.6741258738121462,0.42316445112044837,0.5597027089140071,True,120
271.77902,115,232.095863,0.6434894046878116,0.6434894046878116,0.43259756334441907,0.5732869626811598,True,115
274.17279,119,232.222361,0.6471762401134831,0.6471762401134831,0.4259403554659808,0.5444093331983888,True,119
264.815127,117,232.364895,0.6465019612705813,0.6465019612705813,0.4294749207777203,0.5738165538067732,True,117
252.390599,114,232.485301,0.5944206670541171,0.5944206670541171,0.43307173800126564,0.5755091836172238,True,114
275.159821,118,232.609941,0.6791777562289689,0.6791777562289689,0.4260003080968409,0.5705975768058328,True,118
273.485529,119,232.731262,0.6852666639958703,0.6852666639958703,0.41970456594197986,0.5327060006679608,True,119
284.172758,120,232.854796,0.6820722935558245,0.6820722935558245,0.42543853491357664,0.5254065074721117,True,120
279.137764,117,232.977511,0.6225290174772663,0.6225290174772663,0.4295123250669019,0.5557240674131011,True,117
277.795423,119,233.104253,0.6773304732432293,0.6773304732432293,0.425166982436533,0.5705283689118773,True,119
284.221415,119,233.23174,0.6597243282149573,0.6597243282149573,0.42362856118005376,0.5594075655929033,True,119
272.842586,118,233.352848,0.6523598375441041,0.6523598375441041,0.42843105721717695,0.5575958601731931,True,118
276.384039,117,233.474587,0.6582455111617533,0.6582455111617533,0.41890575636852234,0.5323245686420186,True,117
276.555699,117,233.596424,0.6456902382946633,0.6456902382946633,0.4274525599892126,0.575554939587192,True,117
272.413489,120,233.725825,0.7138718465095457,0.7138718465095457,0.42626348137236486,0.4790614608267352,True,120
266.519076,118,233.850622,0.6696386674865132,0.6696386674865132,0.42848073557366256,0.5346461550160747,True,118
270.863297,119,233.97583,0.6156310903837036,0.6156310903837036,0.4349188013031985,0.5630565133243383,True,119
264.833941,115,234.094906,0.6458328147753412,0.6458328147753412,0.43340286707190406,0.5381369113113652,True,115
272.663093,120,234.65063,0.6639165449338855,0.6639165449338855,0.4326845616249022,0.5450409186390711,True,120
271.912564,116,234.77372,0.6280666266079535,0.6280666266079535,0.4257274459580562,0.5657243945690301,True,116
275.892741,121,234.900179,0.6974286075800463,0.6974286075800463,0.4240061391545765,0.5046344555178508,True,121
275.084588,117,235.021778,0.6761494746133532,0.6761494746133532,0.43041000661017903,0.5604356610449642,True,117
273.90397,119,235.144949,0.6934135844078952,0.6934135844078952,0.4331307172629039,0.5316530533647066,True,119
272.96375,114,235.262615,0.5789495113153846,0.5789495113153846,0.4345269078295979,0.598530256809428,True,114
284.475809,121,235.389277,0.704702037688924,0.704702037688924,0.4285642640300725,0.5523509274200565,True,121
274.779499,123,235.515541,0.7248391958279958,0.7248391958279958,0.42646094141765384,0.5297562997876328,True,123
268.448816,118,235.6361,0.6588338157265746,0.6588338157265746,0.42263817431705625,0.5374498972840437,True,118
266.045633,120,235.758443,0.6453521344513254,0.6453521344513254,0.4266029232497946,0.5755390924220648,True,120
270.320698,120,235.884564,0.6426475076322249,0.6426475076322249,0.4267207760908138,0.5278768555357463,True,120
268.32622,119,236.006231,0.6198637744072351,0.6198637744072351,0.42544103726235316,0.5335311753818835,True,119
277.746418,121,236.132963,0.6607388307228981,0.6607388307228981,0.43311720529474734,0.5485085639366502,True,121
273.132522,117,236.254366,0.6248625315477425,0.6248625315477425,0.42717664762529983,0.5836030605776209,True,117
268.716509,116,236.372578,0.6509972084438584,0.6509972084438584,0.42332362391820944,0.5685653751033659,True,116
273.906547,119,236.4936,0.6183386010385131,0.6183386010385131,0.4307555932954763,0.5557628029130578,True,119
279.020995,120,236.620312,0.6727340198307897,0.6727340198307897,0.42976560000289554,0.5296334117615323,True,120
275.902121,119,237.224806,0.6755792336736396,0.6755792336736396,0.418816569688959,0.5284066655846588,True,119
271.101376,121,237.369104,0.6168834068283918,0.6168834068283918,0.43446936580753853,0.5729586506958015,True,121
271.620854,116,237.482692,0.6112316715134714,0.6112316715134714,0.4267617688265369,0.5411614321802978,True,116
263.817033,116,237.600444,0.6605825394229924,0.6605825394229924,0.42708168559749843,0.5554375577010868,True,116
280.745571,123,237.720679,0.6853086502410026,0.6853086502410026,0.43118144008372683,0.5110204382116551,True,123
283.458961,122,237.846662,0.6917772296284723,0.6917772296284723,0.430399855838796,0.5375679997769532,True,122
268.704644,116,237.964903,0.6474662246922379,0.6474662246922379,0.4275870250641357,0.5145539305723831,True,116
270.228575,113,238.081116,0.6370086783268738,0.6370086783268738,0.42395371177102803,0.5320083844003367,True,113
269.882877,116,238.200416,0.6438887433771661,0.6438887433771661,0.4268353919188797,0.5384394532759461,True,116
268.104964,117,238.3189,0.6553325465302287,0.6553325465302287,0.4303196460996123,0.573943341846974,True,117
275.704978,121,238.43961,0.6533549206156027,0.6533549206156027,0.4261941694684626,0.5528202794867497,True,121
283.63843,120,238.560231,0.6975108159815624,0.6975108159815624,0.428315103255942,0.5424063874009986,True,120
281.040868,119,238.681003,0.657720583926086,0.657720583926086,0.4336047164172084,0.5304716087561974,True,119
272.701811,119,238.802943,0.6697676844765738,0.6697676844765738,0.4230833971713895,0.5259652646149421,True,119
272.217344,117,238.923297,0.6801160608983353,0.6801160608983353,0.43584175727407054,0.5539839581346335,True,117
272.378598,119,239.043254,0.6626338454386096,0.6626338454386096,0.43538482440570947,0.5512367414808431,True,119
268.783919,114,239.159967,0.6365531419349287,0.6365531419349287,0.43384034356834394,0.5755463647122443,True,114
276.242661,120,239.727256,0.6639888285009903,0.6639888285009903,0.4214596994921536,0.5415339855338474,True,120
273.268588,115,239.88119,0.6443268880477544,0.6443268880477544,0.4257788096816644,0.5429199278447294,True,115
280.359541,119,239.999961,0.6968107902058585,0.6968107902058585,0.42503939523779705,0.5223506538542115,True,119
275.033353,118,240.118118,0.6869002225700993,0.6869002225700993,0.4267366782623563,0.5200770603789059,True,118
275.779798,117,240.239209,0.62668766320962,0.62668766320962,0.4302028049557867,0.5453104878143984,True,117
272.528323,114,240.353114,0.609821080103391,0.609821080103391,0.42503113639977774,0.5437056919579397,True,114
282.819902,126,240.479581,0.705933241486371,0.705933241486371,0.4288430313976121,0.5587616425038953,True,126
269.905166,125,240.607275,0.6489393844828716,0.6489393844828716,0.43161608092168463,0.5426214377547997,True,125
270.382243,118,240.729388,0.6422089418232177,0.6422089418232177,0.4270726746183824,0.5121462590549857,True,118
269.812598,116,240.852662,0.623992192908368,0.623992192908368,0.4253514360743558,0.5420248340461012,True,116
271.018074,116,240.969769,0.6111958516269418,0.6111958516269418,0.4268455370887455,0.5393880070485035,True,116
279.300741,120,241.087707,0.6637336508483208,0.6637336508483208,0.42935462801721025,0.5418390301195015,True,120
276.870064,119,241.209094,0.6390076407330751,0.6390076407330751,0.4272565924872234,0.5534747908516736,True,119
263.206098,119,241.331118,0.6510154726621211,0.6510154726621211,0.4339245324044733,0.558903937514269,True,119
276.537121,120,241.457798,0.6588119368322136,0.6588119368322136,0.4237617841729691,0.5347787266821613,True,120
284.864445,120,241.589267,0.659269123306186,0.659269123306186,0.41977060719088,0.5461422112367654,True,120
287.753473,117,241.710269,0.659214195166228,0.659214195166228,0.43513662912609796,0.5612025797821838,True,117
271.504088,117,242.239317,0.6728524977305754,0.6728524977305754,0.4232907609975141,0.5455214255239593,True,117
277.451361,120,242.395887,0.6639402907472903,0.6639402907472903,0.4216562813738037,0.5660432325488728,True,120
270.431536,119,242.533421,0.6704103774364362,0.6704103774364362,0.42552424109070885,0.5645117684920298,True,119
277.874664,121,242.664719,0.6679216981236534,0.6679216981236534,0.42645558310763193,0.5652356096509468,True,121
265.143524,116,242.780794,0.6193085650387838,0.6193085650387838,0.42133032436973133,0.5561591476945373,True,116
270.054213,120,242.901085,0.6572721137569296,0.6572721137569296,0.4270584594841174,0.571555195176135,True,120
270.37414,118,243.031878,0.6444448767211798,0.6444448767211798,0.4193000973301356,0.5374472512933763,True,118
275.770353,121,243.152933,0.6759159498855044,0.6759159498855044,0.43485925593433844,0.5669952015107026,True,121
278.731239,119,243.275064,0.6806588977285115,0.6806588977285115,0.4339990716962307,0.5756748697343143,True,119
282.323783,118,243.396893,0.6778561861746953,0.6778561861746953,0.4280333547196925,0.537367787709927,True,118
271.584961,118,243.5144,0.6513807759182415,0.6513807759182415,0.4324301139267251,0.5323388360076264,True,118
266.418139,120,243.636568,0.6180540761613468,0.6180540761613468,0.4318155934618304,0.5626968271178833,True,120
282.442046,121,243.760526,0.6651393111038865,0.6651393111038865,0.41987702835194224,0.5762732464573744,True,121
280.57665,121,243.885442,0.6943865431683203,0.6943865431683203,0.4347327671542036,0.5066089368836963,True,121
284.824542,119,244.009748,0.6801929150057031,0.6801929150057031,0.421093396951468,0.554065906172367,True,119
280.656042,121,244.135082,0.7044643105765652,0.7044643105765652,0.43096029628591964,0.5561026496560553,True,121
268.491996,117,244.257535,0.6349183796748378,0.6349183796748378,0.42938205487561154,0.5502547461552261,True,117
271.528657,121,244.381612,0.6650341283010411,0.6650341283010411,0.433006149551281,0.5628434563556005,True,121
277.966162,119,244.97769,0.6847908821970766,0.6847908821970766,0.4337557864513223,0.5322279701230038,True,119
270.588489,118,245.110804,0.6557478831085409,0.6557478831085409,0.420478215574473,0.5683141974247148,True,118
283.04795,122,245.23297,0.6962245606421442,0.6962245606421442,0.43336313626238887,0.574637079697304,True,122
278.495954,118,245.352751,0.6664693332557394,0.6664693332557394,0.4314308181328674,0.5638502780505472,True,118
273.692584,121,245.477992,0.6763359874698605,0.6763359874698605,0.42487652580767776,0.5632512523201199,True,121
274.457192,117,245.598516,0.6159995847494817,0.6159995847494817,0.42468123747110814,0.513766036761198,True,117
263.5712,117,245.720572,0.6180117864813024,0.6180117864813024,0.42173120561865785,0.563876999974979,True,117
284.098159,122,245.857423,0.6937000377407421,0.6937000377407421,0.4341942457510443,0.5894159736118464,True,122
277.434927,121,245.98666,0.6966547289252173,0.6966547289252173,0.4282485592633709,0.5478538554217878,True,121
275.098783,118,246.103502,0.6471696485755328,0.6471696485755328,0.43273629267841673,0.5331968827276491,True,118
279.685006,118,246.223636,0.6902254505763298,0.6902254505763298,0.42670587383574865,0.5449873498020131,True,118
278.33732,121,246.34746,0.6718220225349874,0.6718220225349874,0.41931763111075737,0.5237308825766588,True,121
279.408211,117,246.465289,0.6478963866739565,0.6478963866739565,0.4328079459494516,0.5681596196000621,True,117
277.999864,119,246.582389,0.6416558523261284,0.6416558523261284,0.4309238628570908,0.5577860036376465,True,119
273.905211,115,246.696753,0.6659176370454265,0.6659176370454265,0.4242438882338221,0.5737688184349387,True,115
281.593198,122,246.820505,0.6665818481089012,0.6665818481089012,0.43311013996324305,0.5347555671277151,True,122
273.272052,119,246.943703,0.6605371508226432,0.6605371508226432,0.43047301886143075,0.5759780142284826,True,119
273.762941,123,247.53082,0.6739219051114019,0.6739219051114019,0.4347328719427324,0.5481709843563327,True,123
268.156937,120,247.680653,0.6395603114727573,0.6395603114727573,0.423793526528718,0.5456060989304649,True,120
283.496973,121,247.803923,0.6880285302317781,0.6880285302317781,0.4350358544219457,0.5242428505290456,True,121
280.837101,118,247.922625,0.6482280647482911,0.6482280647482911,0.43020326909779055,0.5605564526383953,True,118
273.724667,119,248.045138,0.6897859203487242,0.6897859203487242,0.4191147636416252,0.515476014734356,True,119
276.727188,121,248.166994,0.666005328863598,0.666005328863598,0.4259737177904239,0.5531596405613163,True,121
277.695975,124,248.291599,0.6964464640094674,0.6964464640094674,0.4276588797967155,0.5246845326597271,True,124
274.522511,121,248.415687,0.6595677539790848,0.6595677539790848,0.43152008247485146,0.516098627971542,True,121
283.644685,118,248.537211,0.6902988695352364,0.6902988695352364,0.42696661555700066,0.5298080347826081,True,118
273.419169,118,248.653466,0.6308908695365393,0.6308908695365393,0.4293780793691977,0.5618061773834273,True,118
274.382077,121,248.778927,0.6803242618186816,0.6803242618186816,0.4204389507556546,0.5496733207313698,True,121
279.52075,124,248.908872,0.6806423241158922,0.6806423241158922,0.42510281857417503,0.5376742342967699,True,124
287.087133,120,249.032478,0.695713105149034,0.695713105149034,0.42428915835265535,0.5539136556047688,True,120
272.774925,124,249.158923,0.6848466265718042,0.6848466265718042,0.42985475544135365,0.5647552618004458,True,124
269.201839,118,249.27923,0.6678117568804632,0.6678117568804632,0.4236918581250572,0.5314520548684175,True,118
274.380314,117,249.397662,0.6312548275425502,0.6312548275425502,0.4272842680394858,0.5445643789288638,True,117
278.615273,118,249.518719,0.6504460199934081,0.6504460199934081,0.4263836104257916,0.5550037771595284,True,118
282.284773,119,250.118133,0.663129544970121,0.663129544970121,0.43263612035940147,0.5922122778747249,True,119
275.111062,123,250.26418,0.676361057627611,0.676361057627611,0.4291681164474737,0.5259007490119469,True,123
277.385675,118,250.382422,0.658223377095103,0.658223377095103,0.4201398743376946,0.5300024535974187,True,118
274.337003,118,250.504055,0.6414327220970649,0.6414327220970649,0.42003240811779025,0.5173513607490663,True,118
281.922269,120,250.626879,0.6856631069955782,0.6856631069955782,0.42841578219376797,0.5303647961583929,True,120
282.146282,118,250.748446,0.6484616025030843,0.6484616025030843,0.4312248021757844,0.548850132324034,True,118
269.182393,123,250.873137,0.6937788766440233,0.6937788766440233,0.43181639887726864,0.5505919450424505,True,123
284.591202,121,250.996838,0.6996022316396311,0.6996022316396311,0.42472558803584765,0.5509912181922992,True,121
266.260463,122,251.120924,0.6762755053217314,0.6762755053217314,0.4324176052859103,0.5400350806789954,True,122
276.243814,117,251.246086,0.6629102199259533,0.6629102199259533,0.4252046726845456,0.5085709513470871,True,117
281.712041,120,251.371368,0.6827594742051213,0.6827594742051213,0.41930475238621395,0.5159659124886811,True,120
283.477665,121,251.493358,0.6917213064300196,0.6917213064300196,0.4276719038420659,0.507446943629734,True,121
274.956494,121,251.620151,0.697793823510467,0.697793823510467,0.43155903923463573,0.5533824266336235,True,121
277.694397,118,251.741341,0.6780277051200249,0.6780277051200249,0.4267625039519009,0.5583905462625539,True,118
284.862924,118,251.861788,0.6615018445769814,0.6615018445769814,0.43212318814198836,0.560980260347653,True,118
275.854727,122,251.987368,0.700098593993179,0.700098593993179,0.42194016050518873,0.5232355265661872,True,122
280.994214,119,252.108941,0.6999808708655593,0.6999808708655593,0.41823487077667276,0.4966855054244747,True,119
283.234673,123,252.782787,0.6586143485742793,0.6586143485742793,0.42802008159358157,0.539918308350227,True,123
273.143469,114,252.917399,0.6483950148082543,0.6483950148082543,0.4330380418311599,0.5411520989553605,True,114
285.558991,122,253.039178,0.6906244585852871,0.6906244585852871,0.42610398016614176,0.5249961843719723,True,122
283.679339,124,253.162517,0.7021654114397775,0.7021654114397775,0.4237085152337226,0.5232096830799264,True,124
275.891186,120,253.287114,0.6480952426159388,0.6480952426159388,0.42029840455585293,0.5744116439606228,True,120
269.730765,118,253.408861,0.6431577301536294,0.6431577301536294,0.42929745261678387,0.5963350981538131,True,118
278.103276,122,253.54263,0.703444058849537,0.703444058849537,0.41879368096337344,0.5380796443938302,True,122
278.357585,121,253.661754,0.6744771280403423,0.6744771280403423,0.4306782899516384,0.5497953432340328,True,121
269.751156,118,253.778632,0.6441258941961002,0.6441258941961002,0.42600974072790654,0.536624281422567,True,118
269.220133,120,253.902855,0.6287985217662688,0.6287985217662688,0.42350700249169243,0.5329272224301513,True,120
280.426888,119,254.023691,0.6663382526502419,0.6663382526502419,0.43377154723550615,0.5420305603008022,True,119
267.941844,120,254.150447,0.637006721466839,0.637006721466839,0.42908879698821295,0.5432389890611526,True,120
275.326885,118,254.271414,0.6700717008087573,0.6700717008087573,0.43485642306169764,0.5617337145518224,True,118
278.815382,121,254.396043,0.6934157365332535,0.6934157365332535,0.4188619253412458,0.5159176485551807,True,121
281.558485,120,254.518744,0.6725911288943679,0.6725911288943679,0.43183380271925176,0.5435968328658874,True,120
280.802558,120,254.643332,0.6709923883536855,0.6709923883536855,0.43136790092218436,0.5469880481311873,True,120
276.309604,118,254.762071,0.6482165768760214,0.6482165768760214,0.43378461174780836,0.5814370681410744,True,118
283.217743,119,255.435618,0.6640367694125836,0.6640367694125836,0.4204972939654732,0.4948491977454899,True,119
283.500954,125,255.597959,0.6822886659793571,0.6822886659793571,0.4220135708968969,0.49983035345459054,True,125
282.025012,118,255.717736,0.6676007764165818,0.6676007764165818,0.43132886601877374,0.5364948079579016,True,118
281.92741,117,255.837719,0.641561627969088,0.641561627969088,0.43099020619460593,0.5827257268148862,True,117
274.574442,121,255.960197,0.6745486170093686,0.6745486170093686,0.42545944348989023,0.5411080723593124,True,121
286.046271,120,256.087613,0.6692497775915122,0.6692497775915122,0.43456539982100373,0.5566101835356734,True,120
272.068448,118,256.208679,0.6609387980298695,0.6609387980298695,0.4185956409606356,0.533761925537119,True,118
281.055715,123,256.334853,0.696557148952453,0.696557148952453,0.4293571163695167,0.5285091106862095,True,123
273.817752,120,256.458157,0.6838632087596822,0.6838632087596822,0.4199160441085233,0.5365556382509863,True,120
275.389208,116,256.579009,0.6473743796401363,0.6473743796401363,0.42405334367831854,0.5505827095177755,True,116
276.696771,121,256.704979,0.6958581700603146,0.6958581700603146,0.4322259125470517,0.574960204330692,True,121
275.864785,119,256.83122,0.6767202856537726,0.6767202856537726,0.4253842756656882,0.5447418948083164,True,119
275.602998,120,256.954534,0.6572454084711452,0.6572454084711452,0.43396586223658656,0.5638502847484862,True,120
282.771699,116,257.075563,0.6398486060101563,0.6398486060101563,0.4209380012598339,0.5697828583606951,True,116
274.122109,117,257.198506,0.6538790754930618,0.6538790754930618,0.426807003919636,0.5418458215853493,True,117
278.701685,120,257.319023,0.6354783575641282,0.6354783575641282,0.43226877195414243,0.5658942316264964,True,120
280.550643,118,257.437981,0.6294171637139775,0.6294171637139775,0.4296349482560467,0.5533411251158699,True,118
273.819143,121,257.944541,0.6553337414693944,0.6553337414693944,0.41969160213326406,0.5187416890854807,True,121
273.884192,118,258.099409,0.639505423845419,0.639505423845419,0.4302443409471168,0.5556773073275831,True,118
288.76587,120,258.21955,0.7035301303920461,0.7035301303920461,0.4301167720794604,0.5374414925484574,True,120
275.737208,120,258.344457,0.6929427139066248,0.6929427139066248,0.42402361953255274,0.5297771842833736,True,120
282.53576,121,258.469666,0.6612608408292564,0.6612608408292564,0.4348485040946509,0.5524856430436959,True,121
277.559762,116,258.587223,0.6282154041196708,0.6282154041196708,0.4341940218673836,0.5728733382190796,True,116
278.955403,118,258.706529,0.647759363040712,0.647759363040712,0.43540786601940673,0.5561924603581533,True,118
278.193595,117,258.826105,0.6459194160571735,0.6459194160571735,0.4337064380756284,0.590254241261895,True,117
276.388934,123,258.95497,0.6998583865221413,0.6998583865221413,0.42279081029074567,0.5282080200957041,True,123
280.766265,119,259.072562,0.6481958468506732,0.6481958468506732,0.4264086349827734,0.5592908033390414,True,119
289.533886,120,259.194595,0.6563683019700018,0.6563683019700018,0.4338241108761068,0.5496746175793576,True,120
286.714952,122,259.318036,0.6801883134905398,0.6801883134905398,0.4183699101328052,0.5170167529098356,True,122
277.064591,118,259.435919,0.6265695616370387,0.6265695616370387,0.4284482338638375,0.5586407489451856,True,118
274.070049,119,259.558532,0.617044165642277,0.617044165642277,0.4353754332510183,0.5628408173726307,True,119
283.15906,118,259.680873,0.6313918917358408,0.6313918917358408,0.42214480005176974,0.5625364874329354,True,118
281.960356,120,259.800728,0.6332913238084323,0.6332913238084323,0.43037532286751823,0.5371807267043736,True,120
279.346495,117,259.922171,0.6869314847027462,0.6869314847027462,0.43042083316463225,0.5547620418400226,True,117
282.856526,122,260.39783,0.6621015155913689,0.6621015155913689,0.4244344085896828,0.5757482403566708,True,122
270.807194,119,260.571546,0.6748932306379968,0.6748932306379968,0.42154668910477183,0.5531950745688676,True,119
275.105613,120,260.692958,0.6441962072454254,0.6441962072454254,0.4290283257732097,0.5371137953496576,True,120
287.609697,120,260.813917,0.6702319509054957,0.6702319509054957,0.43188833537658927,0.5537578668098508,True,120
271.99121,120,260.934562,0.6488184009265432,0.6488184009265432,0.42050557249139486,0.5493134868749604,True,120
280.056589,121,261.053345,0.6749939115505599,0.6749939115505599,0.42504980682184956,0.5242492331333503,True,121
286.05039,121,261.176272,0.6634581165358869,0.6634581165358869,0.43172380147282835,0.5736002404367039,True,121
281.709033,120,261.299095,0.6610683820880168,0.6610683820880168,0.4228505745072268,0.5155778105026252,True,120
282.098501,123,261.424576,0.6866237140450631,0.6866237140450631,0.4289481812067491,0.5238378411282258,True,123
267.859095,117,261.543169,0.6524062409750054,0.6524062409750054,0.4201563209534773,0.5214478820554824,True,117
279.440211,117,261.662935,0.6524014061612528,0.6524014061612528,0.4353932352402338,0.5569592968555046,True,117
281.519413,119,261.785182,0.666703582669495,0.666703582669495,0.42329109392485326,0.5069098219300253,True,119
282.665947,121,261.912684,0.6986500224631402,0.6986500224631402,0.42161723633995996,0.5229304746421723,True,121
279.061229,118,262.03229,0.6610594021788629,0.6610594021788629,0.425092644087329,0.5504332353023684,True,118
277.09126,119,262.156447,0.6307173898837637,0.6307173898837637,0.4263311528994897,0.5459693094576362,True,119
288.543942,121,262.278806,0.7038346830071364,0.7038346830071364,0.4264397148352363,0.5204089151532931,True,121
274.589003,121,262.401732,0.6618884792269473,0.6618884792269473,0.42751472767564885,0.5385308894803834,True,121
275.6492,119,262.930653,0.6380929440336465,0.6380929440336465,0.4335138854253764,0.547124696285159,True,119
288.406701,122,263.100812,0.6802613324579129,0.6802613324579129,0.42035582025942136,0.5475734763025426,True,122
285.368691,119,263.220937,0.6725362890597195,0.6725362890597195,0.43187203703137256,0.5446940661094306,True,119
283.495048,122,263.344577,0.6610486771922788,0.6610486771922788,0.4225941105923733,0.5418189714813998,True,122
280.140609,122,263.468595,0.6751905882098629,0.6751905882098629,0.42080939171162135,0.5661146831879449,True,122
281.363236,120,263.591332,0.6763643286171882,0.6763643286171882,0.4274931755081143,0.5812878051742112,True,120
276.964264,119,263.711916,0.6765367920940005,0.6765367920940005,0.4325973618518875,0.5490267283851488,True,119
286.351474,118,263.83689,0.697102199100479,0.697102199100479,0.4226953488551867,0.5321615848960122,True,118
277.943852,118,263.955252,0.6702142841235801,0.6702142841235801,0.426221880526899,0.5499679824852022,True,118
275.729584,114,264.067219,0.667451832777374,0.667451832777374,0.4307078525647315,0.5439619127262544,True,114
279.1951,118,264.185986,0.6606316011381033,0.6606316011381033,0.42530797341264737,0.5400037544014895,True,118
277.036003,125,264.312576,0.6925390801920882,0.6925390801920882,0.4263627149466416,0.5595755050438269,True,125
277.842334,119,264.430907,0.6374920902717224,0.6374920902717224,0.424586387625758,0.5613998804205751,True,119
281.62901,124,264.555203,0.6979187645346359,0.6979187645346359,0.4329210776908619,0.5422211967817611,True,124
276.86474,122,264.677844,0.6802307316415863,0.6802307316415863,0.4298500725584756,0.5519308369785785,True,122
286.320538,121,264.800114,0.6976380443226136,0.6976380443226136,0.4297378618575114,0.5622537194584686,True,121
276.638924,123,264.923967,0.6937660423322327,0.6937660423322327,0.4343850161758367,0.5308627632450402,True,123
278.492087,119,265.396752,0.6227084929441394,0.6227084929441394,0.42965953230569454,0.5710738651122262,True,119
273.562146,118,265.588866,0.6246139393070942,0.6246139393070942,0.4233561194399936,0.5436197746855239,True,118
278.125075,118,265.712654,0.6760190196824262,0.6760190196824262,0.4302939422088285,0.5536657171901658,True,118
278.905328,119,265.83242,0.6795862006756218,0.6795862006756218,0.41980497932094957,0.5238243175360545,True,119
289.011668,119,265.953954,0.6883362949793971,0.6883362949793971,0.42611192305334933,0.5385579720331067,True,119
289.282425,123,266.078968,0.7112159450230157,0.7112159450230157,0.42112733940127123,0.5379633544986678,True,123
283.006181,117,266.199476,0.700945528548962,0.700945528548962,0.42736708001166535,0.5216278647552206,True,117
278.794392,119,266.324384,0.6833743582570483,0.6833743582570483,0.4215550139095195,0.5549174578843349,True,119
278.052423,124,266.454399,0.6395358923477061,0.6395358923477061,0.42142705278552317,0.5130953796598888,True,124
279.755529,117,266.57133,0.6517222525584709,0.6517222525584709,0.43408432113140843,0.5533944866098768,True,117
281.775142,118,266.69447,0.6817693206257694,0.6817693206257694,0.4322294201028654,0.5756648688003875,True,118
281.11197,120,266.817211,0.6929400772553075,0.6929400772553075,0.42583038908562026,0.5553285128952504,True,120
271.613327,119,266.940273,0.665928952932581,0.665928952932581,0.4226415848056092,0.5486894869781129,True,119
283.346296,119,267.06703,0.6955923704069904,0.6955923704069904,0.4356893218526869,0.5454501503458871,True,119
277.896357,119,267.189816,0.6624804624593646,0.6624804624593646,0.4210940521301457,0.525238392211275,True,119
284.600843,121,267.311542,0.6801355295028205,0.6801355295028205,0.4285202847344182,0.5660463844306352,True,121
279.781456,118,267.430178,0.6594860246448002,0.6594860246448002,0.43111004716416645,0.5668908457464166,True,118
276.35312,117,267.546381,0.6560976719568041,0.6560976719568041,0.4284434664780983,0.5510923955203955,True,117
281.341124,123,268.153621,0.6884622684361851,0.6884622684361851,0.42186046217650125,0.5198494925377489,True,123
284.375124,120,268.286213,0.7001697901085348,0.7001697901085348,0.43173088133870996,0.5582784816258299,True,120
281.568998,119,268.404957,0.6845847612249936,0.6845847612249936,0.4272909190854214,0.5507411415443814,True,119
291.043989,120,268.530997,0.710647096073216,0.710647096073216,0.41983031864313425,0.5426617371201606,True,120
287.843182,123,268.656689,0.6885609197760489,0.6885609197760489,0.431140044631202,0.5650946884017086,True,123
283.728086,122,268.779926,0.6745074784963708,0.6745074784963708,0.4231475022795473,0.5537417499057474,True,122
283.496377,116,268.898875,0.654495383588856,0.654495383588856,0.4195780366565777,0.5523364370759907,True,116
286.205113,120,269.018261,0.6896648422513819,0.6896648422513819,0.4203936216419545,0.5318958161978082,True,120
281.58208,127,269.146271,0.6942239624555785,0.6942239624555785,0.421784588905063,0.5288520771817287,True,127
276.834361,118,269.263593,0.6571711908573719,0.6571711908573719,0.4318501996952916,0.5438317261911028,True,118
280.484222,118,269.381787,0.6400644349290173,0.6400644349290173,0.4339899930920141,0.5779623398123773,True,118
289.496092,121,269.503826,0.6771636020754784,0.6771636020754784,0.4322616423403539,0.5422776580374611,True,121
268.059511,121,269.626651,0.6000012565416181,0.6000012565416181,0.435604052600962,0.5752842467457461,True,121
286.177434,124,269.754179,0.702499337379394,0.702499337379394,0.4356214146748443,0.5456194591861752,True,124
281.71995,116,269.87398,0.6422858325640902,0.6422858325640902,0.4337626171186616,0.5535906199953363,True,116
284.62574,119,269.996521,0.6575548461184263,0.6575548461184263,0.42375938770598953,0.5612034048104726,True,119
271.87394,119,270.119457,0.6793860660135828,0.6793860660135828,0.43150302609530605,0.5397356767500773,True,119
269.415809,116,270.615026,0.6611164336456526,0.6611164336456526,0.41922946317707305,0.5244838348710295,True,116
287.798969,124,270.76585,0.6953119779447201,0.6953119779447201,0.42292814381432203,0.5288788912854265,True,124
289.677131,120,270.890812,0.6746543477986501,0.6746543477986501,0.4284714258495109,0.5438906966505341,True,120
286.161201,120,271.014102,0.7057075506553784,0.7057075506553784,0.4259991850823727,0.563391655611457,True,120
288.983954,120,271.133492,0.6953377947666602,0.6953377947666602,0.43270804858319484,0.5412687439766993,True,120
279.199309,117,271.256318,0.6650810813264503,0.6650810813264503,0.4239942819327071,0.5629243052138735,True,117
277.007363,122,271.384644,0.6837807924059464,0.6837807924059464,0.4216516077938193,0.4987211924061306,True,122
287.177948,121,271.505196,0.6899821294787652,0.6899821294787652,0.4290423644827233,0.5575999089033702,True,121
281.805559,117,271.622217,0.7052622179215444,0.7052622179215444,0.4222691186576564,0.5269395189672579,True,117
280.521299,117,271.7408,0.6789095367671165,0.6789095367671165,0.4297717072982968,0.5863868347037557,True,117
283.802364,121,271.863536,0.6629245381524193,0.6629245381524193,0.434764305911843,0.5714575131317784,True,121
282.985615,118,271.9851,0.6963124572484655,0.6963124572484655,0.42305564775700316,0.5483380840503076,True,118
278.956151,120,272.111467,0.6695625223572553,0.6695625223572553,0.4283153594831157,0.561888797220683,True,120
284.023205,120,272.237251,0.698022840200955,0.698022840200955,0.42893336817178,0.5192991951418118,True,120
277.443706,120,272.364813,0.6913813639807262,0.6913813639807262,0.4240007280391303,0.5566433965881752,True,120
281.638969,118,272.486803,0.6559808069882989,0.6559808069882989,0.42657823943184275,0.5576287552433223,True,118
289.900986,122,272.610531,0.7107734721202759,0.7107734721202759,0.4191898707552612,0.5101056650957857,True,122
278.625724,119,273.201154,0.6505141192331352,0.6505141192331352,0.4234637430113826,0.5514773460848855,True,119
287.47875,118,273.341325,0.680481609600759,0.680481609600759,0.4195638878504785,0.5555119249740772,True,118
280.591672,123,273.463559,0.7082246366464571,0.7082246366464571,0.4264426484404507,0.5146081770176326,True,123
284.97508,119,273.586254,0.6929542199207295,0.6929542199207295,0.43168136187324313,0.5250912082121808,True,119
279.843072,120,273.708436,0.6859119519646686,0.6859119519646686,0.4268613335242198,0.5459412229164312,True,120
284.784705,118,273.83012,0.6455175707326121,0.6455175707326121,0.4257205739208215,0.568161448911206,True,118
280.817759,119,273.950895,0.6503314954855145,0.6503314954855145,0.42658404558896923,0.53383865657921,True,119
280.79389,118,274.069592,0.684953147791178,0.684953147791178,0.43154615651350936,0.5555368211513194,True,118
286.718065,120,274.198275,0.6765930238243576,0.6765930238243576,0.4270159485556122,0.5734272365946154,True,120
277.42151,116,274.31825,0.6495520376995573,0.6495520376995573,0.43120478849638105,0.5568070381898185,True,116
291.820699,124,274.446726,0.6720139440786205,0.6720139440786205,0.42952008239111505,0.5614975480884324,True,124
280.736025,118,274.568258,0.6578340007085669,0.6578340007085669,0.42850827902210514,0.5686430272572863,True,118
284.40808,119,274.692159,0.6729490222003559,0.6729490222003559,0.43141531602934435,0.5350132043731796,True,119
279.834979,121,274.819211,0.6871191276563163,0.6871191276563163,0.428737063229456,0.555211480681044,True,121
288.434198,120,274.943329,0.6981818164805311,0.6981818164805311,0.422313164860147,0.5497742319038149,True,120
284.110157,121,275.069813,0.6846429784464864,0.6846429784464864,0.42806439450018374,0.5325256239060285,True,121
286.730725,122,275.19274,0.6943760213176237,0.6943760213176237,0.42139394929208884,0.5651730550704857,True,122
286.671163,123,275.626987,0.7025160258663661,0.7025160258663661,0.42665897717937623,0.5159983046372836,True,123
287.659818,122,275.769513,0.6910188432275488,0.6910188432275488,0.42849642243070224,0.562121349611238,True,122
280.811868,123,275.898847,0.6829857848663026,0.6829857848663026,0.4198328309252447,0.5211816786818046,True,123
286.746185,120,276.02055,0.6761074123038127,0.6761074123038127,0.4234035015935334,0.5383262347380307,True,120
287.06296,120,276.142714,0.6671638746003783,0.6671638746003783,0.4232353412495629,0.5495529807099001,True,120
289.044258,121,276.266024,0.6945032914351779,0.6945032914351779,0.4321458876033324,0.5289812665249025,True,121
288.284028,120,276.38714,0.6843633706958947,0.6843633706958947,0.4225825326685357,0.5436470336494851,True,120
278.707064,118,276.505736,0.6750054537995078,0.6750054537995078,0.42997746092813083,0.5343458639095704,True,118
284.703325,121,276.627634,0.6613725631354259,0.6613725631354259,0.4330973565086911,0.539977729533038,True,121
282.69247,117,276.751472,0.6770515724552952,0.6770515724552952,0.4192613201714353,0.5325683885508053,True,117
281.171974,116,276.87442,0.6871332369473326,0.6871332369473326,0.43233625032510453,0.5384038893687125,True,116
285.54562,121,276.996967,0.6864327552187885,0.6864327552187885,0.43202536644332684,0.5533116016724751,True,121
288.957459,124,277.123869,0.7003316154961193,0.7003316154961193,0.4216547868004444,0.5341724862623316,True,124
290.300922,122,277.243657,0.6905095459831629,0.6905095459831629,0.43440580763713854,0.548664915922866,True,122
292.544547,124,277.368841,0.7181340299424348,0.7181340299424348,0.4214930984088806,0.521737014703293,True,124
277.777549,119,277.488233,0.6825101654144677,0.6825101654144677,0.42551112840420735,0.5374178031228376,True,119
287.671999,120,277.610538,0.6901944528014492,0.6901944528014492,0.42803223324875,0.5400040574558628,True,120
283.006414,119,278.164824,0.6696946424100839,0.6696946424100839,0.42071774431541165,0.5391492003906347,True,119
283.840154,123,278.318126,0.6863059182834044,0.6863059182834044,0.4349162641105318,0.5494341021831443,True,123
285.565755,120,278.43768,0.6961778232593515,0.6961778232593515,0.42192935104051144,0.5327340809082295,True,120
284.525405,122,278.565618,0.6879088719016212,0.6879088719016212,0.42692297763510084,0.5315557742194916,True,122
284.384904,121,278.691506,0.704344250899936,0.704344250899936,0.42324235865314547,0.5403383307336432,True,121
276.810458,118,278.812878,0.6560437419629409,0.6560437419629409,0.4331569651795008,0.5840809748329892,True,118
287.443081,126,278.947826,0.7220492011767652,0.7220492011767652,0.43136474744419195,0.5264757507640208,True,126
278.922701,116,279.067221,0.6591705507229705,0.6591705507229705,0.4221544118801816,0.557712233415356,True,116
284.536226,118,279.191053,0.6710069109398561,0.6710069109398561,0.4358400406405967,0.5736881032366059,True,118
296.687251,123,279.324016,0.7065520881989265,0.7065520881989265,0.4226100621071092,0.5413457184676429,True,123
279.074638,118,279.450118,0.6520070592703232,0.6520070592703232,0.42701960654322635,0.5606630515190832,True,118
286.250217,123,279.57984,0.6983311493010481,0.6983311493010481,0.4274606922982879,0.50811987184029,True,123
290.534875,123,279.708673,0.7073012243663129,0.7073012243663129,0.4227069086624337,0.5203223419949922,True,123
278.838754,119,279.830884,0.6481203090429887,0.6481203090429887,0.4251769221318343,0.533652907548741,True,119
281.889003,118,279.957077,0.6609233343477785,0.6609233343477785,0.42535140792335296,0.5601295055074247,True,118
287.277574,120,280.083847,0.6909598430905333,0.6909598430905333,0.43567987030678856,0.5610667289241883,True,120
284.182089,119,280.213495,0.7021245235452249,0.7021245235452249,0.43084803355435547,0.5178754528127961,True,119
290.748406,122,280.726608,0.6977475670661092,0.6977475670661092,0.4229049664108689,0.5447798952886722,True,122
292.294252,123,280.8924,0.7059641651618785,0.7059641651618785,0.4354534287301087,0.5419775445568659,True,123
292.009007,121,281.017156,0.7132323805371478,0.7132323805371478,0.4338842065927226,0.5139640620315683,True,121
283.996349,119,281.143098,0.6884074365516741,0.6884074365516741,0.42230701599689646,0.4987964036278012,True,119
282.322552,118,281.269042,0.691417043009156,0.691417043009156,0.43475718083897646,0.5325062703612128,True,118
290.548904,121,281.397704,0.7008026364100199,0.7008026364100199,0.4350703038841925,0.5399926891515758,True,121
284.620166,122,281.523008,0.6706867551527915,0.6706867551527915,0.4287231263433261,0.5621190729265749,True,122
287.905312,120,281.650416,0.6536261000336102,0.6536261000336102,0.43549973526594127,0.5739179442695157,True,120
285.748114,119,281.772191,0.6845356969930148,0.6845356969930148,0.4241402008295339,0.5597486123710746,True,119
285.972779,119,281.896766,0.6864178230754451,0.6864178230754451,0.41916464183759544,0.5328565430539578,True,119
288.879943,121,282.021188,0.6934720432596695,0.6934720432596695,0.4257594209799946,0.5460803376835838,True,121
286.122093,121,282.145222,0.6954363945672826,0.6954363945672826,0.4275844072528602,0.5443563355506803,True,121
276.929243,120,282.264058,0.703582438162311,0.703582438162311,0.434181574077431,0.5179860991800327,True,120
287.825195,121,282.386984,0.7044043385057988,0.7044043385057988,0.4219785685526299,0.537660489024219,True,121
284.991689,120,282.506172,0.70326107834686,0.70326107834686,0.43555278744858156,0.5484543815764773,True,120
282.590483,118,282.624584,0.6832337304679662,0.6832337304679662,0.4279277874315785,0.5323414231548718,True,118
289.735984,127,282.751585,0.7142010851121535,0.7142010851121535,0.43020661071915606,0.5038966532042872,True,127
277.884914,119,283.335553,0.6905921634746396,0.6905921634746396,0.41896301416979453,0.5279554851380555,True,119
278.491123,118,283.48399,0.6906750729294862,0.6906750729294862,0.42166676431016875,0.5191792762200022,True,118
292.082733,121,283.604248,0.7063617810788848,0.7063617810788848,0.4269960288530637,0.5441319951627936,True,121
286.925404,119,283.727369,0.6647317673603458,0.6647317673603458,0.43314009448676893,0.5804574677053707,True,119
287.622597,124,283.854736,0.7079829919412525,0.7079829919412525,0.424416428364494,0.5269393727245231,True,124
288.170267,122,283.983504,0.6796888982927086,0.6796888982927086,0.4232362518356446,0.5469729696711921,True,122
286.466313,121,284.110578,0.6854357342792282,0.6854357342792282,0.4282847577252497,0.5461016346695611,True,121
288.129789,120,284.232533,0.6801845299554335,0.6801845299554335,0.4297922675671998,0.5738634990280068,True,120
288.314692,119,284.354928,0.6731154005980188,0.6731154005980188,0.43364469840642433,0.571623663541921,True,119
290.884933,121,284.479149,0.7034648139190529,0.7034648139190529,0.4284869257250099,0.5493743557047449,True,121
285.976844,121,284.601825,0.6875475142595209,0.6875475142595209,0.43515831701046803,0.5480572218003584,True,121
279.599568,121,284.729317,0.6768596831795465,0.6768596831795465,0.4325344111356186,0.5386080591995187,True,121
287.240944,120,284.85181,0.6904229294409912,0.6904229294409912,0.4313354893067862,0.555478395055048,True,120
291.174021,124,284.982958,0.6824395547821366,0.6824395547821366,0.42760066643265965,0.5465985287133707,True,124
281.688233,121,285.105923,0.6663045195260193,0.6663045195260193,0.4302754713331483,0.5350971386985873,True,121
296.766024,122,285.228644,0.7295803243657722,0.7295803243657722,0.42143589643488877,0.5058383647130543,True,122
291.514179,121,285.354065,0.7180410071110054,0.7180410071110054,0.42920438478119133,0.5371775797969572,True,121
283.95571,125,285.804978,0.6847560376988115,0.6847560376988115,0.4193002757620956,0.4938504749318717,True,125
289.813754,123,285.96053,0.7101978863047793,0.7101978863047793,0.42096263517669835,0.5266202286752307,True,123
283.040859,120,286.080546,0.6783797707071075,0.6783797707071075,0.4231515349047466,0.5452694981534636,True,120
289.486623,126,286.209644,0.6821708995553158,0.6821708995553158,0.43508178937228736,0.5363525490344945,True,126
289.162149,124,286.337229,0.710206277584403,0.710206277584403,0.4213656654278504,0.5185733187914585,True,124
291.006158,126,286.468955,0.7355968123279777,0.7355968123279777,0.422583867157617,0.5446262821628259,True,126
286.173401,119,286.593382,0.6999497180884949,0.6999497180884949,0.4255473965627432,0.5342640301656701,True,119
294.017129,122,286.715259,0.6984532710598665,0.6984532710598665,0.42132496239036477,0.5180020498876488,True,122
280.206081,117,286.832618,0.6262115693728594,0.6262115693728594,0.4264826441247117,0.5630833297519009,True,117
288.148221,121,286.958196,0.6894854344047426,0.6894854344047426,0.4291622695116615,0.5345544479778982,True,121
283.664225,120,287.085305,0.6856047348290264,0.6856047348290264,0.4236561558631285,0.5460171062900239,True,120
287.357659,122,287.211593,0.7040734084904714,0.7040734084904714,0.425730154297568,0.5216945907002734,True,122
284.481534,119,287.337831,0.6809343956332817,0.6809343956332817,0.42195729257039,0.5463018181989411,True,119
285.67634,117,287.460405,0.7039803260106762,0.7039803260106762,0.42061254487731176,0.5052563576146154,True,117
289.950296,125,287.591639,0.7057767209199999,0.7057767209199999,0.432208726377638,0.5266632677837,True,125
279.090873,119,287.712666,0.6617125269969024,0.6617125269969024,0.4269559477420445,0.5250629184088179,True,119
287.996401,120,287.839367,0.6994393686289623,0.6994393686289623,0.4243098639204482,0.5594836918171429,True,120
288.693128,121,288.269833,0.7175698290816499,0.7175698290816499,0.42326286224207843,0.5387280260538605,True,121
278.880756,124,288.424424,0.7091309711842535,0.7091309711842535,0.4245156068197388,0.5528458444141509,True,124
278.15802,121,288.544587,0.6541332775511243,0.6541332775511243,0.4218273702047671,0.5491284813324233,True,121
290.235349,122,288.667786,0.6883220131340526,0.6883220131340526,0.4286399387752018,0.5296450014441871,True,122
289.89919,120,288.791126,0.6816515703001735,0.6816515703001735,0.4195029104035424,0.5601942269699387,True,120
280.914422,123,288.92051,0.695674919305389,0.695674919305389,0.43165984776164273,0.5557434166361226,True,123
283.630924,121,289.058455,0.6937376602380553,0.6937376602380553,0.4219371987909734,0.5326588029176776,True,121
288.556027,123,289.180744,0.6820100901997689,0.6820100901997689,0.42978199655272675,0.5510512138892838,True,123
291.300709,121,289.301118,0.6774060040284737,0.6774060040284737,0.43269200714460604,0.5614626094223664,True,121
286.931486,120,289.420463,0.6854547557631752,0.6854547557631752,0.4263386686255327,0.5722165343569424,True,120
290.874286,122,289.542456,0.7026720582801476,0.7026720582801476,0.4295633525376873,0.5225838770641531,True,122
289.56158,122,289.684318,0.7111193937927949,0.7111193937927949,0.42242310962017543,0.5317940393776566,True,122
290.226723,125,289.82036,0.7205369929214321,0.7205369929214321,0.4322035551271349,0.536627560954105,True,125
286.096885,121,289.944979,0.6783449733312971,0.6783449733312971,0.43544967115300415,0.5451417946448666,True,121
282.501016,119,290.064178,0.6786682533604445,0.6786682533604445,0.42744737140676414,0.5382183791872075,True,119
289.143004,122,290.188729,0.7078113101574243,0.7078113101574243,0.4244476106751576,0.5675529087712529,True,122
280.889794,118,290.305752,0.6852341464997025,0.6852341464997025,0.4304108337284871,0.5557027417502093,True,118
287.716044,121,290.822859,0.7053384425696732,0.7053384425696732,0.4234980528202249,0.5280651228676613,True,121
293.203052,123,290.950498,0.698534094668804,0.698534094668804,0.42407064958902974,0.5099320840601521,True,123
273.06069,125,291.081081,0.6968879441543113,0.6968879441543113,0.4204918115112355,0.5107849143660467,True,125
291.173894,123,291.205389,0.7154435886224646,0.7154435886224646,0.43099829976791093,0.5568350459296116,True,123
279.61622,118,291.326947,0.671945784627741,0.671945784627741,0.426257512612051,0.5353263895488929,True,118
286.203271,124,291.455369,0.7175276700119441,0.7175276700119441,0.423687140694234,0.5195551934014541,True,124
286.803346,120,291.576286,0.6973983435401495,0.6973983435401495,0.4337918788424024,0.5757796189245699,True,120
287.97575,125,291.702814,0.7249493159185142,0.7249493159185142,0.4238251207428735,0.5100509869851756,True,125
288.463345,122,291.833673,0.7003338996144739,0.7003338996144739,0.4221649996098835,0.5660447597645193,True,122
288.45921,131,291.971737,0.7279625986421767,0.7279625986421767,0.42608740823555913,0.5219472709407836,True,131
274.077973,122,292.100166,0.6801474789940499,0.6801474789940499,0.43051767719139616,0.536067147059149,True,122
282.54897,125,292.233744,0.7233975859721837,0.7233975859721837,0.42263241150908404,0.5315125653439654,True,125
286.252331,119,292.356737,0.6882768427498381,0.6882768427498381,0.4294779175190705,0.5625544711254545,True,119
284.929551,121,292.484627,0.6968640095997656,0.6968640095997656,0.4246073140176736,0.5600845378719179,True,121
291.10736,121,292.610321,0.6824595285987186,0.6824595285987186,0.4341506620900488,0.5574297668916386,True,121
294.715833,124,292.744601,0.7162355658688864,0.7162355658688864,0.4347349037997167,0.5236479728455933,True,124
297.178826,122,293.437123,0.714557646282008,0.714557646282008,0.4303420819717055,0.5313704683160341,True,122
294.799521,120,293.608077,0.6984002367685603,0.6984002367685603,0.42922930252974895,0.561590260132748,True,120
289.739469,123,293.735591,0.720338355116232,0.720338355116232,0.42480565633712347,0.5376029699472957,True,123
286.199905,124,293.862671,0.7011299860705672,0.7011299860705672,0.4332105661291795,0.5242225329301846,True,124
284.154311,123,293.9907,0.6724835792318337,0.6724835792318337,0.4220469816709349,0.5514148456877723,True,123
282.294209,120,294.114196,0.7033138360729653,0.7033138360729653,0.4315410462454266,0.5515474263399239,True,120
284.611079,118,294.240345,0.6579447969105992,0.6579447969105992,0.42859155467141713,0.5590788003557482,True,118
285.369491,121,294.361034,0.6904756046376327,0.6904756046376327,0.4349411027886629,0.533518491914211,True,121
286.638235,118,294.477439,0.6771489135206681,0.6771489135206681,0.42265417198220573,0.5355352662824435,True,118
281.154788,122,294.60183,0.6855341468030787,0.6855341468030787,0.4338541710446589,0.5404421295349411,True,122
291.06458,119,294.726829,0.7039637889028967,0.7039637889028967,0.42562560765676793,0.5573540571128585,True,119
284.245266,124,294.850695,0.7060625491724184,0.7060625491724184,0.4196360026497494,0.5067003055270557,True,124
284.732055,121,294.971229,0.6976271627400891,0.6976271627400891,0.4290504708465018,0.5386211113716017,True,121
289.806082,122,295.094819,0.6960067032982574,0.6960067032982574,0.4246039438818313,0.524742794918954,True,122
286.913653,120,295.216176,0.7013511171395852,0.7013511171395852,0.4254519804062472,0.543077392541285,True,120
295.910357,124,295.343692,0.710999778355703,0.710999778355703,0.4297528555580038,0.5454439907164087,True,124
288.744236,123,295.467411,0.7287158429190771,0.7287158429190771,0.4251110858067628,0.5289055265844841,True,123
295.989684,122,295.90207,0.730277580202138,0.730277580202138,0.4240305428458265,0.5423236306619262,True,122
287.176202,124,296.068208,0.686793651338321,0.686793651338321,0.4273601640153913,0.5396858756517289,True,124
287.098495,121,296.191231,0.6685768899735132,0.6685768899735132,0.43514683953305977,0.5559323205409614,True,121
282.438824,122,296.314861,0.6900859301515876,0.6900859301515876,0.43102348157678966,0.5432368544545737,True,122
291.939725,127,296.44573,0.7267170231775759,0.7267170231775759,0.43182747305381286,0.5271008291586294,True,127
291.102128,124,296.570367,0.7124485551914093,0.7124485551914093,0.42667574726055024,0.5363198335926641,True,124
284.517484,121,296.690575,0.6844436903830521,0.6844436903830521,0.42226229170935214,0.5390362027615441,True,121
294.905479,126,296.818388,0.724377989477146,0.724377989477146,0.42047134305111145,0.5216824785700024,True,126
290.250339,123,296.943523,0.7012856689603294,0.7012856689603294,0.4303781159076105,0.5435586695159893,True,123
285.226716,119,297.066566,0.6751983371027666,0.6751983371027666,0.4236420677469587,0.5265939308329197,True,119
282.243729,124,297.195579,0.7102262113735518,0.7102262113735518,0.42358078467133997,0.5409514639734162,True,124
286.572112,127,297.334373,0.7160124435106359,0.7160124435106359,0.4219543153069491,0.48683518152192673,True,127
284.402199,117,297.454036,0.6743069575743106,0.6743069575743106,0.4245470283418811,0.5387403942992641,True,117
288.46468,121,297.576773,0.6984695806182204,0.6984695806182204,0.4297206533047514,0.5635651893957396,True,121
288.031857,121,297.698713,0.7203590597329674,0.7203590597329674,0.4301045334758603,0.5491990261428764,True,121
293.934822,125,297.825696,0.7005155224686708,0.7005155224686708,0.42110460889222195,0.5141056111620356,True,125
281.847146,116,297.948341,0.6910188981495478,0.6910188981495478,0.4338041804120562,0.5410473328537531,True,116
289.347404,121,298.559408,0.7153357061594441,0.7153357061594441,0.42627311849329397,0.5371523342060266,True,121
290.219094,122,298.714952,0.7048437432731921,0.7048437432731921,0.4186196508221032,0.5369313558320795,True,122
292.226474,123,298.839873,0.7131727998733451,0.7131727998733451,0.42029425445314256,0.5405054945027434,True,123
288.575627,122,298.966535,0.6875416186344838,0.6875416186344838,0.43511988601682444,0.5803234106657599,True,122
288.114412,121,299.091443,0.7090901402782952,0.7090901402782952,0.42934304801414547,0.5364147430427364,True,121
283.344477,121,299.216505,0.6868278444308205,0.6868278444308205,0.4257755698014821,0.5368470657493799,True,121
288.437569,121,299.343783,0.6862848475520019,0.6862848475520019,0.4345897872553142,0.5450452863384238,True,121
288.897061,123,299.471675,0.7343822990108368,0.7343822990108368,0.42179689447730895,0.5103999511317301,True,123
285.910111,118,299.593236,0.6788802489449254,0.6788802489449254,0.4272784792070049,0.5467143625181132,True,118
285.856168,120,299.715865,0.6922625291251527,0.6922625291251527,0.43467436749888305,0.5249707870165227,True,120
286.217605,119,299.83808,0.7059322325529085,0.7059322325529085,0.42697544734369586,0.5566180651437893,True,119
287.069636,118,299.958442,0.6633806933113099,0.6633806933113099,0.42941269819768946,0.5608120112017522,True,118
295.364847,123,300.089397,0.7002202964187435,0.7002202964187435,0.43205275909869467,0.545455137460328,True,123
295.139968,121,300.215476,0.6829349315163585,0.6829349315163585,0.4347643078549257,0.5706428227553269,True,121
286.156525,121,300.339462,0.6954133195174871,0.6954133195174871,0.43227630807539136,0.5413566278133392,True,121
293.479554,123,300.463892,0.7148137067225057,0.7148137067225057,0.428829928137015,0.5447702756240416,True,123
288.193433,123,300.590634,0.7099275230614286,0.7099275230614286,0.4313557726776274,0.5342333304627016,True,123
284.16908,121,301.188268,0.6946216393108479,0.6946216393108479,0.4288786107236363,0.5613648588107992,True,121
291.738323,122,301.328106,0.7171897037822443,0.7171897037822443,0.42329543539729,0.5331159461875752,True,122
299.130356,123,301.45235,0.7140906492490174,0.7140906492490174,0.42106334652519367,0.5488837840877713,True,123
298.571673,121,301.572158,0.6978924933110509,0.6978924933110509,0.43410460597050937,0.5739263222660406,True,121
281.155652,120,301.694056,0.6778757564325588,0.6778757564325588,0.4336829549022048,0.5429640653666687,True,120
290.640619,125,301.819704,0.7257755905075675,0.7257755905075675,0.4268326042244598,0.5370907976335311,True,125
295.667457,128,301.950194,0.7461658707543347,0.7461658707543347,0.42253721644375325,0.49976647898093035,True,128
288.842461,121,302.071915,0.6900986941888377,0.6900986941888377,0.4350162142334364,0.5629702046400932,True,121
291.188573,121,302.192425,0.704544699111863,0.704544699111863,0.43260145194370614,0.5478977336069804,True,121
290.614178,120,302.312369,0.6994834871334309,0.6994834871334309,0.4242979837333727,0.5386127372128917,True,120
292.741491,124,302.437237,0.705998032006549,0.705998032006549,0.43131250816901956,0.5482291464052803,True,124
293.377563,122,302.558103,0.7212878346347528,0.7212878346347528,0.42993329673504727,0.5333395261546723,True,122
295.472897,123,302.682313,0.699565135278823,0.699565135278823,0.4311632139541238,0.540231222770454,True,123
294.027943,120,302.802525,0.7191790168693533,0.7191790168693533,0.42004140567768466,0.5476674522116508,True,120
290.671075,120,302.922542,0.7000966241374316,0.7000966241374316,0.4315160749489599,0.5482806734567297,True,120
290.306739,121,303.043219,0.7038917587524237,0.7038917587524237,0.4358266912721498,0.5530753955117738,True,121
284.057059,120,303.163827,0.7115308290738603,0.7115308290738603,0.4274475443786395,0.5405901174746118,True,120
291.139409,123,303.617131,0.6985037501545643,0.6985037501545643,0.4292329982347087,0.559429400324519,True,123
295.597959,123,303.75167,0.6885640506078907,0.6885640506078907,0.4285896371041902,0.5603975086586779,True,123
289.076278,121,303.87439,0.7190316815315204,0.7190316815315204,0.4240220462727595,0.5403455931985732,True,121
288.324976,120,303.999647,0.7187952044749265,0.7187952044749265,0.42540821098486814,0.5404434624901371,True,120
294.715007,123,304.129144,0.7157902987240427,0.7157902987240427,0.4351530791610121,0.5607341649613589,True,123
293.743009,126,304.257038,0.7040306488443313,0.7040306488443313,0.4226513745067678,0.5088097370414196,True,126
289.360535,123,304.385487,0.6890705285216657,0.6890705285216657,0.4251404806526461,0.5362424952720803,True,123
292.121674,123,304.512505,0.7179322697646491,0.7179322697646491,0.42803148833738,0.5409439330924031,True,123
293.088632,121,304.636812,0.6713121266293028,0.6713121266293028,0.42281332454810594,0.5546835145146463,True,121
290.024883,122,304.761125,0.7063363878607002,0.7063363878607002,0.4211265420725109,0.5427605908792089,True,122
287.92491,120,304.887133,0.6791875048514404,0.6791875048514404,0.4208115674680563,0.5240145738339018,True,120
292.594747,126,305.019776,0.7183758694508819,0.7183758694508819,0.428267254625876,0.5241735508263997,True,126
282.994211,119,305.145034,0.711798153396125,0.711798153396125,0.4261702146829259,0.5238172996447795,True,119
293.739698,121,305.2685,0.7090172928806016,0.7090172928806016,0.43457261208285053,0.5768179663866563,True,121
288.46908,122,305.393966,0.6893475384393566,0.6893475384393566,0.43402179777499145,0.5751235003739815,True,122
289.45644,122,305.522378,0.6744451309718267,0.6744451309718267,0.43252351782595805,0.5381128880381124,True,122
290.985464,121,305.961166,0.7110144972430298,0.7110144972430298,0.434959788386395,0.5566322570034733,True,121
294.644311,122,306.137637,0.706348534771435,0.706348534771435,0.427455453694987,0.5630555513082943,True,122
290.574723,119,306.254839,0.7127760059881387,0.7127760059881387,0.4228568849970457,0.5386130581445784,True,119
287.074577,120,306.375935,0.6917742652068647,0.6917742652068647,0.42405840043888055,0.5238072264919187,True,120
288.507098,121,306.49995,0.702035982058576,0.702035982058576,0.42682759088442235,0.5408046837135985,True,121
283.884846,124,306.624584,0.7029759772556665,0.7029759772556665,0.43446825445194837,0.5569229564691573,True,124
294.055658,125,306.754098,0.7313111267765682,0.7313111267765682,0.4326737260893872,0.5267959739433377,True,125
297.716161,128,306.883886,0.7512911851911038,0.7512911851911038,0.42302901669523013,0.48723940435855906,True,128
286.329506,120,307.004106,0.6933059309943058,0.6933059309943058,0.4190463494831223,0.5595982703104382,True,120
292.981631,123,307.129814,0.7067911514411266,0.7067911514411266,0.43308950509984706,0.5418928194749069,True,123
290.192409,121,307.251639,0.7261390031637344,0.7261390031637344,0.4187159865555626,0.5187129643104547,True,121
294.623825,126,307.380172,0.7243910886078725,0.7243910886078725,0.4243384659996869,0.5132480126315488,True,126
290.672247,122,307.503758,0.7084968895674226,0.7084968895674226,0.42700752805143705,0.5399932460233888,True,122
287.007607,125,307.628967,0.7282588944013239,0.7282588944013239,0.4286824779420339,0.519497671022516,True,125
295.534076,121,307.75429,0.7003630796178476,0.7003630796178476,0.43437736356596124,0.5749601140868658,True,121
292.404653,121,307.875041,0.7043295432023966,0.7043295432023966,0.428079486323742,0.5333579623615723,True,121
292.234042,120,307.996336,0.69239381385419,0.69239381385419,0.4352967586811373,0.5600304129841308,True,120
296.192808,122,308.633145,0.7131356734351054,0.7131356734351054,0.42031524436422346,0.5451446581792967,True,122
284.967223,123,308.780517,0.7049916361585167,0.7049916361585167,0.42639467512868884,0.5095684343400182,True,123
296.617124,122,308.901058,0.7336537293829225,0.7336537293829225,0.4230800482042658,0.5368692305464575,True,122
288.956207,121,309.023608,0.683423025873145,0.683423025873145,0.4287631283327618,0.5542883017869077,True,121
279.380733,123,309.150295,0.6982418834855195,0.6982418834855195,0.43540734535260917,0.5754427596543558,True,123
291.277135,120,309.272062,0.7133064392330735,0.7133064392330735,0.43401902315902935,0.5412645273700551,True,120
283.824903,125,309.396687,0.7323237499528173,0.7323237499528173,0.42757725205118413,0.4975895618765201,True,125
292.670927,120,309.517051,0.7205194195016853,0.7205194195016853,0.41843703846615227,0.5283977495420288,True,120
285.234645,124,309.640196,0.6880975247710482,0.6880975247710482,0.42023635718101643,0.534064252602002,True,124
296.570003,122,309.760837,0.7161893004564222,0.7161893004564222,0.4250647269625245,0.5682130400414233,True,122
294.184061,124,309.885294,0.7160074214735052,0.7160074214735052,0.4208414359573944,0.5410733720972671,True,124
294.695807,124,310.011936,0.727807878953542,0.727807878953542,0.42465508842436933,0.5444799431974002,True,124
293.121141,123,310.138962,0.7236451438105097,0.7236451438105097,0.4250809300874953,0.5625159604192179,True,123
293.119671,124,310.265747,0.734304232281305,0.734304232281305,0.4200462877554718,0.5351858152122864,True,124
288.703796,118,310.385914,0.6961444182939464,0.6961444182939464,0.4293083513932128,0.5770182882808566,True,118
291.37273,120,310.51021,0.6985902678589495,0.6985902678589495,0.4351007851966442,0.5371830356891623,True,120
286.601899,121,310.630829,0.690942015890127,0.690942015890127,0.4358110725395857,0.5473777879462836,True,121
286.308782,119,311.227534,0.6906780772084788,0.6906780772084788,0.43569865090217624,0.5533153606315625,True,119
278.17247,116,311.360977,0.7034836855331875,0.7034836855331875,0.424657336645102,0.5394954361574882,True,116
294.549115,126,311.491298,0.7258691283374111,0.7258691283374111,0.42550888722522195,0.5119331721619127,True,126
295.33914,122,311.617859,0.7088533445836492,0.7088533445836492,0.42583096264386044,0.5502260421697498,True,122
291.438645,122,311.740071,0.6983077875266865,0.6983077875266865,0.4286408958039432,0.5418679980404427,True,122
289.463791,120,311.859836,0.7033323103567567,0.7033323103567567,0.43333910438451206,0.5744838237988918,True,120
287.996997,121,311.984588,0.7093580501262182,0.7093580501262182,0.4213257603654195,0.5213880100125594,True,121
294.075691,120,312.107384,0.7150013197906652,0.7150013197906652,0.42147988966885536,0.5356374547467272,True,120
298.674927,125,312.235767,0.7240757485662687,0.7240757485662687,0.42470474509121203,0.5430209017563776,True,125
290.573354,122,312.359992,0.7185846636867544,0.7185846636867544,0.4231322170733119,0.5552118134086355,True,122
285.359697,118,312.480824,0.6777843533182417,0.6777843533182417,0.43351811137238633,0.5494371979086086,True,118
290.626584,123,312.605109,0.726519531378629,0.726519531378629,0.4203679073381563,0.5263379137753771,True,123
294.528744,122,312.727761,0.7006885008309238,0.7006885008309238,0.4302929551166441,0.533294593176817,True,122
291.790072,121,312.852227,0.7013413547737232,0.7013413547737232,0.4231002719468924,0.562191141518551,True,121
297.645369,124,312.97792,0.7185497010176627,0.7185497010176627,0.4241402997309708,0.5349851732761733,True,124
291.073119,122,313.104783,0.7001232375446682,0.7001232375446682,0.43194174562423093,0.5315534365975491,True,122
300.846394,128,313.233376,0.7296332335660386,0.7296332335660386,0.4260544694319926,0.5167677505297483,True,128
288.690783,124,313.84021,0.7189589213587206,0.7189589213587206,0.422085172238835,0.548877752933887,True,124
284.931009,121,313.982388,0.6819446784753953,0.6819446784753953,0.43442266988574507,0.5479406540903332,True,121
300.886454,126,314.112725,0.718474447859066,0.718474447859066,0.4350077227695062,0.5333171104948237,True,126
287.258005,124,314.240097,0.7211177695855767,0.7211177695855767,0.42780405647671327,0.5452373840299394,True,124
295.551491,130,314.372558,0.7368192352351334,0.7368192352351334,0.43557896575413235,0.5121031969547969,True,130
295.187166,124,314.501156,0.7248062432307095,0.7248062432307095,0.430004198732542,0.5247397045281291,True,124
297.392178,125,314.63275,0.723669547980349,0.723669547980349,0.4303699575244242,0.5338920438787479,True,125
301.577573,127,314.761765,0.7371464493092384,0.7371464493092384,0.43170784589119265,0.5676615545072795,True,127
294.819762,124,314.88527,0.7287224921392225,0.7287224921392225,0.4270037777095432,0.5035402766681728,True,124
296.40358,125,315.009595,0.7279223476867903,0.7279223476867903,0.4243965402886246,0.5605144377709174,True,125
292.835244,118,315.13009,0.7112810388403263,0.7112810388403263,0.4276546870480263,0.5454674355447771,True,118
291.155099,124,315.254845,0.716724333462747,0.716724333462747,0.4221170476693855,0.5175468615064461,True,124
298.088486,127,315.381194,0.732952815690311,0.732952815690311,0.4236086890592801,0.5083946240456035,True,127
303.155737,123,315.502502,0.7085293148919007,0.7085293148919007,0.4281926916721113,0.5274796871027453,True,123
294.297742,121,315.623982,0.7210489893210539,0.7210489893210539,0.42291946323976043,0.5213098438146394,True,121
292.886117,127,315.754349,0.7311111166267522,0.7311111166267522,0.4324998367110431,0.5281940990387793,True,127
293.962808,121,316.281225,0.7103965533830371,0.7103965533830371,0.435900859818341,0.5707386962439359,True,121
288.768211,125,316.455434,0.7048419659208273,0.7048419659208273,0.41882550256671586,0.5001134381782661,True,125
292.897249,129,316.585589,0.7373736451802386,0.7373736451802386,0.435537943740589,0.5209351641358813,True,129
295.819871,123,316.714807,0.728212204323412,0.728212204323412,0.4230405031340445,0.5262348551511203,True,123
296.149427,125,316.845766,0.7326423400562273,0.7326423400562273,0.4239465970029346,0.5153365625354697,True,125
295.183562,125,316.980265,0.7180451623219564,0.7180451623219564,0.4265934735908657,0.5290499906809097,True,125
295.614596,121,317.106235,0.7090737064503181,0.7090737064503181,0.42717712130912394,0.5332464484410999,True,121
290.123661,120,317.227433,0.6954011913748168,0.6954011913748168,0.4275812894497558,0.5818175594651444,True,120
294.007215,121,317.352886,0.7099295099896047,0.7099295099896047,0.4291956624986221,0.532154470420739,True,121
295.272386,125,317.478971,0.7364873839664593,0.7364873839664593,0.42646070794963836,0.5265047074921735,True,125
301.496759,123,317.605136,0.7168751532651152,0.7168751532651152,0.4338133240482628,0.5549578465724161,True,123
296.117998,124,317.730435,0.7160953915954423,0.7160953915954423,0.4320202119265441,0.539350808918176,True,124
295.480352,121,317.857319,0.7181156731776582,0.7181156731776582,0.4345824947657226,0.5513686032098117,True,121
301.14168,124,317.982075,0.7298726946410551,0.7298726946410551,0.43221440510132625,0.5332411917074069,True,124
284.503717,127,318.110065,0.7246800442354696,0.7246800442354696,0.42756954097438993,0.5374107827398743,True,127
287.612117,123,318.237632,0.7265956709242267,0.7265956709242267,0.41944303148961354,0.5485360869558391,True,123
294.36354,122,318.358289,0.7278273418159182,0.7278273418159182,0.42816835077953463,0.5357062871637788,True,122
280.741569,120,318.984483,0.7141311815517858,0.7141311815517858,0.43295439671710084,0.5759183907400929,True,120
297.341397,121,319.118666,0.7267384254808092,0.7267384254808092,0.4217796217744764,0.5392647293939575,True,121
289.894982,126,319.25139,0.7293135833489043,0.7293135833489043,0.43431482066013394,0.5304375287067481,True,126
296.642481,127,319.379905,0.735601627671028,0.735601627671028,0.4184535338714903,0.5151248128844041,True,127
301.895042,123,319.506369,0.7406787709478733,0.7406787709478733,0.42714374246296943,0.5301572171003868,True,123
296.637192,124,319.633195,0.7219772903373778,0.7219772903373778,0.42540075412682865,0.5457034728931454,True,124
294.759767,123,319.760432,0.7144000715820201,0.7144000715820201,0.43257281894668265,0.5311232672449496,True,123
288.337389,120,319.883121,0.7116828519158719,0.7116828519158719,0.4352293695205698,0.5664685710833455,True,120
296.786127,124,320.011955,0.7176315044625647,0.7176315044625647,0.4279326404301062,0.5380544309552858,True,124
295.861675,123,320.14076,0.7242703220496299,0.7242703220496299,0.4331443182181942,0.5440859504252074,True,123
293.409104,124,320.266307,0.7356714722532044,0.7356714722532044,0.4248402334676377,0.5257905820995642,True,124
294.295448,124,320.391206,0.7274560200458,0.7274560200458,0.42412875217360974,0.5633979627827361,True,124
292.314143,125,320.522916,0.7091205395437755,0.7091205395437755,0.429460590212923,0.5484122986028382,True,125
297.524299,124,320.647735,0.729649824736316,0.729649824736316,0.422319732555279,0.5214298762821896,True,124
297.71237,128,320.781432,0.7459528607142926,0.7459528607142926,0.4229884810618579,0.5109948755776264,True,128
294.996819,125,320.909194,0.735138922675348,0.735138922675348,0.4282090683938158,0.5319213870000015,True,125
283.038778,122,321.405815,0.7252652019509727,0.7252652019509727,0.4209036727318234,0.5266167991326223,True,122
295.782695,124,321.56403,0.7312926849926393,0.7312926849926393,0.42742897579609507,0.533977804510342,True,124
292.538298,122,321.685538,0.6937483194057622,0.6937483194057622,0.42903702411102734,0.5442319971439353,True,122
292.794219,124,321.808179,0.6932684231719084,0.6932684231719084,0.43312512394039593,0.5367994671565424,True,124
301.139656,124,321.931774,0.7165193143322958,0.7165193143322958,0.4296225966342553,0.5263367553997499,True,124
289.662796,122,322.056085,0.6740903108148574,0.6740903108148574,0.4210007292741354,0.5345250125569349,True,122
291.200559,123,322.179166,0.7090093098719216,0.7090093098719216,0.4285859185557226,0.5256550003729238,True,123
298.317442,123,322.305553,0.7168642136992788,0.7168642136992788,0.4279838562570982,0.5585994354473395,True,123
292.30311,122,322.430068,0.7129556347740549,0.7129556347740549,0.42881460455338655,0.5403815521822571,True,122
298.205413,121,322.551723,0.7229745041317219,0.7229745041317219,0.4326462721410356,0.5355044532603286,True,121
303.688772,124,322.683375,0.7345689466272254,0.7345689466272254,0.42074744816560866,0.5469897969929755,True,124
295.895824,124,322.815774,0.7208194983353453,0.7208194983353453,0.4200335404639443,0.5673612822927139,True,124
296.939858,123,322.94318,0.7217438005829564,0.7217438005829564,0.4232710846534183,0.5429609562261903,True,123
296.948293,125,323.069987,0.7186761954074016,0.7186761954074016,0.421753919463211,0.5512608315851788,True,125
299.044283,120,323.194662,0.7207473256169153,0.7207473256169153,0.43310093138774597,0.5461811234191299,True,120
288.844536,125,323.325303,0.7154250696175805,0.7154250696175805,0.43613539121768363,0.5273916495953178,True,125
300.581013,125,323.454388,0.7320028562285957,0.7320028562285957,0.4340960081750165,0.5594699534532754,True,125
296.802642,125,323.891881,0.7346555009810832,0.7346555009810832,0.42820707309232175,0.5343673165893276,True,125
291.311548,120,324.047861,0.7086329973655325,0.7086329973655325,0.4339820726957865,0.5419591244229942,True,120
296.874022,132,324.181242,0.7587993972705469,0.7587993972705469,0.4192633558683449,0.49979965127297127,True,132
293.222824,121,324.303695,0.7124686888622858,0.7124686888622858,0.4316148265099953,0.5271481018831569,True,121
294.986076,125,324.43657,0.7277129007879173,0.7277129007879173,0.43369304739887166,0.5371344858554434,True,125
295.324352,123,324.562717,0.7188117948302066,0.7188117948302066,0.43352371967024717,0.5557403228474507,True,123
298.49659,124,324.693364,0.7362425100201194,0.7362425100201194,0.4297857048150271,0.5489588478055119,True,124
295.494479,121,324.816903,0.7241869039193096,0.7241869039193096,0.4287961915085496,0.5332516788985441,True,121
296.742267,130,324.949571,0.7364670691986084,0.7364670691986084,0.42383966297753356,0.5108651430366491,True,130
296.792917,127,325.085182,0.736670040178168,0.736670040178168,0.42297936009542436,0.5312365976273284,True,127
300.382112,122,325.212474,0.7059172569063296,0.7059172569063296,0.4298964165865325,0.5334788014749196,True,122
302.32696,126,325.347668,0.7321379200610406,0.7321379200610406,0.4264736509308068,0.5644694991571156,True,126
295.439374,125,325.476012,0.7161349805061549,0.7161349805061549,0.4231537628256052,0.5442704936536236,True,125
293.865091,121,325.602104,0.7114379145996428,0.7114379145996428,0.43613137652465755,0.5313147890773231,True,121
294.247488,121,325.728047,0.712880340686187,0.712880340686187,0.430972497284054,0.5350066788236671,True,121
300.135096,123,325.855663,0.7114708148111752,0.7114708148111752,0.43463314793702673,0.5367150965139108,True,123
293.912418,127,326.362719,0.7160778886515116,0.7160778886515116,0.43227471213213325,0.5180669949741715,True,127
293.852258,122,326.546917,0.7058267707616139,0.7058267707616139,0.43548587797832605,0.5699524844902315,True,122
294.477112,124,326.668751,0.7316078982787925,0.7316078982787925,0.43434285896837627,0.5552896981202423,True,124
291.898784,122,326.793181,0.7231456460479578,0.7231456460479578,0.4343513453670349,0.5236179242039708,True,122
294.222547,122,326.921952,0.6909125723656243,0.6909125723656243,0.4235538969063029,0.557422178514866,True,122
294.781163,123,327.049361,0.7189132326889947,0.7189132326889947,0.4256960641547979,0.5421176437943134,True,123
298.763975,125,327.175942,0.7165902127225249,0.7165902127225249,0.4308532334862159,0.5442575168676583,True,125
295.755976,121,327.296019,0.7139370370107102,0.7139370370107102,0.43014041858853275,0.5590067870770687,True,121
301.100937,126,327.415342,0.7400250566987744,0.7400250566987744,0.42639637040993766,0.5272364039802859,True,126
295.626688,123,327.54136,0.7329650517315756,0.7329650517315756,0.426248507143246,0.5217981666593299,True,123
302.697807,125,327.666489,0.7358763359733792,0.7358763359733792,0.42014874324716905,0.5281150000628969,True,125
288.822265,121,327.787352,0.7162767836713033,0.7162767836713033,0.4203055936761342,0.500882161083795,True,121
280.985505,127,327.914712,0.7325193604640284,0.7325193604640284,0.4270025892089308,0.5369226166157718,True,127
301.082194,125,328.041334,0.7260349832778306,0.7260349832778306,0.43154222487972677,0.5181086764168709,True,125
295.607456,123,328.166342,0.7020401650991728,0.7020401650991728,0.4231415606665679,0.5353340372474475,True,123
297.549933,124,328.292058,0.7301249242493744,0.7301249242493744,0.42613288745888855,0.5521003733974836,True,124
297.907208,125,328.424362,0.7201243327435117,0.7201243327435117,0.42748169771477046,0.5382423892455762,True,125
293.829713,120,328.914572,0.7075386156886523,0.7075386156886523,0.430604042481061,0.5597253772166914,True,120
295.023299,123,329.062479,0.7147528777310784,0.7147528777310784,0.41937444339891644,0.5316259566548832,True,123
293.854021,123,329.187857,0.7278057569324493,0.7278057569324493,0.4270299572037816,0.555476768906339,True,123
297.41113,124,329.317486,0.709533257406588,0.709533257406588,0.433452945664652,0.557185453538634,True,124
297.175292,126,329.44651,0.7392363424612085,0.7392363424612085,0.4278012329260221,0.5066749820473986,True,126
293.840725,125,329.578565,0.7302557607096879,0.7302557607096879,0.4274264919988496,0.5119377172252428,True,125
304.817719,124,329.708227,0.7289045808468501,0.7289045808468501,0.42898197134328553,0.5609001563170708,True,124
299.153076,125,329.837748,0.7225603170111158,0.7225603170111158,0.42932559043963126,0.5243337015514175,True,125
291.269374,119,329.96271,0.6927695765414114,0.6927695765414114,0.42992522318914306,0.524342350137901,True,119
291.51465,128,330.096364,0.7454879004140907,0.7454879004140907,0.4204344866658318,0.5196017896821599,True,128
291.299048,120,330.217391,0.6979581497607196,0.6979581497607196,0.42604374179856563,0.5416548218855375,True,120
293.633064,127,330.34722,0.7402570009191268,0.7402570009191268,0.42018772488034295,0.5160427416845556,True,127
293.744827,125,330.474213,0.7241053699771087,0.7241053699771087,0.4233260796821179,0.5320675266886209,True,125
294.204216,125,330.604056,0.729610282185451,0.729610282185451,0.4249383000476499,0.5479421537265523,True,125
293.480979,123,330.730023,0.7131641020826031,0.7131641020826031,0.4266294921233663,0.5612250879912151,True,123
300.511293,126,330.861102,0.7232501132881134,0.7232501132881134,0.4334118175370251,0.5511790357211904,True,126
300.605442,125,331.468534,0.7288854833044754,0.7288854833044754,0.429818526218091,0.5677957683345353,True,125
301.820125,127,331.650041,0.7359850145584178,0.7359850145584178,0.4224815026453725,0.5091058731302142,True,127
300.526335,123,331.774314,0.7281974572718432,0.7281974572718432,0.4205849010660775,0.5487319489276279,True,123
299.596611,125,331.903166,0.7359430572334855,0.7359430572334855,0.42641665919685445,0.4981428711192364,True,125
294.062589,124,332.031457,0.6800654703992136,0.6800654703992136,0.43459562912466304,0.5734612539029493,True,124
294.667032,123,332.158752,0.7279499517524607,0.7279499517524607,0.42124991350721774,0.5457337792804601,True,123
297.73002,127,332.2887,0.7297720942483364,0.7297720942483364,0.42207172131346693,0.5091068534767232,True,127
293.104,122,332.412308,0.7156608844745654,0.7156608844745654,0.4333877556454653,0.5653673906671394,True,122
294.333983,125,332.541888,0.7272871402506821,0.7272871402506821,0.42550827331295854,0.5284856228129077,True,125
302.746767,127,332.671434,0.7462091515705077,0.7462091515705077,0.4191785096319671,0.5204830968677723,True,127
301.715735,125,332.801651,0.7362429008277095,0.7362429008277095,0.42879021765852343,0.5342303349017968,True,125
302.299318,122,332.928002,0.7298842362022281,0.7298842362022281,0.4284781820200918,0.5466294561431135,True,122
303.473235,125,333.056243,0.722391562266598,0.722391562266598,0.431276954721349,0.5328706414131128,True,125
297.466628,127,333.182932,0.7384303901448325,0.7384303901448325,0.4269739104668246,0.5205806346654891,True,127
301.987788,123,333.308961,0.7268860556593694,0.7268860556593694,0.42815462248727454,0.5366652173911037,True,123
299.871856,124,333.432561,0.725329753723837,0.725329753723837,0.4313105197336847,0.5253210484746801,True,124
300.754292,126,333.562021,0.729334049278278,0.729334049278278,0.41809210179892536,0.5205518347611183,True,126
295.956422,125,333.983358,0.7331666200854996,0.7331666200854996,0.42285738558040653,0.507874398208873,True,125
292.482556,122,334.134927,0.7253330364873972,0.7253330364873972,0.42061558519595005,0.5197887456439603,True,122
293.17528,128,334.263273,0.7354908062614373,0.7354908062614373,0.4241601580222559,0.5391142196615352,True,128
295.390488,123,334.394532,0.7278175225182688,0.7278175225182688,0.42350846287969207,0.5235787479743181,True,123
305.947996,127,334.527859,0.7399491863987011,0.7399491863987011,0.4277131302158177,0.5356976531571663,True,127
291.575332,123,334.658637,0.7195775526066166,0.7195775526066166,0.42399373767654336,0.5150721444065639,True,123
298.506394,122,334.785854,0.7080749315027814,0.7080749315027814,0.4210626000184299,0.5272706568497881,True,122
299.435641,123,334.915465,0.7171236246335315,0.7171236246335315,0.4261820118409519,0.5450005480554878,True,123
296.120564,124,335.047555,0.7234715513625052,0.7234715513625052,0.4265250445255398,0.5449448838147452,True,124
302.475314,124,335.17893,0.7392761765611274,0.7392761765611274,0.42318052721057986,0.5121519039675942,True,124
300.647279,126,335.307281,0.7193877066974331,0.7193877066974331,0.4290558430568604,0.5551587372291217,True,126
294.234988,127,335.442521,0.7351688713370318,0.7351688713370318,0.42489704622669533,0.5345434793583206,True,127
296.793866,124,335.568749,0.7082733060882483,0.7082733060882483,0.4306366454035278,0.5162322857555661,True,124
298.682058,123,335.694268,0.7268882278540539,0.7268882278540539,0.4350601663627484,0.5219626168472973,True,123
298.174004,125,335.824177,0.7306121432485442,0.7306121432485442,0.4243595599507565,0.5494741652269399,True,125
296.451637,123,335.948524,0.7219544339096204,0.7219544339096204,0.42351690375648543,0.5387537671885486,True,123
298.200209,125,336.484565,0.7389975136552381,0.7389975136552381,0.4276870038599129,0.5220088390055981,True,125
309.071557,130,336.681557,0.7387823684749585,0.7387823684749585,0.43191406839375696,0.5500742918831115,True,130
296.044785,124,336.809439,0.7287918008360689,0.7287918008360689,0.42827525763733626,0.5287160592772882,True,124
297.189747,126,336.938941,0.7229567654924278,0.7229567654924278,0.42914811968436994,0.5217878281274184,True,126
296.886904,124,337.070026,0.7300064981972529,0.7300064981972529,0.4207999721589383,0.4996276038109972,True,124
288.487894,126,337.199793,0.7285556660780254,0.7285556660780254,0.43013057499265545,0.5417056217584195,True,126
300.604283,125,337.330836,0.7104656107700603,0.7104656107700603,0.42371998683153844,0.5566213991356952,True,125
302.313163,129,337.467095,0.7299632790760404,0.7299632790760404,0.4279098774644179,0.5307401995107581,True,129
297.901769,121,337.594077,0.7180087639827246,0.7180087639827246,0.4231534867957014,0.5539206678182982,True,121
298.662782,129,337.729596,0.7550602570299553,0.7550602570299553,0.42031634203526314,0.502344214113319,True,129
298.041185,123,337.85692,0.7306160248464474,0.7306160248464474,0.4279349620421807,0.5236668671669884,True,123
298.315818,119,337.979389,0.7026812998070198,0.7026812998070198,0.4351527048662568,0.5575380062204958,True,119
287.9895,128,338.11327,0.7254457639693167,0.7254457639693167,0.4204264445185183,0.49788919103302454,True,128
294.695387,122,338.238303,0.7087390727370946,0.7087390727370946,0.42245157510930126,0.5450216564746778,True,122
302.839121,124,338.364558,0.7214092470533019,0.7214092470533019,0.4292087030338625,0.5397859864989031,True,124
290.19384,123,338.491218,0.7056157393076177,0.7056157393076177,0.4332512120073328,0.5707475757109949,True,123
292.959652,125,338.624174,0.7029383137225798,0.7029383137225798,0.4348640014441186,0.5505689441695262,True,125
294.13455,123,339.030957,0.7245852621503756,0.7245852621503756,0.42676719500789895,0.5192016549711703,True,123
291.555574,123,339.171995,0.7121935545944721,0.7121935545944721,0.4357503406297785,0.549701444614776,True,123
296.104258,123,339.295875,0.7226147543725503,0.7226147543725503,0.4206095656457162,0.5461174068106709,True,123
299.385092,129,339.42764,0.7420939576469109,0.7420939576469109,0.42338206753477353,0.4876246494026701,True,129
298.40156,123,339.55597,0.7259586628777615,0.7259586628777615,0.42029404238096385,0.5187454104673288,True,123
294.964844,119,339.677299,0.707530100171792,0.707530100171792,0.423958895922864,0.5429147458246524,True,119
296.889709,126,339.803926,0.7257934862905892,0.7257934862905892,0.43220587135640853,0.5318876646952417,True,126
300.869764,132,339.939597,0.7446792220442622,0.7446792220442622,0.43096367797943624,0.4758787295951672,True,132
299.558704,126,340.067877,0.71754288084606,0.71754288084606,0.4320517353641938,0.5144341390369075,True,126
295.349393,126,340.198492,0.72969313880765,0.72969313880765,0.4216759910102477,0.5254560564082799,True,126
297.465077,128,340.330438,0.7316096330101163,0.7316096330101163,0.43554246974645466,0.567151649247488,True,128
299.528972,126,340.462743,0.7177294968837201,0.7177294968837201,0.43140487956864326,0.5534638672685909,True,126
303.23756,127,340.595303,0.7400999304315778,0.7400999304315778,0.42471059123571814,0.5578512394839349,True,127
297.052907,121,340.722453,0.7032049480060952,0.7032049480060952,0.43583531734182657,0.5444880123817026,True,121
303.162436,122,340.848437,0.7309774141578427,0.7309774141578427,0.42724110015324496,0.5467600124850619,True,122
300.385839,125,340.973413,0.7303153885202767,0.7303153885202767,0.4293182050011232,0.5323214646581667,True,125
297.649556,124,341.446111,0.7370735550903709,0.7370735550903709,0.4225340314852335,0.5215952242772203,True,124
300.831223,126,341.608009,0.7293513376705609,0.7293513376705609,0.43306159780188946,0.5216473767635482,True,126
300.162749,124,341.73011,0.7195221945632866,0.7195221945632866,0.4287293489235282,0.5405647637714661,True,124
298.809172,131,341.868307,0.7386197201301203,0.7386197201301203,0.42517299627465527,0.5432350720711445,True,131
300.002573,126,341.999569,0.7374328813506411,0.7374328813506411,0.42569180397196693,0.5209779108116765,True,126
297.056371,125,342.129449,0.7346353858158571,0.7346353858158571,0.4294984091531347,0.5260651303703159,True,125
296.62227,122,342.251187,0.7278125226983317,0.7278125226983317,0.4264742759254019,0.5525463857652049,True,122
298.763242,124,342.379611,0.7397431620932495,0.7397431620932495,0.4252144540527398,0.5218204313094588,True,124
300.71812,124,342.509733,0.7284129469686788,0.7284129469686788,0.4355618891954249,0.5362271779557616,True,124
294.374836,130,342.645433,0.7396920184749513,0.7396920184749513,0.41995239721215705,0.5331884724048755,True,130
298.84601,121,342.770074,0.717426199989501,0.717426199989501,0.4257389429018781,0.5496171080990505,True,121
302.972869,125,342.896851,0.738655698716633,0.738655698716633,0.43205843400024585,0.5319917022466828,True,125
303.490207,126,343.027128,0.7419637180046419,0.7419637180046419,0.421621396990885,0.5126800158547021,True,126
295.830622,123,343.154393,0.7073979350270652,0.7073979350270652,0.4239908136344774,0.545235511434882,True,123
300.569108,121,343.278612,0.712505608781151,0.712505608781151,0.4302761272260528,0.5471850674448846,True,121
307.823086,125,343.411638,0.733517592710348,0.733517592710348,0.43387482837616814,0.5672386289637136,True,125
298.277472,128,343.822668,0.7481566960033469,0.7481566960033469,0.4240686082184276,0.47514944801770914,True,128
299.518424,123,344.023229,0.7196186919698662,0.7196186919698662,0.43456650435523453,0.5639193745014219,True,123
298.074683,131,344.165338,0.7582538173509932,0.7582538173509932,0.4234156970072393,0.48818064874014255,True,131
301.283829,125,344.294352,0.7470088009287791,0.7470088009287791,0.41985460505655353,0.5531664906880104,True,125
305.085237,125,344.427714,0.7360479305658212,0.7360479305658212,0.4296123168262281,0.5442485786382746,True,125
300.104635,123,344.554971,0.7156405722666639,0.7156405722666639,0.426231951345016,0.5450487404298471,True,123
298.537603,130,344.688377,0.7310189982325376,0.7310189982325376,0.4301642102296484,0.5035504845273119,True,130
310.784703,127,344.821392,0.7329469348532186,0.7329469348532186,0.43228825253596237,0.5474595281594214,True,127
296.716071,124,344.952492,0.7306877396827108,0.7306877396827108,0.42648088940845436,0.5450128736496302,True,124
301.699258,123,345.081246,0.7252817405916852,0.7252817405916852,0.4322598866777717,0.5360092091471433,True,123
300.863676,125,345.207842,0.7436597342937314,0.7436597342937314,0.42085119826696843,0.5223709573567525,True,125
305.74063,127,345.336051,0.7407372129860185,0.7407372129860185,0.4256316245099706,0.5442212726819431,True,127
289.593537,120,345.458129,0.7125928952153276,0.7125928952153276,0.4281312657756643,0.5545934660889683,True,120
301.348908,129,345.590849,0.7460285794179194,0.7460285794179194,0.42501122480634757,0.5302910005228259,True,129
297.52436,122,345.715391,0.7198855218354437,0.7198855218354437,0.4341685703916323,0.5595983397664148,True,122
295.333843,126,345.843513,0.729241700935242,0.729241700935242,0.4348372043554814,0.5289702103756815,True,126
302.09794,126,345.971245,0.7322536523010963,0.7322536523010963,0.4303779271247285,0.5359950190031819,True,126
303.939786,125,346.600232,0.7452478742010771,0.7452478742010771,0.42445171685686917,0.4847086208833564,True,125
291.028823,123,346.752117,0.7183035564215247,0.7183035564215247,0.43038872277857815,0.5492574132294037,True,123
303.23966,127,346.89281,0.7402644802327741,0.7402644802327741,0.4248682275458027,0.5192451178081767,True,127
301.352846,128,347.022322,0.7477531578214751,0.7477531578214751,0.4188758478973105,0.5026798696260601,True,128
305.455856,124,347.148049,0.7394809083687843,0.7394809083687843,0.42707137624564595,0.5471296115638602,True,124
293.627034,121,347.270625,0.6957363034429862,0.6957363034429862,0.43557980070243946,0.5568997048753377,True,121
297.611091,124,347.407293,0.7365103992372256,0.7365103992372256,0.42267620040755866,0.5394974434757032,True,124
300.35903,126,347.533309,0.7365712661864277,0.7365712661864277,0.42388919188230056,0.505681067320287,True,126
302.743348,126,347.658182,0.7415191064730016,0.7415191064730016,0.42359536106324347,0.507226849646003,True,126
301.201943,123,347.784606,0.739749367670203,0.739749367670203,0.42372602424861694,0.5364491961150555,True,123
292.174349,123,347.903252,0.7238993463925043,0.7238993463925043,0.43433659142785036,0.5769885579895296,True,123
298.005093,126,348.024829,0.7156223498795925,0.7156223498795925,0.42479120497379946,0.5213372317115683,True,126
290.514293,120,348.145804,0.6786843288770665,0.6786843288770665,0.4313670950839451,0.5708403560612593,True,120
297.405161,122,348.26501,0.7200551623715615,0.7200551623715615,0.42777029099198516,0.5722056424208409,True,122
297.95794,124,348.387269,0.7323203009993917,0.7323203009993917,0.42108724747042503,0.5469045615413687,True,124
300.404822,124,348.508215,0.7303610902367627,0.7303610902367627,0.4300216625609335,0.5638108642829388,True,124
293.465739,121,348.886852,0.7062459864019108,0.7062459864019108,0.43161396403249547,0.5622168249315943,True,121
299.424285,122,349.068393,0.7318828816650794,0.7318828816650794,0.42507808819713505,0.5217773867923098,True,122
303.116521,124,349.186701,0.7331398086912578,0.7331398086912578,0.41795672365260117,0.5392292722435562,True,124
307.036959,127,349.30704,0.7383496500566874,0.7383496500566874,0.42585619343352454,0.5477218764303146,True,127
309.334911,126,349.431665,0.7426435840395452,0.7426435840395452,0.4232190414388375,0.5408861843926333,True,126
299.716333,128,349.55585,0.7263438504433131,0.7263438504433131,0.42380480073474835,0.509451467215943,True,128
309.783337,125,349.680483,0.7251731089234582,0.7251731089234582,0.4304220631773444,0.5518105384122822,True,125
307.467475,126,349.808008,0.7335889427510751,0.7335889427510751,0.42428505275166534,0.5290096735349806,True,126
295.929995,125,349.927699,0.7267149478716377,0.7267149478716377,0.42199876521484847,0.5050512677003,True,125
299.127745,129,350.053096,0.7405476384997726,0.7405476384997726,0.42153714052808305,0.4973269099038165,True,129
302.26981,123,350.175129,0.7241980342787787,0.7241980342787787,0.43116966125482387,0.5490713957989611,True,123
292.35097,121,350.292099,0.7112476607261399,0.7112476607261399,0.42236808460401076,0.5547722462247715,True,121
297.949984,122,350.411575,0.7169080638756988,0.7169080638756988,0.4240836319689507,0.5484060021490706,True,122
300.725994,129,350.53634,0.7468604448857439,0.7468604448857439,0.4266231262547147,0.5208201420821389,True,129
306.709675,124,350.655548,0.7294248335383964,0.7294248335383964,0.4338566805018973,0.529407598820165,True,124
301.176462,126,350.781134,0.7437918701131312,0.7437918701131312,0.4231691448733583,0.5516023359965798,True,126
302.742575,123,350.900022,0.7306311929718369,0.7306311929718369,0.42175824661265804,0.5379678078117845,True,123
305.795603,124,351.324497,0.7249536779382233,0.7249536779382233,0.4353966696836707,0.5531929239138575,True,124
295.649854,125,351.457314,0.718968049002205,0.718968049002205,0.42609285349476733,0.5314292575883502,True,125
294.607999,119,351.572644,0.7184001781455585,0.7184001781455585,0.42556423082654304,0.561255740583149,True,119
301.780096,125,351.692703,0.7330244904169071,0.7330244904169071,0.4327733828948348,0.5363650953589698,True,125
293.420278,122,351.810971,0.7134540952758914,0.7134540952758914,0.4323130833281506,0.557780971071241,True,122
292.197396,123,351.929968,0.7187885972189271,0.7187885972189271,0.42060979070123955,0.5347749450912025,True,123
299.712187,126,352.049911,0.7415590259577237,0.7415590259577237,0.42442753225357194,0.5370299854743442,True,126
304.167922,125,352.170667,0.7361729920860997,0.7361729920860997,0.4353770082010134,0.5464112146360753,True,125
308.845895,129,352.294911,0.7415921090793717,0.7415921090793717,0.429580464429899,0.5268502521979792,True,129
295.107737,128,352.419083,0.747508152063419,0.747508152063419,0.42310545409775785,0.5161624453208046,True,128
297.656829,125,352.540158,0.7278113393234895,0.7278113393234895,0.4246874081769553,0.535331212166756,True,125
303.852963,125,352.660269,0.7323972042106058,0.7323972042106058,0.43226345614379746,0.5176038207866225,True,125
305.69481,126,352.783888,0.734450051686945,0.734450051686945,0.4275502421358769,0.5326486931553848,True,126
295.253676,125,352.905391,0.7316128796388341,0.7316128796388341,0.4323248996864742,0.5306224634905837,True,125
306.733642,128,353.031213,0.7433501295453485,0.7433501295453485,0.4201907278633611,0.5454061403737419,True,128
302.186436,123,353.151279,0.7283552904361906,0.7283552904361906,0.42975787268983134,0.5291276064841474,True,123
293.692528,127,353.829797,0.7313457082795763,0.7313457082795763,0.42495021716208187,0.5486524223867092,True,127
296.5593,126,353.981921,0.7481728791945522,0.7481728791945522,0.43260423486781935,0.5016101993163395,True,126
293.766372,124,354.10144,0.7322778027347319,0.7322778027347319,0.42435330463975546,0.5121806706221017,True,124
303.553318,124,354.226366,0.7173169407816541,0.7173169407816541,0.4301289982551308,0.544098427958417,True,124
302.874146,124,354.347189,0.7198295614622653,0.7198295614622653,0.4324383928530816,0.5504282121324252,True,124
298.678585,122,354.465491,0.7340144076013547,0.7340144076013547,0.4210604489542249,0.5480584058927274,True,122
291.46645,122,354.584878,0.7124484483944454,0.7124484483944454,0.42399612727373603,0.5540265658818032,True,122
298.260327,124,354.704935,0.7293681663462928,0.7293681663462928,0.4357008259420992,0.5420363572267833,True,124
298.601756,126,354.82916,0.7350893058250156,0.7350893058250156,0.4340040698151266,0.5493505471101012,True,126
300.472023,126,354.955874,0.7322982123368899,0.7322982123368899,0.4279918782075808,0.5133166045479003,True,126
300.193931,122,355.079978,0.7242637031152188,0.7242637031152188,0.43200512891876264,0.5620328029650278,True,122
303.757706,124,355.209671,0.7301157449072154,0.7301157449072154,0.43505699844820106,0.5382810632846563,True,124
296.269617,128,355.33181,0.747955832985085,0.747955832985085,0.4195373246895595,0.5104658246958531,True,128
295.215291,126,355.457779,0.7366038300230939,0.7366038300230939,0.42940419218120723,0.5190976743327878,True,126
302.620262,124,355.589901,0.7301906871081302,0.7301906871081302,0.4313438929958017,0.5420305903493288,True,124
301.489963,127,355.719859,0.7476779162057742,0.7476779162057742,0.41915791513031064,0.49542881983876735,True,127
300.874841,123,355.840811,0.7320111821595772,0.7320111821595772,0.42471348498621764,0.5492913888031308,True,123
296.954107,126,356.472854,0.7339123935198197,0.7339123935198197,0.4256413388512387,0.5086111708918545,True,126
307.033655,127,356.605469,0.7475042387309639,0.7475042387309639,0.42220986297192903,0.5149637830525978,True,127
295.534197,126,356.733296,0.7349682868621726,0.7349682868621726,0.4247978560294936,0.5428201380434879,True,126
298.330714,122,356.855235,0.7268122526847763,0.7268122526847763,0.42866911279005765,0.5293399429600432,True,122
298.872059,123,356.977053,0.7231705747553608,0.7231705747553608,0.42880742289567997,0.525330880241835,True,123
302.206324,127,357.102772,0.7379357925971639,0.7379357925971639,0.43330872550478333,0.5409573600282821,True,127
295.306124,122,357.219723,0.7208115956179615,0.7208115956179615,0.4277377694354867,0.5160291250645332,True,122
310.619188,126,357.343579,0.7382862907810614,0.7382862907810614,0.4354499085327303,0.5589239676872105,True,126
296.162955,125,357.461322,0.7340324192831359,0.7340324192831359,0.43249462421118995,0.5083065740954915,True,125
295.56243,121,357.584641,0.7339655119918987,0.7339655119918987,0.42204723748564577,0.5453183251537131,True,121
304.501128,126,357.715883,0.7279350871939751,0.7279350871939751,0.43300616070680964,0.5142261974098881,True,126
297.176158,126,357.880081,0.750882352020888,0.750882352020888,0.4240632006218449,0.538434602261537,True,126
298.045411,122,358.012474,0.7305489113065828,0.7305489113065828,0.43045627985895013,0.5522439471213589,True,122
305.814885,126,358.136232,0.7390693226308648,0.7390693226308648,0.421105354002487,0.5141142234339465,True,126
306.87579,123,358.257934,0.7283819888104387,0.7283819888104387,0.43093012040157735,0.5960279032357976,True,123
305.01304,127,358.39449,0.7310346675729721,0.7310346675729721,0.42960309721656587,0.510192642840817,True,127
304.642713,125,358.868616,0.7464377025403133,0.7464377025403133,0.4189078236965391,0.5180018356404413,True,125
302.042323,128,359.03031,0.7517325397231109,0.7517325397231109,0.4254610630725798,0.5429852648399849,True,128
292.430907,122,359.146722,0.7175289211829143,0.7175289211829143,0.43188826168404626,0.550210601038739,True,122
305.820216,126,359.266361,0.744357406969256,0.744357406969256,0.4253398058834219,0.5279596311312375,True,126
307.286447,128,359.391657,0.7371434384575406,0.7371434384575406,0.4232257080497011,0.5044711898975591,True,128
304.867745,128,359.515644,0.7553858770101519,0.7553858770101519,0.422481107542722,0.5224663098018169,True,128
303.569984,124,359.633023,0.7252205938126017,0.7252205938126017,0.4249848353926149,0.5367902990933536,True,124
305.936754,127,359.755378,0.7417116796953883,0.7417116796953883,0.4208398849223619,0.5301794784305377,True,127
306.909578,122,359.870604,0.7174770336383203,0.7174770336383203,0.43416512901697446,0.5506596507256182,True,122
294.63389,130,359.994444,0.755867061249388,0.755867061249388,0.42127732322608563,0.4970333029097652,True,130
303.038074,126,360.120511,0.7382576596848458,0.7382576596848458,0.42380331155675743,0.5317930205048882,True,126
297.303965,121,360.237294,0.7254159247202321,0.7254159247202321,0.42596598987044065,0.5218601849388602,True,121
303.728323,125,360.359925,0.730610640449559,0.730610640449559,0.4318841070843858,0.5401566843496346,True,125
307.74316,123,360.476072,0.7355963566627916,0.7355963566627916,0.42210299585084,0.540232364832298,True,123
305.747326,125,360.597392,0.7445188765813002,0.7445188765813002,0.42145817033574146,0.5042844435381545,True,125
301.463962,126,360.721083,0.735026183988017,0.735026183988017,0.4209134849446967,0.5188272927158818,True,126
296.821854,126,361.211276,0.7183460562689581,0.7183460562689581,0.4292547456214987,0.553455054310603,True,126
301.628509,123,361.389542,0.7203409651351829,0.7203409651351829,0.4336879115254271,0.5504103203452162,True,123
311.32097,127,361.51345,0.7469511133725149,0.7469511133725149,0.42750062095472136,0.5434683403342405,True,127
307.981955,125,361.637244,0.7304258173383534,0.7304258173383534,0.4353044072702939,0.5692941067286189,True,125
307.331498,122,361.768963,0.7225554771931441,0.7225554771931441,0.4258065183079586,0.5477146720904142,True,122
298.409085,126,361.89041,0.7450236177676319,0.7450236177676319,0.42127621838828083,0.5520998156168601,True,126
300.421666,125,362.016765,0.7219362260481469,0.7219362260481469,0.4291351209659363,0.559643614610957,True,125
313.03249,125,362.136415,0.7344057158916476,0.7344057158916476,0.4271296573446231,0.5450542530652362,True,125
302.055943,124,362.263037,0.7338455553511783,0.7338455553511783,0.43220556718362585,0.531561261770388,True,124
302.438377,126,362.388936,0.7430416184153398,0.7430416184153398,0.423443329036143,0.509305784149222,True,126
299.632195,122,362.508206,0.7173769616758527,0.7173769616758527,0.4324964498319123,0.523758272064137,True,122
307.568863,125,362.633202,0.7302711963410511,0.7302711963410511,0.43079771884956214,0.5378888276174097,True,125
303.55102,124,362.755325,0.7203619581501156,0.7203619581501156,0.435914358809786,0.5811128795404126,True,124
304.855479,124,362.88038,0.7235179419205189,0.7235179419205189,0.433148114926151,0.5465564155278098,True,124
311.062814,126,363.000218,0.7422523504498493,0.7422523504498493,0.4269944272267259,0.5189811509843563,True,126
295.190482,123,363.121942,0.7059967273796509,0.7059967273796509,0.4347538078666541,0.5735005090672433,True,123
309.15147,124,363.243391,0.7306253373299347,0.7306253373299347,0.4282521945820642,0.5260221356919339,True,124
308.879229,124,363.858995,0.7292281926690813,0.7292281926690813,0.43007462991935436,0.5354577931489878,True,124
308.999763,130,363.997741,0.7528842164786795,0.7528842164786795,0.4228744360174762,0.518791093023607,True,130
305.589743,121,364.124027,0.7255226799398712,0.7255226799398712,0.43100034911357665,0.5597313453989874,True,121
302.737221,124,364.253295,0.7229587291417656,0.7229587291417656,0.43179437898670403,0.5550221902424765,True,124
304.597133,125,364.381257,0.7304045121650418,0.7304045121650418,0.42659331741566586,0.5260256983119093,True,125
306.857199,127,364.509031,0.7400348387231299,0.7400348387231299,0.43233016889965437,0.5450675026338315,True,127
303.054242,127,364.630311,0.7428296012649711,0.7428296012649711,0.4259103358898099,0.5372316016875153,True,127
295.396749,124,364.751296,0.7362637239541315,0.7362637239541315,0.42242494260515745,0.5231519068612761,True,124
315.076024,125,364.872749,0.7447896493125832,0.7447896493125832,0.42844108991531166,0.5310728107493063,True,125
303.548927,122,364.986495,0.7173900162714677,0.7173900162714677,0.4357558037959079,0.5597604715113615,True,122
301.638789,128,365.111394,0.7408830601635539,0.7408830601635539,0.4310233322188372,0.5218246075471619,True,128
309.928609,129,365.251546,0.7518976368098718,0.7518976368098718,0.42298208920971087,0.4983513236044249,True,129
297.707091,125,365.381314,0.7356404999869118,0.7356404999869118,0.43481258122665783,0.5434489903430822,True,125
303.175461,124,365.510719,0.7436120262753568,0.7436120262753568,0.4190292345687984,0.5165929439018996,True,124
305.919006,125,365.631222,0.7458262708453562,0.7458262708453562,0.42171012838544525,0.5302528799769818,True,125
298.387022,122,365.746099,0.7248805149649206,0.7248805149649206,0.4352211542227244,0.5388063845151317,True,122
306.07258,123,366.275262,0.7251924212908694,0.7251924212908694,0.4321948849935416,0.536141257778181,True,123
298.874758,122,366.433774,0.717608586420851,0.717608586420851,0.4276631743334266,0.5372012724450003,True,122
292.701698,120,366.548349,0.7255709044814453,0.7255709044814453,0.4227337791475902,0.5319546351357333,True,120
306.792559,129,366.685025,0.7442942450089485,0.7442942450089485,0.42448865303406513,0.511027911659331,True,129
302.49084,124,366.81509,0.7371712820901275,0.7371712820901275,0.43322021307932634,0.5463959046125902,True,124
310.17748,126,366.946329,0.7415865818068983,0.7415865818068983,0.4240041779256624,0.5414117577089737,True,126
304.36581,127,367.07263,0.7363430056990395,0.7363430056990395,0.4316206419773903,0.5469595736189056,True,127
306.815043,127,367.200515,0.7375755063427868,0.7375755063427868,0.42859363792223665,0.5461466248554089,True,127
305.902594,130,367.343397,0.747067740944128,0.747067740944128,0.4295442215809186,0.5075245216524213,True,130
306.033846,124,367.473377,0.7328285557790937,0.7328285557790937,0.43327688144232723,0.5619552839527016,True,124
303.807466,124,367.601707,0.7401562185784886,0.7401562185784886,0.42295350489566175,0.5302744100666438,True,124
304.31657,125,367.734837,0.7220265204414066,0.7220265204414066,0.4336533980449797,0.5533322435921748,True,125
307.532633,123,367.864573,0.7353972406760134,0.7353972406760134,0.42987984372187027,0.526580738325459,True,123
303.167083,124,367.995707,0.7422897051457058,0.7422897051457058,0.4299889027699992,0.5345651997209069,True,124
296.448558,129,368.131779,0.7422575658962303,0.7422575658962303,0.42838944385633765,0.521133990277421,True,129
308.407298,127,368.266609,0.7417900180118481,0.7417900180118481,0.42604332830393093,0.5252603544149178,True,127
304.232066,125,368.397821,0.7426693705298508,0.7426693705298508,0.4231686296297641,0.5180220097607051,True,125
308.463486,129,368.970326,0.7481476866579808,0.7481476866579808,0.42732014168523663,0.5261628027249724,True,129
311.275247,126,369.099242,0.7456221301710858,0.7456221301710858,0.41969977626675653,0.5409515753615838,True,126
306.925465,128,369.232326,0.7480825198056653,0.7480825198056653,0.43270829655247744,0.5141922800779706,True,128
310.229256,125,369.358343,0.737030318069006,0.737030318069006,0.43121259274518214,0.555239341356342,True,125
307.313785,124,369.482224,0.7348130754267415,0.7348130754267415,0.43403110708964115,0.547032470193289,True,124
306.571557,126,369.612548,0.747192071839423,0.747192071839423,0.42064064014496233,0.5418134402846033,True,126
306.920267,124,369.742678,0.7217086339168142,0.7217086339168142,0.43016264525841863,0.5574042046482026,True,124
303.463735,131,369.878416,0.749149203142104,0.749149203142104,0.4259473899513241,0.5114038850961685,True,131
302.406592,127,370.013256,0.7325219544762761,0.7325219544762761,0.4293215710677853,0.5080297404736254,True,127
304.687792,123,370.142365,0.7430152492083214,0.7430152492083214,0.42940446555376166,0.5519960049029042,True,123
300.417103,122,370.271868,0.7261543601247086,0.7261543601247086,0.42998839386472004,0.5435637541858845,True,122
304.659896,124,370.3975,0.735256978580515,0.735256978580515,0.4295995671109942,0.522886589754649,True,124
304.793083,125,370.528221,0.744811547335156,0.744811547335156,0.42568662974784505,0.5332052730280772,True,125
304.942672,129,370.666304,0.7453796986403696,0.7453796986403696,0.42408006514869057,0.5452213808867903,True,129
309.159407,124,370.795694,0.7250624773857702,0.7250624773857702,0.4350870283286826,0.5474963307389104,True,124
303.168054,127,370.934052,0.7508592942931966,0.7508592942931966,0.428200573241693,0.5051077317687828,True,127
305.798515,129,371.414102,0.7371575709372513,0.7371575709372513,0.4323903209935252,0.5103513268297599,True,129
303.191936,124,371.559382,0.7205934358330773,0.7205934358330773,0.4255378992339913,0.5379213806025359,True,124
309.189837,125,371.686004,0.7487437419622448,0.7487437419622448,0.42027960309653983,0.49722400452552085,True,125
307.635441,126,371.816281,0.7298679858568414,0.7298679858568414,0.4270510325033111,0.5244078042509132,True,126
307.520566,124,371.939244,0.7276496988101118,0.7276496988101118,0.4253162282362629,0.5318411267758645,True,124
308.66027,125,372.061836,0.7367315361627133,0.7367315361627133,0.4262467330039978,0.5247316494930898,True,125
316.798062,127,372.192128,0.7280010855712781,0.7280010855712781,0.43563227804464144,0.5404732646008125,True,127
307.924831,124,372.328532,0.7402466076923913,0.7402466076923913,0.4240809051443056,0.5423344274478122,True,124
304.679414,128,372.469977,0.7454463709268146,0.7454463709268146,0.42113189943107493,0.5202099213665803,True,128
309.774666,127,372.59056,0.741020042311726,0.741020042311726,0.42393477636920396,0.5357449410090039,True,127
307.553223,123,372.708839,0.7405613619995953,0.7405613619995953,0.4294620354851241,0.5471588973082752,True,123
303.553158,123,372.829592,0.7212682203379654,0.7212682203379654,0.4356296445740526,0.5289495486275827,True,123
304.738072,123,372.950049,0.730930627580912,0.730930627580912,0.4308496388723011,0.5253639916068008,True,123
306.41622,126,373.08107,0.7439192325507862,0.7439192325507862,0.42515813045226636,0.5248017856302624,True,126
304.521692,122,373.209759,0.7323501584782965,0.7323501584782965,0.42718593714715114,0.5336950310606419,True,122
309.709597,125,373.33697,0.7379137369934542,0.7379137369934542,0.4269744667598728,0.4860079045380441,True,125
309.356563,126,373.856136,0.7407274187580226,0.7407274187580226,0.42434058842869377,0.5419781824310214,True,126
298.802127,121,374.020875,0.7200349168639945,0.7200349168639945,0.42342491675784005,0.5372007680279414,True,121
307.33322,126,374.150021,0.7411636177354358,0.7411636177354358,0.4239138400265429,0.5374294938976246,True,126
306.52411,124,374.275243,0.7295246391736417,0.7295246391736417,0.43010196040405396,0.5352275048501483,True,124
300.897633,129,374.409339,0.7488430568072438,0.7488430568072438,0.4193635501167026,0.4764815821817453,True,129
305.025365,126,374.536281,0.7340211378725925,0.7340211378725925,0.4292239366515412,0.544242526779467,True,126
306.716188,125,374.662565,0.7373020818535277,0.7373020818535277,0.42123086282176575,0.5038982360162724,True,125
310.131601,127,374.791902,0.7425872944542244,0.7425872944542244,0.43205677764009004,0.5434238601908311,True,127
306.123395,125,374.919979,0.7331210740683924,0.7331210740683924,0.4217510764807205,0.5306317394938281,True,125
298.731477,127,375.051537,0.7410334623906064,0.7410334623906064,0.435439023994389,0.538781613350571,True,127
309.578184,125,375.181001,0.747277265544556,0.747277265544556,0.4220250929933616,0.5263113789491345,True,125
307.589542,129,375.320459,0.7524777575950211,0.7524777575950211,0.420556276910158,0.5296454561541935,True,129
308.313758,127,375.449345,0.7419899745919647,0.7419899745919647,0.4213074977372071,0.5087678487579026,True,127
309.312873,128,375.583044,0.7406378366601071,0.7406378366601071,0.4215473356467049,0.52562294830308,True,128
306.880755,128,375.708164,0.744870569235485,0.744870569235485,0.41935170187198006,0.5062607604192302,True,128
304.470931,128,375.836769,0.7514713055367945,0.7514713055367945,0.42227816313911437,0.4955638935158294,True,128
317.235825,128,376.375876,0.7457858233139577,0.7457858233139577,0.423397426215621,0.5565981174412407,True,128
306.60828,125,376.547832,0.7334671918778373,0.7334671918778373,0.43197938725399476,0.5151597743154467,True,125
305.355713,125,376.667857,0.7306798541434045,0.7306798541434045,0.4308510301229333,0.5210185323182063,True,125
310.996884,124,376.792016,0.7336997250864004,0.7336997250864004,0.42419258579546454,0.5496362891312043,True,124
306.881157,123,376.924824,0.7350292147458567,0.7350292147458567,0.4274668470649203,0.5073678747536882,True,123
299.644534,122,377.051976,0.7157034908066933,0.7157034908066933,0.43482040059545446,0.5509976597970975,True,122
305.537947,126,377.175531,0.747463269341911,0.747463269341911,0.4199441545197468,0.5117904870942125,True,126
305.837587,127,377.301013,0.7456548244174229,0.7456548244174229,0.4271103347691571,0.5370295057850114,True,127
303.630358,125,377.430734,0.7311831603454195,0.7311831603454195,0.4270611133718433,0.538499636627882,True,125
312.451327,132,377.57058,0.7535091622793563,0.7535091622793563,0.422600429106921,0.5171498788020008,True,132
309.605108,127,377.702474,0.7288457585748932,0.7288457585748932,0.43124560802651835,0.5495867438654997,True,127
311.33562,125,377.835056,0.7361768724039272,0.7361768724039272,0.4292722974073216,0.5274256445960894,True,125
304.282719,129,377.966358,0.7452856037754281,0.7452856037754281,0.4188345124705317,0.5043418176320011,True,129
312.135034,124,378.092901,0.7314509638654343,0.7314509638654343,0.43341732257549126,0.5587390947839953,True,124
306.226003,126,378.223056,0.7502528254030459,0.7502528254030459,0.42604459775380893,0.5251589448028617,True,126
310.015648,126,378.357388,0.7466341766147947,0.7466341766147947,0.42368272211413627,0.5404721429397894,True,126
299.002306,121,378.480669,0.7260791250404229,0.7260791250404229,0.42436791079467057,0.5204143594433239,True,121
308.517844,126,379.057022,0.7462891937744035,0.7462891937744035,0.42753293625890987,0.5499255878406271,True,126
297.955271,132,379.192709,0.7507297521173573,0.7507297521173573,0.4344668924449446,0.5012520978947175,True,132
310.289283,126,379.314107,0.7324948883252271,0.7324948883252271,0.4348069808333182,0.5538278227364848,True,126
303.920077,128,379.441546,0.7442865305434575,0.7442865305434575,0.4303112942555659,0.5393992306215161,True,128
301.166291,121,379.565735,0.7299617285355567,0.7299617285355567,0.43513212264252227,0.5275812842099611,True,121
309.432445,123,379.695642,0.7341120469305442,0.7341120469305442,0.4265332926708878,0.5531020139288264,True,123
296.697983,124,379.824925,0.7275606186882136,0.7275606186882136,0.43374232865708684,0.5509413750965833,True,124
308.081874,125,379.956433,0.7298616384773706,0.7298616384773706,0.4297926692331464,0.522578878199141,True,125
308.313111,126,380.093941,0.7413405907628545,0.7413405907628545,0.42405426900488374,0.5149412946041013,True,126
311.935186,126,380.221902,0.7437663087523725,0.7437663087523725,0.42257066858364656,0.5071347638700018,True,126
310.047554,130,380.352422,0.7553788704354549,0.7553788704354549,0.41956064346609273,0.5135274031722011,True,130
314.416083,126,380.483486,0.7318177110722379,0.7318177110722379,0.4345608024458834,0.5554241917268254,True,126
302.429637,127,380.618845,0.7430610143276345,0.7430610143276345,0.42745626563419403,0.5494660355664884,True,127
309.620371,126,380.746781,0.732754195953632,0.732754195953632,0.42684556758315345,0.49374143191304426,True,126
307.624937,123,380.869735,0.7383848250176579,0.7383848250176579,0.42902004881971717,0.5480481059766413,True,123
314.322569,128,380.993294,0.7387353098036202,0.7387353098036202,0.43216099947115305,0.5446600234799989,True,128
309.489956,124,381.769491,0.730243588557006,0.730243588557006,0.4280337172465287,0.5609022065497193,True,124
308.679105,129,381.918626,0.7413318152235797,0.7413318152235797,0.4207437105176798,0.4994081688515975,True,129
300.055525,127,382.040828,0.7407587534202837,0.7407587534202837,0.4307007570241701,0.5362162456569484,True,127
310.264712,124,382.162604,0.7366668313033223,0.7366668313033223,0.42915374888031144,0.5380551958848638,True,124
310.409011,123,382.28633,0.7267647185609031,0.7267647185609031,0.4336908766314644,0.5326566834081982,True,123
305.342316,121,382.414501,0.7212851312159799,0.7212851312159799,0.4327421039173329,0.5276899032844975,True,121
309.185794,124,382.540452,0.7276753683596123,0.7276753683596123,0.43537373691151215,0.5318486066069924,True,124
315.158997,128,382.670536,0.7409004989036587,0.7409004989036587,0.43441579987824797,0.5504569078976054,True,128
312.4758,126,382.79498,0.7410591751190939,0.7410591751190939,0.43086150644518095,0.5532650496446159,True,126
304.891694,126,382.91507,0.7472389186968376,0.7472389186968376,0.42009345813013216,0.5345620981624337,True,126
307.754031,126,383.0374,0.7382760387416339,0.7382760387416339,0.4286782666097884,0.5361469011686512,True,126
305.017391,125,383.158403,0.7339260233128151,0.7339260233128151,0.4317278342941402,0.5278894236059393,True,125
307.30117,126,383.286163,0.7291437107312048,0.7291437107312048,0.43323853927804346,0.5669254971334858,True,126
311.680854,124,383.412371,0.7371900889345713,0.7371900889345713,0.42342138976733407,0.5192728544208078,True,124
311.32403,125,383.542131,0.7299744971852168,0.7299744971852168,0.4352368841087564,0.5469297273685342,True,125
312.575785,125,383.672558,0.7268647256318057,0.7268647256318057,0.4352038167032378,0.5751913188611878,True,125
312.794331,127,384.360346,0.7447285681817093,0.7447285681817093,0.4289463961333214,0.5250106992489961,True,127
296.59501,123,384.543556,0.733477105717891,0.733477105717891,0.4325848343054405,0.5259370645927659,True,123
296.815327,120,384.666959,0.714353777351857,0.714353777351857,0.428458242755365,0.519484708696432,True,120
307.315047,126,384.794563,0.7512321919502216,0.7512321919502216,0.42035287501274865,0.5014633056149158,True,126
304.21991,128,384.930089,0.7385765742534232,0.7385765742534232,0.4319889407927489,0.543379167543518,True,128
306.039656,121,385.057174,0.7252923860914103,0.7252923860914103,0.4294533722910158,0.538946562464685,True,121
304.96033,123,385.188316,0.7311436765933785,0.7311436765933785,0.43112129440010566,0.5366460741783632,True,123
308.802212,128,385.319498,0.7411164436717136,0.7411164436717136,0.42448853424698746,0.5007646003062612,True,128
305.28875,129,385.45527,0.7390438998383118,0.7390438998383118,0.4278750836156301,0.5113764866332634,True,129
305.207812,122,385.58415,0.7220519061953408,0.7220519061953408,0.42752142149630995,0.5230074419636478,True,122
306.014973,124,385.712739,0.7250506378801034,0.7250506378801034,0.4353577776092297,0.5616910264669446,True,124
315.398122,126,385.849581,0.7285293635441156,0.7285293635441156,0.4330152712331443,0.5385594009230057,True,126
313.239955,127,385.977079,0.7397651174741197,0.7397651174741197,0.4231100543859892,0.5150602707713787,True,127
312.605843,129,386.113673,0.7564526971557989,0.7564526971557989,0.4216523344555602,0.5231280252095165,True,129
300.309518,130,386.246648,0.747545595482559,0.747545595482559,0.4184267342537321,0.49515608292686686,True,130
312.896856,129,386.380911,0.7416130377275058,0.7416130377275058,0.43137207630209645,0.5344623376991974,True,129
314.724912,126,386.511679,0.738516557385224,0.738516557385224,0.4360502358097856,0.49286917656240786,True,126
302.976547,125,387.148935,0.7384994518025021,0.7384994518025021,0.43231949429925287,0.5293801245146751,True,125
302.592828,127,387.30193,0.7419237832296895,0.7419237832296895,0.42676919259843005,0.5181187061501416,True,127
307.956683,124,387.435021,0.7383591203776066,0.7383591203776066,0.42584238527241675,0.5140638594953924,True,124
308.489408,125,387.575561,0.7396689741166005,0.7396689741166005,0.42838751312906026,0.5475106430367666,True,125
304.952947,128,387.709001,0.7369726160948278,0.7369726160948278,0.4273090733973474,0.529742582959349,True,128
304.399517,121,387.833687,0.7214039979384785,0.7214039979384785,0.43435991756234504,0.5393482195661125,True,121
308.229767,125,387.96243,0.737358285060299,0.737358285060299,0.4338146733688786,0.5481412148933487,True,125
308.272563,122,388.091395,0.7386409773160669,0.7386409773160669,0.4261124600003224,0.5360539226163828,True,122
311.959191,125,388.218455,0.7305369441947492,0.7305369441947492,0.43512555680021986,0.5590164511695765,True,125
299.277719,124,388.340353,0.7381625984156216,0.7381625984156216,0.4280447938845696,0.5190633144781889,True,124
303.12557,121,388.463704,0.724851327959302,0.724851327959302,0.4351097529317367,0.5273172137435171,True,121
308.012261,124,388.594836,0.7428336257582725,0.7428336257582725,0.420695114565129,0.5309973728910515,True,124
309.043368,123,388.718725,0.7333739771749076,0.7333739771749076,0.42461935469307194,0.5190126535105719,True,123
308.890319,127,388.848099,0.7416165103710836,0.7416165103710836,0.426681981382102,0.5290606122463303,True,127
309.909129,126,388.976593,0.7341103037240203,0.7341103037240203,0.4353480098591818,0.5553289962741643,True,126
307.155998,124,389.106786,0.7309387029296488,0.7309387029296488,0.4246165635440855,0.5416332798605141,True,124
312.966291,126,389.575783,0.7541654938314275,0.7541654938314275,0.42648962537771484,0.5347390876385323,True,126
304.072142,126,389.721792,0.7447820918886907,0.7447820918886907,0.4257952175687091,0.5233777959841666,True,126
307.88512,128,389.853941,0.7410982387256732,0.7410982387256732,0.42899480240804605,0.5386800643825534,True,128
307.64745,124,389.984082,0.7283337974001053,0.7283337974001053,0.43337209377536606,0.5091824646014286,True,124
306.895396,124,390.109709,0.7474522175463838,0.7474522175463838,0.4234938043938909,0.5310235201831244,True,124
305.873421,124,390.227169,0.7290340749163715,0.7290340749163715,0.43330836234855213,0.5416168222035539,True,124
301.260069,123,390.344878,0.7348086541510767,0.7348086541510767,0.42937137897684924,0.5162041595973422,True,123
308.124724,127,390.471994,0.741373683218845,0.741373683218845,0.4235989082799387,0.5254459923663581,True,127
311.066932,125,390.590975,0.727532718364351,0.727532718364351,0.43188503333328204,0.5210567655862246,True,125
304.339426,122,390.713093,0.7290043112455097,0.7290043112455097,0.43509737370505264,0.552797650480228,True,122
304.475763,124,390.833168,0.7454926587508125,0.7454926587508125,0.4223107516153333,0.5080629273869903,True,124
303.917214,124,390.954583,0.7384897788882464,0.7384897788882464,0.4324032315744427,0.5379776759168622,True,124
313.414678,128,391.077607,0.740242379077164,0.740242379077164,0.428085989263748,0.5367441974548265,True,128
309.100587,128,391.213187,0.7332601295407672,0.7332601295407672,0.43061930727246506,0.5517608675749086,True,128
309.926843,127,391.337649,0.753544480707667,0.753544480707667,0.42025517563378767,0.5077975236674515,True,127
308.869506,123,391.453978,0.7327580705583795,0.7327580705583795,0.4245065928638556,0.5207239167064497,True,123
314.249715,128,391.732856,0.754677966330986,0.754677966330986,0.42054108033806686,0.5160106298950354,True,128
303.287077,123,391.906188,0.7289914291018638,0.7289914291018638,0.428990826500542,0.5387840786324987,True,123
309.575509,123,392.030158,0.7360501158550976,0.7360501158550976,0.425780305219264,0.541287944991183,True,123
305.031188,128,392.159128,0.744400366519039,0.744400366519039,0.431147939365148,0.504948100362327,True,128
304.126312,128,392.29391,0.7368513974632428,0.7368513974632428,0.4299867496299669,0.5117632526160166,True,128
312.386023,129,392.422833,0.7527366438994295,0.7527366438994295,0.4235947978886555,0.4944000000853009,True,129
308.524013,125,392.553691,0.7463241286514849,0.7463241286514849,0.423284283827787,0.48907146415141856,True,125
310.650169,127,392.683758,0.7384194004045526,0.7384194004045526,0.4301184583741997,0.5330625474448266,True,127
313.80646,127,392.806818,0.7497877950812557,0.7497877950812557,0.42805386727120454,0.5086932336462102,True,127
308.963883,127,392.929995,0.735244975200516,0.735244975200516,0.43388591106902685,0.543515819114513,True,127
309.02882,127,393.05976,0.7438386654178998,0.7438386654178998,0.42568172666882137,0.5082180595245311,True,127
296.930645,125,393.178371,0.737801102366075,0.737801102366075,0.4308873780479961,0.5371523476176661,True,125
301.272351,130,393.307051,0.7489490049210711,0.7489490049210711,0.41983047641276844,0.5287418159721583,True,130
303.424761,122,393.424613,0.7287935839951027,0.7287935839951027,0.43004842471183796,0.5249419112795677,True,122
312.369693,123,393.542407,0.7290806336424328,0.7290806336424328,0.4303346260352048,0.5353464509624735,True,123
314.220374,127,393.667794,0.7406431437490308,0.7406431437490308,0.4238626821913696,0.5315387220375056,True,127
309.680078,126,393.786826,0.7357444537908558,0.7357444537908558,0.43258101840206276,0.5296958028949371,True,126
298.449598,124,394.361116,0.7398489670182608,0.7398489670182608,0.42067729332771825,0.5100187151557873,True,124
316.237818,126,394.497587,0.7321523780563876,0.7321523780563876,0.4300058288919156,0.5293613443609266,True,126
307.221176,123,394.622744,0.7297747253722613,0.7297747253722613,0.43120165342089306,0.5299025859793701,True,123
311.913845,129,394.757519,0.751332300441215,0.751332300441215,0.4238884940592358,0.5027139017001424,True,129
313.744511,129,394.889034,0.7490914590663671,0.7490914590663671,0.4203250967684893,0.5021093271102223,True,129
305.149656,122,395.01079,0.7256522708048495,0.7256522708048495,0.43005541467803754,0.5275287516976551,True,122
309.154233,126,395.133139,0.7551386425206714,0.7551386425206714,0.4220433283260116,0.5210498339506683,True,126
306.799356,125,395.263461,0.7354308458422865,0.7354308458422865,0.43316084690040296,0.542633216277461,True,125
304.140188,124,395.395053,0.7332227481405782,0.7332227481405782,0.42877310193861456,0.5405844165103627,True,124
301.298619,122,395.515284,0.7189881580869762,0.7189881580869762,0.42900154663274676,0.5417954506058776,True,122
295.134455,120,395.629699,0.7283667967709386,0.7283667967709386,0.4216902702150424,0.5077982935446708,True,120
300.690244,127,395.753459,0.735776841121189,0.735776841121189,0.4200051478931416,0.5112491042383498,True,127
307.928315,126,395.877999,0.729238883725755,0.729238883725755,0.432854372888367,0.5327136246986159,True,126
307.68081,123,395.996161,0.7296915195167243,0.7296915195167243,0.42135119853421477,0.5180079976268677,True,123
302.316662,123,396.117715,0.7239513043298609,0.7239513043298609,0.4196297853735758,0.5060780246218552,True,123
309.223857,124,396.239255,0.7281406071052929,0.7281406071052929,0.4311942968533578,0.5398720632830851,True,124
314.157614,124,396.719057,0.7384940687500848,0.7384940687500848,0.43467781687617296,0.5552083177512841,True,124
302.356013,126,396.884551,0.7406699473210147,0.7406699473210147,0.4247491871960258,0.5200792086046899,True,126
311.432203,125,397.005704,0.732503368684982,0.732503368684982,0.4274645777815646,0.5301147915316675,True,125
314.265842,125,397.136041,0.738966164570266,0.738966164570266,0.4265568646043281,0.5414300740726344,True,125
312.078887,125,397.267071,0.7427504329251808,0.7427504329251808,0.4291319248514678,0.5174143173125044,True,125
310.200185,122,397.390369,0.7234390505394956,0.7234390505394956,0.4267756933658645,0.5346618631574716,True,122
312.467807,126,397.517725,0.7378080902324451,0.7378080902324451,0.424192103933357,0.5108810216741468,True,126
310.490768,123,397.64031,0.736197376729071,0.736197376729071,0.42674473407213176,0.5208671456140024,True,123
304.153373,129,397.768258,0.739023626340414,0.739023626340414,0.4212447138542418,0.5321343711327987,True,129
311.983108,126,397.897253,0.7387890488075548,0.7387890488075548,0.43447745878236566,0.5180667769510217,True,126
309.899376,127,398.02916,0.7586405332815176,0.7586405332815176,0.4213622418956181,0.49454708965611405,True,127
304.018069,132,398.170865,0.7359803956646725,0.7359803956646725,0.4221508277702178,0.5142927360120474,True,132
308.58476,128,398.303598,0.7376892247199224,0.7376892247199224,0.4287210769666655,0.5583360693283148,True,128
306.819813,123,398.432049,0.726533207101614,0.726533207101614,0.4274442351966445,0.5557123554727607,True,123
310.302608,123,398.561243,0.7242313695034739,0.7242313695034739,0.43240722642092994,0.5257583248671528,True,123
302.870987,120,398.698942,0.7199419193795928,0.7199419193795928,0.4337685960383096,0.5521017230252439,True,120
308.870179,130,399.224552,0.7497259296175234,0.7497259296175234,0.42677015303616533,0.4999132319110249,True,130
296.43127,124,399.411458,0.744833597871912,0.744833597871912,0.42458799600563996,0.5126915349372504,True,124
314.119631,127,399.534502,0.7463128747462111,0.7463128747462111,0.43089937082986884,0.527342564332814,True,127
308.659434,126,399.657155,0.7371483835702135,0.7371483835702135,0.43540799637162325,0.5399312262531891,True,126
311.813815,128,399.790486,0.7292759105506849,0.7292759105506849,0.42987645293788884,0.5264337596798172,True,128
311.917482,122,399.926621,0.723719806288865,0.723719806288865,0.43598139591873025,0.5356900922028557,True,122
306.5883,123,400.055343,0.7359961997709793,0.7359961997709793,0.42775216377933073,0.5393317720338966,True,123
313.063743,126,400.189054,0.7319123439413683,0.7319123439413683,0.43241083766551675,0.5410713146536557,True,126
300.028876,121,400.310263,0.7209598503262478,0.7209598503262478,0.42888647464290713,0.5462535116876729,True,121
312.687951,127,400.432251,0.7291508917049053,0.7291508917049053,0.4245933196995642,0.49678996779931844,True,127
306.809855,122,400.549708,0.7283181513284087,0.7283181513284087,0.4292268143956249,0.5254857537797895,True,122
312.374835,126,400.668926,0.7355478456641363,0.7355478456641363,0.4338773651428026,0.5448959312479726,True,126
298.34604,119,400.788782,0.7200155620831598,0.7200155620831598,0.4269747202436859,0.5473639053135338,True,119
304.757235,129,400.953882,0.7559583478912557,0.7559583478912557,0.41962179406734496,0.5047463919680659,True,129
313.228703,126,401.093433,0.7301806810123944,0.7301806810123944,0.4299833437926898,0.5092630809293209,True,126
313.905647,124,401.229883,0.7358731085392434,0.7358731085392434,0.42648102021949746,0.522189261881854,True,124
314.39449,125,401.359555,0.7330070295990437,0.7330070295990437,0.4339090543377654,0.5485825235337919,True,125
304.365305,126,401.907539,0.7360375390985747,0.7360375390985747,0.42840811491659775,0.5485872198555263,True,126
305.157203,121,402.051465,0.7205081442637675,0.7205081442637675,0.427388308949514,0.5519611911450677,True,121
304.781118,122,402.169782,0.7262185142681531,0.7262185142681531,0.4343189061114637,0.5470872311847599,True,122
313.408866,126,402.298058,0.7256088555149808,0.7256088555149808,0.4359237639325174,0.531806895434691,True,126
309.838918,128,402.425035,0.7436802667200374,0.7436802667200374,0.42491911721237957,0.5166418742288994,True,128
305.82003,120,402.543642,0.7293187294298807,0.7293187294298807,0.42128134658522937,0.5484456175138138,True,120
304.081071,124,402.66607,0.7347653364781395,0.7347653364781395,0.4210804264643105,0.531631176099356,True,124
307.289177,127,402.793113,0.746506833298772,0.746506833298772,0.4204932962887672,0.501344886389623,True,127
307.404962,126,402.918197,0.7433467917431936,0.7433467917431936,0.4323862299936122,0.5243774430332173,True,126
314.208422,128,403.046956,0.7457068598639864,0.7457068598639864,0.4252247882127152,0.5199917524889618,True,128
299.451364,129,403.185254,0.7428717063768918,0.7428717063768918,0.43603205040976195,0.54734492461055,True,129
312.733978,124,403.313967,0.7262928142633485,0.7262928142633485,0.4256410744741294,0.5387264932248217,True,124
312.124946,126,403.443983,0.7490555907286992,0.7490555907286992,0.42098366404895515,0.5295053712683576,True,126
306.75605,121,403.572123,0.725805503523073,0.725805503523073,0.4238676219159032,0.5394358081120321,True,121
313.275595,123,403.699553,0.7367411285575466,0.7367411285575466,0.4272796426431866,0.5451114059739732,True,123
307.392802,128,403.827998,0.7383692397538826,0.7383692397538826,0.4242248703724285,0.5204334651211652,True,128
313.870703,125,404.394119,0.7367020315626543,0.7367020315626543,0.427692613632554,0.498557566834568,True,125
308.720536,124,404.571568,0.7374736921119464,0.7374736921119464,0.41949072485676747,0.5117208598009503,True,124
312.933214,127,404.697724,0.7314862347138971,0.7314862347138971,0.4339378087567992,0.5263280523942557,True,127
302.239242,122,404.825032,0.7329296685754937,0.7329296685754937,0.4259183030771691,0.5172205783861458,True,122
313.030517,128,404.961915,0.7373093924412503,0.7373093924412503,0.4284866583977058,0.5100908969716372,True,128
305.450985,123,405.084714,0.726979818676033,0.726979818676033,0.433754587624423,0.5229192925768069,True,123
319.008826,127,405.21438,0.7499072320040953,0.7499072320040953,0.4302627721794545,0.5026583817453678,True,127
311.66866,128,405.34697,0.7447630973354777,0.7447630973354777,0.4318747531139805,0.544612792893975,True,128
306.643621,124,405.481826,0.7435321916300961,0.7435321916300961,0.4250962297071102,0.5248506210700119,True,124
309.171337,125,405.618253,0.7224668299569431,0.7224668299569431,0.4314951559164882,0.5255995562179987,True,125
316.906479,127,405.752396,0.7466627527108748,0.7466627527108748,0.42428754757924014,0.5487283103441867,True,127
315.288308,127,405.879015,0.7505233025834454,0.7505233025834454,0.42401088626408845,0.49277423405226706,True,127
304.328604,121,405.999447,0.7317300687927176,0.7317300687927176,0.42038921052538125,0.5306280841777155,True,121
310.163041,129,406.123983,0.7499526315791805,0.7499526315791805,0.4234897510697615,0.5282752997818075,True,129
309.549583,127,406.250785,0.742847040829002,0.742847040829002,0.42348649519364345,0.5123143796286816,True,127
309.078517,126,406.382925,0.7333692002283324,0.7333692002283324,0.42881375276265477,0.5082439909166123,True,126
308.948796,125,406.843762,0.7392459026199582,0.7392459026199582,0.421488420691279,0.5250815688002032,True,125
314.144116,127,407.029823,0.7479572760669393,0.7479572760669393,0.41910375563905117,0.5165773654615627,True,127
304.371937,127,407.153657,0.7432891365078089,0.7432891365078089,0.43359511145668345,0.548949362127713,True,127
307.565907,124,407.275467,0.741924437816242,0.741924437816242,0.42710374770384657,0.5527380869765302,True,124
310.453418,123,407.398841,0.7320553383945556,0.7320553383945556,0.4338532806402858,0.5364164371172566,True,123
310.124307,126,407.520378,0.7384725118817042,0.7384725118817042,0.4265757469366807,0.5346829477911538,True,126
309.427067,123,407.641513,0.7448556893214101,0.7448556893214101,0.41897714681229037,0.5274743283361562,True,123
311.243394,123,407.764207,0.7243815021582677,0.7243815021582677,0.4264168614482031,0.553667400144427,True,123
315.168132,126,407.890957,0.7308693201411717,0.7308693201411717,0.4298362044766567,0.5272759940347173,True,126
313.523103,125,408.013772,0.7318864597872411,0.7318864597872411,0.4353874890767073,0.5413001137928963,True,125
308.774734,124,408.135653,0.7433930798387941,0.7433930798387941,0.4282800197912627,0.5107488902783056,True,124
314.915668,123,408.256647,0.7187988920190049,0.7187988920190049,0.4349350766045624,0.559688943839124,True,123
313.512178,129,408.38419,0.7340490949348436,0.7340490949348436,0.4267533028027699,0.5218224873396806,True,129
313.305564,126,408.509807,0.727185261711357,0.727185261711357,0.435045832574631,0.5445891588056087,True,126
314.972849,128,408.637905,0.734821354755678,0.734821354755678,0.42268717840753045,0.5108736262393867,True,128
310.391746,123,408.760942,0.7301899562118054,0.7301899562118054,0.43312101260835056,0.5391667947217171,True,123
311.271923,126,408.885036,0.7303453395135748,0.7303453395135748,0.4359194821700429,0.518373182335563,True,126
314.303366,128,409.281217,0.7466812859342418,0.7466812859342418,0.4291337461445147,0.5522008678660054,True,128
299.426928,122,409.421116,0.7297078479823396,0.7297078479823396,0.435614601711079,0.5382585708587461,True,122
309.85809,127,409.554626,0.7480314026492098,0.7480314026492098,0.43143587370660436,0.5307892666359068,True,127
311.483057,122,409.684394,0.7162087225737661,0.7162087225737661,0.4326463042515122,0.5519316360182218,True,122
313.109598,128,409.818955,0.7528154303224278,0.7528154303224278,0.4275689406704576,0.47670272652687473,True,128
318.049537,128,409.941642,0.7431565653027826,0.7431565653027826,0.4261159749274099,0.5403852910961016,True,128
307.265356,128,410.067712,0.7397110529504074,0.7397110529504074,0.4280279987112622,0.5503032953026157,True,128
306.295248,123,410.189858,0.7370488625367568,0.7370488625367568,0.4217706213458337,0.5066909199514588,True,123
318.693594,129,410.318467,0.7597753474480893,0.7597753474480893,0.4191983455675754,0.5307458608330511,True,129
308.466846,121,410.435482,0.7358642935643304,0.7358642935643304,0.425013119814401,0.539700697907685,True,121
310.590878,124,410.558619,0.7450296358777795,0.7450296358777795,0.4212691293438788,0.4978644540571951,True,124
314.469335,128,410.683351,0.7494741171779109,0.7494741171779109,0.4218559907802857,0.5039755999913342,True,128
307.87869,121,410.801561,0.7349822740604622,0.7349822740604622,0.4289215900439471,0.5504109840398502,True,121
308.091067,128,410.925883,0.740870520041476,0.740870520041476,0.42702119717129505,0.5456426633673087,True,128
310.373055,127,411.046819,0.7452904349017268,0.7452904349017268,0.4235006094074429,0.5182579499563985,True,127
305.803086,128,411.172553,0.7363689400940953,0.7363689400940953,0.4358937065620167,0.5241999315951724,True,128
303.39469,121,411.604863,0.7229322694498344,0.7229322694498344,0.4330089224195998,0.5599473948548553,True,121
310.831055,125,411.766145,0.749715308096594,0.749715308096594,0.4238998341903121,0.5297906301663418,True,125
311.025008,125,411.895105,0.7294384459367208,0.7294384459367208,0.4289081569787372,0.5386177551639604,True,125
307.81314,124,412.021716,0.7374483661466694,0.7374483661466694,0.4303497880392445,0.5587270487804741,True,124
306.966565,124,412.145474,0.7381119126558354,0.7381119126558354,0.42138452200105364,0.5451849687800523,True,124
315.601398,126,412.271495,0.7400988855101486,0.7400988855101486,0.42767332550397624,0.539848053051655,True,126
300.647815,125,412.396036,0.72919772634324,0.72919772634324,0.43067437574692197,0.5413729499455051,True,125
313.304593,125,412.523822,0.72610760527767,0.72610760527767,0.4284534016685892,0.5559340643580711,True,125
307.003338,123,412.639675,0.7380724174165132,0.7380724174165132,0.4215050082416859,0.5280987719837947,True,123
318.332032,128,412.773341,0.7415322459190491,0.7415322459190491,0.425475071687447,0.49097628028236034,True,128
315.239301,124,412.900911,0.7351293155740454,0.7351293155740454,0.42236667244784976,0.5515636043653414,True,124
304.177595,125,413.033806,0.7365566946156696,0.7365566946156696,0.4319744615706984,0.5420011519469929,True,125
314.451107,125,413.168229,0.7326074148177143,0.7326074148177143,0.43396708616246954,0.5529796073160597,True,125
308.946898,129,413.313169,0.7506258865710154,0.7506258865710154,0.41975314620731824,0.4972657401901394,True,129
314.684628,128,413.444722,0.7501014986081336,0.7501014986081336,0.42978731480504434,0.5141289666258,True,128
312.963398,125,413.576397,0.7306933677229259,0.7306933677229259,0.4286898549245252,0.5337667837667827,True,125
319.049141,128,414.195551,0.74930007264543,0.74930007264543,0.4211535279142792,0.5214235328387062,True,128
313.411525,127,414.388391,0.744260458303624,0.744260458303624,0.42780649917563623,0.5354014742003645,True,127
313.840838,125,414.511803,0.7370736242676039,0.7370736242676039,0.42380392858508864,0.5329422910626544,True,125
298.148027,130,414.64833,0.7474675180224322,0.7474675180224322,0.4229956362413045,0.5149097919206336,True,130
318.696666,125,414.779129,0.7343461038784485,0.7343461038784485,0.43211804072442916,0.5372387729551101,True,125
320.608684,126,414.908698,0.7379450525657268,0.7379450525657268,0.4268939540169677,0.5384866084587923,True,126
309.844552,122,415.036824,0.730230142877506,0.730230142877506,0.4234900185917784,0.530754486754006,True,122
299.01831,122,415.164387,0.7367162201805109,0.7367162201805109,0.42143133465110344,0.561302350936895,True,122
307.987349,127,415.296471,0.7299485454171901,0.7299485454171901,0.43463648467906707,0.5273776693154902,True,127
312.411547,126,415.41916,0.7375493443016811,0.7375493443016811,0.4318876074189861,0.55204173802219,True,126
307.783076,125,415.543889,0.7460064936255183,0.7460064936255183,0.4212536099006995,0.5035396417605607,True,125
311.232115,128,415.676556,0.7455224711331785,0.7455224711331785,0.43033987452426864,0.5321021334794095,True,128
311.752991,123,415.80719,0.7369971671114718,0.7369971671114718,0.4247103781571792,0.5136854905981648,True,123
313.772372,125,415.938621,0.7347805589220222,0.7347805589220222,0.429531569442949,0.5194267260413123,True,125
312.293896,124,416.067811,0.7389729906967148,0.7389729906967148,0.4280106452132523,0.5186283798325132,True,124
309.928814,127,416.198993,0.736100553056186,0.736100553056186,0.4348061590514927,0.5687526781036812,True,127
307.279961,128,416.324526,0.7417842283508512,0.7417842283508512,0.4248249507149377,0.498950311586962,True,128
301.575718,127,416.955626,0.7389655730925356,0.7389655730925356,0.43169625458169,0.5419336249751423,True,127
313.456451,126,417.103658,0.7418937275808943,0.7418937275808943,0.42535160350456797,0.5087758014726866,True,126
311.890921,127,417.232291,0.7439071929629683,0.7439071929629683,0.43523658970654033,0.48214105283568787,True,127
312.480248,127,417.366701,0.7372695679242854,0.7372695679242854,0.4297700372579016,0.5271724421648638,True,127
309.963352,127,417.489744,0.7469431954582681,0.7469431954582681,0.42305215705128907,0.5251364699096482,True,127
313.634239,123,417.611578,0.740602856385363,0.740602856385363,0.4273290285256448,0.5484121498618016,True,123
312.726169,124,417.733553,0.7434919351569184,0.7434919351569184,0.42060279941379064,0.5089355768015441,True,124
315.539137,125,417.862392,0.7457288422420332,0.7457288422420332,0.420392334426926,0.5375095448031475,True,125
317.83672,127,418.017785,0.7362138531728559,0.7362138531728559,0.4290839874509497,0.5161731072874961,True,127
313.160518,125,418.161426,0.7148240850996612,0.7148240850996612,0.43458913330356236,0.5643649570872166,True,125
313.374263,124,418.28078,0.7354780897752977,0.7354780897752977,0.42590386145028725,0.5281100588106983,True,124
314.917988,126,418.405232,0.738444380789549,0.738444380789549,0.4265944534653752,0.5300919364621917,True,126
306.192211,124,418.527916,0.7356621017199906,0.7356621017199906,0.42751307598237326,0.5160794907162624,True,124
312.048542,125,418.663963,0.7277736126384153,0.7277736126384153,0.43210713920859134,0.548462318112111,True,125
304.762543,130,418.813055,0.7466819072288757,0.7466819072288757,0.4230838175406126,0.49842268683114566,True,130
308.570362,125,418.942956,0.7244071508700071,0.7244071508700071,0.434809077555905,0.5521078705556216,True,125
316.322548,126,419.380215,0.7325459903035154,0.7325459903035154,0.42912734157841825,0.5414686897393179,True,126
315.558173,126,419.548751,0.7426380285306144,0.7426380285306144,0.42595744430595106,0.5230094857781256,True,126
307.436171,124,419.674074,0.7397968396156418,0.7397968396156418,0.42303567474211534,0.5368436369236717,True,124
308.944184,128,419.806376,0.7416709856545688,0.7416709856545688,0.42328085636641216,0.5187449775037016,True,128
315.389524,126,419.936537,0.7381673950132547,0.7381673950132547,0.4299594799611794,0.5094288913052102,True,126
317.474375,124,420.061992,0.7214894021283161,0.7214894021283161,0.4339532243221724,0.5451174765923662,True,124
313.86069,125,420.182148,0.7287613443913598,0.7287613443913598,0.4305760553581095,0.5257028337357845,True,125
316.666238,125,420.306565,0.730168978407322,0.730168978407322,0.4290893182324792,0.5533258235654421,True,125
314.075474,128,420.432009,0.7514820374944171,0.7514820374944171,0.42925173990945575,0.5254839462701049,True,128
312.803636,124,420.551888,0.721464134677885,0.721464134677885,0.43028058175229555,0.5581199749810553,True,124
307.774193,129,420.676466,0.7311159611336487,0.7311159611336487,0.42939489013068777,0.509382224772017,True,129
315.417334,125,420.797951,0.7269477099785829,0.7269477099785829,0.4327152987005528,0.5509654816814011,True,125
318.80703,126,420.924096,0.7410952112816638,0.7410952112816638,0.42925625098162984,0.5367544031316159,True,126
300.289326,127,421.048493,0.756366639981199,0.756366639981199,0.4232534267451795,0.5474646879409656,True,127
306.820459,129,421.176639,0.7386620263795838,0.7386620263795838,0.4357051477896738,0.5274714634657296,True,129
315.837791,127,421.302956,0.7375052880161617,0.7375052880161617,0.4330520557470581,0.5412075350625363,True,127
318.746103,128,421.79365,0.7569990741715057,0.7569990741715057,0.4188937591157424,0.529095529863064,True,128
304.746447,121,421.965306,0.706267269597691,0.706267269597691,0.4266018487773989,0.5552079110148554,True,121
319.299183,127,422.092366,0.7483865357262806,0.7483865357262806,0.41952951268588906,0.5071320969121472,True,127
315.139298,126,422.226195,0.7267825216698819,0.7267825216698819,0.4354590092943163,0.5215138030949098,True,126
314.792781,123,422.350112,0.7244582496362272,0.7244582496362272,0.43525884154591976,0.516830805954409,True,123
313.451176,123,422.471185,0.7262613261796282,0.7262613261796282,0.4271894785671625,0.570867913800016,True,123
308.257331,123,422.59138,0.7322561934664965,0.7322561934664965,0.4339378793589058,0.5484184235390477,True,123
317.003427,129,422.717612,0.7532776204796228,0.7532776204796228,0.4244410327004384,0.5328243074297148,True,129
310.897879,127,422.846262,0.7444333447210266,0.7444333447210266,0.425059327801023,0.5480466194300816,True,127
314.223485,125,422.966655,0.7394477204921934,0.7394477204921934,0.4256469513482107,0.5350223389602488,True,125
315.747945,127,423.092362,0.7340259517110229,0.7340259517110229,0.4205343431399295,0.531733186680399,True,127
312.733677,126,423.22247,0.7297445947447362,0.7297445947447362,0.430538746784491,0.5386911454448211,True,126
315.651791,124,423.347131,0.7253271692625877,0.7253271692625877,0.43142585554261814,0.5516818735010041,True,124
310.677709,124,423.466944,0.7420756162531944,0.7420756162531944,0.42055962946606984,0.5323461091336016,True,124
304.664155,123,423.59442,0.7280769467635146,0.7280769467635146,0.42859229884455197,0.5489223378530198,True,123
312.341767,121,423.715063,0.7249701753737028,0.7249701753737028,0.4277918820961888,0.5298147102266256,True,121
314.85995,125,423.839583,0.7357856766847852,0.7357856766847852,0.4259721253806322,0.5637642241558181,True,125
315.870024,124,424.258201,0.7476563635818201,0.7476563635818201,0.42038051379607366,0.5140579966165875,True,124
315.681842,125,424.391896,0.7297474538020806,0.7297474538020806,0.42587983638578486,0.5243258442410731,True,125
314.961193,127,424.527573,0.7197262762870528,0.7197262762870528,0.4353329855893474,0.532947947569346,True,127
315.2189,126,424.667141,0.7268781572731753,0.7268781572731753,0.4323315519360609,0.5204167840123142,True,126
302.194559,120,424.804631,0.7148325302381171,0.7148325302381171,0.4294519491062658,0.5553037862768195,True,120
316.432934,127,424.955756,0.7468290964569223,0.7468290964569223,0.43559163741488593,0.5493410364344765,True,127
317.576567,128,425.090553,0.7361371256904115,0.7361371256904115,0.4239689925947498,0.5184097809963932,True,128
319.476916,127,425.21203,0.733670242172418,0.733670242172418,0.43343475473842347,0.5328517369488406,True,127
316.729138,127,425.339185,0.7395934319267424,0.7395934319267424,0.42576093047273145,0.5234560235265866,True,127
302.151989,121,425.457911,0.7232202243078443,0.7232202243078443,0.43535896762256604,0.5467858723211739,True,121
313.110271,123,425.584308,0.7291436036042768,0.7291436036042768,0.42916085699542844,0.5648105748053506,True,123
317.536663,131,425.718238,0.7486465017144263,0.7486465017144263,0.42847714495765077,0.49756601276927237,True,131
317.292194,127,425.845243,0.7565833869469837,0.7565833869469837,0.41942829721401637,0.49291736707796996,True,127
313.719307,130,425.971735,0.7583400900475841,0.7583400900475841,0.4189949378166765,0.49352508536221273,True,130
319.254998,126,426.093047,0.7412690893665317,0.7412690893665317,0.4270155946183514,0.5250903132281861,True,126
317.878233,126,426.217162,0.7244459387760969,0.7244459387760969,0.43310375153376235,0.5350974774264531,True,126
312.275479,125,426.731593,0.7306024110234344,0.7306024110234344,0.42804033134703967,0.5246906864972526,True,125
309.13804,121,426.87266,0.7212886362348073,0.7212886362348073,0.433559624038767,0.5223298674591211,True,121
308.044677,121,426.998259,0.713067143681874,0.713067143681874,0.43377028595442785,0.5383866194725232,True,121
310.493398,127,427.13366,0.7383591746056068,0.7383591746056068,0.42506236340605674,0.5053702222621279,True,127
317.788034,126,427.266863,0.7354919629788403,0.7354919629788403,0.4291168090473718,0.5459296250782375,True,126
312.361665,125,427.401442,0.7321285881331536,0.7321285881331536,0.4210661932851225,0.5130819378793823,True,125
310.489943,122,427.532969,0.727766196901677,0.727766196901677,0.42598818675107186,0.5397190648109993,True,122
320.564832,125,427.665603,0.7415011803708176,0.7415011803708176,0.4252634004978207,0.5504368799187458,True,125
309.333104,122,427.79301,0.723220679275668,0.723220679275668,0.43184963769113927,0.5609388833832218,True,122
310.426684,123,427.924628,0.72985725058955,0.72985725058955,0.43245130636216544,0.5294576317052145,True,123
318.916477,127,428.0522,0.730897481528196,0.730897481528196,0.4340860935490897,0.5445148997745239,True,127
317.051346,126,428.179139,0.7380560903472069,0.7380560903472069,0.4265187483224495,0.5002211402145981,True,126
316.516413,129,428.307033,0.7416300533544472,0.7416300533544472,0.42265030900525946,0.5219083008394221,True,129
306.77439,124,428.434711,0.7218787490320121,0.7218787490320121,0.4208942417320935,0.5485135069357818,True,124
317.090983,126,428.573273,0.7398751400906496,0.7398751400906496,0.43010467258793067,0.5174139984270101,True,126
307.492586,123,428.69909,0.7241012235418491,0.7241012235418491,0.42842076912664223,0.5332122557060964,True,123
316.674366,126,429.151133,0.7312545578388403,0.7312545578388403,0.43349649768565324,0.542856527986343,True,126
312.795503,126,429.33136,0.7297384183607629,0.7297384183607629,0.4242475572165876,0.5617796733281256,True,126
311.942739,123,429.461916,0.7383117330512224,0.7383117330512224,0.42517347040690767,0.5142348115880679,True,123
312.558501,126,429.584482,0.7400348941429368,0.7400348941429368,0.42744877159270206,0.5388341491119004,True,126
312.545009,122,429.701852,0.7370097551931284,0.7370097551931284,0.4226239849399375,0.5454165383320408,True,122
315.930594,123,429.824372,0.7302778981668457,0.7302778981668457,0.4279097859643632,0.5531997223578404,True,123
312.276676,124,429.942837,0.7196942767112784,0.7196942767112784,0.42589930944124016,0.5279189147605582,True,124
314.784312,125,430.064218,0.7267215596056887,0.7267215596056887,0.4310758888239129,0.5385383888878825,True,125
312.604937,126,430.186816,0.7323665225829041,0.7323665225829041,0.42223132497031896,0.5359695512351372,True,126
322.53166,129,430.318691,0.7419991847746644,0.7419991847746644,0.4355819635406659,0.5465090683878902,True,129
308.508621,123,430.450995,0.7370935564097257,0.7370935564097257,0.4257738149167587,0.5081074294213901,True,123
311.427356,123,430.580519,0.7345915290453257,0.7345915290453257,0.4253696136751791,0.5379650007201032,True,123
316.374589,126,430.708219,0.7402252893509441,0.7402252893509441,0.4223350356306083,0.5474192923697692,True,126
307.109563,124,430.8305,0.7267960804248618,0.7267960804248618,0.42009431548056564,0.5605615661429428,True,124
321.108126,128,430.960587,0.744693001210457,0.744693001210457,0.4228741090313782,0.5422019394935859,True,128
310.944899,125,431.084831,0.7241836284819492,0.7241836284819492,0.42827061856214954,0.5439565922605413,True,125
313.821382,122,431.205129,0.708509180812038,0.708509180812038,0.4338047543410555,0.5360895853588259,True,122
315.725844,126,431.488311,0.7331602324633107,0.7331602324633107,0.4332941617420242,0.5290045283858149,True,126
320.37946,126,431.644684,0.7388917779041094,0.7388917779041094,0.43302321486758594,0.5630461632294851,True,126
308.224723,123,431.766787,0.7253635461417698,0.7253635461417698,0.43072007312979216,0.5283376087481795,True,123
301.981325,128,431.898886,0.7496217759439897,0.7496217759439897,0.4206321110803948,0.5024751765644633,True,128
312.917949,123,432.017856,0.7145997795818321,0.7145997795818321,0.4356746556671998,0.5566441851717938,True,123
312.305891,127,432.149138,0.7277360322456861,0.7277360322456861,0.43117041095045183,0.533765695221317,True,127
304.604841,121,432.268227,0.7178891209892342,0.7178891209892342,0.43531272473917837,0.5186595514991784,True,121
317.82873,128,432.394986,0.7319725865639728,0.7319725865639728,0.42685073765870585,0.5201222967984327,True,128
313.359308,125,432.531295,0.7538326272164866,0.7538326272164866,0.41981604222588725,0.510723419545869,True,125
310.80858,123,432.68288,0.7219750042749367,0.7219750042749367,0.43168452933027696,0.5818030542377423,True,123
317.184891,124,432.810887,0.7276787217995261,0.7276787217995261,0.433940598388293,0.5555524261222657,True,124
312.876886,123,432.939756,0.7287165592982897,0.7287165592982897,0.43253573457560307,0.5529764410014807,True,123
314.52074,125,433.073147,0.7360785565265145,0.7360785565265145,0.42869645777973076,0.539678175883078,True,125
314.126457,125,433.200269,0.7199848632074461,0.7199848632074461,0.43050304766855385,0.5462549879933472,True,125
311.146325,127,433.329524,0.7365179239205888,0.7365179239205888,0.43067849886344156,0.5227247421959452,True,127
319.707269,125,433.453403,0.7498579534365549,0.7498579534365549,0.423191217762755,0.5311012132103985,True,125
317.716282,126,433.995713,0.7343223469809811,0.7343223469809811,0.42902613873964635,0.5528496677411636,True,126
304.883512,120,434.167569,0.705321758533722,0.705321758533722,0.43562631675489166,0.5526335610735592,True,120
308.253406,125,434.294649,0.7405763558787242,0.7405763558787242,0.42940541574316593,0.5367260173685373,True,125
317.698979,126,434.426569,0.7383731712006242,0.7383731712006242,0.42620564470516675,0.567074348985814,True,126
314.375424,121,434.551682,0.7348577738690688,0.7348577738690688,0.4245833591542461,0.5394566055180801,True,121
315.097575,126,434.679614,0.7228189815890241,0.7228189815890241,0.4353540539983986,0.5427168241072231,True,126
316.095549,127,434.811713,0.7447404673564731,0.7447404673564731,0.42373225025006833,0.5387852147460417,True,127
306.238862,123,434.946871,0.7253806274168847,0.7253806274168847,0.435883408080053,0.5663231166043983,True,123
314.116181,126,435.085618,0.7551408581283011,0.7551408581283011,0.420551424999627,0.5227408263230743,True,126
309.881356,121,435.216068,0.7285924487077096,0.7285924487077096,0.4258178959105222,0.5325812554476849,True,121
317.585739,127,435.359148,0.7325347102068065,0.7325347102068065,0.43393150309184847,0.5387314259015765,True,127
311.101816,126,435.498351,0.7444916284537755,0.7444916284537755,0.4199051097287352,0.5074066750336748,True,126
311.262974,122,435.618675,0.7281193853792443,0.7281193853792443,0.43372826241943513,0.5430233316899054,True,122
316.045736,123,435.738046,0.7191566727052976,0.7191566727052976,0.4349059296447583,0.5265002034865751,True,123
312.286362,123,435.860513,0.7331607459221302,0.7331607459221302,0.4278952271852308,0.5343129239307057,True,123
308.139734,126,435.985919,0.7239034626226526,0.7239034626226526,0.4305693038356748,0.5295114283389751,True,126
307.468522,125,436.125867,0.7454718914500255,0.7454718914500255,0.4248112878585864,0.5677258481364281,True,125
314.33391,126,436.557245,0.7462566322948379,0.7462566322948379,0.42021246706499826,0.5256520479958251,True,126
317.706616,124,436.687782,0.7423752429320868,0.7423752429320868,0.4268892594511167,0.5033695147086498,True,124
319.242697,126,436.819092,0.7372372308058135,0.7372372308058135,0.41942858266329425,0.5244898326746394,True,126
313.209758,125,436.95221,0.7362452682338833,0.7362452682338833,0.425735423665494,0.5435209972456234,True,125
307.364296,125,437.079478,0.7373495097485878,0.7373495097485878,0.4248945005268996,0.507216344977716,True,125
309.211308,124,437.216844,0.7409345279912551,0.7409345279912551,0.42300397683290136,0.5416014860270133,True,124
310.984088,123,437.340104,0.7333704958090567,0.7333704958090567,0.4344306412726827,0.5612910619058475,True,123
316.324827,124,437.47742,0.7218092742239285,0.7218092742239285,0.43300440739548496,0.5616416449525538,True,124
310.282424,128,437.609655,0.7375065964427321,0.7375065964427321,0.4287783621594112,0.5198599926453805,True,128
317.318062,125,437.734954,0.7336283234996949,0.7336283234996949,0.4219983731792033,0.5394253457630099,True,125
320.391946,125,437.868015,0.7428365587596948,0.7428365587596948,0.4198287224889036,0.5245215812502833,True,125
314.14016,125,438.001829,0.7324538787208201,0.7324538787208201,0.43426701767251313,0.5286752104466895,True,125
311.748753,123,438.133101,0.7213462834289205,0.7213462834289205,0.4204014853841007,0.5238595234702091,True,123
303.137494,127,438.263963,0.7232391011703485,0.7232391011703485,0.425180763968967,0.5136680779881143,True,127
321.438666,126,438.397717,0.7511801770156546,0.7511801770156546,0.4212148904042985,0.5290521414589835,True,126
308.52995,124,438.526199,0.7228680089828932,0.7228680089828932,0.42609752274566726,0.5650291765946837,True,124
314.299407,126,439.045872,0.7461528967558381,0.7461528967558381,0.43189848123273494,0.5134405719546895,True,126
310.056006,124,439.22008,0.7235693880683624,0.7235693880683624,0.42180117330440225,0.5490508745014434,True,124
316.145726,124,439.359002,0.7440290264622331,0.7440290264622331,0.4282962005813562,0.5629449421981426,True,124
314.329033,127,439.494699,0.7376042455874297,0.7376042455874297,0.4234911216256244,0.5287876216325617,True,127
316.419335,124,439.621118,0.7302611528826971,0.7302611528826971,0.43064555185609393,0.5544462486311967,True,124
319.831696,127,439.75329,0.7261705407301142,0.7261705407301142,0.43592270426406926,0.5357893870974544,True,127
315.864828,126,439.88404,0.7476082696288575,0.7476082696288575,0.4255366341817995,0.5424311462304372,True,126
315.116769,122,440.001114,0.7319098154068797,0.7319098154068797,0.4322415989523098,0.5789227332982525,True,122
322.322295,127,440.14235,0.7472545933622989,0.7472545933622989,0.4230007617089128,0.5370944525255225,True,127
315.902345,124,440.273601,0.7401266652499716,0.7401266652499716,0.4281556964607182,0.5587848924263518,True,124
317.208793,125,440.407658,0.7422314181709537,0.7422314181709537,0.42251921842197143,0.5372410050854161,True,125
304.300434,127,440.541613,0.7290431452063704,0.7290431452063704,0.42761023721968755,0.548269431048955,True,127
311.07377,124,440.673048,0.7250535528897619,0.7250535528897619,0.43402876465934404,0.5423621892464698,True,124
323.72496,125,440.805849,0.7341211876693284,0.7341211876693284,0.42888605738159374,0.5309117993592418,True,125
319.813974,125,440.933854,0.7360841065343193,0.7360841065343193,0.4308640998072409,0.5544736709954252,True,125
314.203379,123,441.06949,0.7195547225094054,0.7195547225094054,0.42987871372722414,0.5552922334908768,True,123
316.178251,128,441.821048,0.7413841028221615,0.7413841028221615,0.4222733598927938,0.5405254181919663,True,128
308.578349,123,442.024867,0.727707423518673,0.727707423518673,0.4356718601899012,0.5582371450951397,True,123
319.306546,124,442.227309,0.7358579966367078,0.7358579966367078,0.42870455424590476,0.5658391301221561,True,124
312.840219,125,442.387088,0.7262326290197498,0.7262326290197498,0.4321502855086546,0.539281092713041,True,125
305.883976,121,442.581707,0.7236253012666921,0.7236253012666921,0.4234937488156315,0.533899754297027,True,121
310.637927,124,442.750658,0.7323089054793129,0.7323089054793129,0.4264662183471806,0.5323113633351495,True,124
307.111654,122,442.963092,0.7277982150499273,0.7277982150499273,0.4299751931262173,0.555653866397773,True,122
315.762429,127,443.234535,0.7345900854776504,0.7345900854776504,0.4319775325835848,0.5374042705485308,True,127
317.34169,126,443.495978,0.7375458131755234,0.7375458131755234,0.42048137691000925,0.5221268769901871,True,126
311.846804,128,443.675443,0.737177624840849,0.737177624840849,0.43609177866851906,0.5432715552868432,True,128
312.065543,125,443.863387,0.732732449401511,0.732732449401511,0.4211277819421822,0.5293708298492411,True,125
317.009792,129,444.034577,0.7394897532116486,0.7394897532116486,0.41972545911143067,0.5047424762448888,True,129
309.854245,122,444.19963,0.7217779587594539,0.7217779587594539,0.43543233378139984,0.5666393921177129,True,122
314.011164,124,444.373036,0.7309448765783874,0.7309448765783874,0.43583089385854223,0.5527016662022637,True,124
311.653991,122,444.540848,0.7271321531527155,0.7271321531527155,0.42487791817319653,0.5479550379218475,True,122
320.362493,127,444.799461,0.7398521405103099,0.7398521405103099,0.4248515903215831,0.5358616383725975,True,127
313.765267,127,445.000521,0.7380097513962085,0.7380097513962085,0.42522842305308056,0.5376545237597077,True,127
310.038203,124,445.615392,0.7278397392507624,0.7278397392507624,0.43426051975350305,0.5616676726892402,True,124
307.399838,126,445.838676,0.7405806502387517,0.7405806502387517,0.4213924805531577,0.5179755344709481,True,126
308.373415,127,446.042301,0.734153480482676,0.734153480482676,0.42665111918630394,0.5222216055253704,True,127
315.749437,124,446.233474,0.7271896402928618,0.7271896402928618,0.4336645286472768,0.5558464413655376,True,124
303.910196,120,446.38081,0.7223718620792474,0.7223718620792474,0.4287428350039276,0.55125956520258,True,120
310.696353,122,446.561937,0.7333293758137377,0.7333293758137377,0.4303899828505462,0.5727846131605221,True,122
313.166989,124,446.751225,0.7388386572167392,0.7388386572167392,0.42699674986779185,0.5518326452315804,True,124
312.198291,123,446.968504,0.7239802381061597,0.7239802381061597,0.43366985163484045,0.5447763993208026,True,123
313.623575,125,447.148118,0.7402664789132108,0.7402664789132108,0.4224537131060865,0.521022945804267,True,125
312.534173,126,447.305085,0.7439601328132273,0.7439601328132273,0.4303220411800269,0.5495021518718841,True,126
318.118003,125,447.488866,0.7395291352625764,0.7395291352625764,0.4292258839485069,0.5663174327859041,True,125
323.938244,128,447.662912,0.7387682474677122,0.7387682474677122,0.42517294862634336,0.5172081338355277,True,128
320.753252,126,447.853712,0.7440896438576843,0.7440896438576843,0.43047019993018265,0.5620000014098621,True,126
316.775207,124,448.030577,0.7437135560361801,0.7437135560361801,0.42839726345241724,0.5528387736379944,True,124
306.204249,120,448.219808,0.7260295829799093,0.7260295829799093,0.4314234747247,0.5602779483693657,True,120
316.440716,124,448.408892,0.7324895738690497,0.7324895738690497,0.42256716364728997,0.5346479424676042,True,124
304.383381,121,449.016596,0.7230660051248133,0.7230660051248133,0.4318918306633264,0.5265632627604391,True,121
321.561327,126,449.267833,0.737563359827689,0.737563359827689,0.4329649953195663,0.5377751918106792,True,126
313.598077,126,449.46463,0.7426985525601207,0.7426985525601207,0.41924732793352687,0.5364887020573873,True,126
315.225868,124,449.702845,0.7309116697191959,0.7309116697191959,0.4333685324747773,0.5689376701279545,True,124
321.012433,126,449.890511,0.7485536487125544,0.7485536487125544,0.42496010453594635,0.5353693299144019,True,126
321.248758,126,450.062494,0.7425491914552805,0.7425491914552805,0.4279225940440969,0.5643392724368056,True,126
316.098604,124,450.250181,0.723723290328026,0.723723290328026,0.42900779448314363,0.5446522484696669,True,124
314.628673,124,450.41466,0.73544169595043,0.73544169595043,0.42370166927111125,0.5420651208870088,True,124
317.3654,125,450.627706,0.7318610906015504,0.7318610906015504,0.43392926921982744,0.5667190094826418,True,125
313.645042,125,450.831766,0.7282390781664823,0.7282390781664823,0.4261471572966469,0.5526876235451168,True,125
319.07566,124,451.028585,0.7287773757833569,0.7287773757833569,0.4356108413011706,0.549372206255183,True,124
317.992423,122,451.187794,0.7402887231519588,0.7402887231519588,0.42255106819861366,0.538416078087662,True,122
316.093785,125,451.411732,0.7474657312974704,0.7474657312974704,0.4277401435382666,0.5383257308892317,True,125
316.217605,124,451.597809,0.7367310642454025,0.7367310642454025,0.4217824756601103,0.5082678748238765,True,124
316.990919,124,451.78039,0.733193072006578,0.733193072006578,0.43398718212178844,0.5667918566239345,True,124
318.671396,123,451.936717,0.7197396651450209,0.7197396651450209,0.43430756947725013,0.5765176157981156,True,123
313.116741,125,452.130386,0.7390768704585344,0.7390768704585344,0.4223545086069094,0.5204619052173578,True,125
317.9272,126,452.513049,0.7437816169441211,0.7437816169441211,0.4206134677014018,0.5155378371675645,True,126
310.663247,124,452.708794,0.7320591471553798,0.7320591471553798,0.4297217144442501,0.5067583863396863,True,124
323.582203,126,452.879804,0.746904732998102,0.746904732998102,0.4274687796051703,0.5397127989468503,True,126
313.351443,127,453.095124,0.7538638083067262,0.7538638083067262,0.42196032878075584,0.5370292507068272,True,127
302.798375,119,453.270171,0.7254278749927376,0.7254278749927376,0.42812173378771756,0.5665482252431258,True,119
316.198594,124,453.444436,0.7317778092446034,0.7317778092446034,0.42783772649987767,0.5606097891268472,True,124
315.84699,126,453.609752,0.7332024984620201,0.7332024984620201,0.4359307381485287,0.528377108735567,True,126
316.037238,125,453.811313,0.7338487527724011,0.7338487527724011,0.43285389001307095,0.5564005017523195,True,125
313.612011,124,454.012057,0.7238147865366137,0.7238147865366137,0.43258511724341214,0.5486037238620719,True,124
311.646166,123,454.212046,0.7289897404573312,0.7289897404573312,0.43068248184187813,0.576526201722211,True,123
318.984335,125,454.385876,0.7348452098566547,0.7348452098566547,0.43186733829713864,0.5448355530852529,True,125
313.934181,127,454.571976,0.7400862491844763,0.7400862491844763,0.4256949469281109,0.5345030551208005,True,127
315.319762,124,454.773446,0.738617675227351,0.738617675227351,0.4243614397612507,0.5369931268588348,True,124
309.249227,123,454.964592,0.7307935281367692,0.7307935281367692,0.4256288623108777,0.5511825748557776,True,123
323.192892,125,455.132124,0.7373709335525862,0.7373709335525862,0.4217078968890467,0.5395502153763778,True,125
324.63047,127,455.302499,0.7436642060763484,0.7436642060763484,0.43152524446196505,0.5280817626206117,True,127
313.122301,127,455.942983,0.7331332537172989,0.7331332537172989,0.42062994068214615,0.503569377205248,True,127
314.497321,125,456.172495,0.7379216667517692,0.7379216667517692,0.43023807629756816,0.5339651090270556,True,125
310.262182,123,456.388595,0.7204168237392251,0.7204168237392251,0.42827592639192313,0.5502403767735801,True,123
311.755002,122,456.608091,0.7337643856180701,0.7337643856180701,0.4221064659041392,0.5284218311658291,True,122
305.678021,122,456.769509,0.7194641346390812,0.7194641346390812,0.4272911740596622,0.5384018116984457,True,122
317.81024,127,456.966402,0.7552306036105931,0.7552306036105931,0.4224616333441887,0.48275482663906477,True,127
314.392769,123,457.163221,0.7352074346999725,0.7352074346999725,0.4196334473161371,0.526143510134915,True,123
313.22022,125,457.399671,0.7329571898342071,0.7329571898342071,0.4249995261092914,0.5364324614016641,True,125
310.379739,127,457.631881,0.745748303554593,0.745748303554593,0.4201524647283887,0.5213692725228791,True,127
314.02686,123,457.833934,0.7305905441040887,0.7305905441040887,0.431452764480235,0.5375716120243911,True,123
315.466373,124,457.988976,0.7410031359849565,0.7410031359849565,0.4316901064237924,0.5401164403165106,True,124
310.224149,126,458.187015,0.7332673599103674,0.7332673599103674,0.42502181837099046,0.5491523414411444,True,126
317.240533,126,458.398543,0.7440922993282988,0.7440922993282988,0.4290759874132727,0.5287519110910297,True,126
323.770143,125,458.609297,0.7360983714944059,0.7360983714944059,0.427175579875179,0.5486557015282622,True,125
317.274367,124,458.818068,0.748161820409339,0.748161820409339,0.42433695015559175,0.5482408744714581,True,124
321.118485,126,459.027128,0.7378634775581241,0.7378634775581241,0.43201371627687163,0.5674801255330548,True,126
319.483743,129,459.193731,0.755342610006208,0.755342610006208,0.4260943424837588,0.5121543278461969,True,129
309.282925,126,459.961024,0.7337640837805459,0.7337640837805459,0.4255758672355327,0.5190859504766725,True,126
322.975399,127,460.188524,0.7399079882783302,0.7399079882783302,0.4359328691295474,0.5587925162823846,True,127
315.599581,126,460.420182,0.7486803329046802,0.7486803329046802,0.4262484664938928,0.5109119410123514,True,126
324.935933,125,460.631943,0.7341197314432423,0.7341197314432423,0.43028971256824283,0.577118120211443,True,125
320.20068,126,460.85379,0.7523739081450806,0.7523739081450806,0.4258194133919784,0.5408747206144694,True,126
317.330336,124,461.022077,0.7418018428790966,0.7418018428790966,0.42581243041658695,0.5250256330894828,True,124
315.061554,125,461.195899,0.7311747732397897,0.7311747732397897,0.42736313212752125,0.5354515153614179,True,125
303.226401,121,461.418054,0.7278496412817799,0.7278496412817799,0.4354675754271042,0.5432239943797443,True,121
313.078572,125,461.626987,0.7421160667228562,0.7421160667228562,0.4254941839905848,0.5157169642502957,True,125
315.617373,124,461.82812,0.726601716830182,0.726601716830182,0.42261016839377236,0.5403057720690085,True,124
319.024803,126,461.994783,0.7465468452697027,0.7465468452697027,0.4203780935229126,0.5243910923355728,True,126
316.901224,123,462.185896,0.7379734842789497,0.7379734842789497,0.43118741083134027,0.5417291780769709,True,123
316.075643,124,462.386271,0.7291573289023039,0.7291573289023039,0.4360513551668982,0.562671710196062,True,124
309.745486,125,462.563745,0.7424538448998503,0.7424538448998503,0.4257267364536224,0.5589142896053655,True,125
314.613192,125,462.776595,0.7471080403659149,0.7471080403659149,0.4224367552771023,0.5355187258093503,True,125
317.496634,124,462.967016,0.7378251296586212,0.7378251296586212,0.4282803959473824,0.5251939691923844,True,124
321.373897,127,463.679818,0.7353376254195647,0.7353376254195647,0.42751661742293756,0.510408987621607,True,127
309.317133,124,463.896604,0.7276593416295247,0.7276593416295247,0.4342468792580842,0.5340143094175992,True,124
301.833398,127,464.058545,0.7320898573233888,0.7320898573233888,0.4359525681240673,0.5670951909706561,True,127
320.247239,125,464.287838,0.7454385855785608,0.7454385855785608,0.425335967012771,0.5373281234555257,True,125
310.358874,123,464.467714,0.7335274765859816,0.7335274765859816,0.42028080570819437,0.5421875124294246,True,123
317.1577,126,464.63447,0.7326112060046314,0.7326112060046314,0.4265073048664759,0.5334756298426899,True,126
315.044519,126,464.796851,0.7416039920447757,0.7416039920447757,0.4239489502100754,0.5381606456003709,True,126
317.807196,123,464.965963,0.7328557098830134,0.7328557098830134,0.4250301117649446,0.5271229009112265,True,123
317.609556,124,465.243982,0.7395874091799384,0.7395874091799384,0.43395026543109877,0.546746035970339,True,124
318.505539,122,465.509399,0.7287689144083095,0.7287689144083095,0.4273203239192712,0.5470199378407086,True,122
323.652036,129,465.791383,0.7372550866448606,0.7372550866448606,0.431706431215341,0.5500987105834704,True,129
315.540688,126,466.106713,0.7546477511733045,0.7546477511733045,0.42055023365713523,0.5320493942961331,True,126
314.596982,121,466.392598,0.7227824926097356,0.7227824926097356,0.4333200312922188,0.5430830581986866,True,121
316.895835,125,466.691222,0.7411183586949347,0.7411183586949347,0.421175423725638,0.5206549367040203,True,125
315.21092,123,466.991312,0.7277705683827607,0.7277705683827607,0.4357649609551118,0.5788324130139684,True,123
320.924105,127,467.304552,0.7382692361714057,0.7382692361714057,0.4320194663603337,0.5263757614284488,True,127
310.041744,123,468.067419,0.7255206608193585,0.7255206608193585,0.4233121322999653,0.5581475933991314,True,123
308.438813,126,468.322507,0.7458345156051631,0.7458345156051631,0.43378270108002154,0.5535148216957907,True,126
320.911746,125,468.511253,0.7340235500442734,0.7340235500442734,0.42140660947750785,0.5471786841435484,True,125
305.280774,120,468.685761,0.7288125643198119,0.7288125643198119,0.42849506352131295,0.5587624063211638,True,120
320.325986,124,468.863205,0.7396491911184012,0.7396491911184012,0.4330430763925727,0.5621242158724841,True,124
314.017792,123,469.033085,0.743198664275445,0.743198664275445,0.41871228795359694,0.5257754831699997,True,123
305.815937,124,469.208768,0.7267658744307831,0.7267658744307831,0.42618912459817115,0.5347458194759243,True,124
317.240404,124,469.428478,0.7256977681713651,0.7256977681713651,0.42512791262337274,0.5556323619924539,True,124
317.159382,125,469.593741,0.7291463248261205,0.7291463248261205,0.4315214010094301,0.5306328195253505,True,125
314.432127,124,469.761162,0.7390123587051699,0.7390123587051699,0.42285730961800977,0.5271596515402938,True,124
313.312686,123,469.920355,0.7298883725463552,0.7298883725463552,0.43236054601609814,0.528598888749546,True,123
312.827583,125,470.099279,0.7325122481898871,0.7325122481898871,0.43202690339774497,0.552676328535236,True,125
308.68403,124,470.275671,0.7338774375314565,0.7338774375314565,0.42161524474234424,0.5431003445241734,True,124
318.189841,123,470.461757,0.7298760163570043,0.7298760163570043,0.43174506423890524,0.5868453808917172,True,123
306.894445,122,470.670309,0.7363869939724982,0.7363869939724982,0.43094999412333274,0.5657190969999921,True,122
317.795065,123,470.848031,0.7270004277695667,0.7270004277695667,0.4342575560893142,0.5642136796746579,True,123
319.90406,124,471.039848,0.751388384584766,0.751388384584766,0.42167867635102385,0.5298625218596755,True,124
309.919636,123,471.91187,0.730574607682375,0.730574607682375,0.4236561010055621,0.5354218780560441,True,123
325.575445,127,472.120889,0.7419719850130673,0.7419719850130673,0.4345842716409876,0.536096705628391,True,127
315.251129,122,472.306612,0.7298163123325334,0.7298163123325334,0.43346865872427215,0.570379980493766,True,122
319.184402,123,472.495286,0.7248844699745148,0.7248844699745148,0.4301374974782917,0.5442347651890839,True,123
315.54519,125,472.697166,0.7230931028903639,0.7230931028903639,0.42760723003062984,0.5425830922871359,True,125
317.966487,125,472.884178,0.7483033206026085,0.7483033206026085,0.4205963396543558,0.5395552584404437,True,125
310.963217,123,473.042957,0.7398761325935342,0.7398761325935342,0.425321038513912,0.5354421777296258,True,123
316.052501,128,473.24414,0.746289060453881,0.746289060453881,0.4260016636712921,0.5273389311012525,True,128
308.929993,124,473.435546,0.7238953094517545,0.7238953094517545,0.431328139782874,0.5423458459040409,True,124
299.924918,120,473.586391,0.7422088682938772,0.7422088682938772,0.42587246097242526,0.546837545363842,True,120
316.966267,124,473.768115,0.7465266190090275,0.7465266190090275,0.4247621461736633,0.5240729182826108,True,124
302.497534,119,473.941961,0.7233845581061478,0.7233845581061478,0.4262573764217062,0.542685713090199,True,119
321.8305,125,474.098615,0.739434921326609,0.739434921326609,0.4322243320172227,0.5399259093214454,True,125
316.614484,123,474.292401,0.729851357800808,0.729851357800808,0.4305948431679665,0.5547615117390612,True,123
311.979807,121,474.455862,0.7334245681920556,0.7334245681920556,0.42587746658797976,0.5223416000023935,True,121
312.344043,123,474.619673,0.7315786456219167,0.7315786456219167,0.42752829705108725,0.543556436927478,True,123
320.359979,125,474.781174,0.7213528840824937,0.7213528840824937,0.4360725956547521,0.5484140203299683,True,125
315.967224,124,475.50155,0.7357720822674477,0.7357720822674477,0.43306056001837917,0.537431981056705,True,124
301.629041,119,475.687706,0.7340129181232542,0.7340129181232542,0.4202016143892314,0.5450209793734155,True,119
314.148484,121,475.829995,0.7255349893931824,0.7255349893931824,0.4294026188589478,0.5715141624096216,True,121
318.008268,125,475.997955,0.7306302820071073,0.7306302820071073,0.43385868680677797,0.5339422971701319,True,125
315.141109,124,476.24474,0.7426578753995856,0.7426578753995856,0.42842809035151275,0.5448494763095606,True,124
325.584845,128,476.445102,0.742051315154808,0.742051315154808,0.43231661772467944,0.5426944308738934,True,128
315.173853,123,476.633542,0.7384859597405318,0.7384859597405318,0.43327073438309444,0.5734090344252359,True,123
315.901045,124,476.79758,0.7287487123007811,0.7287487123007811,0.4297503156874392,0.5390104242816818,True,124
318.465937,126,476.981544,0.7453923736229827,0.7453923736229827,0.4207597719740346,0.493528181865315,True,126
315.333654,125,477.172772,0.7374540360288563,0.7374540360288563,0.43365687684076576,0.5425884576945625,True,125
315.587441,123,477.34567,0.7350365771388848,0.7350365771388848,0.42853048826447443,0.5711054843455654,True,123
316.771228,124,477.50608,0.7358184726917466,0.7358184726917466,0.42921684199034804,0.5611229713418133,True,124
324.27853,125,477.653975,0.7456657934367399,0.7456657934367399,0.42568482193244833,0.5453783745154148,True,125
302.136833,121,477.807856,0.7460456508975627,0.7460456508975627,0.4206021491181157,0.5242799258626387,True,121
315.831155,124,477.952506,0.7461150227354908,0.7461150227354908,0.4250786161764534,0.5491549415436019,True,124
321.753385,128,478.110365,0.7488660220091193,0.7488660220091193,0.41929701734556407,0.4977913024779699,True,128
315.818074,125,478.907444,0.7373790876761936,0.7373790876761936,0.4237909367461886,0.5253438398665071,True,125
321.336267,127,479.146342,0.7394350869310644,0.7394350869310644,0.43315871842337783,0.540633074349915,True,127
316.416649,127,479.348599,0.7194901365246709,0.7194901365246709,0.43365669724439954,0.5284244774238965,True,127
324.991771,126,479.507381,0.7450871439993614,0.7450871439993614,0.42843552568516075,0.5250208456706276,True,126
318.987987,128,479.698776,0.7476894202170794,0.7476894202170794,0.4286181882336419,0.5348904547778095,True,128
317.076267,123,479.893869,0.7398621066539643,0.7398621066539643,0.41978616409213876,0.5267434251580105,True,123
312.769991,123,480.071324,0.7465682320154575,0.7465682320154575,0.42148930897764525,0.5415695937851793,True,123
317.109825,123,480.235237,0.7394503351124618,0.7394503351124618,0.42719054975587845,0.5544033116695667,True,123
316.19111,127,480.446774,0.7484136237930757,0.7484136237930757,0.41989478011077247,0.5206151269330916,True,127
320.816128,124,480.60544,0.7336956270199952,0.7336956270199952,0.42580099974188845,0.5364805152955893,True,124
309.397246,125,480.762979,0.7326929334298518,0.7326929334298518,0.4316537697746786,0.5683102696946585,True,125
319.486887,125,480.949282,0.7414040671686384,0.7414040671686384,0.425352033783711,0.5399440508282236,True,125
314.247527,125,481.134169,0.7426869321673454,0.7426869321673454,0.43122265884602784,0.5424441022934887,True,125
325.156087,127,481.302824,0.7421238961660581,0.7421238961660581,0.4283667242951491,0.5386235435899831,True,127
317.619895,125,481.457921,0.7310355135625507,0.7310355135625507,0.43007789577581595,0.5368222684226697,True,125
316.110148,125,481.661005,0.7277278571953159,0.7277278571953159,0.4264324162536366,0.5037180959689931,True,125
320.452674,125,482.310449,0.7270685958493864,0.7270685958493864,0.4225312050513674,0.5357632015861475,True,125
317.936413,125,482.528168,0.7400177247424482,0.7400177247424482,0.4306351415432561,0.5444111873396549,True,125
319.574132,127,482.707753,0.7499245017987731,0.7499245017987731,0.4289641256127223,0.5395587748638146,True,127
317.624073,125,482.890309,0.7162994820137272,0.7162994820137272,0.4289305467296409,0.5420999641438595,True,125
321.090159,126,483.075626,0.7302931633492319,0.7302931633492319,0.4292579028073244,0.536150115368255,True,126
319.906929,125,483.230377,0.7526425807136655,0.7526425807136655,0.41934275427320006,0.5361594101465328,True,125
315.668089,125,483.3904,0.7448461630225736,0.7448461630225736,0.4218578905411157,0.5545991106565671,True,125
327.288088,126,483.548374,0.7456849037932597,0.7456849037932597,0.4252933430962814,0.5505098807084684,True,126
323.245703,129,483.73035,0.7625739026823865,0.7625739026823865,0.4198314085967091,0.5129024762627252,True,129
315.539116,125,483.89553,0.710365442692704,0.710365442692704,0.42262975314003154,0.5287217072722468,True,125
321.307735,128,484.082185,0.7517169484409899,0.7517169484409899,0.4242658510031643,0.5375020120178235,True,128
320.486244,127,484.288688,0.7360453431307153,0.7360453431307153,0.43191238052562214,0.5484234319493472,True,127
313.666762,127,484.461835,0.7331578497060642,0.7331578497060642,0.4352393340306053,0.5480019464480862,True,127
308.082992,128,484.65706,0.7315169660879224,0.7315169660879224,0.42456669206254366,0.5267772065316895,True,128
319.906564,125,484.837725,0.7337876256133163,0.7337876256133163,0.4335633299507055,0.5354718009533155,True,125
314.140118,123,485.019448,0.7314039744581745,0.7314039744581745,0.42532881141508794,0.524622380078513,True,123
317.81667,127,485.206105,0.7360906916291622,0.7360906916291622,0.4312229999419361,0.5550797995466785,True,127
322.303203,125,485.863572,0.7366171503508272,0.7366171503508272,0.4289149405186083,0.5478436758705046,True,125
323.445809,127,486.099161,0.7315668998303968,0.7315668998303968,0.4313224154131775,0.5455990732384297,True,127
318.729854,128,486.273448,0.7446316247463495,0.7446316247463495,0.43154316537123427,0.5437793797152274,True,128
323.255448,124,486.478131,0.7383720947023876,0.7383720947023876,0.43055708583341534,0.5418269047401941,True,124
320.360002,124,486.669728,0.7348239956246829,0.7348239956246829,0.4360753001740655,0.5583763916122388,True,124
301.259029,121,486.840289,0.7282572173483204,0.7282572173483204,0.4292502961075358,0.5483912063857737,True,121
315.386788,123,487.003756,0.7397529243460644,0.7397529243460644,0.4204532528357949,0.5215792463626862,True,123
316.794938,126,487.17752,0.7461770310655046,0.7461770310655046,0.428019409977833,0.5422049506673028,True,126
321.749997,125,487.363226,0.7379579279889563,0.7379579279889563,0.42096717343216916,0.5307618933784582,True,125
313.552555,122,487.554064,0.7433089608538621,0.7433089608538621,0.4279859996406583,0.5462839895612118,True,122
323.051448,127,487.733849,0.7460334341183282,0.7460334341183282,0.4227612764831114,0.5337676830159689,True,127
318.917855,129,487.917864,0.7409127220378598,0.7409127220378598,0.42894808029530396,0.5218302408633316,True,129
318.614,125,488.083123,0.7321189398127516,0.7321189398127516,0.42018297244717906,0.5179893008246744,True,125
317.187689,125,488.253817,0.7495649212377204,0.7495649212377204,0.4323110512875677,0.5489957941071566,True,125
322.313903,125,488.428683,0.7516391781355989,0.7516391781355989,0.4207162684907834,0.5566057224465996,True,125
319.089511,124,488.608656,0.7336278019599725,0.7336278019599725,0.4321196448775156,0.5695036330590317,True,124
321.548842,127,489.394246,0.7482917815452964,0.7482917815452964,0.4195911989446206,0.5243667200247358,True,127
315.029566,124,489.605833,0.733215236264771,0.733215236264771,0.4318026909131246,0.536742308101009,True,124
314.813514,121,489.773587,0.7337487685732763,0.7337487685732763,0.43506125996361994,0.5481255184342079,True,121
322.605484,125,489.941918,0.7330558719648869,0.7330558719648869,0.42503527074894204,0.5449176752337048,True,125
322.29329,124,490.127317,0.7362877964170951,0.7362877964170951,0.4233091849470213,0.522771690949906,True,124
318.999032,123,490.303448,0.7256867383963781,0.7256867383963781,0.4328084454317141,0.5385429526856895,True,123
308.655779,123,490.475437,0.7391258904712724,0.7391258904712724,0.4232994187584294,0.5202340026912678,True,123
310.475931,121,490.628915,0.733563233388919,0.733563233388919,0.43165108347595765,0.5636781011457226,True,121
319.604548,126,490.817156,0.7346563768861009,0.7346563768861009,0.43117237763175914,0.5190499741882316,True,126
318.987385,125,491.038378,0.7379993338228266,0.7379993338228266,0.42510954177663174,0.5141736991247932,True,125
324.06163,125,491.191137,0.7506359969501296,0.7506359969501296,0.42613311010580013,0.527029717786638,True,125
319.796051,129,491.349857,0.7470220123273797,0.7470220123273797,0.4279667221169147,0.5093263706536151,True,129
323.220381,125,491.583096,0.7441015804113141,0.7441015804113141,0.4246183703162534,0.5122377438887575,True,125
322.161709,125,491.776263,0.7390850463824244,0.7390850463824244,0.43137590360467715,0.5208599294100054,True,125
311.074291,123,491.949874,0.7356045507818062,0.7356045507818062,0.426953148290815,0.5519762352811164,True,123
316.071582,126,492.120164,0.7313346369265312,0.7313346369265312,0.43613043882777003,0.5347411370950838,True,126
314.372528,124,492.279643,0.7334791886450497,0.7334791886450497,0.4246356451188138,0.5257093186530629,True,124
317.907896,127,492.861061,0.72989384583308,0.72989384583308,0.42427482268972283,0.5530922506356706,True,127
313.042031,128,493.082193,0.7408986572836717,0.7408986572836717,0.43523960469512235,0.5185751037403805,True,128
316.40517,127,493.237149,0.75575289659105,0.75575289659105,0.4321930329760418,0.5542539206153572,True,127
325.541467,126,493.40103,0.7546879213169857,0.7546879213169857,0.42115146444386514,0.5490152531191878,True,126
313.295247,124,493.588575,0.7384303368162756,0.7384303368162756,0.4327782273793223,0.5445930385780936,True,124
325.177717,127,493.767654,0.7507998998213512,0.7507998998213512,0.43391662316700774,0.541888342740572,True,127
318.647582,126,493.971478,0.7434958502607972,0.7434958502607972,0.4203938902920871,0.533828900012392,True,126
318.345006,124,494.145875,0.7374989238072354,0.7374989238072354,0.4318119780569786,0.5698646684665889,True,124
316.719414,124,494.36153,0.7383979041937994,0.7383979041937994,0.4202562894305987,0.510193860957808,True,124
318.494943,126,494.523247,0.7499854013114753,0.7499854013114753,0.42367750162852713,0.5483908043973423,True,126
325.381144,126,494.701453,0.7377122659349505,0.7377122659349505,0.43420609165528956,0.5450015926810352,True,126
321.936635,128,494.89968,0.7447765071994339,0.7447765071994339,0.4311102708594297,0.5584358484420513,True,128
322.666065,125,495.068084,0.7339118648843841,0.7339118648843841,0.4267417254726775,0.5589908476151043,True,125
316.447366,128,495.312538,0.7404087447394768,0.7404087447394768,0.4200915305024658,0.5278902105749632,True,128
311.591424,122,495.473699,0.736997891360992,0.736997891360992,0.42873511423006067,0.5362462650103926,True,122
317.07922,124,495.653439,0.7361188386854984,0.7361188386854984,0.4240131758081182,0.5399184202030477,True,124
320.614262,126,495.984385,0.7420832538266539,0.7420832538266539,0.42060973649564737,0.5443566211307745,True,126
314.804369,122,496.12863,0.7296784444842684,0.7296784444842684,0.4247616908308904,0.5509580996180174,True,122
323.141061,127,496.276798,0.7500519214818928,0.7500519214818928,0.42353384168731556,0.5470475751886599,True,127
312.772721,123,496.421695,0.7364202336243917,0.7364202336243917,0.42412259403540753,0.5242307649756756,True,123
321.357653,126,496.55098,0.7409932090093365,0.7409932090093365,0.43506018099663396,0.5782939839634758,True,126
320.878604,125,496.678303,0.7414552112816055,0.7414552112816055,0.4232717193590179,0.5142585112302929,True,125
316.792401,124,496.804923,0.735052044155229,0.735052044155229,0.4273834970837738,0.535595319053512,True,124
313.448547,122,496.92826,0.7352199020200638,0.7352199020200638,0.4213204591338853,0.5455680914813743,True,122
315.699403,123,497.048462,0.7326042780124756,0.7326042780124756,0.43093817667973067,0.5628239003377861,True,123
321.717068,126,497.172507,0.7440476444564189,0.7440476444564189,0.42688996253888073,0.5433172357405374,True,126
315.514681,124,497.292253,0.7329951790476599,0.7329951790476599,0.43514448585679566,0.5612411254013312,True,124
317.903606,122,497.414345,0.7192033958324804,0.7192033958324804,0.43458130212837137,0.5504095130586729,True,122
309.641876,121,497.533707,0.7359825108212169,0.7359825108212169,0.4291365869149728,0.5391044989177163,True,121
307.044161,120,497.648424,0.7199126748649798,0.7199126748649798,0.4301111701499599,0.5514512082542591,True,120
320.185109,128,497.770881,0.7592746405179436,0.7592746405179436,0.419755723868708,0.4959315010185768,True,128
320.231874,126,497.892483,0.7391279628944184,0.7391279628944184,0.4334362396551975,0.5424846133626846,True,126
322.700849,127,498.527853,0.7500413553101334,0.7500413553101334,0.4221239396303521,0.5366864661098635,True,127
324.081618,124,498.705031,0.7271889454511319,0.7271889454511319,0.4325661763695519,0.559107074172318,True,124
310.369529,122,498.821637,0.7309204617146962,0.7309204617146962,0.4196051128017132,0.5751963584448743,True,122
310.969984,121,498.946574,0.7368122983835985,0.7368122983835985,0.4281157954689181,0.5453382514761451,True,121
324.403121,125,499.075161,0.7380163096947069,0.7380163096947069,0.43576154453597593,0.5733181256212483,True,125
312.810971,125,499.203508,0.7321470116318441,0.7321470116318441,0.42131768337894643,0.5353379965551943,True,125
318.249592,126,499.334938,0.7380296798696491,0.7380296798696491,0.43500889215125027,0.5143224149268057,True,126
318.691664,124,499.457339,0.7404042109318424,0.7404042109318424,0.43039131641841144,0.5180378592247922,True,124
322.632937,125,499.584998,0.7427821134780497,0.7427821134780497,0.43022053593037535,0.5201304688461963,True,125
318.897199,124,499.71051,0.7412541623014132,0.7412541623014132,0.4261019977289511,0.5384029808891083,True,124
324.501014,125,499.83581,0.7446302624861663,0.7446302624861663,0.42771836233135413,0.5615158016278793,True,125
318.034641,124,499.969084,0.7209252789888135,0.7209252789888135,0.43599631761675617,0.5620853564683564,True,124
318.198916,125,500.096001,0.7384436344013523,0.7384436344013523,0.42458777720002283,0.5424802648987516,True,125
319.477591,123,500.219328,0.7373183823135101,0.7373183823135101,0.4335165346496524,0.5577707531430773,True,123
323.362385,127,500.346484,0.7514010382787852,0.7514010382787852,0.42308885556404735,0.5323436825599694,True,127
323.791595,125,500.468606,0.7411868955519976,0.7411868955519976,0.4330816709785196,0.5659423283135705,True,125
305.842313,125,500.599863,0.7304348503927418,0.7304348503927418,0.4344850790813351,0.554994910328384,True,125
321.772346,124,500.989892,0.74345579916242,0.74345579916242,0.4304478305755596,0.5279175887943366,True,124
315.822283,126,501.121516,0.748244716711989,0.748244716711989,0.42015308307001187,0.49832880827906545,True,126
325.707811,130,501.2482,0.762142899600193,0.762142899600193,0.41972973562937915,0.4787669971019529,True,130
321.972079,124,501.370354,0.7439026918577989,0.7439026918577989,0.4310921539204491,0.5026211227700531,True,124
312.493798,125,501.495386,0.7379304132541755,0.7379304132541755,0.4261858753878146,0.5326364702914151,True,125
314.886984,122,501.618032,0.7298460751930125,0.7298460751930125,0.434843501671712,0.5563289020626238,True,122
316.444893,123,501.742326,0.7259415376190144,0.7259415376190144,0.4258782366957859,0.538709284994932,True,123
320.850569,128,501.872043,0.7484059605309887,0.7484059605309887,0.4228398761509562,0.4990916645176407,True,128
322.485148,124,501.995172,0.744608319574156,0.744608319574156,0.4231397180006058,0.5303510317102353,True,124
323.363932,128,502.122009,0.7469078638677672,0.7469078638677672,0.4230118811864143,0.5310663730434505,True,128
326.206972,128,502.247866,0.7473341763843289,0.7473341763843289,0.4238503032357895,0.5219349534071545,True,128
316.42536,123,502.374714,0.7305593494284993,0.7305593494284993,0.43063489409053785,0.5628292331290605,True,123
326.129614,127,502.502286,0.74893311548733,0.74893311548733,0.4313008933090546,0.5599897733835336,True,127
316.195649,125,502.625094,0.7497305116845573,0.7497305116845573,0.42429900713456903,0.5262381079028072,True,125
323.097423,127,502.75334,0.7469963859323252,0.7469963859323252,0.42666600975971164,0.5316139852511338,True,127
327.006768,127,502.876895,0.7387032174276138,0.7387032174276138,0.43454775492521214,0.538833861908612,True,127
326.352814,127,503.278347,0.754328093577031,0.754328093577031,0.4205820260793426,0.515243721775199,True,127
315.968804,123,503.429995,0.730187928252058,0.730187928252058,0.4281793215069312,0.5255447215252637,True,123
316.791674,125,503.550349,0.7433696259038128,0.7433696259038128,0.41938158820585764,0.5149282682485831,True,125
315.129677,126,503.675064,0.743200371432835,0.743200371432835,0.4238078590959677,0.5238750731339312,True,126
323.707345,126,503.802388,0.7448276035177157,0.7448276035177157,0.4250095253013427,0.5187185317862827,True,126
318.708162,124,503.927562,0.7345807285845435,0.7345807285845435,0.4255064737476785,0.54287588043475,True,124
318.083857,125,504.053205,0.7287643734620544,0.7287643734620544,0.4242797453447724,0.5157196329966391,True,125
320.690131,126,504.176981,0.7390429174894018,0.7390429174894018,0.42205289581945094,0.5213455510357418,True,126
315.790755,124,504.299348,0.72187040318985,0.72187040318985,0.4324049427598637,0.5627238490486879,True,124
323.080223,128,504.422148,0.7497264860647739,0.7497264860647739,0.4237736885216211,0.5221306095476195,True,128
322.344475,128,504.546383,0.7326031607959711,0.7326031607959711,0.4305158215715169,0.5355302431576604,True,128
318.624576,126,504.665722,0.7441732371976431,0.7441732371976431,0.43068995338466826,0.5270247395548973,True,126
314.115942,123,504.788057,0.7444098666549708,0.7444098666549708,0.4275044696615923,0.5149797583516262,True,123
322.168824,125,504.913924,0.7334859761830137,0.7334859761830137,0.4336597702696116,0.534144388698653,True,125
322.506336,125,505.037476,0.7463652894865761,0.7463652894865761,0.422813427423939,0.5395952968962038,True,125
321.105133,125,505.163805,0.7423836853110681,0.7423836853110681,0.4292293306136766,0.5241438543948908,True,125
323.224494,129,505.702469,0.7550087162779721,0.7550087162779721,0.4190015261951313,0.5303577751068674,True,129
323.020281,126,505.853251,0.7317526063446937,0.7317526063446937,0.43545289715937874,0.535333338716062,True,126
323.156876,127,505.984361,0.7545638728825528,0.7545638728825528,0.4231218333972692,0.5498188796173324,True,127
321.606081,126,506.112612,0.7357786229563557,0.7357786229563557,0.4321471325797238,0.5453394174206136,True,126
323.740345,127,506.237292,0.7460574292724588,0.7460574292724588,0.4209033551468206,0.5092403187785005,True,127
321.43366,124,506.358887,0.736949900710596,0.736949900710596,0.4338583564388252,0.5777701705280712,True,124
320.883728,125,506.479616,0.737087541680401,0.737087541680401,0.4300623416362944,0.502690160447327,True,125
321.967353,127,506.603958,0.75247763820602,0.75247763820602,0.4223849428800478,0.49592712510633874,True,127
313.979757,124,506.724619,0.742040262810067,0.742040262810067,0.43049398476976264,0.5365205484662066,True,124
323.717829,126,506.847347,0.7355127108735389,0.7355127108735389,0.4342812158534437,0.549948116915168,True,126
317.326486,123,506.968145,0.7240879306161453,0.7240879306161453,0.434715048981068,0.5308621822081734,True,123
317.679494,124,507.094688,0.7241297089265327,0.7241297089265327,0.4355058442199742,0.5755592254673658,True,124
318.729288,127,507.224068,0.7414598354439588,0.7414598354439588,0.4347759491348633,0.5323056486397746,True,127
315.225735,122,507.347038,0.7353875701075563,0.7353875701075563,0.4268652943565068,0.5506228853916193,True,122
322.344235,125,507.474305,0.7465486947901466,0.7465486947901466,0.42466489763025206,0.5146822778642429,True,125
313.519338,124,507.60358,0.7346744433480868,0.7346744433480868,0.4275129582696664,0.5249630583968492,True,124
322.295564,125,507.737181,0.7427661842845438,0.7427661842845438,0.4225995184884937,0.49966906042331594,True,125
317.522444,121,508.184265,0.7270041948775067,0.7270041948775067,0.43301484854162037,0.5357714983758193,True,121
324.99199,123,508.323356,0.730548835276253,0.730548835276253,0.4323237989647996,0.5741555582919909,True,123
322.011338,128,508.449795,0.7451254494333165,0.7451254494333165,0.4301268785402012,0.5114246801239227,True,128
319.736535,125,508.574479,0.7310456363897644,0.7310456363897644,0.4293435225539113,0.5541894404403125,True,125
322.177661,125,508.697445,0.7379838250956128,0.7379838250956128,0.43262543272185144,0.5557394168651647,True,125
316.882786,123,508.817747,0.7272593828657604,0.7272593828657604,0.43333056951045085,0.5517670722755912,True,123
322.772656,124,508.937053,0.7430694531111821,0.7430694531111821,0.42584812680200135,0.533475366411285,True,124
322.017787,126,509.061633,0.7471635886181014,0.7471635886181014,0.41998868626441915,0.5414835106812736,True,126
319.347673,125,509.185416,0.7435023423369358,0.7435023423369358,0.4296535844625009,0.5654382317715999,True,125
319.642519,129,509.310907,0.7400971140226843,0.7400971140226843,0.43588591471603205,0.5446174361871533,True,129
317.340576,125,509.431598,0.7544909102272754,0.7544909102272754,0.42314524803105197,0.5521953806456044,True,125
322.093351,126,509.556232,0.745005892691123,0.745005892691123,0.43101176085526927,0.5622627397048501,True,126
325.067704,128,509.681398,0.7538711389541066,0.7538711389541066,0.42220076081480057,0.5399522011604818,True,128
317.267344,126,509.807182,0.7416940297186326,0.7416940297186326,0.4338756021223202,0.5527712685547667,True,126
317.452434,125,509.932632,0.7463446582914253,0.7463446582914253,0.42044300300290427,0.5500372314247085,True,125
317.469637,123,510.058288,0.7392817024703182,0.7392817024703182,0.42539145494099884,0.5424151395521184,True,123
321.578927,125,510.312983,0.7483396062323991,0.7483396062323991,0.4248626121856662,0.5284170590500484,True,125
321.38281,125,510.454171,0.7448680924654616,0.7448680924654616,0.4245495222698038,0.556155741379748,True,125
326.416363,129,510.577368,0.7563800052659317,0.7563800052659317,0.42253159373739857,0.5250664258915352,True,129
321.186956,126,510.702531,0.7497537350547608,0.7497537350547608,0.4203504490720373,0.5199729969009014,True,126
316.069657,123,510.823529,0.7343263044010401,0.7343263044010401,0.4356958867490831,0.5590190050940003,True,123
320.812392,125,510.944825,0.7458393108347618,0.7458393108347618,0.4263811410698842,0.5470214483770344,True,125
319.116311,125,511.064898,0.7376926649033737,0.7376926649033737,0.4294712545377131,0.5544045098945566,True,125
319.385934,124,511.186216,0.7274646103584943,0.7274646103584943,0.43301666354660817,0.5132955495846914,True,124
317.727813,127,511.313779,0.75457675065276,0.75457675065276,0.4228143792172539,0.5372604941460181,True,127
322.068764,127,511.444847,0.7345124454496963,0.7345124454496963,0.4296073431507483,0.5395179862697327,True,127
317.26556,124,511.568524,0.7455392595769699,0.7455392595769699,0.4283765621405252,0.5531289647145247,True,124
325.093291,125,511.698162,0.7446834378140361,0.7446834378140361,0.4302115274310039,0.5370945333874194,True,125
327.876917,130,511.843968,0.7561890164552241,0.7561890164552241,0.4211483619961685,0.542048930712191,True,130
317.134287,125,511.982086,0.7380220405897212,0.7380220405897212,0.4348475490664794,0.5564953395768917,True,125
323.863066,126,512.113299,0.7447443844951829,0.7447443844951829,0.4342554483199915,0.569018403594639,True,126
325.011732,124,512.243161,0.7393376054545178,0.7393376054545178,0.43523428540547254,0.5821199676049371,True,124
320.651822,124,512.509805,0.7347726847017346,0.7347726847017346,0.426499670679834,0.5705528310379622,True,124
321.359245,125,512.660599,0.7479105148741257,0.7479105148741257,0.42445197720665745,0.5373997507548433,True,125
320.801789,127,512.796003,0.7342622232973877,0.7342622232973877,0.4309646173451299,0.5458915729669207,True,127
318.280545,127,512.924563,0.7406920866555007,0.7406920866555007,0.4265183414178305,0.5526407738291682,True,127
327.302327,125,513.049115,0.7445287588934446,0.7445287588934446,0.4358275174251278,0.524544585326685,True,125
322.195222,124,513.168014,0.7333712088021236,0.7333712088021236,0.4305842266004644,0.5552938472018702,True,124
326.915574,127,513.296618,0.7437728793806694,0.7437728793806694,0.4214351024081915,0.5162297785627101,True,127
318.609292,125,513.424006,0.7396450953494471,0.7396450953494471,0.43173193965904766,0.529396109648285,True,125
318.319766,124,513.544071,0.7310386786294628,0.7310386786294628,0.43443076061167113,0.5230421205629578,True,124
325.108736,124,513.662925,0.7369717004540859,0.7369717004540859,0.4349299136524541,0.5519853036300583,True,124
327.725655,128,513.787449,0.7410353438078986,0.7410353438078986,0.4285144829571882,0.524365726190795,True,128
312.126469,127,513.912725,0.7418626132005841,0.7418626132005841,0.4240035855678849,0.5258590488847048,True,127
324.66783,127,514.036445,0.7562334627108369,0.7562334627108369,0.41988293082666006,0.5278436700411507,True,127
312.091222,123,514.157159,0.7437365763698239,0.7437365763698239,0.4212066283789011,0.5485076923603269,True,123
293.3902,118,514.274446,0.711773208548166,0.711773208548166,0.43438449675435187,0.5189458570140151,True,118
320.173194,126,514.399515,0.7568133267775655,0.7568133267775655,0.4242417563593049,0.5044452928745967,True,126
319.015519,127,514.52581,0.7441818823865045,0.7441818823865045,0.4266856290624027,0.5105408273463599,True,127
320.271975,127,515.232075,0.7360406030932356,0.7360406030932356,0.43240197338075387,0.5459165353878065,True,127
324.369939,129,515.374603,0.7430072400058964,0.7430072400058964,0.4279644746125994,0.5083502168044083,True,129
316.589344,124,515.498612,0.7449255252320366,0.7449255252320366,0.42172346703971,0.5273047305384226,True,124
323.498942,126,515.624308,0.7396285845612047,0.7396285845612047,0.4281468035958662,0.5367092354586984,True,126
319.611274,125,515.746585,0.7357110247115275,0.7357110247115275,0.4345133765813891,0.5328220727103153,True,125
324.068396,125,515.874733,0.7470020479912778,0.7470020479912778,0.4282572376386747,0.5300113445825786,True,125
327.202525,128,516.004223,0.7557617569577805,0.7557617569577805,0.42508710853654563,0.5498188393870771,True,128
322.265403,128,516.130727,0.7426226603625722,0.7426226603625722,0.432434943163942,0.5256401167751005,True,128
312.737377,122,516.251686,0.7307919428897999,0.7307919428897999,0.4312582086779837,0.5623999034199334,True,122
321.77311,127,516.376328,0.732725208830146,0.732725208830146,0.4211527432494298,0.526401781281541,True,127
321.778461,125,516.500698,0.7440854312683464,0.7440854312683464,0.43119426360273444,0.5370357863993414,True,125
323.377432,126,516.623796,0.7411166034149451,0.7411166034149451,0.4316691138138277,0.5353639415784021,True,126
323.15283,129,516.7503,0.7496744715837182,0.7496744715837182,0.42212273259541816,0.5117241106136438,True,129
320.940487,123,516.868743,0.7303234378019955,0.7303234378019955,0.4355310493812605,0.5448847983139814,True,123
323.157917,124,516.990041,0.7418593880668705,0.7418593880668705,0.4301618869194614,0.5466213519456213,True,124
324.225797,124,517.12084,0.7435291591716677,0.7435291591716677,0.4232286431049216,0.5390029712801438,True,124
323.25232,124,517.586079,0.7384116072060927,0.7384116072060927,0.42576580095384414,0.5318924568325548,True,124
309.605076,127,517.737658,0.7263583795924017,0.7263583795924017,0.43439347925709587,0.5475793763800297,True,127
325.022295,126,517.860511,0.7447426670117521,0.7447426670117521,0.4215652530723265,0.5465031536731823,True,126
320.461415,128,517.985307,0.7493499036324832,0.7493499036324832,0.42476540803080715,0.48463743973297846,True,128
325.84426,128,518.11477,0.7551802463584393,0.7551802463584393,0.42210777586658765,0.5107041386520651,True,128
325.064703,126,518.241116,0.7356975949140833,0.7356975949140833,0.4293168171054843,0.5562585131881487,True,126
327.653043,129,518.363768,0.7372775090073718,0.7372775090073718,0.4230183776459064,0.5003586116777213,True,129
323.667158,126,518.487266,0.7458462423609564,0.7458462423609564,0.4263767602268566,0.5316864139306402,True,126
321.564989,125,518.611393,0.7326473470717948,0.7326473470717948,0.4319063595634128,0.5880639160136623,True,125
325.717336,125,518.734546,0.7371373091959076,0.7371373091959076,0.43211752683033616,0.5482872694473981,True,125
320.235713,124,518.856179,0.7366967049657825,0.7366967049657825,0.4276371732373971,0.5201048648289465,True,124
318.386916,124,518.978487,0.7386295479452031,0.7386295479452031,0.42112052720956883,0.5704352871046614,True,124
317.017329,123,519.101989,0.7438870358795582,0.7438870358795582,0.42750379016892776,0.540505073280223,True,123
320.277883,123,519.228158,0.7346737250229878,0.7346737250229878,0.42658175415901717,0.5138797545075805,True,123
319.859889,123,519.348312,0.7351394375153187,0.7351394375153187,0.4299188193109892,0.5503177749562973,True,123
325.011679,130,519.476067,0.7486131896983246,0.7486131896983246,0.4246656858191594,0.5106924131476944,True,130
318.812302,123,519.831683,0.7326239597690868,0.7326239597690868,0.4331257511757647,0.5718848531020115,True,123
317.195896,124,520.014614,0.724923174088205,0.724923174088205,0.43311117603959487,0.551185402214388,True,124
317.721043,123,520.132577,0.7481073655509687,0.7481073655509687,0.42404694699455975,0.5179793469282489,True,123
321.103354,126,520.254654,0.7531482838484377,0.7531482838484377,0.42091876891277147,0.5281016364556219,True,126
313.518376,124,520.378297,0.7311714184866643,0.7311714184866643,0.43465986777524407,0.5287715389102123,True,124
325.373869,125,520.52181,0.7531858193029008,0.7531858193029008,0.42340280220792936,0.5205546655826763,True,125
315.220252,122,520.642328,0.7357968453195229,0.7357968453195229,0.4349106050726895,0.568088729590265,True,122
322.693056,125,520.764231,0.7535948421202435,0.7535948421202435,0.4233717196766358,0.5589320929125376,True,125
324.212166,129,520.889405,0.7563675398942944,0.7563675398942944,0.4215243242411973,0.506034553830646,True,129
323.836182,125,521.01259,0.7442723542160218,0.7442723542160218,0.42906837300624673,0.5391196618124341,True,125
328.023366,127,521.136265,0.7549314307810641,0.7549314307810641,0.4237992085890689,0.5480984830493878,True,127
324.072088,123,521.258311,0.7321301739992343,0.7321301739992343,0.4330331324377358,0.5410583322794933,True,123
321.797547,126,521.386481,0.7453358429037726,0.7453358429037726,0.42407477275525296,0.5033347826899568,True,126
325.237473,126,521.511728,0.7456402267983835,0.7456402267983835,0.4197254746643965,0.5108205160876694,True,126
314.620775,125,521.636801,0.733573193581822,0.733573193581822,0.43513149323559847,0.5804954585769719,True,125
315.867072,125,521.766826,0.7580941448714396,0.7580941448714396,0.4195485985961576,0.5007871118023208,True,125
323.191089,126,521.892238,0.7575281004532974,0.7575281004532974,0.4210248254188329,0.5256178987881568,True,126
324.373779,130,522.461129,0.7390609993827085,0.7390609993827085,0.4331488954190222,0.5088436186839992,True,130
327.551547,125,522.60369,0.7489189733522584,0.7489189733522584,0.4252170717535394,0.544012539377824,True,125
327.859894,127,522.732348,0.7567748437798857,0.7567748437798857,0.42311242836316254,0.5059302418968175,True,127
324.962842,127,522.861652,0.7538669937491699,0.7538669937491699,0.4282075177279359,0.533143358311662,True,127
319.748286,125,522.982793,0.732859051213983,0.732859051213983,0.4256737471789602,0.5483190008976483,True,125
319.823634,125,523.12799,0.7454856589655082,0.7454856589655082,0.4221136999507494,0.49717135785658356,True,125
326.235494,128,523.252589,0.7581735445766781,0.7581735445766781,0.4242798067488315,0.527944644341415,True,128
323.500626,128,523.38064,0.7482278120701478,0.7482278120701478,0.42480075434253894,0.5363486598591742,True,128
310.859688,122,523.500445,0.7345573872829613,0.7345573872829613,0.42994905366072106,0.5322555898774873,True,122
322.688796,129,523.63055,0.7581256100904941,0.7581256100904941,0.42113364527180824,0.5174184148697676,True,129
318.350133,123,523.749779,0.7367146571656589,0.7367146571656589,0.4310748449393826,0.5263785446531452,True,123
326.358138,127,523.875668,0.7462512444105833,0.7462512444105833,0.4333781622758041,0.537006584930059,True,127
320.14952,128,524.002133,0.7457204135628884,0.7457204135628884,0.4273722187856427,0.5339162205242112,True,128
326.636911,127,524.137356,0.7503252317939157,0.7503252317939157,0.42833746374137993,0.548855265009112,True,127
317.312735,122,524.255052,0.7353499485889766,0.7353499485889766,0.430947656381884,0.5415878423810134,True,122
321.528468,126,524.37886,0.7510797476562835,0.7510797476562835,0.42444692333529993,0.5271089890181955,True,126
320.208852,125,524.807977,0.7411616421779202,0.7411616421779202,0.42649654672831816,0.539743321012136,True,125
327.119579,128,524.958736,0.7529635480045429,0.7529635480045429,0.42159300508085995,0.5296221119097333,True,128
315.617639,124,525.083576,0.740844089066168,0.740844089066168,0.4218590551186698,0.5279718708150533,True,124
316.253525,123,525.203018,0.7332542721811944,0.7332542721811944,0.4308860283629483,0.5503636211963443,True,123
319.427848,125,525.327082,0.7449646195668133,0.7449646195668133,0.43128913777400074,0.5522663191767506,True,125
319.205708,127,525.4558,0.7452499974897501,0.7452499974897501,0.4300753427794177,0.5192562213171277,True,127
319.737887,125,525.578565,0.7445175611386172,0.7445175611386172,0.4275610177048458,0.5357021808564837,True,125
321.93829,126,525.700244,0.7424762136854759,0.7424762136854759,0.42710973446683076,0.5562759880410733,True,126
324.790057,126,525.820287,0.7380011369117393,0.7380011369117393,0.4263680654061362,0.5260255657784713,True,126
324.487453,125,525.941741,0.7460307798946051,0.7460307798946051,0.4283823963922488,0.5292997906223499,True,125
327.971662,129,526.071474,0.7595088643672471,0.7595088643672471,0.42289250647108073,0.5092482099396006,True,129
319.268137,125,526.195634,0.7390022192639008,0.7390022192639008,0.43452720478573975,0.54439832966242,True,125
323.982612,126,526.32024,0.7409154548723303,0.7409154548723303,0.42430610638795374,0.5138728380237225,True,126
310.349039,124,526.44522,0.7511058164347365,0.7511058164347365,0.42120376804068355,0.5341984580079153,True,124
323.886838,125,526.565602,0.7400285235904414,0.7400285235904414,0.43243291034654235,0.5295528881852837,True,125
316.446042,124,526.692561,0.7438340753173993,0.7438340753173993,0.42853260264568144,0.551431824061877,True,124
327.818311,129,527.146445,0.7452845410403836,0.7452845410403836,0.4313406727913019,0.5227580104991264,True,129
320.677935,124,527.315234,0.733748274780809,0.733748274780809,0.42074299370008367,0.5272198355892408,True,124
323.389449,126,527.437155,0.7430394312281879,0.7430394312281879,0.4193886817448202,0.5183709928436975,True,126
326.40314,127,527.56095,0.7616476275703009,0.7616476275703009,0.4267867232002965,0.5163040981360147,True,127
316.957101,125,527.680967,0.7357504331049894,0.7357504331049894,0.43594850169418753,0.5512342095744185,True,125
322.707056,126,527.806827,0.7436833979756777,0.7436833979756777,0.4267619623844539,0.5152496294102513,True,126
319.321782,125,527.933437,0.7410774758899091,0.7410774758899091,0.4331959603930185,0.5484693354572359,True,125
325.056217,128,528.058914,0.7441300311826714,0.7441300311826714,0.4335014513803759,0.5447595763523939,True,128
316.882437,124,528.177808,0.7188776675761521,0.7188776675761521,0.4359065944830749,0.555561363995838,True,124
329.552134,128,528.302395,0.7465164252246161,0.7465164252246161,0.4289272238253269,0.5216073287345989,True,128
317.078315,122,528.423681,0.7244672277766319,0.7244672277766319,0.4324930481075397,0.5600808082128683,True,122
323.180912,126,528.547681,0.727625764370232,0.727625764370232,0.434567245622939,0.5578630302102945,True,126
322.743545,125,528.67041,0.7336302827622125,0.7336302827622125,0.43496161535955435,0.5267539854535211,True,125
324.964022,126,528.795061,0.7446677331740587,0.7446677331740587,0.43366532154008336,0.5288576283192933,True,126
321.062126,127,528.924343,0.7553021681305503,0.7553021681305503,0.42330962012245754,0.5257432237323333,True,127
322.333763,126,529.049928,0.7420204342276188,0.7420204342276188,0.42275417654469566,0.5022093591815394,True,126
326.42115,128,529.184501,0.7398001328347663,0.7398001328347663,0.4305228796634724,0.5368242205670701,True,128
316.362281,128,529.769691,0.7535997657130632,0.7535997657130632,0.4293747462449496,0.5480671683573075,True,128
325.099115,130,529.899562,0.7411469687853943,0.7411469687853943,0.4287077684627005,0.5125858319006005,True,130
310.625242,123,530.020415,0.7473337834650043,0.7473337834650043,0.4245123900130775,0.5320750444270274,True,123
319.614715,124,530.148667,0.738499126877845,0.738499126877845,0.43377390987892084,0.5698784060019629,True,124
332.39635,128,530.276873,0.7550044292633494,0.7550044292633494,0.42665549289557797,0.5251172600692744,True,128
315.300088,123,530.397768,0.736034070571836,0.736034070571836,0.43171006719842886,0.5389373860133109,True,123
317.777801,124,530.520806,0.7295440214067784,0.7295440214067784,0.4324280038726177,0.5541506662788436,True,124
331.288045,129,530.647321,0.7634390285122925,0.7634390285122925,0.41986250711561257,0.46930978214040303,True,129
321.461432,126,530.766468,0.7447794899444621,0.7447794899444621,0.4244371933227875,0.531580810463474,True,126
318.764361,126,530.889766,0.7457634795501253,0.7457634795501253,0.4219103663925544,0.5125170359367278,True,126
326.279821,127,531.011687,0.7499170212684207,0.7499170212684207,0.42015165522471204,0.5127596276618652,True,127
331.558259,129,531.137009,0.7491006725422019,0.7491006725422019,0.422260894335389,0.489944000730305,True,129
324.594412,126,531.258929,0.7417859398893039,0.7417859398893039,0.4327450882867645,0.5303913083858078,True,126
321.61905,125,531.380769,0.7617043388501216,0.7617043388501216,0.4289763298590016,0.535259597025816,True,125
329.262216,128,531.505942,0.7521784195069707,0.7521784195069707,0.42561525158004787,0.5350711502163447,True,128
328.051703,127,531.635901,0.749506035398406,0.749506035398406,0.43453216938268485,0.5460156427730201,True,127
323.29474,125,532.323389,0.7361446648896408,0.7361446648896408,0.43554049468420386,0.5358322112095965,True,125
328.053939,128,532.47078,0.7447541699631913,0.7447541699631913,0.4332831908474507,0.5147600218305457,True,128
323.181941,124,532.597347,0.73996807552821,0.73996807552821,0.4321345558609359,0.5499394808792718,True,124
320.852118,125,532.720266,0.7354240912698043,0.7354240912698043,0.42948456600534635,0.5538534169901885,True,125
308.281972,124,532.840726,0.7363024481710208,0.7363024481710208,0.4235431486455926,0.5261364061748725,True,124
320.847242,126,532.965611,0.7514176421678733,0.7514176421678733,0.42499951119630247,0.5232532158858738,True,126
318.086266,125,533.094114,0.7468474934206406,0.7468474934206406,0.42379703151063164,0.5232242416473506,True,125
314.683537,122,533.211167,0.7366788975752478,0.7366788975752478,0.42694526501234303,0.556059861221971,True,122
325.904201,126,533.336926,0.7370335176103352,0.7370335176103352,0.425795773121499,0.5395080386141433,True,126
327.391105,125,533.457806,0.7439368840839212,0.7439368840839212,0.42449064026468647,0.5487446426114659,True,125
314.669007,122,533.578101,0.7407194507631102,0.7407194507631102,0.42760240061135146,0.5487461244444202,True,122
316.189357,129,533.703609,0.7496534720258705,0.7496534720258705,0.4284605085695599,0.5105775871742817,True,129
319.223389,126,533.825259,0.7433209915382998,0.7433209915382998,0.4226004429478066,0.5453935997244598,True,126
322.159553,126,533.951338,0.7558438026104453,0.7558438026104453,0.4192168721181807,0.5219244934709334,True,126
318.103332,126,534.076729,0.7366571726203256,0.7366571726203256,0.429602326061879,0.5382531077248952,True,126
331.793045,129,534.20837,0.7432503100042445,0.7432503100042445,0.4307997884963479,0.5534292436798551,True,129
333.433875,129,534.779094,0.742707100979511,0.742707100979511,0.43464296284825615,0.5386570782812603,True,129
324.078843,127,534.947144,0.7394299983750604,0.7394299983750604,0.4269326553681391,0.5263502245525409,True,127
321.658392,127,535.072564,0.7497392367881338,0.7497392367881338,0.4221211651436245,0.5415888318388402,True,127
321.240019,125,535.197304,0.7558244341699067,0.7558244341699067,0.4187281639285799,0.5046999082809575,True,125
322.117468,126,535.320743,0.7460989664128992,0.7460989664128992,0.4337290035848471,0.5706598899226665,True,126
318.413186,123,535.439528,0.73287794540012,0.73287794540012,0.42701413802734456,0.5385329402208703,True,123
320.48171,126,535.563762,0.7540683556209817,0.7540683556209817,0.42365292439971036,0.5296595258166771,True,126
321.583067,125,535.685531,0.7475256011873926,0.7475256011873926,0.42050715379355724,0.4958083031550727,True,125
320.954148,124,535.82777,0.7378752976777111,0.7378752976777111,0.4271646719766116,0.5489074360062611,True,124
310.727536,120,535.945905,0.7358390038462022,0.7358390038462022,0.42964638634194663,0.5715307548932976,True,120
317.089784,126,536.070553,0.74068422659744,0.74068422659744,0.43569899149862956,0.5503840894211973,True,126
322.999874,127,536.193937,0.7436662826077732,0.7436662826077732,0.4269157703924776,0.5085339707995192,True,127
322.04244,125,536.315994,0.752640022408166,0.752640022408166,0.4210558551492498,0.5255684476280851,True,125
323.727522,126,536.441047,0.7510324256362879,0.7510324256362879,0.4248086259685355,0.533652770066594,True,126
329.370273,127,536.564034,0.7451411419663625,0.7451411419663625,0.4319409216295127,0.5331162026919756,True,127
325.037761,125,536.688119,0.7453226780874996,0.7453226780874996,0.43139329947748123,0.5283773238052708,True,125
323.730348,125,537.087239,0.7524027675942493,0.7524027675942493,0.42300741383724944,0.5359326694951053,True,125
324.397075,129,537.273626,0.7465653383507834,0.7465653383507834,0.43228175295397214,0.5465940481852462,True,129
317.155982,124,537.392177,0.7531977247746272,0.7531977247746272,0.42559602606644314,0.5379898472308572,True,124
324.272513,128,537.51619,0.7485148010489806,0.7485148010489806,0.4315254283812026,0.5523440623477661,True,128
317.52495,124,537.638269,0.7389134524608005,0.7389134524608005,0.42657522631946065,0.5221168813250311,True,124
321.178589,124,537.762537,0.7395388297877208,0.7395388297877208,0.4276584542749077,0.5307573460555979,True,124
320.493688,125,537.892453,0.7443819388968232,0.7443819388968232,0.4256787710769901,0.5408507933599297,True,125
321.189662,130,538.028144,0.7499943743794593,0.7499943743794593,0.43555768787331706,0.5326455849814807,True,130
316.781871,123,538.156765,0.7380307666915515,0.7380307666915515,0.4260529306048022,0.5257045121022461,True,123
322.700167,129,538.285655,0.7335658207147663,0.7335658207147663,0.42929323422904103,0.5274637216853777,True,129
321.604844,125,538.417551,0.7458197946130087,0.7458197946130087,0.4249326248873905,0.524595304593869,True,125
323.4902,123,538.544558,0.7322669889311532,0.7322669889311532,0.43546665494488146,0.5539452204447303,True,123
325.074593,125,538.675539,0.7493030500546501,0.7493030500546501,0.43327130936327063,0.5308682966085473,True,125
312.569997,127,538.804654,0.7367354564608897,0.7367354564608897,0.42964650046012826,0.5474167939212198,True,127
324.470324,125,538.933817,0.746167871136841,0.746167871136841,0.4214916111052185,0.5147980773925421,True,125
324.410091,125,539.064018,0.7482273155071215,0.7482273155071215,0.4300911023367051,0.5429148630710573,True,125
319.045669,125,539.189458,0.7475221701382035,0.7475221701382035,0.42444956103372156,0.5497372731228455,True,125
321.078911,123,539.626678,0.7394703119655919,0.7394703119655919,0.4295491048164511,0.567056686747941,True,123
318.758432,124,539.756148,0.7497251538780266,0.7497251538780266,0.42037937285848664,0.5340151327524661,True,124
329.209187,128,539.880798,0.755296757240013,0.755296757240013,0.42446034533179716,0.5391901835055714,True,128
319.559104,125,540.010458,0.7453794860685712,0.7453794860685712,0.43030197293297134,0.5581810407903169,True,125
323.386737,125,540.137786,0.7359354493183202,0.7359354493183202,0.43014719214921576,0.5473240194157266,True,125
324.648466,125,540.26756,0.7347320348042177,0.7347320348042177,0.42951125840947235,0.5561009056030959,True,125
319.628181,124,540.396513,0.7373931410634017,0.7373931410634017,0.431936370257555,0.5627993483469909,True,124
329.344835,129,540.527699,0.7535685043259716,0.7535685043259716,0.4352384966143694,0.5363188803423362,True,129
320.533592,123,540.654671,0.7396924007443276,0.7396924007443276,0.4349884108809963,0.5549528396397041,True,123
327.781917,128,540.784051,0.7431573820380044,0.7431573820380044,0.4256785052030259,0.5145169232833041,True,128
322.714539,123,540.911871,0.7497093580142709,0.7497093580142709,0.4202351312549467,0.5628663900039287,True,123
313.800854,122,541.037889,0.7466326473213847,0.7466326473213847,0.425222381690525,0.5297394955981101,True,122
320.6345,123,541.167401,0.7407401183119494,0.7407401183119494,0.43482561961845706,0.5535336055146343,True,123
324.052984,124,541.297264,0.7590931831164411,0.7590931831164411,0.41894296533908554,0.538028672899339,True,124
326.151387,125,541.425569,0.7382954333600245,0.7382954333600245,0.42937175284827794,0.5230554432602325,True,125
311.245583,122,541.547734,0.7210980216230428,0.7210980216230428,0.4245778033706505,0.538260039019859,True,122
324.577649,125,542.019498,0.7558375020372369,0.7558375020372369,0.4205938783250932,0.5435894639055199,True,125
330.827133,125,542.178302,0.7576713576503884,0.7576713576503884,0.4221738877334767,0.5365967916559883,True,125
324.616877,125,542.30678,0.747365936318773,0.747365936318773,0.42903307151116493,0.5043389430658343,True,125
327.723241,126,542.439479,0.7477603647606341,0.7477603647606341,0.4269962854853627,0.5623710510467346,True,126
328.705547,127,542.572405,0.74721286544566,0.74721286544566,0.42429034806368227,0.5445194651002165,True,127
319.410134,124,542.7019,0.7444697306446885,0.7444697306446885,0.42528451461836453,0.5392423991935272,True,124
321.960239,126,542.834445,0.7414952191600801,0.7414952191600801,0.42379489635329365,0.5693348173313302,True,126
327.504557,128,542.967149,0.7497821469106816,0.7497821469106816,0.4192402740054667,0.5205026231755259,True,128
327.382007,126,543.107062,0.7476776248444025,0.7476776248444025,0.419294412282835,0.5384838938626477,True,126
321.167106,126,543.232376,0.7276682180151139,0.7276682180151139,0.43169003598375816,0.5615400118362424,True,126
323.110837,126,543.360396,0.7460939889978667,0.7460939889978667,0.42635505256960027,0.5323051655350683,True,126
324.699114,127,543.488318,0.7463704470576559,0.7463704470576559,0.43258339285186176,0.5468860128438573,True,127
330.085798,132,543.619411,0.7549778583433436,0.7549778583433436,0.4221398716998963,0.5227300933119478,True,132
316.275677,121,543.739639,0.7462662593926449,0.7462662593926449,0.4236925198533316,0.5389978237073428,True,121
325.46411,126,543.863458,0.7494352158321528,0.7494352158321528,0.42792584187455746,0.5294224108824563,True,126
310.52436,124,543.983996,0.7405334206594691,0.7405334206594691,0.43062003681555533,0.5510467532306491,True,124
327.829426,125,544.420721,0.7422489309792076,0.7422489309792076,0.42907025808221516,0.5511535697916635,True,125
329.465223,127,544.61077,0.7592265610060164,0.7592265610060164,0.4203056195627607,0.4986091670276761,True,127
319.51226,124,544.728106,0.7398248290978998,0.7398248290978998,0.4339644227117269,0.5564998103495488,True,124
328.823142,128,544.850709,0.7523132623876964,0.7523132623876964,0.42271193381103395,0.5190272407941563,True,128
325.043271,129,544.979362,0.7511282079643237,0.7511282079643237,0.4344949433877077,0.534787563862944,True,129
323.86625,126,545.103332,0.7517785425233706,0.7517785425233706,0.4283751048750808,0.5437050673162945,True,126
329.703236,127,545.225834,0.75272131235425,0.75272131235425,0.42743867546447484,0.5558336377225229,True,127
322.129766,124,545.34822,0.7473726462681392,0.7473726462681392,0.424343076213575,0.5566905209378161,True,124
324.624066,124,545.473801,0.7534954092585638,0.7534954092585638,0.4249621494656458,0.5465351932866057,True,124
322.811861,125,545.593716,0.7387335967403478,0.7387335967403478,0.4316772234137911,0.5473581627822977,True,125
324.428048,126,545.718314,0.7502230240408836,0.7502230240408836,0.42255819892785007,0.5100018555900347,True,126
330.811243,131,545.848742,0.7590200487843058,0.7590200487843058,0.42790584771870693,0.5307521211758521,True,131
323.383896,124,545.96751,0.7405949861288209,0.7405949861288209,0.4349056775907835,0.5634072911398306,True,124
318.552623,126,546.092566,0.7390642773246262,0.7390642773246262,0.4334770188355589,0.5593523341951376,True,126
325.978977,125,546.217624,0.7474001506067603,0.7474001506067603,0.4331292171562512,0.5654159383510686,True,125
319.993945,122,546.344118,0.7408967619244433,0.7408967619244433,0.43206087315717995,0.5719160262882284,True,122
326.667693,127,546.467439,0.7523973817754626,0.7523973817754626,0.42862247994646996,0.5407319947822307,True,127
327.279068,124,546.776207,0.7355353280560688,0.7355353280560688,0.4327301089723014,0.5451390019209685,True,124
322.374159,125,546.922012,0.7366689616782675,0.7366689616782675,0.4338047613155773,0.5633327996154841,True,125
320.923289,124,547.046888,0.7483274141147234,0.7483274141147234,0.4228765418019669,0.5732057293361946,True,124
320.743031,127,547.171006,0.7494581858997951,0.7494581858997951,0.42383310901873883,0.5557684224398024,True,127
323.136,124,547.298964,0.744522624766397,0.744522624766397,0.4268216028094517,0.5733027650940619,True,124
323.362277,124,547.422422,0.7505066482667786,0.7505066482667786,0.4233437165369552,0.5511892438585808,True,124
327.080831,126,547.546096,0.7565547307366495,0.7565547307366495,0.41952218612324743,0.5337439707597981,True,126
321.317357,126,547.668322,0.7466777011993813,0.7466777011993813,0.4277457483127022,0.5407392477223272,True,126
322.194537,126,547.795122,0.7445662263995295,0.7445662263995295,0.42921601234727275,0.5177924074887187,True,126
321.966281,124,547.917766,0.7441473772404259,0.7441473772404259,0.4283054704228165,0.5403804619409878,True,124
325.332622,126,548.048047,0.739494107462276,0.739494107462276,0.4299675414345151,0.5382353482104301,True,126
330.185458,129,548.176538,0.7355930714168987,0.7355930714168987,0.4300158363734186,0.5456698585031877,True,129
328.302774,126,548.301783,0.7584068193902957,0.7584068193902957,0.42237170354447773,0.5440448349770997,True,126
320.189366,126,548.423719,0.7502405901957467,0.7502405901957467,0.4302289007673328,0.5454461543138308,True,126
320.804625,126,548.547636,0.7468700942319865,0.7468700942319865,0.4297693283196895,0.5778389292623286,True,126
328.107829,124,548.667888,0.750577869307565,0.750577869307565,0.4230270776480462,0.5765931634625457,True,124
320.168982,123,548.983649,0.7329009776841717,0.7329009776841717,0.4331342110188143,0.5457211404808587,True,123
316.76019,122,549.131011,0.7327203723734138,0.7327203723734138,0.4340545874596157,0.5401061026971581,True,122
329.545132,126,549.253916,0.7396037435449425,0.7396037435449425,0.4311215876424784,0.5734040749995956,True,126
326.261037,126,549.379391,0.7537814390983645,0.7537814390983645,0.4248710283175151,0.5340638975958066,True,126
325.247879,125,549.502065,0.7396750168146914,0.7396750168146914,0.4319197168219536,0.5377186106646746,True,125
328.392571,128,549.627445,0.7512977221186292,0.7512977221186292,0.4261533930369834,0.5168088062393474,True,128
324.91741,125,549.751261,0.7446303902137873,0.7446303902137873,0.4284970227717375,0.5243047698406563,True,125
329.048384,124,549.878756,0.7389149462875113,0.7389149462875113,0.43032377290916146,0.5693875229368827,True,124
323.790794,128,550.006012,0.7451458700593007,0.7451458700593007,0.4335619113325976,0.5409625661110458,True,128
319.532284,121,550.1239,0.7371628854866396,0.7371628854866396,0.4349817866492528,0.5591433081161368,True,121
318.840879,127,550.249891,0.7551277051932423,0.7551277051932423,0.4316295556344858,0.5609908170254101,True,127
331.580835,127,550.380538,0.7491942942202838,0.7491942942202838,0.4205803687796214,0.5063824211291394,True,127
331.196582,131,550.509758,0.7567582700737752,0.7567582700737752,0.4192507452062285,0.5229869207319506,True,131
331.784438,128,550.637894,0.7599402443659398,0.7599402443659398,0.42147635100560527,0.5232531655237476,True,128
319.765243,126,550.766013,0.7359263845045649,0.7359263845045649,0.43374032156093134,0.5381555675821191,True,126
324.615196,125,550.890548,0.7501098262739705,0.7501098262739705,0.4187423025520598,0.5268914218963459,True,125
322.264604,130,551.459737,0.7557608479168734,0.7557608479168734,0.42075784121090176,0.5411899221238957,True,130
328.486627,126,551.625146,0.742652056793574,0.742652056793574,0.4273843628329085,0.5362992382905375,True,126
320.17848,125,551.748344,0.7386269484820431,0.7386269484820431,0.42625888831804326,0.5397607479967498,True,125
328.399341,127,551.872494,0.743592496608338,0.743592496608338,0.42995311917098933,0.5501092631165303,True,127
320.652061,125,552.005598,0.7383781234598615,0.7383781234598615,0.4303674897449665,0.5467359848952311,True,125
328.767334,127,552.154521,0.7647575850186025,0.7647575850186025,0.4208957349290107,0.542279626009604,True,127
323.963077,124,552.278409,0.7411095155728956,0.7411095155728956,0.4206874639216307,0.5333379020554715,True,124
325.553914,127,552.403778,0.7600851643391233,0.7600851643391233,0.42226746261397746,0.5455550060868376,True,127
310.825551,121,552.523556,0.737189938317319,0.737189938317319,0.4264112851381533,0.5686219072351705,True,121
322.997312,124,552.645889,0.7349116933486137,0.7349116933486137,0.43241848104239616,0.5347583591068362,True,124
316.615278,123,552.769405,0.7345447033504975,0.7345447033504975,0.4358661355110474,0.539308417818193,True,123
331.061361,129,552.894402,0.7600342317641533,0.7600342317641533,0.42012187932004036,0.5186003835533463,True,129
325.926675,128,553.017864,0.7338095042794386,0.7338095042794386,0.42243708183604034,0.5539749837812179,True,128
325.755434,126,553.143717,0.7486780483676915,0.7486780483676915,0.4233878963929802,0.5330765354248547,True,126
316.836209,122,553.263262,0.7484611079793231,0.7484611079793231,0.42141032467467154,0.5734629543183719,True,122
328.824263,127,553.387825,0.7431012694813206,0.7431012694813206,0.43584520727782927,0.543608428281284,True,127
326.842973,126,553.509567,0.7350353546453727,0.7350353546453727,0.42600339791513014,0.5541090324022152,True,126
326.791087,125,553.926015,0.7538634699056488,0.7538634699056488,0.42585578640738336,0.5571882998044044,True,125
330.627976,128,554.077259,0.7589478424074139,0.7589478424074139,0.4217280372445429,0.517471563257127,True,128
321.232948,126,554.200011,0.7547468505623903,0.7547468505623903,0.41944179224176836,0.528237790776362,True,126
325.699059,124,554.323013,0.7394857148326944,0.7394857148326944,0.43430787327702536,0.5645289121928199,True,124
321.841405,125,554.447445,0.7440004945602944,0.7440004945602944,0.42554381279114956,0.545654541062797,True,125
320.939505,125,554.568498,0.7451738071163543,0.7451738071163543,0.4188398065630654,0.5509260657847674,True,125
327.500361,125,554.689077,0.7385533657819517,0.7385533657819517,0.43079258161032846,0.5576382594428047,True,125
320.045753,122,554.807767,0.7419069161762123,0.7419069161762123,0.4272387708560634,0.5681727947271096,True,122
318.164456,127,554.933217,0.7626989482295122,0.7626989482295122,0.42131502369542406,0.507921956139367,True,127
326.427312,126,555.053756,0.7354685224946337,0.7354685224946337,0.43250633574620895,0.5572315057498599,True,126
323.649549,126,555.183245,0.7454607358891999,0.7454607358891999,0.4341276864143926,0.5452320532765139,True,126
318.308472,126,555.308024,0.7546812572773234,0.7546812572773234,0.42660547642475266,0.5265095051578664,True,126
328.111937,127,555.431226,0.7402583376067287,0.7402583376067287,0.43372445200588366,0.5720899663760606,True,127
326.918326,126,555.558194,0.7505212236609807,0.7505212236609807,0.4314344876041848,0.5191611071225342,True,126
325.112238,125,555.679521,0.7506440057133081,0.7506440057133081,0.423729765330696,0.5484288132376034,True,125
322.42682,126,555.803612,0.7568114406981731,0.7568114406981731,0.4189059771288503,0.5340183944614464,True,126
317.490866,121,556.371903,0.7375824490883058,0.7375824490883058,0.42942892593820764,0.5790261017515786,True,121
320.205484,122,556.509289,0.7412568473099628,0.7412568473099628,0.43218332278667576,0.5603041390311082,True,122
327.556614,128,556.632326,0.7431328455602123,0.7431328455602123,0.433721490773038,0.5577784850166334,True,128
323.595275,125,556.752539,0.7509542823233751,0.7509542823233751,0.42177207960146307,0.5401316560774295,True,125
325.224422,126,556.874492,0.7497874001458517,0.7497874001458517,0.4272521130713118,0.5563349373610452,True,126
325.274896,126,557.00157,0.7330908603407265,0.7330908603407265,0.4343283654608577,0.5272553484764869,True,126
324.628272,125,557.124179,0.74075527337364,0.74075527337364,0.43508788300406853,0.5644287386266624,True,125
320.927603,124,557.250563,0.7520839515704162,0.7520839515704162,0.4193687363976251,0.5202362082812167,True,124
320.914143,123,557.368311,0.7300571230436609,0.7300571230436609,0.42992168905195177,0.5529921075715609,True,123
324.765138,125,557.491383,0.7442849054513094,0.7442849054513094,0.4339849431173344,0.5542163967842862,True,125
328.565389,128,557.618895,0.7628784024660282,0.7628784024660282,0.42674328144333534,0.5343954662990995,True,128
326.678034,125,557.747308,0.7566207885774897,0.7566207885774897,0.4219566821057006,0.5318196505777207,True,125
322.928576,124,557.871302,0.7458504855355517,0.7458504855355517,0.4272393512038481,0.5446581592928917,True,124
324.007367,124,558.000792,0.746611093010578,0.746611093010578,0.43307506784918837,0.5340987019313735,True,124
323.914565,124,558.130961,0.736091922134267,0.736091922134267,0.4296482418805274,0.5508849227067797,True,124
311.742279,121,558.257343,0.727864407100965,0.727864407100965,0.4347183807499623,0.5777103541880184,True,121
327.186545,126,558.661939,0.7417125216255308,0.7417125216255308,0.41914822485280906,0.5521232403618415,True,126
330.696252,125,558.82995,0.7449370592013906,0.7449370592013906,0.4310851062286969,0.5707136791058712,True,125
322.395439,123,558.950912,0.7334416009815217,0.7334416009815217,0.43562645054043303,0.5487990719276562,True,123
318.57873,124,559.07838,0.7460393758154712,0.7460393758154712,0.42046796722835933,0.5623809750621016,True,124
330.353408,128,559.211008,0.7489151347352333,0.7489151347352333,0.429877368213434,0.5196017994777348,True,128
332.385848,128,559.345865,0.7545549973756971,0.7545549973756971,0.435841900937007,0.5687044269491945,True,128
326.005983,128,559.482645,0.7413326383539819,0.7413326383539819,0.4349728102762687,0.565400225151081,True,128
322.823502,123,559.61212,0.7442791015774992,0.7442791015774992,0.42495489694977917,0.5523388818316969,True,123
329.758912,126,559.744471,0.7467569020922872,0.7467569020922872,0.4286710671408089,0.5687702880598212,True,126
319.761728,126,559.877542,0.7566925918770963,0.7566925918770963,0.425779199800824,0.5598191671076467,True,126
316.954737,123,560.005147,0.7336892862439661,0.7336892862439661,0.4358836499626843,0.5555183739902081,True,123
324.865529,127,560.139214,0.7521978949246931,0.7521978949246931,0.42092787308186985,0.5395396857604137,True,127
322.841977,123,560.26952,0.7398034291390202,0.7398034291390202,0.4303616618492225,0.550266224114943,True,123
321.114793,125,560.398449,0.7425986780327685,0.7425986780327685,0.4218899125432167,0.5492704282967035,True,125
319.249403,124,560.528478,0.7394955770153738,0.7394955770153738,0.4345992284164284,0.5610641265160503,True,124
320.167461,125,560.652796,0.7448096721473215,0.7448096721473215,0.42627165507434317,0.5344195375624252,True,125
322.629317,126,560.774763,0.7427466393943459,0.7427466393943459,0.423999566777945,0.5590302615094798,True,126
325.245884,124,561.210951,0.742093367955515,0.742093367955515,0.42848514789693093,0.5560515101678983,True,124
323.959777,125,561.343514,0.7339467245038651,0.7339467245038651,0.43090079725768615,0.5341170450668238,True,125
324.457697,127,561.470971,0.7481186901844473,0.7481186901844473,0.4248618557168877,0.5166437661946774,True,127
326.559288,125,561.59322,0.7391321833772951,0.7391321833772951,0.4304744498272732,0.5461086538272075,True,125
320.453252,123,561.715638,0.7366972472461215,0.7366972472461215,0.4349189314693578,0.549629561104469,True,123
315.218896,122,561.845609,0.7369170626993237,0.7369170626993237,0.4326536878689033,0.5626361714078272,True,122
323.663117,126,561.979788,0.7383044327708417,0.7383044327708417,0.4325822910477639,0.549104443883986,True,126
322.862681,127,562.112398,0.7509657117136974,0.7509657117136974,0.42807447985253577,0.559213909711096,True,127
326.086225,124,562.238881,0.743508214716176,0.743508214716176,0.4270283315932562,0.5375623425690825,True,124
326.19235,128,562.36915,0.7528763683851082,0.7528763683851082,0.4248417576610788,0.5319748247102717,True,128
325.324664,125,562.497176,0.7470237818894971,0.7470237818894971,0.43476723055013183,0.5583555213899252,True,125
329.653877,127,562.62537,0.7561546584460519,0.7561546584460519,0.419537991504972,0.5353070090418679,True,127
324.321835,124,562.750057,0.7436405349450981,0.7436405349450981,0.42202962098308944,0.5465486101466789,True,124
323.029208,127,562.876129,0.7558542070188446,0.7558542070188446,0.4224505321352059,0.537666941388458,True,127
325.006694,127,563.007363,0.7533849231372888,0.7533849231372888,0.4237809935358329,0.5568017572396166,True,127
332.204144,130,563.13347,0.7562852404723717,0.7562852404723717,0.4319299985390067,0.5377374517517565,True,130
328.417731,128,563.569164,0.7525216704677903,0.7525216704677903,0.42674483383821166,0.5217692660367458,True,128
331.10402,126,563.734032,0.7512280340906389,0.7512280340906389,0.42353242353794596,0.5275470807200183,True,126
315.177694,121,563.86148,0.7405923959231608,0.7405923959231608,0.43556313942676217,0.5659499948282263,True,121
323.018469,126,563.9874,0.743994849738845,0.743994849738845,0.4305970049311248,0.5475479377699192,True,126
322.591482,126,564.114782,0.7489438684419224,0.7489438684419224,0.4241985397916048,0.5185106340277769,True,126
322.309994,127,564.25292,0.7551324717784802,0.7551324717784802,0.42023773026166805,0.5429917588901366,True,127
318.922869,122,564.375839,0.7435755660197654,0.7435755660197654,0.43305397925306205,0.5753741020147292,True,122
317.093571,122,564.495106,0.7322824700004421,0.7322824700004421,0.4269854334734555,0.5462096913442418,True,122
325.298344,127,564.623837,0.7433012773572957,0.7433012773572957,0.43426487615121095,0.555910025776154,True,127
322.603349,125,564.749975,0.7434359547540936,0.7434359547540936,0.434972300227415,0.5459401221965552,True,125
315.112699,126,564.876004,0.7410594972948477,0.7410594972948477,0.4340614184080139,0.5658520760331527,True,126
320.280406,123,565.000006,0.7320494830712527,0.7320494830712527,0.43335472991743773,0.5450823959060315,True,123
312.215786,123,565.119436,0.7408413497469073,0.7408413497469073,0.4230032502527433,0.5466625792117976,True,123
319.661001,123,565.239548,0.7378402099814823,0.7378402099814823,0.4321265838610855,0.5573351102656523,True,123
326.064927,126,565.360198,0.7463540073060679,0.7463540073060679,0.4293424847647222,0.5311185347217545,True,126
323.324532,126,565.484113,0.7448500092134912,0.7448500092134912,0.43385526149692216,0.5606225884689888,True,126
327.080073,124,565.944595,0.7478305591700545,0.7478305591700545,0.42728719160382866,0.5521512799218158,True,124
330.026037,125,566.129603,0.7474367204106235,0.7474367204106235,0.43311463271131334,0.5661297909219642,True,125
327.098486,126,566.252635,0.7467169205940796,0.7467169205940796,0.4321681545621363,0.5484560085768794,True,126
319.2259,123,566.375232,0.7389240824431326,0.7389240824431326,0.4283644735419651,0.5545241815631123,True,123
318.862875,124,566.49783,0.7529683048314647,0.7529683048314647,0.4210855298410966,0.5644038402237052,True,124
327.881693,125,566.617878,0.7606598254573496,0.7606598254573496,0.4237856367931241,0.5523656936604777,True,125
328.86522,126,566.769823,0.7527775173496036,0.7527775173496036,0.42661902420375114,0.5248852908231223,True,126
323.590518,123,566.890854,0.7476329497805198,0.7476329497805198,0.42437433791842555,0.5434211259170421,True,123
310.220475,121,567.015289,0.7424517306566243,0.7424517306566243,0.42470208727023157,0.5529653877301262,True,121
328.829899,128,567.145559,0.7545903507869476,0.7545903507869476,0.42136925977628703,0.5428089684554265,True,128
325.988818,125,567.267301,0.7414287865011888,0.7414287865011888,0.43480006706634045,0.5774418899339709,True,125
323.930769,125,567.396403,0.7416138177534689,0.7416138177534689,0.4304863958545235,0.5534255233671654,True,125
326.806493,126,567.521487,0.7576276167454764,0.7576276167454764,0.4191716679745385,0.5234906321500744,True,126
324.302525,126,567.650526,0.7476692329349407,0.7476692329349407,0.43263986340674415,0.5622303209052701,True,126
328.810755,126,567.773727,0.7418542220343568,0.7418542220343568,0.43045960317410437,0.5562604050130542,True,126
320.004034,124,567.898798,0.7471670517156995,0.7471670517156995,0.42676381076679165,0.5405137621805682,True,124
331.036449,126,568.022964,0.7448966530890834,0.7448966530890834,0.431844656841095,0.5392518343864487,True,126
322.721532,127,568.323647,0.7519452819004453,0.7519452819004453,0.42293307540151687,0.5288750911242784,True,127
317.598361,126,568.47391,0.7443633868910616,0.7443633868910616,0.4208113823098935,0.5166055215973508,True,126
325.289535,125,568.601525,0.7389534841541404,0.7389534841541404,0.4347625687839787,0.5650966720869078,True,125
321.95652,123,568.724305,0.7410935964985481,0.7410935964985481,0.4253617034808993,0.5413709954109942,True,123
324.876459,126,568.850393,0.7541578578647655,0.7541578578647655,0.4253569299356683,0.5271327736758671,True,126
329.739047,128,568.981835,0.7636855817001195,0.7636855817001195,0.42063458119824537,0.5476800034841716,True,128
332.346775,126,569.108795,0.7460608683550168,0.7460608683550168,0.4334333006326928,0.5646331058488128,True,126
325.6885,124,569.231725,0.7467196252011447,0.7467196252011447,0.4274552185328414,0.5411964212516032,True,124
331.374329,127,569.35849,0.7575704495563085,0.7575704495563085,0.4198357448571087,0.5360162152532169,True,127
319.455474,123,569.479814,0.724780612390806,0.724780612390806,0.4342429011689592,0.5478252168718544,True,123
327.190675,126,569.606882,0.7378802774073011,0.7378802774073011,0.43439103515766764,0.5575265988437204,True,126
329.324695,126,569.732589,0.7481473306368842,0.7481473306368842,0.42716385924053923,0.5438852537162421,True,126
328.131108,125,569.857509,0.7602586138341062,0.7602586138341062,0.42200450222412345,0.5497197811753918,True,125
323.690707,124,569.980106,0.7554857389464696,0.7554857389464696,0.42218425432979967,0.5488420861355648,True,124
330.381871,127,570.106081,0.7443862813560267,0.7443862813560267,0.43472854506736985,0.5231924882442236,True,127
319.112968,123,570.224294,0.7426348817495049,0.7426348817495049,0.42477807717130495,0.5192971963627623,True,123
321.218947,123,570.775615,0.7214072728504997,0.7214072728504997,0.4343079162903402,0.583254592862376,True,123
323.512773,125,570.936118,0.7511391814411991,0.7511391814411991,0.42881829897758783,0.5446027002349993,True,125
324.925904,126,571.06956,0.7315635335690036,0.7315635335690036,0.4260807748769052,0.5287550839301632,True,126
317.397388,129,571.211386,0.7469140455536925,0.7469140455536925,0.4311475524923374,0.5278144024622903,True,129
320.995433,125,571.345556,0.7475013175919711,0.7475013175919711,0.42465556916395697,0.5333231446730798,True,125
326.381726,126,571.483448,0.7495325165366373,0.7495325165366373,0.43572753035581,0.5619536386895103,True,126
330.092592,127,571.616151,0.7601691168686777,0.7601691168686777,0.42477217475405354,0.5300467425693928,True,127
330.970566,126,571.74817,0.7463861476586853,0.7463861476586853,0.4255152713709624,0.5505946954222246,True,126
325.384103,128,571.879387,0.7594126160355216,0.7594126160355216,0.42191236045796277,0.5397029829491896,True,128
315.55453,121,572.001977,0.7325683938947423,0.7325683938947423,0.43325560818051834,0.5750438477805402,True,121
315.721912,123,572.128764,0.7408996758305845,0.7408996758305845,0.4245893914325078,0.5450218452524329,True,123
332.004693,127,572.264313,0.7492315249684447,0.7492315249684447,0.4332619076761262,0.5334464751861331,True,127
323.917175,123,572.392579,0.7474627797689931,0.7474627797689931,0.42431478102481646,0.5522788727288339,True,123
324.216082,126,572.524669,0.7452246009676337,0.7452246009676337,0.43003074468034047,0.5468172868040462,True,126
329.837565,128,572.656521,0.7552516214374375,0.7552516214374375,0.4246505054301487,0.5346924780167348,True,128
320.666592,124,572.804303,0.7439693678030123,0.7439693678030123,0.42492361210889334,0.5484521933789253,True,124
313.696198,122,573.444696,0.7370940952615895,0.7370940952615895,0.42478193000989795,0.5391960169600876,True,122
327.872497,126,573.624477,0.747552613411604,0.747552613411604,0.4344958071328069,0.5627584128229227,True,126
327.664795,127,573.756318,0.7403837023647882,0.7403837023647882,0.4263771846176386,0.5447895926302065,True,127
328.410901,128,573.886269,0.7503251028308264,0.7503251028308264,0.42718905202968754,0.5439875867444213,True,128
323.670022,127,574.017313,0.7476362294608296,0.7476362294608296,0.4215357266779591,0.5352598061606706,True,127
324.752947,125,574.147678,0.7478640489634013,0.7478640489634013,0.42400286091998524,0.5192658771485813,True,125
327.392473,125,574.280669,0.7423280527534358,0.7423280527534358,0.4345907716820933,0.5576665141235148,True,125
328.028967,127,574.416857,0.7436655970847298,0.7436655970847298,0.4290491363980517,0.5649533104025644,True,127
329.711409,126,574.545399,0.7387517970019263,0.7387517970019263,0.4350462465780438,0.5442134594898149,True,126
323.44863,125,574.680084,0.7441922406561654,0.7441922406561654,0.4311938141810084,0.5405875140691777,True,125
325.395547,131,574.813268,0.7460336991445408,0.7460336991445408,0.4336537506676908,0.5591412657240723,True,131
321.899863,127,574.945551,0.7452175388892059,0.7452175388892059,0.42574723976701473,0.5584976034135258,True,127
324.018555,129,575.084478,0.7656992124872621,0.7656992124872621,0.4217327276281534,0.5275230089215004,True,129
332.604683,127,575.216495,0.756894271215713,0.756894271215713,0.4215453440913158,0.5206159264743403,True,127
328.969367,128,575.35107,0.744432864215129,0.744432864215129,0.4327351944501124,0.5509475126449475,True,128
328.61572,127,575.479718,0.7495060248608069,0.7495060248608069,0.4298329181051876,0.5548907019146901,True,127
324.211414,126,575.615768,0.75495394838167,0.75495394838167,0.4231771756330864,0.5258216425807113,True,126
324.925254,127,576.163107,0.7494369604585429,0.7494369604585429,0.42316012330521674,0.5502318168272411,True,127
328.135497,127,576.309084,0.7611302797342319,0.7611302797342319,0.4230545008004407,0.5472919393632548,True,127
322.204558,125,576.4404,0.7412211221254655,0.7412211221254655,0.43119972303260423,0.5499361191882742,True,125
335.363317,130,576.582871,0.7610777989481378,0.7610777989481378,0.43021340084300114,0.5481762374317368,True,130
328.686641,125,576.711913,0.7612182246577036,0.7612182246577036,0.42153917098421756,0.5473502163617255,True,125
324.469016,126,576.844883,0.7463976336265986,0.7463976336265986,0.42695347945144096,0.5394027568681409,True,126
328.718374,128,576.979773,0.7380481791840537,0.7380481791840537,0.4322128841658175,0.5315922342125295,True,128
320.151982,125,577.11112,0.7502630243756168,0.7502630243756168,0.431744267060891,0.549328686587358,True,125
328.522762,126,577.24199,0.7468387839046536,0.7468387839046536,0.4355313034901427,0.573095236320262,True,126
324.400649,127,577.378094,0.7504906260025391,0.7504906260025391,0.42528194164470795,0.5344388540184237,True,127
328.026554,129,577.511533,0.7476781835603608,0.7476781835603608,0.43064489245891074,0.550581786209678,True,129
326.842682,126,577.646301,0.741177311443648,0.741177311443648,0.430252946292807,0.5579616502479579,True,126
323.758896,126,577.783754,0.756950288584976,0.756950288584976,0.41889823368701673,0.5438421107894925,True,126
330.439349,131,577.920442,0.7573408769128859,0.7573408769128859,0.4197395839213117,0.5189340709844174,True,131
324.981398,127,578.055595,0.7478021759253441,0.7478021759253441,0.43160547698415364,0.5630733785227283,True,127
321.430137,124,578.183969,0.7519869951460835,0.7519869951460835,0.42509113452317215,0.5510016438753476,True,124
327.486328,128,578.596276,0.7597913737219052,0.7597913737219052,0.42767276988670266,0.5432966580819074,True,128
330.75345,129,578.740555,0.7526453597287801,0.7526453597287801,0.4338560953915835,0.5279824455969936,True,129
323.501335,126,578.867713,0.7495958298438536,0.7495958298438536,0.42385607280846244,0.5157337806266512,True,126
322.542691,125,578.993597,0.7508036339306365,0.7508036339306365,0.4261451658672305,0.5382911240353158,True,125
328.664203,126,579.121336,0.7399493557777636,0.7399493557777636,0.4298369314370627,0.5485332276492043,True,126
331.460883,131,579.257529,0.7560033432905947,0.7560033432905947,0.42977875099798907,0.5066111388570249,True,131
323.305422,125,579.38536,0.7461621921925762,0.7461621921925762,0.43021688616474146,0.5267098382324961,True,125
322.676348,124,579.512383,0.7408917343724687,0.7408917343724687,0.42624092785326156,0.550364863463766,True,124
318.860902,125,579.643661,0.7551641179391342,0.7551641179391342,0.42325005780728614,0.5418604559292394,True,125
327.279097,131,579.781284,0.7488139901778179,0.7488139901778179,0.42414637066824157,0.5153725999326322,True,131
316.704948,122,579.906849,0.721188872535357,0.721188872535357,0.4326389992340198,0.5617641685697634,True,122
327.599301,126,580.038445,0.7373689555376807,0.7373689555376807,0.43583318146624006,0.5702789564518191,True,126
329.238302,126,580.168945,0.7513500230418604,0.7513500230418604,0.4224650030338752,0.5226440009304829,True,126
324.028875,126,580.295955,0.7498242404568918,0.7498242404568918,0.4305308519233637,0.5255779543480046,True,126
321.28828,124,580.422724,0.741593270957103,0.741593270957103,0.42829117503588526,0.5461604420109469,True,124
329.45237,127,580.553015,0.7612670752288149,0.7612670752288149,0.4258935390192608,0.5658592501838726,True,127
322.038911,125,580.986579,0.7423105676234943,0.7423105676234943,0.42719736413409704,0.5509016398563668,True,125
327.190363,125,581.147195,0.7572487416807152,0.7572487416807152,0.42513180441893916,0.5533565144770566,True,125
328.177068,124,581.278231,0.7492266279883355,0.7492266279883355,0.4308818420457065,0.5464472601195675,True,124
321.892074,125,581.41482,0.7453577054032503,0.7453577054032503,0.43102197435210005,0.550629004314996,True,125
333.5172,129,581.550943,0.7605762887464095,0.7605762887464095,0.42333740548827353,0.5132568665855738,True,129
328.400566,129,581.687907,0.7586057118693027,0.7586057118693027,0.4268554033529107,0.5497183023505803,True,129
331.569751,126,581.824517,0.7559780948093626,0.7559780948093626,0.42160071053414094,0.5706874382874556,True,126
331.225814,127,581.960778,0.7622209222172225,0.7622209222172225,0.4247931646640356,0.5306296802143812,True,127
327.269019,125,582.091774,0.7474754229255933,0.7474754229255933,0.4315520103079534,0.5522727383580046,True,125
325.991335,126,582.222471,0.747635250344365,0.747635250344365,0.42712007025669024,0.5465228442111196,True,126
323.22298,126,582.351109,0.7470486051771,0.7470486051771,0.4351437420399944,0.5390802024650612,True,126
327.833276,128,582.487545,0.7445557538425501,0.7445557538425501,0.4302087808249591,0.5445191149623099,True,128
327.207707,124,582.616981,0.7490999170442586,0.7490999170442586,0.4355427637393444,0.5553722239838274,True,124
332.225937,127,582.749885,0.7523044677354815,0.7523044677354815,0.43264874076407184,0.5325414883405852,True,127
315.657452,124,582.884926,0.7492425730210696,0.7492425730210696,0.42653146833656275,0.5423099882939476,True,124
323.56347,124,583.010126,0.7343001557309111,0.7343001557309111,0.43149053405719906,0.5656262598442546,True,124
328.44349,125,583.26321,0.7423221827688582,0.7423221827688582,0.42910827360537124,0.5495802742480339,True,125
324.706664,125,583.440418,0.7593724032775688,0.7593724032775688,0.42045096519299435,0.5255883307060368,True,125
332.60683,129,583.573006,0.7596206163868385,0.7596206163868385,0.426139055896333,0.5193654046430537,True,129
326.515775,128,583.707296,0.7601503910125788,0.7601503910125788,0.4202808106006568,0.543403075118026,True,128
326.133984,128,583.839388,0.7526328138703655,0.7526328138703655,0.4218055119489628,0.5501338261274651,True,128
326.652942,126,583.973065,0.7337241649296458,0.7337241649296458,0.42881353300420594,0.5571976088757651,True,126
326.148141,127,584.113603,0.7434434957290401,0.7434434957290401,0.4330341897209304,0.5473736223629274,True,127
329.252248,126,584.240825,0.7559994965545433,0.7559994965545433,0.422944103385669,0.5360601744424561,True,126
316.811711,123,584.363629,0.712920991849463,0.712920991849463,0.42302144810660397,0.5705337283927402,True,123
323.073397,123,584.490362,0.7393008087328162,0.7393008087328162,0.43398370987272583,0.5591449405777313,True,123
328.698046,128,584.624602,0.760784019768828,0.760784019768828,0.42317417286765036,0.5291086156875056,True,128
322.420584,132,584.761928,0.7635491319576119,0.7635491319576119,0.4236662957694063,0.5267018102821632,True,132
329.216602,127,584.896011,0.7583441712747743,0.7583441712747743,0.4237815691789336,0.5244206451984235,True,127
327.302313,126,585.032244,0.7470218072914323,0.7470218072914323,0.434647586172442,0.5646353860088908,True,126
325.374621,127,585.167758,0.7571818098316574,0.7571818098316574,0.4234186156039387,0.5456124361421337,True,127
321.423115,123,585.295462,0.7460487602081884,0.7460487602081884,0.42655788254775034,0.5614541698662846,True,123
330.577755,128,585.703788,0.7477579082117938,0.7477579082117938,0.42308281987641605,0.5448201943177492,True,128
331.208174,128,585.907324,0.757231228393062,0.757231228393062,0.42561467428597255,0.533000571505554,True,128
320.705704,124,586.030857,0.7444542607216018,0.7444542607216018,0.42411982666542064,0.5533420025036025,True,124
329.509863,130,586.167689,0.7612521359049176,0.7612521359049176,0.42797546577771867,0.5212265895080118,True,130
320.998174,124,586.298037,0.7366460693783993,0.7366460693783993,0.43291846161060943,0.5650083912218866,True,124
333.392302,128,586.434494,0.7578297841125577,0.7578297841125577,0.4239537222164776,0.5469967032223498,True,128
327.202683,125,586.567105,0.748914338190826,0.748914338190826,0.4321274147528265,0.5448414481068716,True,125
325.542623,127,586.704326,0.7399140346042001,0.7399140346042001,0.4211961464228604,0.5171718755796755,True,127
325.253801,125,586.836662,0.7465686868906872,0.7465686868906872,0.4349950722121943,0.559050085477291,True,125
318.314753,123,586.966638,0.7464893808760292,0.7464893808760292,0.42867817381412016,0.5713011452193111,True,123
326.4785,123,587.092282,0.7420894685177373,0.7420894685177373,0.4292139426760038,0.5377164719170701,True,123
332.014078,128,587.222851,0.756796238090262,0.756796238090262,0.427213602174331,0.5439592672342249,True,128
328.185111,126,587.35392,0.7471536271669992,0.7471536271669992,0.43587630689265333,0.5551566072389125,True,126
327.808478,126,587.486048,0.7460480513300398,0.7460480513300398,0.42926221164588796,0.5623281687806719,True,126
329.537667,125,587.616439,0.7376208529858389,0.7376208529858389,0.43277565606847607,0.5694341321468295,True,125
325.52696,130,587.751451,0.7503527989104732,0.7503527989104732,0.42787304808031623,0.5242093998189528,True,130
323.583116,126,587.883123,0.756864897455156,0.756864897455156,0.4209912108352181,0.5327190635785196,True,126
325.543158,124,588.326141,0.7450567125795488,0.7450567125795488,0.4312543336337301,0.5814449059414168,True,124
326.351441,124,588.462995,0.7551359898730639,0.7551359898730639,0.4218656768396887,0.574706181856852,True,124
328.643567,127,588.594328,0.7618511435566198,0.7618511435566198,0.4197745130648273,0.5413632614031143,True,127
330.567234,128,588.72571,0.7593493102679185,0.7593493102679185,0.4303018432110199,0.5468322601141119,True,128
329.693691,128,588.860653,0.753226718326448,0.753226718326448,0.43547029474064985,0.5554979491959813,True,128
322.846189,131,588.996832,0.7561609726871967,0.7561609726871967,0.4209086243695578,0.5231649155129613,True,131
331.698432,128,589.128881,0.7331746145299801,0.7331746145299801,0.4357851255040393,0.5757713661932812,True,128
329.418722,128,589.263434,0.7552610754579453,0.7552610754579453,0.42367323353238384,0.49690436171132346,True,128
324.915368,128,589.394174,0.7595566570257213,0.7595566570257213,0.4225857776545515,0.5348797825537809,True,128
333.062913,128,589.53101,0.7589816060049008,0.7589816060049008,0.4229176982928838,0.5567639982402718,True,128
333.778878,128,589.666025,0.7527708090182037,0.7527708090182037,0.4306511850534168,0.5605808582315788,True,128
332.557512,129,589.79913,0.7367101108759286,0.7367101108759286,0.4347571751885196,0.5515597645929495,True,129
332.719946,130,589.933228,0.7609029864780635,0.7609029864780635,0.42126165535512755,0.5170633927976753,True,130
322.525344,126,590.07062,0.744943997530212,0.744943997530212,0.4236671800327304,0.564360214543779,True,126
328.156909,126,590.203067,0.7459747890957492,0.7459747890957492,0.42603140371195963,0.552460622132982,True,126
324.163802,126,590.335345,0.7464466292914669,0.7464466292914669,0.42780330176201675,0.5477657183189713,True,126
332.298039,124,590.811913,0.743023230219064,0.743023230219064,0.43491292165941764,0.5868670343773971,True,124
329.309997,128,590.955223,0.7477030450301434,0.7477030450301434,0.43030572624865976,0.5534610409660171,True,128
331.616886,130,591.094538,0.7574101305059575,0.7574101305059575,0.42614000892478615,0.5272764841115299,True,130
330.848128,127,591.23053,0.7621360179405998,0.7621360179405998,0.42464052465667806,0.5437416578819942,True,127
329.560579,125,591.364997,0.7502012791795825,0.7502012791795825,0.42805610979141073,0.5621269716783721,True,125
324.696828,129,591.496621,0.7482539382900418,0.7482539382900418,0.4236806714312947,0.5406298789088536,True,129
325.663772,129,591.635649,0.7515181641151438,0.7515181641151438,0.43323403676119454,0.5401723392760212,True,129
328.302972,127,591.771022,0.7473124496343571,0.7473124496343571,0.43336975234321923,0.5379305691995708,True,127
332.292392,129,591.910879,0.7493968400964071,0.7493968400964071,0.43201537613675084,0.532048027631361,True,129
315.04679,124,592.041717,0.7207619934903897,0.7207619934903897,0.4286673478358808,0.5508997233723801,True,124
329.382241,128,592.177693,0.7545154404098274,0.7545154404098274,0.4304776078999797,0.5518700904629517,True,128
320.611159,124,592.302887,0.7434340308288628,0.7434340308288628,0.4342488746248702,0.5620808072485337,True,124
322.165505,124,592.43543,0.75067102876251,0.75067102876251,0.4271517897973004,0.5447945010958753,True,124
326.955629,125,592.567066,0.7499498111357615,0.7499498111357615,0.4236531555001362,0.5448826095903624,True,125
327.062167,128,592.696233,0.7613183898169332,0.7613183898169332,0.4280201349438053,0.5478037974910017,True,128
328.452152,128,592.833022,0.7552631666598941,0.7552631666598941,0.4240674034731221,0.5175639693140093,True,128
326.310763,127,593.349746,0.7534349698280093,0.7534349698280093,0.42766366299140823,0.570399169573573,True,127
328.749934,129,593.508281,0.7473924871411949,0.7473924871411949,0.43337734489034685,0.5667133096851947,True,129
326.980985,126,593.636547,0.7520607149500994,0.7520607149500994,0.4234388759337336,0.52000453328788,True,126
330.843543,130,593.773115,0.7503337744894208,0.7503337744894208,0.4310052276494365,0.5281369408142309,True,130
324.262308,127,593.907755,0.7492939230928738,0.7492939230928738,0.42921707033446205,0.5425823493604766,True,127
331.813005,125,594.035436,0.7506279172156821,0.7506279172156821,0.4321884162322493,0.5327838873767053,True,125
331.719807,128,594.170906,0.7501265080451119,0.7501265080451119,0.4324021847125461,0.547810647881801,True,128
324.256887,129,594.304206,0.7519250770441267,0.7519250770441267,0.42138857239164595,0.5508036464552851,True,129
330.126153,128,594.4344,0.7551866521201299,0.7551866521201299,0.42913257777307046,0.5248915540905486,True,128
328.602926,129,594.568879,0.7683647740691713,0.7683647740691713,0.4199148114576676,0.49726643226721085,True,129
332.479242,129,594.701863,0.7494056357687581,0.7494056357687581,0.42943433710903206,0.5340173705935589,True,129
328.124169,123,594.831754,0.7424149833011585,0.7424149833011585,0.4311060093559785,0.5597193527297964,True,123
330.96904,127,594.964527,0.7539197200564048,0.7539197200564048,0.4253310044374906,0.5517387059852152,True,127
329.802642,127,595.100684,0.7542257935118318,0.7542257935118318,0.43060274769819806,0.5643358677692838,True,127
329.187028,130,595.240976,0.7449590320301107,0.7449590320301107,0.4335003632862866,0.5581198499904798,True,130
330.159824,130,595.378381,0.7487700600708836,0.7487700600708836,0.43378240519923245,0.5389274868726881,True,130
334.668461,132,595.883508,0.7489554442503611,0.7489554442503611,0.42923244203276206,0.5274613147461138,True,132
329.854617,127,596.032737,0.7528960021545583,0.7528960021545583,0.42611538723226183,0.5548362908920812,True,127
326.48,127,596.164791,0.736032802677024,0.736032802677024,0.4357125890890682,0.5689015723756577,True,127
336.447915,128,596.302721,0.7600075465111028,0.7600075465111028,0.4268868735458153,0.5396809706899799,True,128
335.500982,128,596.443024,0.7634616662654747,0.7634616662654747,0.42000366781130044,0.5535047582492654,True,128
330.295688,127,596.580235,0.7499253091648195,0.7499253091648195,0.43455386311222277,0.5635826795379103,True,127
326.992211,128,596.707618,0.752952327307578,0.752952327307578,0.42571799188083537,0.569171103254066,True,128
329.152575,126,596.839489,0.7489987312598079,0.7489987312598079,0.430703617673357,0.5666122646832228,True,126
324.122608,127,596.969291,0.7491512305824354,0.7491512305824354,0.4352648519008443,0.5598674485035151,True,127
332.931863,128,597.104933,0.7601790417733104,0.7601790417733104,0.42722385495777093,0.5649415404222617,True,128
330.803781,126,597.238456,0.7539913649281577,0.7539913649281577,0.42542632714156325,0.5413502731650035,True,126
324.607953,130,597.370651,0.7562625069034302,0.7562625069034302,0.4259438181244628,0.5383280616366486,True,130
330.772043,126,597.500093,0.7425543193971279,0.7425543193971279,0.43046441963042065,0.5538391440530849,True,126
328.384854,126,597.631374,0.7512995273221102,0.7512995273221102,0.42447697673798146,0.5536392362021191,True,126
330.08646,127,597.768807,0.7519084981483733,0.7519084981483733,0.42657822391965877,0.5489905566462638,True,127
331.022279,126,597.89624,0.747315061513008,0.747315061513008,0.42785577390100094,0.5546761407062929,True,126
333.590507,129,598.405204,0.7559434257104642,0.7559434257104642,0.4249028656696103,0.5382259347099361,True,129
325.358156,125,598.546597,0.7500085540327537,0.7500085540327537,0.42139834954979,0.5368800772850418,True,125
328.832377,124,598.671154,0.7380799420926961,0.7380799420926961,0.4353006890470624,0.567724671427842,True,124
331.073746,127,598.801714,0.7541179652070144,0.7541179652070144,0.42116334979024195,0.5424727660574069,True,127
327.084847,130,598.939832,0.7655285394936361,0.7655285394936361,0.41920140887624785,0.5269971827738426,True,130
327.834363,127,599.071178,0.7559447686022653,0.7559447686022653,0.4223857361030661,0.519998572781844,True,127
330.835846,128,599.205912,0.7504776552799288,0.7504776552799288,0.43030916769568284,0.5577362996600455,True,128
328.924289,125,599.339491,0.7536799238476277,0.7536799238476277,0.43532837377471106,0.5475925785826049,True,125
330.492599,129,599.478643,0.7527970276245657,0.7527970276245657,0.42309837508347525,0.5362912930108158,True,129
325.02819,129,599.616991,0.7608573634892989,0.7608573634892989,0.4231083193783683,0.5312656871185335,True,129
331.954731,131,599.752979,0.762182980536066,0.762182980536066,0.41887860526868426,0.5037346388611492,True,131
328.86217,127,599.891574,0.7346977478333793,0.7346977478333793,0.43106421227987063,0.5653448455532811,True,127
326.945184,129,600.028248,0.7586002329961066,0.7586002329961066,0.42942264464759206,0.5631602028945525,True,129
328.853704,126,600.158413,0.7506150488213754,0.7506150488213754,0.42689179522236653,0.5558613018488425,True,126
325.325718,128,600.290093,0.7523716868273593,0.7523716868273593,0.4279861391036799,0.5406815420138089,True,128
333.755538,129,600.420976,0.7494375794797523,0.7494375794797523,0.4321330895280051,0.5465519626469929,True,129
328.516385,131,600.845725,0.7648940892959287,0.7648940892959287,0.42845790706540443,0.5444825330923312,True,131
330.742588,127,600.999173,0.7410272890808004,0.7410272890808004,0.43317872473237035,0.5379461765369129,True,127
326.359264,126,601.12831,0.7521781078149162,0.7521781078149162,0.4226538863942941,0.5253722640323514,True,126
328.014708,129,601.262427,0.7589122868249686,0.7589122868249686,0.42589918704371316,0.5302534596884172,True,129
322.92631,126,601.394698,0.7515347108220457,0.7515347108220457,0.422976024890988,0.5645925249165169,True,126
323.013109,132,601.534058,0.7676699287939451,0.7676699287939451,0.4223638265226402,0.5246000193596948,True,132
328.344295,127,601.665687,0.7469653984199583,0.7469653984199583,0.4356243615091918,0.5574982130388618,True,127
329.837495,125,601.79631,0.7471300641639173,0.7471300641639173,0.43552407920566677,0.545571605162751,True,125
331.074611,127,601.929517,0.7534030418658623,0.7534030418658623,0.42700702410382074,0.5161699007647796,True,127
322.852604,130,602.063582,0.7676138437674335,0.7676138437674335,0.4223580409736716,0.5364003040519504,True,130
328.792498,127,602.196661,0.752836779463449,0.752836779463449,0.4272875047480307,0.5479676657225201,True,127
330.772323,127,602.334219,0.7629371109820065,0.7629371109820065,0.4215859370331528,0.5246754836161096,True,127
326.963947,126,602.468608,0.7552941007284034,0.7552941007284034,0.43020615934157935,0.5823166215523315,True,126
333.882258,129,602.602957,0.7544085861245984,0.7544085861245984,0.42452858325573445,0.539404755656867,True,129
327.66026,128,602.733259,0.7621237014285437,0.7621237014285437,0.4191868140142989,0.547405680549006,True,128
328.15913,129,602.869875,0.7583450652413174,0.7583450652413174,0.43244447606754116,0.5319581465319192,True,129
325.066111,129,603.469568,0.7412202755432625,0.7412202755432625,0.42602321191407067,0.5387013664195242,True,129
332.213775,126,603.621901,0.7537311605677105,0.7537311605677105,0.4325757112094175,0.5631443347190761,True,126
325.347241,125,603.746884,0.7476011409576273,0.7476011409576273,0.4330018009659386,0.5563692844383185,True,125
330.712538,126,603.880401,0.739998615296354,0.739998615296354,0.4311411438423899,0.5676942839277968,True,126
330.859155,128,604.010375,0.7539003008654823,0.7539003008654823,0.42465382873993673,0.5315543269857625,True,128
327.3799,126,604.136496,0.7496555756264301,0.7496555756264301,0.4265055216028274,0.555669334456045,True,126
329.149744,127,604.264991,0.7440299312853736,0.7440299312853736,0.423808744241731,0.5297186331087502,True,127
329.938614,128,604.397758,0.7502839052005938,0.7502839052005938,0.42587217955340095,0.5106542145046853,True,128
329.954275,129,604.530036,0.7386259505302187,0.7386259505302187,0.43120303849424785,0.5456007971768064,True,129
328.130714,126,604.660318,0.7377139407939578,0.7377139407939578,0.43602830817028504,0.5396393661993555,True,126
332.318719,129,604.792015,0.7590091481776997,0.7590091481776997,0.42598324058630505,0.5574324679686464,True,129
323.049442,124,604.917312,0.7479199386173402,0.7479199386173402,0.4304244207139184,0.5354078106238603,True,124
324.177747,122,605.040659,0.7309601139824631,0.7309601139824631,0.43168307058039945,0.5602890882542328,True,122
326.4049,126,605.171012,0.7468442804551069,0.7468442804551069,0.4273311031523618,0.5433897972938624,True,126
325.839896,129,605.303601,0.7584888945661878,0.7584888945661878,0.42427149806797987,0.5520506812131377,True,129
331.385308,129,605.434299,0.7541579095785723,0.7541579095785723,0.4268490554567336,0.5081727325504031,True,129
334.360224,134,605.846059,0.7539254108118919,0.7539254108118919,0.4234338967683373,0.5247422561482955,True,134
330.421427,126,605.994678,0.7506608126514451,0.7506608126514451,0.43259559055606595,0.57450591616207,True,126
335.331429,129,606.125897,0.7604424565970817,0.7604424565970817,0.4292416483138521,0.5515926637596659,True,129
321.635466,128,606.258625,0.7478763655941023,0.7478763655941023,0.43528938728242317,0.5812829834758286,True,128
333.218717,126,606.392847,0.7422263064612075,0.7422263064612075,0.426851208211304,0.5426951945894913,True,126
327.81577,129,606.532019,0.759620351914854,0.759620351914854,0.42248891075046835,0.5290695282940894,True,129
324.73433,128,606.66542,0.7491105637116304,0.7491105637116304,0.4314759686512347,0.5741571085685142,True,128
330.960322,130,606.799065,0.7536921099591343,0.7536921099591343,0.4203998554096921,0.5315240118302214,True,130
331.804214,127,606.932039,0.7521669020675809,0.7521669020675809,0.4270228174317426,0.5333704311960833,True,127
332.849245,129,607.069445,0.7645169751257631,0.7645169751257631,0.4197743562764215,0.5221949567080179,True,129
333.726747,129,607.205767,0.7426663221557247,0.7426663221557247,0.4358621263342227,0.5541706465869801,True,129
329.117109,129,607.347784,0.7543048606180769,0.7543048606180769,0.434303252238186,0.5633943905693927,True,129
332.468338,129,607.477811,0.7547855907712753,0.7547855907712753,0.42510369014286103,0.5337546203482794,True,129
332.255368,127,607.612939,0.7480428825864942,0.7480428825864942,0.43540987034682677,0.5761849146614283,True,127
330.095566,126,607.741604,0.753977648328881,0.753977648328881,0.4227853435225959,0.5512760891304609,True,126
327.441443,127,607.872733,0.7538895933043418,0.7538895933043418,0.42886757172750284,0.5406860509191931,True,127
329.748474,124,608.294156,0.7468779439727461,0.7468779439727461,0.42681308245521715,0.5617408441135682,True,124
327.573554,125,608.476911,0.7453167918832541,0.7453167918832541,0.43073726885994346,0.5531647981623316,True,125
325.904699,124,608.603194,0.7376356633035817,0.7376356633035817,0.42726590605342507,0.5325970503971139,True,124
330.533287,128,608.735914,0.7502147407313359,0.7502147407313359,0.4277871938453176,0.5287117206844819,True,128
326.52847,127,608.862825,0.748170282033768,0.748170282033768,0.4356544631137555,0.549978322227204,True,127
330.156319,127,608.990503,0.7513997261084102,0.7513997261084102,0.42457985182497276,0.5448503278153931,True,127
332.464096,130,609.127302,0.7487297436152489,0.7487297436152489,0.428964942959612,0.5801433534719636,True,130
334.009113,129,609.261739,0.7499397566724142,0.7499397566724142,0.42779729801316646,0.563318690025184,True,129
327.184646,124,609.391159,0.7335624406600588,0.7335624406600588,0.4318095068504036,0.544395433195235,True,124
326.485717,127,609.522074,0.7486544817413378,0.7486544817413378,0.43221490951227787,0.5385703535996145,True,127
332.623315,127,609.648708,0.7366112101228764,0.7366112101228764,0.43576824648864865,0.57595784707968,True,127
333.909127,130,609.784228,0.7511271856544846,0.7511271856544846,0.4284901347278147,0.5347518527843866,True,130
332.229535,127,609.919431,0.7450407149014348,0.7450407149014348,0.4317921706709578,0.5605985131028359,True,127
329.633198,126,610.052758,0.7554051597845532,0.7554051597845532,0.4287769214242802,0.5517312759060871,True,126
332.906015,128,610.185348,0.756056339303409,0.756056339303409,0.4261106696143678,0.533591813553903,True,128
329.802674,127,610.31851,0.7608825565005524,0.7608825565005524,0.4211056721508636,0.549374240765287,True,127
334.699487,132,610.707419,0.7440888492026556,0.7440888492026556,0.43486108977311333,0.5380704207312016,True,132
329.114706,124,610.878924,0.7563043079697886,0.7563043079697886,0.4182412025211802,0.5583641011670426,True,124
319.444396,124,611.002759,0.7156357849809608,0.7156357849809608,0.43561857572384444,0.5686597529472779,True,124
330.94826,128,611.133704,0.7535493287292575,0.7535493287292575,0.4307685703603542,0.5650718814865808,True,128
328.350281,126,611.264746,0.751213940376752,0.751213940376752,0.42654815176904026,0.5553689789098238,True,126
324.637969,126,611.395483,0.7444995403527715,0.7444995403527715,0.4248223960369753,0.560482220553932,True,126
326.881157,125,611.534443,0.7559612235974709,0.7559612235974709,0.4217192843532668,0.5491778174038772,True,125
336.46719,129,611.672182,0.7619195682194622,0.7619195682194622,0.4226232740102272,0.5396672820706677,True,129
331.190817,129,611.808283,0.7578980058418691,0.7578980058418691,0.42804091032212443,0.556416073917609,True,129
331.692428,126,611.939207,0.7523426840647488,0.7523426840647488,0.42808192274072415,0.5443434261739326,True,126
324.514891,126,612.074239,0.7543813006355394,0.7543813006355394,0.4284336814071045,0.5373361233800724,True,126
332.413042,128,612.203948,0.7518602352966535,0.7518602352966535,0.4234805773399775,0.5400189356657302,True,128
333.465157,127,612.331206,0.7559696349955023,0.7559696349955023,0.42304128391187745,0.5608116300225798,True,127
331.046718,126,612.46331,0.7493093365563436,0.7493093365563436,0.43125021819713333,0.5532663267899598,True,126
332.298087,128,612.596055,0.7566592610338014,0.7566592610338014,0.42888115967662105,0.5589386140219277,True,128
327.684984,126,612.724905,0.7460891810321616,0.7460891810321616,0.4340557258321986,0.5418758555411018,True,126
330.405647,126,613.144626,0.754816305363498,0.754816305363498,0.42332365789533904,0.5148997295332072,True,126
321.173375,123,613.317487,0.7491770113091195,0.7491770113091195,0.4304928488392181,0.5383041591907721,True,123
330.541975,129,613.4491,0.7489667885510902,0.7489667885510902,0.433702032559176,0.5706285964349606,True,129
327.235831,129,613.585522,0.7508195919161292,0.7508195919161292,0.4203917675296049,0.5211133870642687,True,129
332.258197,129,613.721835,0.746711245351195,0.746711245351195,0.4289028842444272,0.5447590484307374,True,129
323.279387,125,613.852295,0.7421114824931562,0.7421114824931562,0.4314282686658436,0.5789381521971949,True,125
334.462124,129,613.990366,0.7565188172162938,0.7565188172162938,0.425274947008105,0.5178068845294279,True,129
327.209362,126,614.120359,0.7399329457598542,0.7399329457598542,0.4345397493475309,0.526103579467419,True,126
332.313163,128,614.248327,0.7518766242627931,0.7518766242627931,0.4285487915843676,0.5269258044738993,True,128
327.656087,126,614.380767,0.7579750295737845,0.7579750295737845,0.4247973912983483,0.5615277429261938,True,126
329.00922,126,614.513796,0.73918356978328,0.73918356978328,0.42849649449935584,0.5447091677449238,True,126
328.331531,127,614.647928,0.7247937171923216,0.7247937171923216,0.43352586875413057,0.5589579957066958,True,127
330.401428,130,614.781797,0.7576767998773157,0.7576767998773157,0.42168296105691294,0.5558867798977496,True,130
330.17697,126,614.913265,0.7561603611255234,0.7561603611255234,0.4215662850994134,0.546736013443679,True,126
324.692586,125,615.041662,0.7414614775379207,0.7414614775379207,0.42508165958180044,0.545474668577488,True,125
334.194021,129,615.178435,0.750567969670029,0.750567969670029,0.4296656646361251,0.5532194741430039,True,129
321.985371,127,615.310531,0.75415905635267,0.75415905635267,0.4306674969599275,0.567451588849736,True,127
324.670679,125,615.894929,0.7572129286381262,0.7572129286381262,0.42574373908205004,0.5656085322410316,True,125
333.061967,127,616.016989,0.7488479009747135,0.7488479009747135,0.4274136777408674,0.5582080163980333,True,127
337.536216,131,616.148302,0.7508802927371877,0.7508802927371877,0.4280979655877828,0.5343900647338429,True,131
332.463435,131,616.281771,0.7646573748837462,0.7646573748837462,0.42500219409979645,0.5275131263685771,True,131
331.676344,126,616.412653,0.7472911644866367,0.7472911644866367,0.42703213270971446,0.5469620786896835,True,126
326.310364,123,616.544902,0.7446356260032129,0.7446356260032129,0.4307472290416379,0.5536228742431795,True,123
334.206429,130,616.676341,0.750603957319413,0.750603957319413,0.432359944260819,0.5620891669126986,True,130
336.246465,127,616.806734,0.750478414977178,0.750478414977178,0.4299705354591071,0.5549002940131275,True,127
336.347137,131,616.94178,0.7514568994660543,0.7514568994660543,0.42718313614125625,0.5372187560163681,True,131
333.130585,128,617.074226,0.7479672435272798,0.7479672435272798,0.4285953353208346,0.552966666241809,True,128
334.821877,129,617.208571,0.7524260761002796,0.7524260761002796,0.4301168022174231,0.5595459024035855,True,129
326.626558,126,617.336647,0.7466930730539378,0.7466930730539378,0.42642788093108275,0.5213474063157753,True,126
331.013338,126,617.470336,0.7406668723182761,0.7406668723182761,0.43481138647767154,0.569963977745301,True,126
316.295006,124,617.601894,0.7406896528079835,0.7406896528079835,0.4275831720893574,0.5664294280340555,True,124
317.561588,132,617.737887,0.7354232341256058,0.7354232341256058,0.43500221653406024,0.5620394011850673,True,132
326.998512,127,617.866775,0.7398760218820531,0.7398760218820531,0.4333761834714899,0.5407765695664428,True,127
331.903924,129,618.629668,0.7611124465652658,0.7611124465652658,0.42212758720159393,0.5394063267457612,True,129
323.954464,124,618.773498,0.7607983487603468,0.7607983487603468,0.42296034978849145,0.5779370812299892,True,124
327.275007,127,618.901351,0.745555682128546,0.745555682128546,0.4271541102235187,0.568000923266495,True,127
335.375152,129,619.035305,0.746281431915245,0.746281431915245,0.4354556072401323,0.5673846964214952,True,129
327.207561,130,619.170978,0.761248906853365,0.761248906853365,0.42202627751974703,0.5293114295300564,True,130
337.184681,128,619.302727,0.7501479153030273,0.7501479153030273,0.4359202258269968,0.5494734080631009,True,128
334.529325,130,619.43625,0.7581335733947723,0.7581335733947723,0.4215181406717541,0.5373772721916833,True,130
332.416031,127,619.568397,0.7388459197220838,0.7388459197220838,0.4342654836443063,0.5611133120780792,True,127
321.170358,130,619.707184,0.7543003429538222,0.7543003429538222,0.4243009976884088,0.5521525894211906,True,130
325.804198,128,619.839234,0.7470353467502806,0.7470353467502806,0.42017366512908616,0.5404537032323234,True,128
327.66721,125,619.974663,0.7541902825008752,0.7541902825008752,0.429082135849604,0.5626926816712631,True,125
335.106379,126,620.106236,0.7459089934999992,0.7459089934999992,0.43224363369492064,0.5618181906495301,True,126
333.202783,130,620.240531,0.7582836493784169,0.7582836493784169,0.41975182869857003,0.5470562561670789,True,130
327.589155,129,620.374662,0.7660255953314283,0.7660255953314283,0.42251137251796367,0.5690054614494868,True,129
330.343872,128,620.514536,0.7583726754122642,0.7583726754122642,0.4256532503633611,0.539459778741085,True,128
332.867259,128,620.642914,0.7222171261860066,0.7222171261860066,0.43502100106167046,0.5249364187876449,True,128
328.736997,129,621.130562,0.7493020372566027,0.7493020372566027,0.4282432895943581,0.5512410202372999,True,129
333.862579,127,621.259527,0.7469843593850375,0.7469843593850375,0.4248690286282475,0.5509752560833144,True,127
324.317601,127,621.388891,0.7382429515778339,0.7382429515778339,0.42390242291535885,0.568914964609201,True,127
330.469736,127,621.521343,0.7568182233099386,0.7568182233099386,0.4225685130484807,0.5487466132567913,True,127
328.35814,130,621.653342,0.7536381800734356,0.7536381800734356,0.4216990799383917,0.5550867082655672,True,130
330.62696,127,621.785148,0.7572915132408969,0.7572915132408969,0.42239394177098566,0.5278162345074001,True,127
332.826684,128,621.911047,0.7580033820732843,0.7580033820732843,0.4253472543763445,0.5376978616811029,True,128
331.131059,125,622.033723,0.7459041282429094,0.7459041282429094,0.42800488670590026,0.5700532148224333,True,125
331.387251,128,622.163807,0.7521219620060247,0.7521219620060247,0.43533253420017454,0.5430197101012773,True,128
328.269299,127,622.289618,0.7502009055801127,0.7502009055801127,0.4269345441708404,0.5405253294494707,True,127
328.603968,126,622.414789,0.7400346950636456,0.7400346950636456,0.43525864075955994,0.5598670755501773,True,126
321.770871,126,622.541529,0.7551925211961358,0.7551925211961358,0.41947346715436423,0.5030567251063647,True,126
328.895049,129,622.676437,0.7550455396975374,0.7550455396975374,0.42635043399768097,0.5454885348803892,True,129
333.400241,126,622.811627,0.744339505521406,0.744339505521406,0.4337336577023463,0.57020850745701,True,126
326.607753,126,622.951174,0.739227019027947,0.739227019027947,0.42267941737778497,0.5528477191417255,True,126
335.248604,131,623.089189,0.7582694605006665,0.7582694605006665,0.42072911633150295,0.5095588542061488,True,131
331.921959,125,623.54349,0.7586588861194722,0.7586588861194722,0.4204624003852625,0.5390024884333706,True,125
330.559777,128,623.684412,0.7617911899298924,0.7617911899298924,0.4259324493942502,0.555745269330604,True,128
333.689777,126,623.844203,0.7398225888842161,0.7398225888842161,0.4336218063527981,0.5475959217991438,True,126
326.622729,126,624.038413,0.7516453970279106,0.7516453970279106,0.4360139975138788,0.5800901499172099,True,126
325.85886,126,624.211568,0.7565807782074903,0.7565807782074903,0.42096324063263085,0.5150256592364503,True,126
328.603337,128,624.401915,0.7621563154809743,0.7621563154809743,0.4247059925187772,0.5323114537644654,True,128
327.957288,128,624.560289,0.7531835440386527,0.7531835440386527,0.42025023660648697,0.529911097489278,True,128
331.836378,128,624.724884,0.7512295890823771,0.7512295890823771,0.425162346991722,0.5531369164489632,True,128
332.017009,126,624.895514,0.7381814474857972,0.7381814474857972,0.4354447637459202,0.5329330544982408,True,126
336.955453,128,625.061074,0.7620367648854162,0.7620367648854162,0.4242198232890074,0.5366407441119891,True,128
334.346002,127,625.247339,0.7550424434049057,0.7550424434049057,0.42370131336459377,0.5462177448201413,True,127
331.133106,128,625.44707,0.7529121416456708,0.7529121416456708,0.4240903705180875,0.5422877945565412,True,128
329.656285,127,625.62473,0.7337851692140914,0.7337851692140914,0.42978046743868414,0.547056526541486,True,127
328.420223,124,625.794262,0.7442607664552887,0.7442607664552887,0.4248115961616933,0.5400162897751122,True,124
337.741656,128,625.955379,0.7566354404075669,0.7566354404075669,0.4258510931571958,0.5350264731503903,True,128
331.145738,126,626.126949,0.756227368651433,0.756227368651433,0.4232898726105016,0.5374601185564323,True,126
321.517566,124,626.527496,0.7346871598752808,0.7346871598752808,0.4216090141066521,0.567622503913976,True,124
328.307436,126,626.754501,0.744720831053902,0.744720831053902,0.42947072816302084,0.555601012819627,True,126
325.016232,124,626.906568,0.7465557011908733,0.7465557011908733,0.4209560652434368,0.5367222263194548,True,124
325.920227,130,627.070787,0.7519319762703052,0.7519319762703052,0.4277949271404116,0.5333778911835859,True,130
328.537066,127,627.237832,0.7619123263149681,0.7619123263149681,0.4259500527912457,0.5437590355111028,True,127
335.491574,127,627.417974,0.7407281906485274,0.7407281906485274,0.4333901985266636,0.5713645601459778,True,127
333.936316,127,627.572705,0.7575186729159765,0.7575186729159765,0.42758613315903565,0.5481387077677892,True,127
324.620129,130,627.759882,0.7520984748428412,0.7520984748428412,0.42174308523319154,0.5335011670737165,True,130
325.734473,125,627.92115,0.7409041150321111,0.7409041150321111,0.434529572593782,0.5496620903327493,True,125
328.736607,125,628.114018,0.7453260887377617,0.7453260887377617,0.4218175831797724,0.558033440028309,True,125
330.819008,126,628.292084,0.7543982157526452,0.7543982157526452,0.42417505382282156,0.5482254098454706,True,126
323.191068,131,628.483656,0.7553764953401212,0.7553764953401212,0.42649449396156863,0.5567499763991349,True,131
328.621556,127,628.659769,0.7559935709416186,0.7559935709416186,0.42987194803902795,0.5391583451284538,True,127
326.580015,129,628.820123,0.763691626379019,0.763691626379019,0.42097750230310566,0.5356902119556294,True,129
331.20518,125,629.003118,0.7453023118437753,0.7453023118437753,0.4355300463735647,0.559667694316099,True,125
338.387634,130,629.192954,0.7640039176928378,0.7640039176928378,0.4210950609820362,0.5493822044189363,True,130
333.350348,127,629.74111,0.7521741607880963,0.7521741607880963,0.4359543307608003,0.5647615850175496,True,127
329.185505,125,629.975843,0.7476762901450742,0.7476762901450742,0.4281129468164994,0.537839646434193,True,125
322.305405,127,630.152499,0.7437343598909827,0.7437343598909827,0.4318774329249562,0.541318848297921,True,127
335.129533,129,630.30325,0.7567057422369428,0.7567057422369428,0.43112462003283925,0.5419984320692691,True,129
330.902302,126,630.467041,0.7509609508947012,0.7509609508947012,0.4343823169096688,0.5515168122635815,True,126
332.11271,128,630.66573,0.7568467461291687,0.7568467461291687,0.42655883737684674,0.5444580437219091,True,128
329.117128,126,630.855583,0.754554044318172,0.754554044318172,0.4236973850936884,0.5505241386444644,True,126
330.756707,129,631.031819,0.741774071488686,0.741774071488686,0.43071904452643034,0.5665680618040934,True,129
329.97866,125,631.232613,0.7422628680455247,0.7422628680455247,0.43457630975254785,0.5582466435845632,True,125
334.650217,128,631.41653,0.7540090494207613,0.7540090494207613,0.42809546344388144,0.5482465476844245,True,128
330.924786,129,631.583136,0.7513964340940059,0.7513964340940059,0.42995396529117647,0.5530121093387339,True,129
329.214164,125,631.753668,0.7408543901490556,0.7408543901490556,0.43338895120967424,0.5724854673389147,True,125
332.263769,127,631.929098,0.7529017001392515,0.7529017001392515,0.4279444774642205,0.559698227411037,True,127
334.998429,126,632.103508,0.7549264334912108,0.7549264334912108,0.4252545266634079,0.5602229284737008,True,126
326.602718,127,632.258063,0.7645181139072197,0.7645181139072197,0.42060606533200806,0.5547365640731086,True,127
324.269956,123,632.441372,0.737612713792297,0.737612713792297,0.4305613192592809,0.5545343631418428,True,123
334.17504,128,633.056874,0.757694210237056,0.757694210237056,0.42575638787362535,0.5543665387027096,True,128
335.999433,131,633.292511,0.7674494240140008,0.7674494240140008,0.42528277123030345,0.5226714403316496,True,131
331.482184,130,633.484665,0.7615088275798967,0.7615088275798967,0.4200858831895033,0.5308327039558927,True,130
335.458721,130,633.674191,0.7573105948140275,0.7573105948140275,0.4202129497868809,0.5388030519969095,True,130
326.813634,125,633.82917,0.7424367455519135,0.7424367455519135,0.4321640265987693,0.5583030654110757,True,125
330.525816,126,633.98582,0.7470468702247395,0.7470468702247395,0.4206003405243789,0.5427440533938708,True,126
336.145306,126,634.149637,0.7551173195307765,0.7551173195307765,0.4264267226379476,0.5396053037388152,True,126
330.578752,132,634.337563,0.7568121845908589,0.7568121845908589,0.42432876012086485,0.49594572256158725,True,132
324.774579,123,634.477647,0.7422281932829884,0.7422281932829884,0.43528632347985186,0.5741189858746945,True,123
334.203643,127,634.640491,0.751876474738983,0.751876474738983,0.4352676988740278,0.5596684139103918,True,127
329.102185,127,634.811487,0.7520326494941928,0.7520326494941928,0.42457289428938677,0.5180356915676383,True,127
329.48188,128,634.981843,0.7591233771261406,0.7591233771261406,0.42169359046657,0.5453938607296248,True,128
333.728933,129,635.157516,0.7432594329157967,0.7432594329157967,0.4295932783098928,0.5354471420285152,True,129
329.667896,125,635.323166,0.7420525085317989,0.7420525085317989,0.4324717982032175,0.5483193335057187,True,125
336.882143,127,635.477463,0.7456478687251106,0.7456478687251106,0.435491343295964,0.5664602117861679,True,127
327.309638,124,635.642205,0.7621156988409091,0.7621156988409091,0.42162887199640003,0.5435377836053887,True,124
335.940679,129,636.17609,0.7627104756617338,0.7627104756617338,0.42145730917312235,0.518981274553835,True,129
335.434379,129,636.422528,0.7495716796151695,0.7495716796151695,0.4326104058490411,0.5401956029943044,True,129
333.421377,129,636.585756,0.7603787087381231,0.7603787087381231,0.42646603091722646,0.5422022726548206,True,129
334.587295,127,636.761893,0.7550523660342605,0.7550523660342605,0.42663503112243034,0.5339538574377233,True,127
327.263359,125,636.964831,0.7502109206973717,0.7502109206973717,0.42915069984418985,0.5752792926341389,True,125
340.456348,127,637.14831,0.757178161776969,0.757178161776969,0.4331147794292935,0.5585075417953875,True,127
332.51864,129,637.322009,0.7687931907258668,0.7687931907258668,0.4217370158701106,0.5533696384145672,True,129
334.800573,127,637.483298,0.7684810468668094,0.7684810468668094,0.41991665124869154,0.535500120072495,True,127
334.950553,128,637.649462,0.7502584844364528,0.7502584844364528,0.4275391974715404,0.5474070712728395,True,128
329.956381,126,637.858071,0.7512088022763642,0.7512088022763642,0.43228887530437143,0.5543887579509316,True,126
333.832563,126,638.064543,0.750265700467423,0.750265700467423,0.42756329567646095,0.5444439584206663,True,126
333.693683,129,638.258746,0.7458330797622977,0.7458330797622977,0.43606024882729094,0.5699840910455108,True,129
330.892727,126,638.414824,0.7423799100609515,0.7423799100609515,0.42300645960420374,0.5541693073387298,True,126
336.212162,129,638.620813,0.749178285787668,0.749178285787668,0.4331448949309331,0.5491693233703626,True,129
327.571629,126,638.783164,0.7483370829543723,0.7483370829543723,0.4304162276589323,0.5683642574929364,True,126
333.251508,125,638.933981,0.7570855040770228,0.7570855040770228,0.4307811275729744,0.5801487504911537,True,125
332.782573,130,639.27878,0.764427011386531,0.764427011386531,0.42018792367725066,0.5454100778618247,True,130
325.897488,132,639.53659,0.757379767471219,0.757379767471219,0.42403965696021934,0.5603592053212295,True,132
325.916097,128,639.688946,0.7490226132911219,0.7490226132911219,0.4266422543481156,0.5557454674251263,True,128
327.246782,125,639.857502,0.7450311535864651,0.7450311535864651,0.42118058817574044,0.5324382836028413,True,125
329.996635,125,640.021035,0.7435876079753293,0.7435876079753293,0.42849729515998064,0.5527176817793815,True,125
330.570206,128,640.22509,0.7443450654102708,0.7443450654102708,0.4349733735362622,0.541948972152303,True,128
332.739313,128,640.433785,0.753044315087814,0.753044315087814,0.42751765384006113,0.5361460437798721,True,128
338.621903,129,640.619335,0.7532798944406665,0.7532798944406665,0.4339577908976637,0.5500062314464401,True,129
326.980745,126,640.784032,0.7533770124741116,0.7533770124741116,0.4229051794109131,0.5444172973503919,True,126
325.947504,125,640.95015,0.7519582623073217,0.7519582623073217,0.42593195548202556,0.5611281347976536,True,125
323.238175,124,641.118514,0.7441914992985542,0.7441914992985542,0.42973703841036903,0.5508551598202395,True,124
325.695473,124,641.281869,0.7419706553317904,0.7419706553317904,0.4323436804444868,0.5558268528315559,True,124
335.545222,128,641.473802,0.7609218560715626,0.7609218560715626,0.4215312957749533,0.5531385363477901,True,128
338.95065,129,641.646229,0.7561242502665173,0.7561242502665173,0.42065638559792345,0.5438475498879931,True,129
333.167164,127,641.830964,0.7590148714093076,0.7590148714093076,0.42189258003345037,0.5483390744507618,True,127
339.427196,129,642.016046,0.7552028346648129,0.7552028346648129,0.4336059203401799,0.564485762325154,True,129
330.451077,123,642.71388,0.7419190407666995,0.7419190407666995,0.43516450822768754,0.570569248953428,True,123
327.75453,126,642.969424,0.7545905146477478,0.7545905146477478,0.4215014287736656,0.5446332436320048,True,126
333.72547,126,643.170203,0.7450145054805999,0.7450145054805999,0.4327950885505094,0.5470587442892076,True,126
335.456331,130,643.369015,0.7481337311663893,0.7481337311663893,0.43218051115664874,0.5681328578152536,True,130
333.301432,126,643.529075,0.7580583230442935,0.7580583230442935,0.4213627726944379,0.5621330757119986,True,126
336.401471,129,643.70837,0.7607826182239374,0.7607826182239374,0.42434655596023774,0.5482295586332346,True,129
334.227838,128,643.879741,0.7622664978239069,0.7622664978239069,0.42571075482434817,0.5512125352299023,True,128
330.308847,126,644.046327,0.7559414160216861,0.7559414160216861,0.4250137903885449,0.5668359343788898,True,126
322.584835,123,644.254414,0.7474740985656176,0.7474740985656176,0.4239326348979704,0.5576052694587723,True,123
332.317302,127,644.41626,0.7528517428038227,0.7528517428038227,0.42826500912836407,0.55292410440262,True,127
332.814139,126,644.570751,0.7526884582488087,0.7526884582488087,0.42436106579616123,0.5454232615682005,True,126
317.616445,123,644.716072,0.7390820586347242,0.7390820586347242,0.4254366544597438,0.5427746249122142,True,123
334.63713,126,644.911563,0.7450479407400664,0.7450479407400664,0.433213734351052,0.5388936717063668,True,126
326.850749,124,645.100423,0.7499146767133265,0.7499146767133265,0.42200139989489616,0.5297816510050255,True,124
329.82507,126,645.319399,0.7442377320576223,0.7442377320576223,0.4297272115904839,0.5769863763778891,True,126
329.021729,126,645.508149,0.7524323661739406,0.7524323661739406,0.43543942582074285,0.5602997430925416,True,126
327.280226,126,645.695714,0.7459837682859328,0.7459837682859328,0.4342084897560871,0.5639083079924012,True,126
333.91138,129,646.240117,0.7517343942198836,0.7517343942198836,0.4332178794719877,0.5527422364666537,True,129
334.782841,129,646.446358,0.7659467300036306,0.7659467300036306,0.41961587796366656,0.5187450694772908,True,129
331.378838,124,646.629643,0.7610085492497211,0.7610085492497211,0.4235760659656692,0.5575257298351027,True,124
332.226624,128,646.816077,0.7417573390393593,0.7417573390393593,0.4311381003885223,0.5342066466280109,True,128
334.174369,127,647.016681,0.7634422713209202,0.7634422713209202,0.42556695332236694,0.539814850708016,True,127
330.290299,128,647.182479,0.7588837093346845,0.7588837093346845,0.4276404183900158,0.5478274567994894,True,128
332.036251,126,647.312338,0.7555076052168359,0.7555076052168359,0.429264010667802,0.5645031943267483,True,126
315.035932,122,647.437818,0.750921955110242,0.750921955110242,0.42678742376602685,0.5735295057406936,True,122
327.205896,125,647.585562,0.754179981473844,0.754179981473844,0.4287324326407478,0.5611414760143745,True,125
321.095379,122,647.713999,0.741008744501482,0.741008744501482,0.4326556835906368,0.5763615416832121,True,122
330.458511,129,647.844287,0.755502404048804,0.755502404048804,0.43409622758950583,0.5660671454567858,True,129
326.341166,128,647.974567,0.7533839153173154,0.7533839153173154,0.4283995396690022,0.581472429665144,True,128
326.170476,124,648.10549,0.7489102369065951,0.7489102369065951,0.4309288102956326,0.5594976868663467,True,124
327.102738,125,648.236553,0.7472648654820522,0.7472648654820522,0.43382622783765196,0.5384039005324522,True,125
337.094972,129,648.367849,0.765524215739743,0.765524215739743,0.4272887504396978,0.5434290843541352,True,129
336.764304,129,648.498798,0.7565634695503008,0.7565634695503008,0.42616734975589937,0.5403239391223918,True,129
333.871832,127,649.015297,0.7562015388637541,0.7562015388637541,0.43499328393941095,0.5428153545874334,True,127
324.577922,123,649.165805,0.7284994342813872,0.7284994342813872,0.4339789372287466,0.5850625712135578,True,123
333.468993,127,649.298825,0.7455250055780259,0.7455250055780259,0.43126773939685076,0.5600667947130649,True,127
324.775442,122,649.422386,0.7458942854371936,0.7458942854371936,0.4222171134085337,0.5619646284726727,True,122
333.067545,128,649.553864,0.7664910428402506,0.7664910428402506,0.42500109306119654,0.5242742415392938,True,128
325.171765,125,649.678881,0.7413938138601261,0.7413938138601261,0.42415974374606796,0.5532855295391576,True,125
323.425523,123,649.804972,0.7517771130567361,0.7517771130567361,0.42639621146959095,0.5657153906101919,True,123
338.361544,128,649.935515,0.7689640926402311,0.7689640926402311,0.42631040876595944,0.554845340773066,True,128
331.753744,125,650.060362,0.7510696344200445,0.7510696344200445,0.4355799260877004,0.5754769207350711,True,125
325.984664,130,650.196887,0.7613470622901861,0.7613470622901861,0.4287179508567765,0.5545830903528972,True,130
336.097695,128,650.334852,0.751920524353501,0.751920524353501,0.4299952244034936,0.5723334256333757,True,128
328.946801,125,650.464636,0.7475364924212157,0.7475364924212157,0.42448449844797154,0.5338391040792572,True,125
332.409144,125,650.596589,0.7570216618338635,0.7570216618338635,0.42022291928510547,0.5274751710226704,True,125
328.825621,125,650.726575,0.7581464236816292,0.7581464236816292,0.42342679571047953,0.5492828874052422,True,125
322.725693,122,650.852745,0.7364574675128681,0.7364574675128681,0.4306863980376156,0.572530032589725,True,122
333.2059,127,650.980215,0.758062104386306,0.758062104386306,0.4306636557748132,0.5445123177381456,True,127
328.867785,125,651.541438,0.7537124618204158,0.7537124618204158,0.42353880303430763,0.5400526986730383,True,125
327.189373,124,651.716029,0.7526956994371714,0.7526956994371714,0.42249066201257096,0.5447945403424557,True,124
332.281315,125,651.844916,0.7457590804034938,0.7457590804034938,0.42668983986438047,0.5577339914113553,True,125
329.993769,127,651.977709,0.7532472778464104,0.7532472778464104,0.430245495937879,0.562249960146945,True,127
333.202043,126,652.109116,0.7567978735130799,0.7567978735130799,0.4240596428440789,0.553147444030212,True,126
335.351175,126,652.241796,0.7570982576204313,0.7570982576204313,0.42334157510550496,0.5581705512439199,True,126
333.348126,128,652.373719,0.7643811842971876,0.7643811842971876,0.42369696370793936,0.5260153263827367,True,128
333.939691,127,652.508131,0.7546670517687287,0.7546670517687287,0.4307135214700915,0.5716232534712128,True,127
329.722221,126,652.637638,0.7341471205500981,0.7341471205500981,0.4357786542921869,0.570834932398368,True,126
328.256231,126,652.766422,0.7463979609359737,0.7463979609359737,0.42927284048990216,0.5356074831895435,True,126
328.6008,125,652.893516,0.7408233374691345,0.7408233374691345,0.4329098754809023,0.5384227376653686,True,125
335.345488,129,653.028554,0.7645256613909112,0.7645256613909112,0.42024942550324856,0.5352414376176822,True,129
332.195836,126,653.167035,0.7488733719901937,0.7488733719901937,0.4256545974749807,0.5574254489993021,True,126
333.877107,128,653.305158,0.7594146732890127,0.7594146732890127,0.4212209957791059,0.5553191230009882,True,128
336.485371,127,653.45275,0.7571544864410367,0.7571544864410367,0.42563399939283686,0.5587917092673977,True,127
325.814194,122,653.581403,0.7464969845250151,0.7464969845250151,0.4326869550566392,0.5667343238126934,True,122
