MEMORY
  total           16303 KB
  struct            158 KB
  buffer            785 KB
  arena           15360 KB, used 0.7%

SIZES
  narena                15728640
  nbuffer               803984
  nplugin               0
  maxuse_stack          48432
  maxuse_arena          113968
  maxuse_con            15
  maxuse_efc            89
  ncon                  4
  ne                    0
  nf                    29
  nl                    0
  nefc                  45
  nJ                    1575
  efm_active            0
  nefmK                 0
  nefmcon               0
  nefmT                 0
  nefmA                 0
  nefmdof               0
  nefmL                 0
  nY                    0
  nA                    0
  nisland               1
  nidof                 35
  ntree_awake           1
  nbody_awake           31
  nparent_awake         30
  nv_awake              35
  flg_energypos         0
  flg_energyvel         0
  flg_subtreevel        0
  flg_rnepost           1
  threadpool            0

TIMER
    0:  duration =  30         number = 415
    1:  duration =  29         number = 416
    2:  duration =  0          number = 0
    3:  duration =  15         number = 416
    4:  duration =  0.98       number = 416
    5:  duration =  0.34       number = 416
    6:  duration =  11         number = 416
    7:  duration =  0.76       number = 415
    8:  duration =  1.5        number = 416
    9:  duration =  0.98       number = 416
    10:  duration =  10         number = 416
    11:  duration =  2.3        number = 416
    12:  duration =  0.011      number = 416
    13:  duration =  2.3        number = 416
    14:  duration =  7.8        number = 416

SOLVER STAT
  solver_fwdinv =   0         0       
  ISLAND 0
    solver_niter = 2
    solver_nnz = 1225
      0:  improvement =  23          gradient =  4.6         lineslope =  2.5e-17 
          nactive = 37   nchange = 2   neval = 7   nupdate = 2
      1:  improvement =  28          gradient =  2.9e-15     lineslope =  2.1e-18 
          nactive = 37   nchange = 0   neval = 2   nupdate = 0

ENERGY =   0         0       

TIME =  0.83    

QPOS
   0.18    
   0.062   
   0.75    
   0.92    
  -0.13    
  -0.22    
  -0.31    
   0.35    
  -0.059   
   0.01    
   0.59    
  -0.45    
   0.11    
   0.094   
   0.037   
  -0.0021  
   0.32    
  -0.22    
   0.11    
  -0.071   
  -0.031   
  -0.37    
   0.14    
  -0.008   
  -0.062   
   0.099   
   0.014   
   0.11    
   0.0093  
   0.18    
  -0.056   
   0.18    
   0.11    
  -0.015   
   0.075   
   0.0031  

QVEL
   0.11    
   0.36    
  -0.12    
   0.48    
   0.45    
  -1.5     
  -1.6     
  -1.1     
   1.9     
   1.9     
  -0.1     
  -3       
  -0.2     
  -1.9     
  -3       
  -4       
   0.15    
  -2.8     
   2.2     
  -0.76    
  -1.2     
  -0.45    
   0.24    
   0.47    
  -0.31    
  -1.1     
   1.1     
  -0.64    
   1.4     
   1.4     
  -3.6     
  -1.4     
   0.37    
   0.15    
   0.26    

QACC_WARMSTART
  -13      
  -8       
  -1       
   1.1e+02 
   18      
  -14      
  -25      
  -98      
  -17      
  -27      
   45      
  -1.5e+02 
  -1.2e+02 
   91      
   6.8e+02 
   4.1e+02 
   6.6e+02 
  -3e+02   
  -28      
  -1.8e+02 
   0.0012  
   79      
  -90      
   2.4e+02 
  -3.1e+02 
  -1e+02   
   58      
  -27      
   18      
   2.5e+02 
  -1.6e+02 
  -59      
   67      
  -45      
   28      

CTRL
  -26      
  -5.4     
  -1.3     
  -18      
   18      
  -7.6     
  -0.83    
   1.7     
   9.8     
  -2.6     
  -1.5     
   1.8     
  -2.4     
  -18      
   14      
  -3.1     
  -4.7     
   4.3     
  -8.6     
  -1.3     
  -0.9     
   0.14    
  -6.3     
   11      
  -0.8     
  -6.5     
   0.98    
  -2       
   0.19    

QFRC_APPLIED
   0       
   0       
   0       
   0       
   0       
   0       
   0       
   0       
   0       
   0       
   0       
   0       
   0       
   0       
   0       
   0       
   0       
   0       
   0       
   0       
   0       
   0       
   0       
   0       
   0       
   0       
   0       
   0       
   0       
   0       
   0       
   0       
   0       
   0       
   0       

XFRC_APPLIED
   0         0         0         0         0         0       
   0         0         0         0         0         0       
   0         0         0         0         0         0       
   0         0         0         0         0         0       
   0         0         0         0         0         0       
   0         0         0         0         0         0       
   0         0         0         0         0         0       
   0         0         0         0         0         0       
   0         0         0         0         0         0       
   0         0         0         0         0         0       
   0         0         0         0         0         0       
   0         0         0         0         0         0       
   0         0         0         0         0         0       
   0         0         0         0         0         0       
   0         0         0         0         0         0       
   0         0         0         0         0         0       
   0         0         0         0         0         0       
   0         0         0         0         0         0       
   0         0         0         0         0         0       
   0         0         0         0         0         0       
   0         0         0         0         0         0       
   0         0         0         0         0         0       
   0         0         0         0         0         0       
   0         0         0         0         0         0       
   0         0         0         0         0         0       
   0         0         0         0         0         0       
   0         0         0         0         0         0       
   0         0         0         0         0         0       
   0         0         0         0         0         0       
   0         0         0         0         0         0       
   0         0         0         0         0         0       

QACC
  -13      
  -8       
  -1       
   1.1e+02 
   18      
  -14      
  -25      
  -98      
  -17      
  -27      
   45      
  -1.5e+02 
  -1.2e+02 
   91      
   6.8e+02 
   4.1e+02 
   6.6e+02 
  -3e+02   
  -28      
  -1.8e+02 
   0.0012  
   79      
  -90      
   2.4e+02 
  -3.1e+02 
  -1e+02   
   58      
  -27      
   18      
   2.5e+02 
  -1.6e+02 
  -59      
   67      
  -45      
   28      

SENSOR
   0.35    
  -0.057   
   0.0062  
   0.59    
  -0.45    
   0.12    
   0.094   
   0.041   
   0.0039  
   0.33    
  -0.22    
   0.12    
  -0.075   
  -0.029   
  -0.37    
   0.14    
  -0.0085  
  -0.063   
   0.1     
   0.016   
   0.11    
   0.011   
   0.18    
  -0.059   
   0.19    
   0.12    
  -0.016   
   0.075   
   0.0026  
  -1.6     
  -0.94    
   1.9     
   2       
  -0.19    
  -2.7     
   0.035   
  -2.1     
  -4.3     
  -4.8     
  -1.2     
  -2.2     
   2.3     
  -0.4     
  -1.2     
  -0.61    
   0.42    
  -0.014   
   0.3     
  -0.94    
   0.95    
  -0.59    
   1.4     
   0.92    
  -3.3     
  -1.3     
   0.23    
   0.24    
   0.2     
  -26      
  -5.4     
  -1.3     
  -18      
   18      
  -7.6     
  -0.83    
   1.7     
   9.8     
  -2.6     
  -1.5     
   1.8     
  -2.4     
  -18      
   14      
  -3.1     
  -4.7     
   4.3     
  -8.6     
  -1.3     
  -0.9     
   0.14    
  -6.3     
   11      
  -0.8     
  -6.5     
   0.98    
  -2       
   0.19    
   0.92    
  -0.13    
  -0.22    
  -0.31    
   0.27    
   0.42    
  -1.5     
  -0.76    
  -15      
   8.8     
   0.18    
   0.061   
   0.75    
   0.13    
   0.37    
  -0.11    
   0.9     
  -0.13    
  -0.22    
  -0.34    
  -0.16    
   0.41    
   0.83    
   4.7     
  -6.5     
   9.5     

TREE_ASLEEP
  -11

XPOS
   0         0         0       
   0.18      0.061     0.75    
   0.25      0.073     0.65    
   0.28      0.11      0.62    
   0.32      0.055     0.51    
   0.29      0.044     0.32    
   0.17      0.092     0.051   
   0.16      0.09      0.034   
   0.17     -0.027     0.67    
   0.14     -0.077     0.64    
   0.21     -0.14      0.55    
   0.23     -0.17      0.36    
   0.23     -0.2       0.065   
   0.24     -0.2       0.048   
   0.18      0.061     0.75    
   0.16      0.076     0.78    
   0.16      0.083     0.8     
   0.1       0.29      0.94    
   0.13      0.32      0.93    
   0.18      0.27      0.86    
   0.22      0.22      0.81    
   0.29      0.16      0.86    
   0.31      0.14      0.88    
   0.34      0.12      0.91    
  -0.033     0.14      0.96    
  -0.061     0.11      0.96    
  -0.026     0.055     0.88    
   0.016     0.0061    0.83    
   0.091    -0.044     0.88    
   0.12     -0.061     0.9     
   0.15     -0.082     0.92    

XQUAT
   1         0         0         0       
   0.92     -0.13     -0.22     -0.31    
   0.94     -0.072    -0.055    -0.32    
   0.93     -0.13     -0.13     -0.32    
   0.93     -0.13     -0.13     -0.32    
   0.91      0.0011    0.23     -0.34    
   0.94     -0.075     0.022    -0.33    
   0.94     -0.02      0.0032   -0.34    
   0.93     -0.11     -0.17     -0.31    
   0.91     -0.12     -0.26     -0.3     
   0.91     -0.12     -0.26     -0.3     
   0.95     -0.044    -0.025    -0.32    
   0.94     -0.078    -0.13     -0.31    
   0.94     -0.022    -0.15     -0.3     
   0.91     -0.12     -0.22     -0.34    
   0.9      -0.13     -0.22     -0.34    
   0.85     -0.19     -0.38     -0.32    
   0.89     -0.054    -0.36     -0.26    
   0.88     -0.18     -0.31     -0.31    
   0.87     -0.17     -0.32     -0.34    
   0.88     -0.15     -0.28     -0.35    
   0.88     -0.15     -0.28     -0.35    
   0.9      -0.13     -0.23     -0.35    
   0.9      -0.13     -0.23     -0.35    
   0.84     -0.28     -0.26     -0.39    
   0.87     -0.18     -0.3      -0.36    
   0.89     -0.21     -0.28     -0.28    
   0.91     -0.19     -0.23     -0.29    
   0.91     -0.2      -0.23     -0.29    
   0.92     -0.19     -0.19     -0.3     
   0.92     -0.19     -0.19     -0.3     

XMAT
   1         0         0         0         1         0         0         0         1       
   0.72      0.62     -0.32     -0.51      0.78      0.37      0.48     -0.1       0.87    
   0.78      0.62     -0.057    -0.6       0.78      0.17      0.15     -0.1       0.98    
   0.76      0.63     -0.16     -0.56      0.76      0.32      0.32     -0.15      0.94    
   0.76      0.62     -0.16     -0.56      0.77      0.32      0.32     -0.16      0.94    
   0.66      0.62      0.42     -0.62      0.77     -0.16     -0.42     -0.16      0.89    
   0.78      0.62      0.092    -0.63      0.77      0.12      0.0077   -0.16      0.99    
   0.78      0.63      0.02     -0.63      0.77      0.036     0.0077   -0.041     1       
   0.74      0.62     -0.25     -0.54      0.78      0.32      0.39     -0.1       0.91    
   0.69      0.6      -0.4      -0.48      0.79      0.38      0.55     -0.066     0.83    
   0.69      0.6      -0.4      -0.47      0.8       0.38      0.55     -0.068     0.83    
   0.8       0.6      -0.02     -0.6       0.8       0.1       0.076    -0.068     0.99    
   0.78      0.6      -0.19     -0.56      0.8       0.23      0.29     -0.068     0.95    
   0.78      0.57     -0.26     -0.56      0.82      0.13      0.29      0.047     0.96    
   0.67      0.67     -0.32     -0.57      0.74      0.37      0.48     -0.064     0.87    
   0.67      0.68     -0.3      -0.57      0.73      0.39      0.48     -0.089     0.87    
   0.52      0.68     -0.52     -0.39      0.73      0.57      0.76     -0.089     0.64    
   0.61      0.51     -0.61     -0.43      0.85      0.29      0.67      0.091     0.74    
   0.61      0.66     -0.44     -0.43      0.74      0.52      0.67     -0.12      0.74    
   0.56      0.7      -0.44     -0.48      0.71      0.52      0.67     -0.081     0.74    
   0.61      0.7      -0.38     -0.53      0.71      0.47      0.6      -0.081     0.8     
   0.61      0.69     -0.39     -0.53      0.72      0.45      0.6      -0.068     0.8     
   0.64      0.69     -0.32     -0.57      0.72      0.39      0.5      -0.068     0.86    
   0.65      0.69     -0.32     -0.57      0.72      0.39      0.5      -0.074     0.86    
   0.56      0.8      -0.22     -0.51      0.54      0.66      0.65     -0.26      0.72    
   0.56      0.73     -0.39     -0.51      0.67      0.53      0.65     -0.1       0.76    
   0.69      0.61     -0.39     -0.38      0.76      0.53      0.62     -0.22      0.76    
   0.73      0.61     -0.3      -0.44      0.76      0.48      0.53     -0.22      0.82    
   0.73      0.62     -0.29     -0.44      0.75      0.49      0.53     -0.23      0.82    
   0.75      0.62     -0.24     -0.47      0.75      0.46      0.46     -0.23      0.86    
   0.75      0.62     -0.24     -0.47      0.75      0.46      0.46     -0.23      0.86    

XIPOS
   0         0         0       
   0.2       0.033     0.68    
   0.28      0.1       0.62    
   0.32      0.063     0.55    
   0.29      0.031     0.35    
   0.25      0.063     0.21    
   0.16      0.098     0.062   
   0.18      0.072     0.017   
   0.15     -0.074     0.65    
   0.2      -0.12      0.59    
   0.24     -0.16      0.4     
   0.23     -0.19      0.24    
   0.23     -0.19      0.073   
   0.26     -0.22      0.04    
   0.17      0.066     0.77    
   0.16      0.08      0.79    
   0.065     0.18      0.91    
   0.13      0.32      0.94    
   0.16      0.29      0.89    
   0.22      0.22      0.81    
   0.27      0.18      0.84    
   0.3       0.16      0.87    
   0.33      0.13      0.89    
   0.39      0.078     0.94    
  -0.06      0.12      0.96    
  -0.042     0.075     0.91    
   0.011     0.015     0.83    
   0.064    -0.031     0.86    
   0.1      -0.052     0.88    
   0.14     -0.071     0.91    
   0.21     -0.12      0.95    

XIMAT
   1         0         0         0         1         0         0         0         1       
   0.72      0.62     -0.32     -0.51      0.78      0.37      0.48     -0.1       0.87    
   0.83      0.45     -0.33     -0.55      0.76     -0.34      0.1       0.47      0.88    
   0.71      0.69      0.15     -0.7       0.71      0.051    -0.073    -0.14      0.99    
   0.44     -0.83      0.35      0.86      0.5       0.098    -0.25      0.26      0.93    
   0.88     -0.046     0.46      0.11      0.99     -0.11     -0.45      0.14      0.88    
   0.62     -0.27      0.73      0.77      0.4      -0.51     -0.16      0.88      0.46    
   0.066    -0.63      0.77     -0.0037   -0.77     -0.63      1         0.039    -0.054   
   0.7       0.68      0.19     -0.61      0.44      0.66      0.36     -0.58      0.73    
   0.84      0.54     -0.082    -0.52      0.84      0.16      0.16     -0.095     0.98    
   0.73     -0.68     -0.08      0.68      0.73     -0.037     0.084    -0.027     1       
   0.14      0.99     -0.067    -0.99      0.15      0.045     0.054     0.06      1       
   0.6      -0.52      0.6       0.8       0.46     -0.4      -0.068     0.72      0.69    
  -0.21     -0.57      0.79      0.096    -0.82     -0.57      0.97     -0.045     0.23    
  -0.45     -0.63      0.63      0.48     -0.76     -0.43      0.75      0.11      0.65    
   0.67      0.67     -0.33     -0.57      0.74      0.36      0.48     -0.054     0.87    
   0.53      0.68     -0.5      -0.41      0.72      0.55      0.74     -0.083     0.67    
   0.094    -0.25     -0.96      0.94      0.33      0.0067    0.31     -0.91      0.27    
   0.66     -0.6      -0.45      0.74      0.4       0.54     -0.15     -0.69      0.71    
   0.74     -0.42     -0.52      0.67      0.37      0.64     -0.076    -0.83      0.56    
   0.85     -0.41      0.33      0.47      0.34     -0.81      0.22      0.85      0.49    
  -0.39     -0.35     -0.85      0.45      0.73     -0.51      0.8      -0.59     -0.13    
   0.26     -0.67      0.69      0.79     -0.26     -0.56      0.56      0.69      0.46    
   0.72     -0.36      0.6       0.69      0.37     -0.62     -6.4e-05   0.86      0.51    
   0.88     -0.47     -0.032     0.11      0.14      0.98     -0.46     -0.87      0.18    
   0.73     -0.54     -0.42      0.68      0.5       0.54     -0.076    -0.68      0.73    
   0.57     -0.6      -0.56      0.79      0.22      0.57     -0.22     -0.77      0.6     
   0.3      -0.18      0.94      0.83      0.53     -0.16     -0.47      0.83      0.31    
  -0.29     -0.89     -0.35      0.49      0.17     -0.85      0.82     -0.42      0.39    
   0.61      0.32      0.73      0.21      0.82     -0.53     -0.77      0.47      0.43    
   0.57     -0.22      0.79      0.77      0.5      -0.41     -0.3       0.84      0.45    

XANCHOR
   0.18      0.061     0.75    
   0.25      0.073     0.65    
   0.28      0.11      0.62    
   0.32      0.055     0.51    
   0.29      0.044     0.32    
   0.17      0.092     0.051   
   0.16      0.09      0.034   
   0.17     -0.027     0.67    
   0.14     -0.077     0.64    
   0.21     -0.14      0.55    
   0.23     -0.17      0.36    
   0.23     -0.2       0.065   
   0.24     -0.2       0.048   
   0.18      0.061     0.75    
   0.16      0.076     0.78    
   0.16      0.083     0.8     
   0.1       0.29      0.94    
   0.13      0.32      0.93    
   0.18      0.27      0.86    
   0.22      0.22      0.81    
   0.29      0.16      0.86    
   0.31      0.14      0.88    
   0.34      0.12      0.91    
  -0.033     0.14      0.96    
  -0.061     0.11      0.96    
  -0.026     0.055     0.88    
   0.016     0.0061    0.83    
   0.091    -0.044     0.88    
   0.12     -0.061     0.9     
   0.15     -0.082     0.92    

XAXIS
   0         0         1       
   0.62      0.78     -0.1     
   0.76     -0.56      0.32    
  -0.16      0.32      0.94    
   0.62      0.77     -0.16    
   0.62      0.77     -0.16    
   0.78     -0.63      0.0077  
   0.62      0.78     -0.1     
   0.69     -0.48      0.55    
  -0.4       0.38      0.83    
   0.6       0.8      -0.068   
   0.6       0.8      -0.068   
   0.78     -0.56      0.29    
  -0.32      0.37      0.87    
   0.67     -0.57      0.48    
   0.68      0.73     -0.089   
   0.51      0.85      0.091   
   0.61     -0.43      0.67    
  -0.44      0.52      0.74    
   0.7       0.71     -0.081   
   0.61     -0.53      0.6     
   0.69      0.72     -0.068   
  -0.32      0.39      0.86    
   0.8       0.54     -0.26    
   0.56     -0.51      0.65    
  -0.39      0.53      0.76    
   0.61      0.76     -0.22    
   0.73     -0.44      0.53    
   0.62      0.75     -0.23    
  -0.24      0.46      0.86    

GEOM_XPOS
   0         0         0       
   0.2       0.033     0.68    
   0.2       0.032     0.68    
   0.2       0.032     0.68    
   0.28      0.11      0.62    
   0.28      0.11      0.62    
   0.32      0.067     0.57    
   0.32      0.067     0.57    
   0.31      0.041     0.41    
   0.31      0.041     0.41    
   0.25      0.058     0.2     
   0.25      0.058     0.2     
   0.16      0.094     0.042   
   0.16      0.094     0.042   
   0.18      0.073     0.02    
   0.14      0.14      0.0023  
   0.11      0.1       0.0043  
   0.28      0.036     0.0034  
   0.24     -0.01      0.0058  
   0.15     -0.072     0.65    
   0.15     -0.072     0.65    
   0.2      -0.12      0.61    
   0.2      -0.12      0.61    
   0.23     -0.15      0.46    
   0.23     -0.15      0.46    
   0.24     -0.19      0.24    
   0.24     -0.19      0.24    
   0.23     -0.2       0.056   
   0.23     -0.2       0.056   
   0.26     -0.22      0.042   
   0.22     -0.16      0.0062  
   0.19     -0.2       0.0039  
   0.36     -0.25      0.056   
   0.32     -0.3       0.053   
   0.17      0.065     0.77    
   0.16      0.079     0.79    
   0.089     0.16      0.89    
   0.089     0.16      0.89    
   0.046     0.21      0.94    
   0.046     0.21      0.94    
  -0.035     0.29      1       
  -0.035     0.29      1       
   0.17      0.069     0.78    
   0.17      0.069     0.78    
   0.13      0.32      0.94    
   0.13      0.32      0.94    
   0.15      0.3       0.91    
   0.16      0.3       0.89    
   0.2       0.24      0.83    
   0.2       0.24      0.83    
   0.27      0.19      0.83    
   0.27      0.19      0.83    
   0.3       0.15      0.87    
   0.3       0.15      0.87    
   0.33      0.13      0.89    
   0.33      0.13      0.89    
   0.36      0.11      0.92    
   0.36      0.11      0.92    
   0.41      0.056     0.96    
  -0.059     0.12      0.96    
  -0.063     0.12      0.96    
  -0.052     0.089     0.93    
  -0.047     0.084     0.92    
   0.0011    0.029     0.85    
   0.0011    0.029     0.85    
   0.053    -0.028     0.85    
   0.053    -0.028     0.85    
   0.1      -0.052     0.89    
   0.1      -0.052     0.89    
   0.14     -0.071     0.91    
   0.14     -0.071     0.91    
   0.17     -0.093     0.93    
   0.17     -0.093     0.93    
   0.23     -0.13      0.97    

GEOM_XMAT
   1         0         0         0         1         0         0         0         1       
   0.72      0.62     -0.32     -0.51      0.78      0.37      0.48     -0.1       0.87    
   0.62     -0.34      0.71      0.78      0.38     -0.5      -0.1       0.86      0.5     
   0.62     -0.34      0.71      0.78      0.38     -0.5      -0.1       0.86      0.5     
   0.82      0.34     -0.45     -0.5       0.81     -0.31      0.26      0.48      0.84    
   0.82      0.34     -0.45     -0.5       0.81     -0.31      0.26      0.48      0.84    
   0.76      0.64      0.12     -0.65      0.75      0.11     -0.022    -0.16      0.99    
   0.76      0.64      0.12     -0.65      0.75      0.11     -0.022    -0.16      0.99    
   0.58     -0.78      0.23      0.79      0.61      0.065    -0.19      0.14      0.97    
   0.58     -0.78      0.23      0.79      0.61      0.065    -0.19      0.14      0.97    
   0.69     -0.55      0.47      0.67      0.73     -0.13     -0.27      0.41      0.87    
   0.69     -0.55      0.47      0.67      0.73     -0.13     -0.27      0.41      0.87    
   0.62     -0.59      0.51      0.77      0.59     -0.25     -0.16      0.54      0.83    
   0.62     -0.59      0.51      0.77      0.59     -0.25     -0.16      0.54      0.83    
   0.081    -0.63      0.77     -0.017    -0.77     -0.63      1         0.039    -0.074   
   0.78      0.63      0.02     -0.63      0.77      0.036     0.0077   -0.041     1       
   0.78      0.63      0.02     -0.63      0.77      0.036     0.0077   -0.041     1       
   0.78      0.63      0.02     -0.63      0.77      0.036     0.0077   -0.041     1       
   0.78      0.63      0.02     -0.63      0.77      0.036     0.0077   -0.041     1       
   0.64      0.75      0.14     -0.57      0.35      0.75      0.51     -0.56      0.65    
   0.64      0.75      0.14     -0.57      0.35      0.75      0.51     -0.56      0.65    
   0.79      0.59     -0.14     -0.57      0.8       0.18      0.22     -0.064     0.97    
   0.79      0.59     -0.14     -0.57      0.8       0.18      0.22     -0.064     0.97    
   0.64     -0.77     -0.076     0.77      0.63      0.09     -0.021    -0.12      0.99    
   0.64     -0.77     -0.076     0.77      0.63      0.09     -0.021    -0.12      0.99    
   0.47     -0.88     -0.034     0.88      0.47      0.037    -0.016    -0.047     1       
   0.47     -0.88     -0.034     0.88      0.47      0.037    -0.016    -0.047     1       
   0.6      -0.75      0.27      0.8       0.59     -0.12     -0.068     0.29      0.95    
   0.6      -0.75      0.27      0.8       0.59     -0.12     -0.068     0.29      0.95    
  -0.2      -0.57      0.79      0.085    -0.82     -0.57      0.98     -0.045     0.21    
   0.78      0.57     -0.26     -0.56      0.82      0.13      0.29      0.047     0.96    
   0.78      0.57     -0.26     -0.56      0.82      0.13      0.29      0.047     0.96    
   0.78      0.57     -0.26     -0.56      0.82      0.13      0.29      0.047     0.96    
   0.78      0.57     -0.26     -0.56      0.82      0.13      0.29      0.047     0.96    
  -0.43     -0.67      0.6       0.46     -0.74     -0.49      0.78      0.064     0.63    
   0.67      0.68     -0.3      -0.57      0.73      0.39      0.48     -0.089     0.87    
   0.52      0.68     -0.52     -0.39      0.73      0.56      0.76     -0.09      0.65    
   0.52      0.68     -0.52     -0.39      0.73      0.56      0.76     -0.09      0.65    
  -0.52     -0.72      0.47      0.56     -0.7      -0.44      0.64      0.036     0.76    
  -0.52     -0.72      0.47      0.56     -0.7      -0.44      0.64      0.036     0.76    
   0.54      0.68     -0.5      -0.41      0.73      0.55      0.73     -0.09      0.67    
   0.54      0.68     -0.5      -0.41      0.73      0.55      0.73     -0.09      0.67    
  -0.52     -0.51     -0.68      0.57      0.39     -0.73      0.64     -0.76      0.088   
  -0.52     -0.51     -0.68      0.57      0.39     -0.73      0.64     -0.76      0.088   
   0.12     -0.59     -0.8       0.84      0.48     -0.24      0.52     -0.64      0.56    
   0.61      0.51      0.61     -0.29      0.85     -0.43     -0.74      0.091     0.67    
   0.63     -0.61     -0.49      0.78      0.44      0.45     -0.064    -0.66      0.75    
   0.61      0.66     -0.44     -0.43      0.74      0.52      0.67     -0.12      0.74    
   0.69     -0.53     -0.49      0.68      0.25      0.69     -0.24     -0.81      0.53    
   0.69     -0.53     -0.49      0.68      0.25      0.69     -0.24     -0.81      0.53    
   0.84     -0.39      0.39      0.52      0.35     -0.78      0.16      0.85      0.5     
   0.84     -0.39      0.39      0.52      0.35     -0.78      0.16      0.85      0.5     
  -0.39     -0.58     -0.71      0.45      0.55     -0.7       0.8      -0.6       0.049   
  -0.39     -0.58     -0.71      0.45      0.55     -0.7       0.8      -0.6       0.049   
  -0.69     -0.28      0.67     -0.23     -0.79     -0.57      0.69     -0.54      0.48    
  -0.69     -0.28      0.67     -0.23     -0.79     -0.57      0.69     -0.54      0.48    
   0.62     -0.71     -0.35      0.78      0.47      0.41     -0.13     -0.53      0.84    
   0.62     -0.71     -0.35      0.78      0.47      0.41     -0.13     -0.53      0.84    
   0.82     -0.34      0.46      0.57      0.34     -0.75      0.097     0.87      0.48    
   0.75     -0.61      0.26      0.11      0.5       0.86     -0.65     -0.62      0.44    
   0.22      0.8       0.56     -0.66      0.54     -0.51     -0.72     -0.26      0.65    
   0.76     -0.56     -0.32      0.63      0.52      0.58     -0.16     -0.64      0.75    
   0.56      0.73     -0.39     -0.51      0.67      0.53      0.65     -0.1       0.76    
   0.62     -0.5      -0.61      0.78      0.34      0.53     -0.055    -0.8       0.6     
   0.62     -0.5      -0.61      0.78      0.34      0.53     -0.055    -0.8       0.6     
   0.36     -0.18      0.92      0.83      0.51     -0.22     -0.43      0.84      0.33    
   0.36     -0.18      0.92      0.83      0.51     -0.22     -0.43      0.84      0.33    
  -0.29     -0.75     -0.59      0.49      0.41     -0.76      0.82     -0.52      0.25    
  -0.29     -0.75     -0.59      0.49      0.41     -0.76      0.82     -0.52      0.25    
   0.29     -0.61      0.74      0.84     -0.21     -0.5       0.46      0.77      0.45    
   0.29     -0.61      0.74      0.84     -0.21     -0.5       0.46      0.77      0.45    
   0.69     -0.67     -0.27      0.7       0.53      0.48     -0.18     -0.52      0.84    
   0.69     -0.67     -0.27      0.7       0.53      0.48     -0.18     -0.52      0.84    
   0.41     -0.19      0.89      0.83      0.49     -0.28     -0.38      0.85      0.36    

SITE_XPOS
   0.18      0.061     0.75    
   0.093     0.15      0.88    

SITE_XMAT
   0.72      0.62     -0.32     -0.51      0.78      0.37      0.48     -0.1       0.87    
   0.67      0.68     -0.3      -0.57      0.73      0.39      0.48     -0.089     0.87    

LIGHT_XPOS
   0         0         1.5     

LIGHT_XDIR
   0         0        -1       

SUBTREE_COM
   0.17      0.061     0.67    
   0.17      0.061     0.67    
   0.27      0.064     0.37    
   0.27      0.055     0.32    
   0.25      0.052     0.24    
   0.23      0.066     0.16    
   0.18      0.075     0.022   
   0.18      0.072     0.017   
   0.21     -0.15      0.41    
   0.23     -0.16      0.35    
   0.24     -0.18      0.27    
   0.24     -0.19      0.19    
   0.26     -0.21      0.044   
   0.26     -0.22      0.04    
   0.093     0.16      0.9     
   0.092     0.16      0.9     
   0.092     0.16      0.9     
   0.23      0.22      0.88    
   0.25      0.2       0.86    
   0.28      0.17      0.86    
   0.31      0.14      0.88    
   0.34      0.12      0.91    
   0.35      0.11      0.91    
   0.39      0.078     0.94    
   0.03      0.016     0.9     
   0.053    -0.0097    0.88    
   0.081    -0.035     0.87    
   0.12     -0.061     0.89    
   0.15     -0.083     0.92    
   0.16     -0.086     0.92    
   0.21     -0.12      0.95    

CDOF
   0         0         0         1         0         0       
   0         0         0         0         1         0       
   0         0         0         0         0         1       
   0.72     -0.51      0.48      0.041     0.054    -0.0045  
   0.62      0.78     -0.1      -0.063     0.051     0.0078  
  -0.32      0.37      0.87     -0.03     -0.034     0.0033  
   0.62      0.78     -0.1       0.01     -0.00087   0.057   
   0.76     -0.56      0.32     -0.013    -0.075    -0.1     
  -0.16      0.32      0.94      0.044    -0.12      0.048   
   0.62      0.77     -0.16      0.27     -0.2       0.11    
   0.62      0.77     -0.16      0.47     -0.39     -0.02    
   0.78     -0.63      0.0077   -0.4      -0.49     -0.02    
   0.62      0.78     -0.1       0.01     -0.00087   0.057   
   0.69     -0.48      0.55     -0.087    -0.0049    0.11    
  -0.4       0.38      0.83     -0.12      0.0083   -0.062   
   0.6       0.8      -0.068     0.26     -0.18      0.19    
   0.6       0.8      -0.068     0.5      -0.36      0.21    
   0.78     -0.56      0.29     -0.42     -0.5       0.16    
  -0.32      0.37      0.87     -0.03     -0.034     0.0033  
   0.67     -0.57      0.48      0.069     0.076    -0.0073  
   0.68      0.73     -0.089    -0.094     0.085    -0.022   
   0.51      0.85      0.091    -0.21      0.15     -0.17    
   0.61     -0.43      0.67      0.29      0.19     -0.14    
  -0.44      0.52      0.74      0.055    -0.093     0.098   
   0.7       0.71     -0.081    -0.11      0.1      -0.07    
   0.61     -0.53      0.6       0.16      0.043    -0.13    
   0.69      0.72     -0.068    -0.16      0.16      0.048   
  -0.32      0.39      0.86     -0.045    -0.23      0.087   
   0.8       0.54     -0.26     -0.18      0.18     -0.17    
   0.56     -0.51      0.65      0.18      0.31      0.087   
  -0.39      0.53      0.76     -0.12      0.063    -0.1     
   0.61      0.76     -0.22     -0.11      0.067    -0.08    
   0.73     -0.44      0.53      0.035     0.19      0.11    
   0.62      0.75     -0.23     -0.14      0.13      0.04    
  -0.24      0.46      0.86     -0.24     -0.048    -0.04    

CINERT
   0         0         0         0         0         0         0         0         0         0       
   0.014     0.015     0.016     0.0034   -0.0011    0.00088   0.13     -0.11      0.057     3.8     
   0.0069    0.022     0.022    -0.0069    0.0071    0.0027    0.16      0.058    -0.06      1.4     
   0.025     0.06      0.037    -0.00045   0.028     0.00026   0.23      0.0025   -0.19      1.5     
   0.18      0.2       0.032     0.0066    0.067    -0.017     0.22     -0.052    -0.54      1.7     
   0.42      0.43      0.016     0.00023   0.067     0.0024    0.15      0.0033   -0.89      1.9     
   0.027     0.027     0.00011   2e-05    -0.00025   0.0016   -0.00041   0.0027   -0.045     0.074   
   0.26      0.26      0.0019    0.00057   0.007     0.0043    0.011     0.0067   -0.4       0.61    
   0.027     0.0025    0.027    -0.0035   -0.00047  -0.0039   -0.025    -0.18     -0.027     1.4     
   0.065     0.014     0.055     0.0097    0.0044   -0.023     0.053    -0.28     -0.12      1.5     
   0.21      0.14      0.091     0.027     0.034    -0.1       0.12     -0.37     -0.46      1.7     
   0.48      0.37      0.13      0.031     0.055    -0.2       0.13     -0.48     -0.82      1.9     
   0.031     0.026     0.005     0.0011    0.0026   -0.011     0.0044   -0.019    -0.044     0.074   
   0.29      0.25      0.054     0.017     0.036    -0.11      0.058    -0.17     -0.38      0.61    
   0.0026    0.0026    0.00015  -6.2e-06  -0.00017  -7.9e-05   0.0015    0.00099   0.024     0.24    
   0.00069   0.00067   2.3e-05   6.3e-06   4.3e-05  -0.0001   -0.00035   0.00086   0.0056    0.047   
   0.81      0.76      0.33      0.14      0.27     -0.32     -0.98      1.2       2.3       9.6     
   0.098     0.053     0.048     0.007     0.0073   -0.049    -0.027     0.18      0.19      0.72    
   0.065     0.031     0.034     0.00056   0.00051  -0.032    -0.002     0.15      0.14      0.64    
   0.036     0.018     0.022    -0.0057   -0.005    -0.017     0.036     0.12      0.11      0.73    
   0.027     0.024     0.016    -0.0076   -0.011    -0.013     0.063     0.074     0.1       0.6     
   0.0043    0.0051    0.0023   -0.0011   -0.0023   -0.0016    0.011     0.008     0.017     0.085   
   0.027     0.038     0.015    -0.0052   -0.018    -0.0073    0.078     0.033     0.11      0.48    
   0.02      0.032     0.013    -0.00074  -0.016    -0.001     0.057     0.0042    0.07      0.25    
   0.064     0.098     0.039     0.0089    0.047    -0.011    -0.16      0.039     0.21      0.72    
   0.039     0.067     0.029     0.0019    0.033    -0.0023   -0.13      0.0089    0.16      0.64    
   0.022     0.038     0.02     -0.0051    0.019     0.0054   -0.11     -0.034     0.12      0.73    
   0.027     0.028     0.012    -0.0056    0.012     0.01     -0.061    -0.055     0.11      0.6     
   0.0051    0.0044    0.0015   -0.00062   0.0012    0.0021   -0.0054   -0.0097    0.018     0.085   
   0.036     0.028     0.0093   -0.0018    0.0033    0.015    -0.014    -0.064     0.11      0.48    
   0.029     0.021     0.0088    0.0019   -0.003     0.013     0.01     -0.045     0.072     0.25    

ACTUATOR_LENGTH
   0.35    
  -0.057   
   0.0062  
   0.59    
  -0.45    
   0.12    
   0.094   
   0.041   
   0.0039  
   0.33    
  -0.22    
   0.12    
  -0.075   
  -0.029   
  -0.37    
   0.14    
  -0.0085  
  -0.063   
   0.1     
   0.016   
   0.11    
   0.011   
   0.18    
  -0.059   
   0.19    
   0.12    
  -0.016   
   0.075   
   0.0026  

actuator_moment
-------------------------------------
       x                             |
        x                            |
         x                           |
          x                          |
           x                         |
            x                        |
             x                       |
              x                      |
               x                     |
                x                    |
                 x                   |
                  x                  |
                   x                 |
                    x                |
                     x               |
                      x              |
                       x             |
                        x            |
                         x           |
                          x          |
                           x         |
                            x        |
                             x       |
                              x      |
                               x     |
                                x    |
                                 x   |
                                  x  |
                                   x |
-------------------------------------

ACTUATOR_MOMENT
     6:  1       
     7:  1       
     8:  1       
     9:  1       
    10:  1       
    11:  1       
    12:  1       
    13:  1       
    14:  1       
    15:  1       
    16:  1       
    17:  1       
    18:  1       
    19:  1       
    20:  1       
    21:  1       
    22:  1       
    23:  1       
    24:  1       
    25:  1       
    26:  1       
    27:  1       
    28:  1       
    29:  1       
    30:  1       
    31:  1       
    32:  1       
    33:  1       
    34:  1       

CRB
   0         0         0         0         0         0         0         0         0         0       
   3.3       3.1       1.1       0.21      0.64     -0.86     -8.9e-16   3.6e-16   4.4e-15   35      
   0.91      1         0.11      7.7e-05   0.18     -0.0056    0.77      0.022    -2.1       7.2     
   0.91      0.98      0.086     0.007     0.17     -0.0083    0.61     -0.036    -2.1       5.8     
   0.88      0.92      0.05      0.0074    0.14     -0.0085    0.38     -0.039    -1.9       4.3     
   0.7       0.72      0.018     0.00081   0.074     0.0084    0.16      0.013    -1.3       2.6     
   0.29      0.29      0.002     0.00059   0.0068    0.0059    0.01      0.0094   -0.44      0.68    
   0.26      0.26      0.0019    0.00057   0.007     0.0043    0.011     0.0067   -0.4       0.61    
   1.1       0.8       0.36      0.083     0.13     -0.45      0.34     -1.5      -1.9       7.2     
   1.1       0.8       0.33      0.086     0.13     -0.44      0.37     -1.3      -1.8       5.8     
   1         0.78      0.28      0.076     0.13     -0.42      0.31     -1        -1.7       4.3     
   0.8       0.64      0.19      0.049     0.093    -0.32      0.19     -0.66     -1.2       2.6     
   0.32      0.27      0.059     0.018     0.039    -0.12      0.063    -0.19     -0.43      0.68    
   0.29      0.25      0.054     0.017     0.036    -0.11      0.058    -0.17     -0.38      0.61    
   1.3       1.3       0.6       0.13      0.34     -0.41     -1.2       1.6       3.9       17      
   1.3       1.2       0.6       0.13      0.34     -0.41     -1.2       1.6       3.9       17      
   1.3       1.2       0.6       0.13      0.34     -0.41     -1.2       1.6       3.9       17      
   0.28      0.2       0.15     -0.013    -0.044    -0.12      0.22      0.57      0.74      3.5     
   0.18      0.15      0.1      -0.02     -0.051    -0.072     0.24      0.39      0.55      2.8     
   0.11      0.12      0.069    -0.02     -0.051    -0.04      0.24      0.24      0.4       2.2     
   0.078     0.099     0.047    -0.015    -0.046    -0.022     0.21      0.12      0.3       1.4     
   0.051     0.075     0.031    -0.007    -0.036    -0.01      0.15      0.045     0.2       0.82    
   0.047     0.07      0.028    -0.0059   -0.033    -0.0084    0.13      0.037     0.18      0.74    
   0.02      0.032     0.013    -0.00074  -0.016    -0.001     0.057     0.0042    0.07      0.25    
   0.22      0.29      0.12     -0.00036   0.11      0.032    -0.48     -0.16      0.81      3.5     
   0.16      0.19      0.08     -0.0092    0.065     0.044    -0.32     -0.2       0.6       2.8     
   0.12      0.12      0.051    -0.011     0.032     0.046    -0.18     -0.21      0.44      2.2     
   0.097     0.082     0.031    -0.0061    0.013     0.041    -0.071    -0.17      0.32      1.4     
   0.07      0.054     0.02     -0.00046   0.0015    0.03     -0.0096   -0.12      0.2       0.82    
   0.065     0.049     0.018     0.00015   0.0003    0.028    -0.0042   -0.11      0.19      0.74    
   0.029     0.021     0.0088    0.0019   -0.003     0.013     0.01     -0.045     0.072     0.25    

M
     0:  35      
     0:  0          1:  35      
     0:  0          1:  0          2:  35      
     0:  1.4        1:  1.9        2: -0.16       3:  3.6     
     0: -2.2        1:  1.8        2:  0.27       3:  0.051      4:  3.7     
     0: -1.1        1: -1.2        2:  0.12       3: -0.38       4: -0.064      5:  0.69    
     0: -1.6        1:  1.2        2: -0.18       3:  0.073      4:  1.1        5:  0.17       6:  0.87    
     0:  1.1        1:  1.3        2: -0.27       3:  0.83       4: -0.011      5: -0.34       6: -0.013      7:  0.67    
     0: -0.37       1: -0.45       2:  0.093      3: -0.31       4:  0.0024     5:  0.15       6:  0.0038     7: -0.26       8:  0.13    
     0: -0.31       1:  0.29       2:  0.16       3:  0.039      4:  0.27       5:  0.022      6:  0.24       7: -0.0005     8:  0.0012     9:  0.12    
     0: -0.017      1:  0.011      2: -0.016      3: -0.00082    4:  0.016      5:  0.0023     6:  0.013      7: -0.00012    8:  9.3e-05    9:  0.0061    10:  0.013   
     0:  0.0063     1:  0.0077     2: -0.00041    3:  0.0066     4: -9.1e-05    5: -0.0035     6: -5.2e-05    7:  0.0058     8: -0.0027     9:  0.00011   10: -4e-05     11:  0.01    
     0: -1.5        1:  1.1        2: -0.79       3: -0.02       4:  1.1        5: -0.2       12:  0.91    
     0:  1.1        1:  1.4        2: -0.11       3:  0.97       4:  0.0082     5: -0.12      12:  0.0075    13:  0.74    
     0: -0.3        1: -0.39       2:  0.03       3: -0.29       4: -0.0016     5:  0.048     12: -0.002     13: -0.22      14:  0.088   
     0: -0.36       1:  0.27       2: -0.064      3: -0.022      4:  0.3        5: -0.04      12:  0.26      13: -0.0013    14: -0.00069   15:  0.12    
     0: -0.012      1:  0.0076     2: -0.021      3:  0.0012     4:  0.017      5: -0.0021    12:  0.015     13: -6.5e-05   14: -2.9e-06   15:  0.0076    16:  0.013   
     0:  0.0057     1:  0.0082     2:  0.00047    3:  0.0075     4:  7.3e-05    5: -0.0013    12:  9.1e-05   13:  0.0062    14: -0.002     15:  3.5e-05   16: -4.2e-05   17:  0.01    
     0: -0.46       1: -0.41       2:  0.0028     3:  0.2        4: -0.031      5:  0.3       18:  0.31    
     0: -1.8        1: -1.9        2:  0.24       3:  0.84       4: -0.062      5:  0.18      18:  0.18      19:  0.76    
     0:  1.4        1: -1.1        2:  1.6        3:  0.05       4:  0.73       5: -0.021     18: -0.021     19: -0.0045    20:  0.62    
     0: -0.17       1:  0.15       2: -0.49       3: -0.05       4: -0.01       5:  0.071     18:  0.071     19: -0.048     20:  0.009     21:  0.15    
     0:  0.31       1:  0.35       2: -0.053      3: -0.051      4:  0.0042     5:  0.029     18:  0.029     19: -0.035     20:  0.0005    21:  0.014     22:  0.1     
     0:  0.15       1:  0.16       2: -0.019      3: -0.023      4:  0.0033     5:  0.03      18:  0.03      19: -0.016     20:  0.00045   21:  0.0088    22:  0.047     23:  0.05    
     0:  0.061      1: -0.079      2: -0.16       3: -0.025      4:  0.031      5: -0.0019    18: -0.0019    19: -0.027     20:  0.03      21:  0.043     22:  0.0012    23:  8.6e-05   24:  0.044   
     0:  0.0033     1:  0.0032     2: -0.00052    3: -0.00017    4:  6.7e-05    5:  0.001     18:  0.001     19: -1.5e-05   20:  1.8e-05   21:  0.00025   22:  0.0014    23:  0.0011    24:  1.9e-05   25:  0.01    
     0:  0.013      1: -0.016      2: -0.035      3: -0.005      4:  0.0097     5: -0.00028   18: -0.00028   19: -0.0057    20:  0.0095    21:  0.012     22:  0.00062   23:  0.0002    24:  0.01      25:  4.8e-06   26:  0.015   
     0:  0.012      1:  0.013      2: -0.0014     3: -0.002      4:  0.00026    5:  0.0046    18:  0.0046    19: -0.0014    20: -3.5e-05   21:  0.0012    22:  0.0043    23:  0.0054    24: -8.1e-05   25:  0.00026   26:  3.4e-06   27:  0.012   
     0: -0.24       1:  0.12       2: -0.48       3:  0.043      4: -0.024      5: -0.073     18: -0.073     19:  0.044     20:  0.0071    28:  0.15    
     0:  0.34       1:  0.33       2: -0.031      3: -0.048      4:  0.0034     5:  0.026     18:  0.026     19: -0.031     20: -0.0022    28: -0.015     29:  0.1     
     0:  0.14       1:  0.17       2: -0.047      3: -0.018      4:  0.0019     5:  0.025     18:  0.025     19: -0.011     20:  0.0013    28:  7.5e-05   29:  0.047     30:  0.05    
     0:  0.045      1: -0.085      2: -0.17       3:  0.029      4:  0.025      5: -0.0033    18: -0.0033    19:  0.027     20:  0.028     28:  0.044     29: -0.0068    30: -7.6e-05   31:  0.044   
     0:  0.0018     1:  0.0026     2: -0.00034    3:  2.7e-05    4: -3.5e-06    5:  0.00059   18:  0.00059   19:  0.00014   20:  3.7e-06   28: -6e-05     29:  0.0011    30:  0.00074   31: -9.2e-05   32:  0.01    
     0:  0.0096     1: -0.019      2: -0.035      3:  0.0061     4:  0.0084     5: -0.0011    18: -0.0011    19:  0.0053    20:  0.009     28:  0.012     29: -0.0022    30: -0.00019   31:  0.01      32: -3.9e-05   33:  0.015   
     0:  0.011      1:  0.014      2: -0.0042     3: -0.0015     4:  0.00044    5:  0.0041    18:  0.0041    19: -0.00091   20:  0.00033   28: -0.00026   29:  0.0042    30:  0.0054    31:  8e-05     32:  0.00017   33: -3.8e-06   34:  0.012   

QLD
     0:  12      
     0: -0.12       1:  13      
     0: -0.3        1:  0.34       2:  22      
     0:  1.9        1:  1.7        2: -0.47       3:  0.36    
     0: -2.3        1:  1.2        2: -3.6        3: -0.081      4:  0.14    
     0:  0.55       1:  0.35       2: -1.3        3: -0.093      4:  0.044      5:  0.098   
     0: -2.4        1:  1.8        2: -1.3        3:  0.026      4:  1.3        5:  0.32       6:  0.39    
     0:  2.4        1:  2.6        2: -0.59       3:  1.3        4: -0.068      5: -0.25       6: -0.058      7:  0.15    
     0: -2.9        1: -3.6        2:  0.73       3: -2.5        4: -0.0029     5:  1.2        6:  0.011      7: -2          8:  0.13    
     0: -2.6        1:  2.4        2:  1.4        3:  0.34       4:  2.2        5:  0.18       6:  2          7: -0.0043     8:  0.0099     9:  0.12    
     0: -1.3        1:  0.83       2: -1.2        3: -0.062      4:  1.3        5:  0.18       6:  1.1        7: -0.0079     8:  0.0064     9:  0.48      10:  0.013   
     0:  0.61       1:  0.74       2: -0.039      3:  0.64       4: -0.0088     5: -0.34       6: -0.005      7:  0.56       8: -0.26       9:  0.01      10: -0.0039    11:  0.01    
     0: -2.2        1:  1.5        2: -1.8        3:  0.036      4:  1.3        5: -0.33      12:  0.36    
     0:  1.8        1:  2.6        2: -0.22       3:  1.3        4:  0.068      5: -0.014     12:  0.053     13:  0.17    
     0: -3.5        1: -4.4        2:  0.34       3: -3.3        4:  0.00074    5:  0.55      12: -0.0057    13: -2.5       14:  0.087   
     0: -3          1:  2.2        2: -0.44       3: -0.19       4:  2.5        5: -0.33      12:  2.1       13: -0.011     14: -0.0057    15:  0.12    
     0: -0.96       1:  0.59       2: -1.6        3:  0.099      4:  1.3        5: -0.16      12:  1.2       13: -0.0031    14: -0.00088   15:  0.59      16:  0.013   
     0:  0.55       1:  0.79       2:  0.045      3:  0.72       4:  0.007      5: -0.12      12:  0.0087    13:  0.6       14: -0.2       15:  0.0034    16: -0.0041    17:  0.01    
     0: -0.66       1: -0.6        2:  0.11       3:  0.059      4:  0.017      5:  0.92      18:  0.12    
     0: -2.3        1: -2.5        2:  0.29       3:  1.1        4: -0.073      5:  0.31      18:  0.31      19:  0.7     
     0:  2.2        1: -1.6        2:  3          3:  0.083      4:  1.2        5: -0.033     18: -0.033     19: -0.0051    20:  0.57    
     0: -2.6        1:  1.8        2: -3.2        3: -0.2        4: -0.41       5:  0.66      18:  0.66      19: -0.17      20: -0.2       21:  0.1     
     0:  2.9        1:  3.6        2: -0.55       3: -0.51       4:  0.0052     5:  0.0055    18:  0.0055    19: -0.35      20: -0.013     21:  0.083     22:  0.056   
     0:  3.1        1:  3.2        2: -0.38       3: -0.47       4:  0.064      5:  0.59      18:  0.59      19: -0.32      20:  0.0073    21:  0.17      22:  0.95      23:  0.048   
     0:  1.4        1: -1.8        2: -3.8        3: -0.57       4:  0.66       5: -0.046     18: -0.046     19: -0.62      20:  0.63      21:  0.93      22:  0.022     23: -0.00043   24:  0.037   
     0:  0.29       1:  0.28       2: -0.046      3: -0.012      4:  0.0056     5:  0.086     18:  0.086     19:  0.0017    20:  0.0015    21:  0.021     22:  0.13      23:  0.096     24:  0.0017    25:  0.01    
     0:  0.88       1: -1.1        2: -2.4        3: -0.34       4:  0.66       5: -0.019     18: -0.019     19: -0.39      20:  0.64      21:  0.83      22:  0.042     23:  0.013     24:  0.71      25:  0.00032   26:  0.015   
     0:  1          1:  1.1        2: -0.11       3: -0.17       4:  0.022      5:  0.39      18:  0.39      19: -0.12      20: -0.0029    21:  0.1       22:  0.36      23:  0.45      24: -0.0068    25:  0.022     26:  0.00028   27:  0.012   
     0: -2.4        1:  2.2        2: -3.1        3:  0.11       4: -0.47       5: -0.68      18: -0.68      19:  0.15      20: -0.2       28:  0.1     
     0:  3.8        1:  2.8        2: -0.22       3: -0.45       4:  0.094      5:  0.042     18:  0.042     19: -0.3       20:  0.016     28: -0.15      29:  0.058   
     0:  2.7        1:  3.3        2: -0.95       3: -0.37       4:  0.038      5:  0.49      18:  0.49      19: -0.22      20:  0.025     28:  0.0069    29:  0.94      30:  0.048   
     0:  1          1: -1.9        2: -3.8        3:  0.68       4:  0.51       5: -0.07      18: -0.07      19:  0.62      20:  0.58      28:  0.94      29: -0.14      30:  0.00066   31:  0.037   
     0:  0.16       1:  0.23       2: -0.036      3:  0.0062     4:  0.0012     5:  0.051     18:  0.051     19:  0.016     20:  0.0022    28: -0.0024    29:  0.099     30:  0.064     31: -0.0063    32:  0.01    
     0:  0.65       1: -1.3        2: -2.4        3:  0.41       4:  0.57       5: -0.075     18: -0.075     19:  0.36      20:  0.61      28:  0.82      29: -0.15      30: -0.013     31:  0.71      32: -0.0026    33:  0.015   
     0:  0.94       1:  1.1        2: -0.35       3: -0.13       4:  0.037      5:  0.35      18:  0.35      19: -0.077     20:  0.028     28: -0.022     29:  0.35      30:  0.45      31:  0.0067    32:  0.014     33: -0.00032   34:  0.012   

QLDIAGINV
   0.085   
   0.076   
   0.045   
   2.7     
   7.3     
   10      
   2.6     
   6.7     
   8       
   8.5     
   78      
   96      
   2.8     
   5.8     
   11      
   8.4     
   78      
   96      
   8.5     
   1.4     
   1.8     
   9.8     
   18      
   21      
   27      
   96      
   68      
   84      
   9.8     
   17      
   21      
   27      
   96      
   68      
   84      

M: inertia structure
-------------------------------------
 x                                   |
 xx                                  |
 xxx                                 |
 xxxx                                |
 xxxxx                               |
 xxxxxx                              |
 xxxxxxx                             |
 xxxxxxxx                            |
 xxxxxxxxx                           |
 xxxxxxxxxx                          |
 xxxxxxxxxxx                         |
 xxxxxxxxxxxx                        |
 xxxxxx      x                       |
 xxxxxx      xx                      |
 xxxxxx      xxx                     |
 xxxxxx      xxxx                    |
 xxxxxx      xxxxx                   |
 xxxxxx      xxxxxx                  |
 xxxxxx            x                 |
 xxxxxx            xx                |
 xxxxxx            xxx               |
 xxxxxx            xxxx              |
 xxxxxx            xxxxx             |
 xxxxxx            xxxxxx            |
 xxxxxx            xxxxxxx           |
 xxxxxx            xxxxxxxx          |
 xxxxxx            xxxxxxxxx         |
 xxxxxx            xxxxxxxxxx        |
 xxxxxx            xxx       x       |
 xxxxxx            xxx       xx      |
 xxxxxx            xxx       xxx     |
 xxxxxx            xxx       xxxx    |
 xxxxxx            xxx       xxxxx   |
 xxxxxx            xxx       xxxxxx  |
 xxxxxx            xxx       xxxxxxx |
-------------------------------------

iM: block-diagonal inertia (nnzs are island ids)
-------------------------------------
 0                                   |
 00                                  |
 000                                 |
 0000                                |
 00000                               |
 000000                              |
 0000000                             |
 00000000                            |
 000000000                           |
 0000000000                          |
 00000000000                         |
 000000000000                        |
 000000      0                       |
 000000      00                      |
 000000      000                     |
 000000      0000                    |
 000000      00000                   |
 000000      000000                  |
 000000            0                 |
 000000            00                |
 000000            000               |
 000000            0000              |
 000000            00000             |
 000000            000000            |
 000000            0000000           |
 000000            00000000          |
 000000            000000000         |
 000000            0000000000        |
 000000            000       0       |
 000000            000       00      |
 000000            000       000     |
 000000            000       0000    |
 000000            000       00000   |
 000000            000       000000  |
 000000            000       0000000 |
-------------------------------------

QH
     0:  12      
     0: -0.12       1:  13      
     0: -0.3        1:  0.34       2:  22      
     0:  1.9        1:  1.7        2: -0.46       3:  0.36    
     0: -2.3        1:  1.2        2: -3.6        3: -0.081      4:  0.14    
     0:  0.55       1:  0.35       2: -1.3        3: -0.093      4:  0.044      5:  0.098   
     0: -2.4        1:  1.8        2: -1.3        3:  0.026      4:  1.3        5:  0.32       6:  0.39    
     0:  2.4        1:  2.6        2: -0.59       3:  1.3        4: -0.067      5: -0.25       6: -0.058      7:  0.15    
     0: -2.9        1: -3.6        2:  0.73       3: -2.5        4: -0.0029     5:  1.2        6:  0.011      7: -2          8:  0.13    
     0: -2.6        1:  2.4        2:  1.4        3:  0.34       4:  2.2        5:  0.18       6:  2          7: -0.0043     8:  0.0098     9:  0.12    
     0: -1.3        1:  0.82       2: -1.2        3: -0.061      4:  1.2        5:  0.18       6:  1          7: -0.0078     8:  0.0064     9:  0.48      10:  0.013   
     0:  0.6        1:  0.74       2: -0.039      3:  0.63       4: -0.0087     5: -0.34       6: -0.0049     7:  0.55       8: -0.26       9:  0.01      10: -0.0039    11:  0.01    
     0: -2.2        1:  1.5        2: -1.8        3:  0.035      4:  1.3        5: -0.33      12:  0.36    
     0:  1.8        1:  2.6        2: -0.22       3:  1.3        4:  0.068      5: -0.015     12:  0.053     13:  0.17    
     0: -3.5        1: -4.4        2:  0.34       3: -3.3        4:  0.00072    5:  0.55      12: -0.0057    13: -2.5       14:  0.087   
     0: -3          1:  2.2        2: -0.44       3: -0.19       4:  2.5        5: -0.33      12:  2.1       13: -0.011     14: -0.0057    15:  0.12    
     0: -0.96       1:  0.59       2: -1.6        3:  0.098      4:  1.3        5: -0.16      12:  1.1       13: -0.0031    14: -0.00087   15:  0.59      16:  0.013   
     0:  0.55       1:  0.78       2:  0.044      3:  0.71       4:  0.007      5: -0.12      12:  0.0087    13:  0.59      14: -0.19      15:  0.0033    16: -0.004     17:  0.01    
     0: -0.66       1: -0.59       2:  0.11       3:  0.059      4:  0.017      5:  0.91      18:  0.12    
     0: -2.3        1: -2.5        2:  0.29       3:  1.1        4: -0.073      5:  0.31      18:  0.31      19:  0.7     
     0:  2.2        1: -1.6        2:  3          3:  0.083      4:  1.2        5: -0.033     18: -0.033     19: -0.0051    20:  0.57    
     0: -2.6        1:  1.8        2: -3.2        3: -0.2        4: -0.41       5:  0.66      18:  0.66      19: -0.17      20: -0.2       21:  0.1     
     0:  2.9        1:  3.6        2: -0.55       3: -0.51       4:  0.0053     5:  0.0065    18:  0.0065    19: -0.35      20: -0.013     21:  0.083     22:  0.056   
     0:  3.1        1:  3.2        2: -0.38       3: -0.47       4:  0.064      5:  0.59      18:  0.59      19: -0.32      20:  0.0073    21:  0.17      22:  0.95      23:  0.048   
     0:  1.4        1: -1.8        2: -3.7        3: -0.57       4:  0.66       5: -0.046     18: -0.046     19: -0.62      20:  0.63      21:  0.93      22:  0.022     23: -0.00041   24:  0.037   
     0:  0.29       1:  0.28       2: -0.046      3: -0.012      4:  0.0056     5:  0.085     18:  0.085     19:  0.0016    20:  0.0015    21:  0.021     22:  0.13      23:  0.096     24:  0.0016    25:  0.011   
     0:  0.88       1: -1.1        2: -2.4        3: -0.34       4:  0.65       5: -0.019     18: -0.019     19: -0.39      20:  0.64      21:  0.83      22:  0.041     23:  0.013     24:  0.7       25:  0.00031   26:  0.015   
     0:  1          1:  1.1        2: -0.11       3: -0.17       4:  0.022      5:  0.39      18:  0.39      19: -0.11      20: -0.0029    21:  0.1       22:  0.36      23:  0.45      24: -0.0068    25:  0.022     26:  0.00028   27:  0.012   
     0: -2.4        1:  2.2        2: -3.1        3:  0.11       4: -0.47       5: -0.68      18: -0.68      19:  0.15      20: -0.2       28:  0.1     
     0:  3.7        1:  2.8        2: -0.22       3: -0.45       4:  0.094      5:  0.043     18:  0.043     19: -0.3       20:  0.015     28: -0.15      29:  0.058   
     0:  2.7        1:  3.3        2: -0.95       3: -0.37       4:  0.038      5:  0.49      18:  0.49      19: -0.22      20:  0.025     28:  0.0068    29:  0.94      30:  0.048   
     0:  1          1: -1.9        2: -3.8        3:  0.67       4:  0.5        5: -0.07      18: -0.07      19:  0.62      20:  0.58      28:  0.94      29: -0.14      30:  0.00064   31:  0.037   
     0:  0.16       1:  0.23       2: -0.035      3:  0.0061     4:  0.0012     5:  0.051     18:  0.051     19:  0.016     20:  0.0021    28: -0.0024    29:  0.098     30:  0.064     31: -0.0062    32:  0.01    
     0:  0.65       1: -1.3        2: -2.3        3:  0.41       4:  0.56       5: -0.074     18: -0.074     19:  0.35      20:  0.6       28:  0.82      29: -0.15      30: -0.013     31:  0.7       32: -0.0026    33:  0.015   
     0:  0.94       1:  1.1        2: -0.35       3: -0.13       4:  0.037      5:  0.35      18:  0.35      19: -0.076     20:  0.028     28: -0.022     29:  0.35      30:  0.45      31:  0.0067    32:  0.014     33: -0.00032   34:  0.012   

QHDIAGINV
   0.085   
   0.076   
   0.045   
   2.7     
   7.2     
   10      
   2.6     
   6.7     
   8       
   8.5     
   78      
   95      
   2.8     
   5.8     
   11      
   8.4     
   78      
   95      
   8.5     
   1.4     
   1.8     
   9.8     
   18      
   21      
   27      
   95      
   67      
   84      
   9.8     
   17      
   21      
   27      
   95      
   67      
   84      

TREE_AWAKE
  1

BODY_AWAKE
  -1 1 1 1 1 1 1 1 1 1 1 1 1 1 1 1 1 1 1 1 1 1 1 1 1 1 1 1 1 1 1

BODY_AWAKE_IND
  0 1 2 3 4 5 6 7 8 9 10 11 12 13 14 15 16 17 18 19 20 21 22 23 24 25 26 27 28 29 30

PARENT_AWAKE_IND
  1 2 3 4 5 6 7 8 9 10 11 12 13 14 15 16 17 18 19 20 21 22 23 24 25 26 27 28 29 30

DOF_AWAKE_IND
  0 1 2 3 4 5 6 7 8 9 10 11 12 13 14 15 16 17 18 19 20 21 22 23 24 25 26 27 28 29 30 31 32 33 34

CONTACT
  0:
     dim           3
     geoms         floor : 15
     exclude       0
     efc_address   29
     solref         0.02      1       
     solimp         0.9       0.95      0.001     0.5       2       
     dist          -0.0027  
     includemargin  0       
     pos            0.14      0.14     -0.0014  
     frame          0         0         1         0         1         0        -1         0         0       
     friction       1         1         0.005     0.0001    0.0001  
     mu             1       
     force          0         0         0         0         0         0       
  1:
     dim           3
     geoms         floor : 16
     exclude       0
     efc_address   33
     solref         0.02      1       
     solimp         0.9       0.95      0.001     0.5       2       
     dist          -0.00068 
     includemargin  0       
     pos            0.11      0.1      -0.00034 
     frame          0         0         1         0         1         0        -1         0         0       
     friction       1         1         0.005     0.0001    0.0001  
     mu             1       
     force          0         0         0         0         0         0       
  2:
     dim           3
     geoms         floor : 17
     exclude       0
     efc_address   37
     solref         0.02      1       
     solimp         0.9       0.95      0.001     0.5       2       
     dist          -0.0016  
     includemargin  0       
     pos            0.28      0.036    -0.0008  
     frame          0         0         1         0         1         0        -1         0         0       
     friction       1         1         0.005     0.0001    0.0001  
     mu             1       
     force          1.7e+02   59        33        0         0         0       
  3:
     dim           3
     geoms         floor : 31
     exclude       0
     efc_address   41
     solref         0.02      1       
     solimp         0.9       0.95      0.001     0.5       2       
     dist          -0.0011  
     includemargin  0       
     pos            0.19     -0.2      -0.00056 
     frame          0         0         1         0         1         0        -1         0         0       
     friction       1         1         0.005     0.0001    0.0001  
     mu             1       
     force          1.9e+02   30        74        0         0         0       

EFC_TYPE
  1
  1
  1
  1
  1
  1
  1
  1
  1
  1
  1
  1
  1
  1
  1
  1
  1
  1
  1
  1
  1
  1
  1
  1
  1
  1
  1
  1
  1
  6
  6
  6
  6
  6
  6
  6
  6
  6
  6
  6
  6
  6
  6
  6
  6

EFC_ID
  6
  7
  8
  9
  10
  11
  12
  13
  14
  15
  16
  17
  18
  19
  20
  21
  22
  23
  24
  25
  26
  27
  28
  29
  30
  31
  32
  33
  34
  0
  0
  0
  0
  1
  1
  1
  1
  2
  2
  2
  2
  3
  3
  3
  3

EFC_J
   0         0         0         0         0         0         1         0         0         0         0         0         0         0         0         0         0         0         0         0         0         0         0         0         0         0         0         0         0         0         0         0         0         0         0       
   0         0         0         0         0         0         0         1         0         0         0         0         0         0         0         0         0         0         0         0         0         0         0         0         0         0         0         0         0         0         0         0         0         0         0       
   0         0         0         0         0         0         0         0         1         0         0         0         0         0         0         0         0         0         0         0         0         0         0         0         0         0         0         0         0         0         0         0         0         0         0       
   0         0         0         0         0         0         0         0         0         1         0         0         0         0         0         0         0         0         0         0         0         0         0         0         0         0         0         0         0         0         0         0         0         0         0       
   0         0         0         0         0         0         0         0         0         0         1         0         0         0         0         0         0         0         0         0         0         0         0         0         0         0         0         0         0         0         0         0         0         0         0       
   0         0         0         0         0         0         0         0         0         0         0         1         0         0         0         0         0         0         0         0         0         0         0         0         0         0         0         0         0         0         0         0         0         0         0       
   0         0         0         0         0         0         0         0         0         0         0         0         1         0         0         0         0         0         0         0         0         0         0         0         0         0         0         0         0         0         0         0         0         0         0       
   0         0         0         0         0         0         0         0         0         0         0         0         0         1         0         0         0         0         0         0         0         0         0         0         0         0         0         0         0         0         0         0         0         0         0       
   0         0         0         0         0         0         0         0         0         0         0         0         0         0         1         0         0         0         0         0         0         0         0         0         0         0         0         0         0         0         0         0         0         0         0       
   0         0         0         0         0         0         0         0         0         0         0         0         0         0         0         1         0         0         0         0         0         0         0         0         0         0         0         0         0         0         0         0         0         0         0       
   0         0         0         0         0         0         0         0         0         0         0         0         0         0         0         0         1         0         0         0         0         0         0         0         0         0         0         0         0         0         0         0         0         0         0       
   0         0         0         0         0         0         0         0         0         0         0         0         0         0         0         0         0         1         0         0         0         0         0         0         0         0         0         0         0         0         0         0         0         0         0       
   0         0         0         0         0         0         0         0         0         0         0         0         0         0         0         0         0         0         1         0         0         0         0         0         0         0         0         0         0         0         0         0         0         0         0       
   0         0         0         0         0         0         0         0         0         0         0         0         0         0         0         0         0         0         0         1         0         0         0         0         0         0         0         0         0         0         0         0         0         0         0       
   0         0         0         0         0         0         0         0         0         0         0         0         0         0         0         0         0         0         0         0         1         0         0         0         0         0         0         0         0         0         0         0         0         0         0       
   0         0         0         0         0         0         0         0         0         0         0         0         0         0         0         0         0         0         0         0         0         1         0         0         0         0         0         0         0         0         0         0         0         0         0       
   0         0         0         0         0         0         0         0         0         0         0         0         0         0         0         0         0         0         0         0         0         0         1         0         0         0         0         0         0         0         0         0         0         0         0       
   0         0         0         0         0         0         0         0         0         0         0         0         0         0         0         0         0         0         0         0         0         0         0         1         0         0         0         0         0         0         0         0         0         0         0       
   0         0         0         0         0         0         0         0         0         0         0         0         0         0         0         0         0         0         0         0         0         0         0         0         1         0         0         0         0         0         0         0         0         0         0       
   0         0         0         0         0         0         0         0         0         0         0         0         0         0         0         0         0         0         0         0         0         0         0         0         0         1         0         0         0         0         0         0         0         0         0       
   0         0         0         0         0         0         0         0         0         0         0         0         0         0         0         0         0         0         0         0         0         0         0         0         0         0         1         0         0         0         0         0         0         0         0       
   0         0         0         0         0         0         0         0         0         0         0         0         0         0         0         0         0         0         0         0         0         0         0         0         0         0         0         1         0         0         0         0         0         0         0       
   0         0         0         0         0         0         0         0         0         0         0         0         0         0         0         0         0         0         0         0         0         0         0         0         0         0         0         0         1         0         0         0         0         0         0       
   0         0         0         0         0         0         0         0         0         0         0         0         0         0         0         0         0         0         0         0         0         0         0         0         0         0         0         0         0         1         0         0         0         0         0       
   0         0         0         0         0         0         0         0         0         0         0         0         0         0         0         0         0         0         0         0         0         0         0         0         0         0         0         0         0         0         1         0         0         0         0       
   0         0         0         0         0         0         0         0         0         0         0         0         0         0         0         0         0         0         0         0         0         0         0         0         0         0         0         0         0         0         0         1         0         0         0       
   0         0         0         0         0         0         0         0         0         0         0         0         0         0         0         0         0         0         0         0         0         0         0         0         0         0         0         0         0         0         0         0         1         0         0       
   0         0         0         0         0         0         0         0         0         0         0         0         0         0         0         0         0         0         0         0         0         0         0         0         0         0         0         0         0         0         0         0         0         1         0       
   0         0         0         0         0         0         0         0         0         0         0         0         0         0         0         0         0         0         0         0         0         0         0         0         0         0         0         0         0         0         0         0         0         0         1       
   0         1         1         0.56      0.55     -0.28      0.54      0.37     -0.21      0.4       0.086     0.051     0         0         0         0         0         0         0         0         0         0         0         0         0         0         0         0         0         0         0         0         0         0         0       
   0        -1         1        -0.48     -0.39      0.26     -0.29     -0.48      0.29     -0.049     0.012    -0.0032    0         0         0         0         0         0         0         0         0         0         0         0         0         0         0         0         0         0         0         0         0         0         0       
  -1         0         1        -0.31      0.65      0.33      0.63     -0.4       0.29      0.41      0.082     0.002     0         0         0         0         0         0         0         0         0         0         0         0         0         0         0         0         0         0         0         0         0         0         0       
   1         0         1         0.38     -0.5      -0.36     -0.38      0.28     -0.2      -0.056     0.016     0.045     0         0         0         0         0         0         0         0         0         0         0         0         0         0         0         0         0         0         0         0         0         0         0       
   0         1         1         0.5       0.55     -0.29      0.55      0.31     -0.22      0.4       0.09     -0.00025   0         0         0         0         0         0         0         0         0         0         0         0         0         0         0         0         0         0         0         0         0         0         0       
   0        -1         1        -0.51     -0.39      0.31     -0.29     -0.52      0.34     -0.053     0.0081   -0.052     0         0         0         0         0         0         0         0         0         0         0         0         0         0         0         0         0         0         0         0         0         0         0       
  -1         0         1        -0.37      0.66      0.32      0.63     -0.46      0.27      0.41      0.087    -0.048     0         0         0         0         0         0         0         0         0         0         0         0         0         0         0         0         0         0         0         0         0         0         0       
   1         0         1         0.36     -0.5      -0.3      -0.38      0.25     -0.14     -0.061     0.011    -0.0048    0         0         0         0         0         0         0         0         0         0         0         0         0         0         0         0         0         0         0         0         0         0         0       
   0         1         1         0.62      0.36     -0.18      0.36      0.41     -0.11      0.21     -0.1       0.056     0         0         0         0         0         0         0         0         0         0         0         0         0         0         0         0         0         0         0         0         0         0         0       
   0        -1         1        -0.55     -0.55      0.13     -0.45     -0.53      0.14     -0.2      -0.13      0.0012    0         0         0         0         0         0         0         0         0         0         0         0         0         0         0         0         0         0         0         0         0         0         0       
  -1         0         1        -0.36      0.49      0.23      0.47     -0.43      0.16      0.25     -0.071     0.0066    0         0         0         0         0         0         0         0         0         0         0         0         0         0         0         0         0         0         0         0         0         0         0       
   1         0         1         0.43     -0.68     -0.28     -0.56      0.31     -0.13     -0.24     -0.17      0.051     0         0         0         0         0         0         0         0         0         0         0         0         0         0         0         0         0         0         0         0         0         0         0       
   0         1         1         0.37      0.29     -0.15      0         0         0         0         0         0         0.29      0.41     -0.21      0.23      0.075     0.0022    0         0         0         0         0         0         0         0         0         0         0         0         0         0         0         0         0       
   0        -1         1        -0.72     -0.64      0.3       0         0         0         0         0         0        -0.53     -0.53      0.27     -0.21     -0.009    -0.047     0         0         0         0         0         0         0         0         0         0         0         0         0         0         0         0         0       
  -1         0         1        -0.68      0.44      0.13      0         0         0         0         0         0         0.41     -0.43      0.19      0.3       0.085    -0.049     0         0         0         0         0         0         0         0         0         0         0         0         0         0         0         0         0       
   1         0         1         0.33     -0.78      0.026     0         0         0         0         0         0        -0.66      0.31     -0.12     -0.28     -0.019     0.0038    0         0         0         0         0         0         0         0         0         0         0         0         0         0         0         0         0       

IEFC_J
   0         0         0         0         0         0         1         0         0         0         0         0         0         0         0         0         0         0         0         0         0         0         0         0         0         0         0         0         0         0         0         0         0         0         0       
   0         0         0         0         0         0         0         1         0         0         0         0         0         0         0         0         0         0         0         0         0         0         0         0         0         0         0         0         0         0         0         0         0         0         0       
   0         0         0         0         0         0         0         0         1         0         0         0         0         0         0         0         0         0         0         0         0         0         0         0         0         0         0         0         0         0         0         0         0         0         0       
   0         0         0         0         0         0         0         0         0         1         0         0         0         0         0         0         0         0         0         0         0         0         0         0         0         0         0         0         0         0         0         0         0         0         0       
   0         0         0         0         0         0         0         0         0         0         1         0         0         0         0         0         0         0         0         0         0         0         0         0         0         0         0         0         0         0         0         0         0         0         0       
   0         0         0         0         0         0         0         0         0         0         0         1         0         0         0         0         0         0         0         0         0         0         0         0         0         0         0         0         0         0         0         0         0         0         0       
   0         0         0         0         0         0         0         0         0         0         0         0         1         0         0         0         0         0         0         0         0         0         0         0         0         0         0         0         0         0         0         0         0         0         0       
   0         0         0         0         0         0         0         0         0         0         0         0         0         1         0         0         0         0         0         0         0         0         0         0         0         0         0         0         0         0         0         0         0         0         0       
   0         0         0         0         0         0         0         0         0         0         0         0         0         0         1         0         0         0         0         0         0         0         0         0         0         0         0         0         0         0         0         0         0         0         0       
   0         0         0         0         0         0         0         0         0         0         0         0         0         0         0         1         0         0         0         0         0         0         0         0         0         0         0         0         0         0         0         0         0         0         0       
   0         0         0         0         0         0         0         0         0         0         0         0         0         0         0         0         1         0         0         0         0         0         0         0         0         0         0         0         0         0         0         0         0         0         0       
   0         0         0         0         0         0         0         0         0         0         0         0         0         0         0         0         0         1         0         0         0         0         0         0         0         0         0         0         0         0         0         0         0         0         0       
   0         0         0         0         0         0         0         0         0         0         0         0         0         0         0         0         0         0         1         0         0         0         0         0         0         0         0         0         0         0         0         0         0         0         0       
   0         0         0         0         0         0         0         0         0         0         0         0         0         0         0         0         0         0         0         1         0         0         0         0         0         0         0         0         0         0         0         0         0         0         0       
   0         0         0         0         0         0         0         0         0         0         0         0         0         0         0         0         0         0         0         0         1         0         0         0         0         0         0         0         0         0         0         0         0         0         0       
   0         0         0         0         0         0         0         0         0         0         0         0         0         0         0         0         0         0         0         0         0         1         0         0         0         0         0         0         0         0         0         0         0         0         0       
   0         0         0         0         0         0         0         0         0         0         0         0         0         0         0         0         0         0         0         0         0         0         1         0         0         0         0         0         0         0         0         0         0         0         0       
   0         0         0         0         0         0         0         0         0         0         0         0         0         0         0         0         0         0         0         0         0         0         0         1         0         0         0         0         0         0         0         0         0         0         0       
   0         0         0         0         0         0         0         0         0         0         0         0         0         0         0         0         0         0         0         0         0         0         0         0         1         0         0         0         0         0         0         0         0         0         0       
   0         0         0         0         0         0         0         0         0         0         0         0         0         0         0         0         0         0         0         0         0         0         0         0         0         1         0         0         0         0         0         0         0         0         0       
   0         0         0         0         0         0         0         0         0         0         0         0         0         0         0         0         0         0         0         0         0         0         0         0         0         0         1         0         0         0         0         0         0         0         0       
   0         0         0         0         0         0         0         0         0         0         0         0         0         0         0         0         0         0         0         0         0         0         0         0         0         0         0         1         0         0         0         0         0         0         0       
   0         0         0         0         0         0         0         0         0         0         0         0         0         0         0         0         0         0         0         0         0         0         0         0         0         0         0         0         1         0         0         0         0         0         0       
   0         0         0         0         0         0         0         0         0         0         0         0         0         0         0         0         0         0         0         0         0         0         0         0         0         0         0         0         0         1         0         0         0         0         0       
   0         0         0         0         0         0         0         0         0         0         0         0         0         0         0         0         0         0         0         0         0         0         0         0         0         0         0         0         0         0         1         0         0         0         0       
   0         0         0         0         0         0         0         0         0         0         0         0         0         0         0         0         0         0         0         0         0         0         0         0         0         0         0         0         0         0         0         1         0         0         0       
   0         0         0         0         0         0         0         0         0         0         0         0         0         0         0         0         0         0         0         0         0         0         0         0         0         0         0         0         0         0         0         0         1         0         0       
   0         0         0         0         0         0         0         0         0         0         0         0         0         0         0         0         0         0         0         0         0         0         0         0         0         0         0         0         0         0         0         0         0         1         0       
   0         0         0         0         0         0         0         0         0         0         0         0         0         0         0         0         0         0         0         0         0         0         0         0         0         0         0         0         0         0         0         0         0         0         1       
   0         1         1         0.56      0.55     -0.28      0.54      0.37     -0.21      0.4       0.086     0.051     0         0         0         0         0         0         0         0         0         0         0         0         0         0         0         0         0         0         0         0         0         0         0       
   0        -1         1        -0.48     -0.39      0.26     -0.29     -0.48      0.29     -0.049     0.012    -0.0032    0         0         0         0         0         0         0         0         0         0         0         0         0         0         0         0         0         0         0         0         0         0         0       
  -1         0         1        -0.31      0.65      0.33      0.63     -0.4       0.29      0.41      0.082     0.002     0         0         0         0         0         0         0         0         0         0         0         0         0         0         0         0         0         0         0         0         0         0         0       
   1         0         1         0.38     -0.5      -0.36     -0.38      0.28     -0.2      -0.056     0.016     0.045     0         0         0         0         0         0         0         0         0         0         0         0         0         0         0         0         0         0         0         0         0         0         0       
   0         1         1         0.5       0.55     -0.29      0.55      0.31     -0.22      0.4       0.09     -0.00025   0         0         0         0         0         0         0         0         0         0         0         0         0         0         0         0         0         0         0         0         0         0         0       
   0        -1         1        -0.51     -0.39      0.31     -0.29     -0.52      0.34     -0.053     0.0081   -0.052     0         0         0         0         0         0         0         0         0         0         0         0         0         0         0         0         0         0         0         0         0         0         0       
  -1         0         1        -0.37      0.66      0.32      0.63     -0.46      0.27      0.41      0.087    -0.048     0         0         0         0         0         0         0         0         0         0         0         0         0         0         0         0         0         0         0         0         0         0         0       
   1         0         1         0.36     -0.5      -0.3      -0.38      0.25     -0.14     -0.061     0.011    -0.0048    0         0         0         0         0         0         0         0         0         0         0         0         0         0         0         0         0         0         0         0         0         0         0       
   0         1         1         0.62      0.36     -0.18      0.36      0.41     -0.11      0.21     -0.1       0.056     0         0         0         0         0         0         0         0         0         0         0         0         0         0         0         0         0         0         0         0         0         0         0       
   0        -1         1        -0.55     -0.55      0.13     -0.45     -0.53      0.14     -0.2      -0.13      0.0012    0         0         0         0         0         0         0         0         0         0         0         0         0         0         0         0         0         0         0         0         0         0         0       
  -1         0         1        -0.36      0.49      0.23      0.47     -0.43      0.16      0.25     -0.071     0.0066    0         0         0         0         0         0         0         0         0         0         0         0         0         0         0         0         0         0         0         0         0         0         0       
   1         0         1         0.43     -0.68     -0.28     -0.56      0.31     -0.13     -0.24     -0.17      0.051     0         0         0         0         0         0         0         0         0         0         0         0         0         0         0         0         0         0         0         0         0         0         0       
   0         1         1         0.37      0.29     -0.15      0         0         0         0         0         0         0.29      0.41     -0.21      0.23      0.075     0.0022    0         0         0         0         0         0         0         0         0         0         0         0         0         0         0         0         0       
   0        -1         1        -0.72     -0.64      0.3       0         0         0         0         0         0        -0.53     -0.53      0.27     -0.21     -0.009    -0.047     0         0         0         0         0         0         0         0         0         0         0         0         0         0         0         0         0       
  -1         0         1        -0.68      0.44      0.13      0         0         0         0         0         0         0.41     -0.43      0.19      0.3       0.085    -0.049     0         0         0         0         0         0         0         0         0         0         0         0         0         0         0         0         0       
   1         0         1         0.33     -0.78      0.026     0         0         0         0         0         0        -0.66      0.31     -0.12     -0.28     -0.019     0.0038    0         0         0         0         0         0         0         0         0         0         0         0         0         0         0         0         0       

EFC_POS
   0       
   0       
   0       
   0       
   0       
   0       
   0       
   0       
   0       
   0       
   0       
   0       
   0       
   0       
   0       
   0       
   0       
   0       
   0       
   0       
   0       
   0       
   0       
   0       
   0       
   0       
   0       
   0       
   0       
  -0.0027  
  -0.0027  
  -0.0027  
  -0.0027  
  -0.00068 
  -0.00068 
  -0.00068 
  -0.00068 
  -0.0016  
  -0.0016  
  -0.0016  
  -0.0016  
  -0.0011  
  -0.0011  
  -0.0011  
  -0.0011  

EFC_MARGIN
   0       
   0       
   0       
   0       
   0       
   0       
   0       
   0       
   0       
   0       
   0       
   0       
   0       
   0       
   0       
   0       
   0       
   0       
   0       
   0       
   0       
   0       
   0       
   0       
   0       
   0       
   0       
   0       
   0       
   0       
   0       
   0       
   0       
   0       
   0       
   0       
   0       
   0       
   0       
   0       
   0       
   0       
   0       
   0       
   0       

EFC_FRICTIONLOSS
   0.2     
   0.2     
   0.2     
   0.2     
   0.2     
   0.2     
   0.2     
   0.2     
   0.2     
   0.2     
   0.2     
   0.2     
   0.2     
   0.2     
   0.2     
   0.2     
   0.2     
   0.2     
   0.2     
   0.2     
   0.1     
   0.1     
   0.2     
   0.2     
   0.2     
   0.2     
   0.2     
   0.1     
   0.1     
   0       
   0       
   0       
   0       
   0       
   0       
   0       
   0       
   0       
   0       
   0       
   0       
   0       
   0       
   0       
   0       

EFC_DIAGA
   18      
   8.1     
   60      
   24      
   82      
   97      
   18      
   8.1     
   60      
   24      
   82      
   97      
   19      
   7.5     
   22      
   17      
   20      
   37      
   39      
   96      
   81      
   89      
   17      
   20      
   37      
   39      
   96      
   81      
   89      
   2.1     
   2.1     
   2.1     
   2.1     
   2.1     
   2.1     
   2.1     
   2.1     
   2.1     
   2.1     
   2.1     
   2.1     
   2.1     
   2.1     
   2.1     
   2.1     

EFC_KBIP
   0         1.1e+02   0.9       0       
   0         1.1e+02   0.9       0       
   0         1.1e+02   0.9       0       
   0         1.1e+02   0.9       0       
   0         1.1e+02   0.9       0       
   0         1.1e+02   0.9       0       
   0         1.1e+02   0.9       0       
   0         1.1e+02   0.9       0       
   0         1.1e+02   0.9       0       
   0         1.1e+02   0.9       0       
   0         1.1e+02   0.9       0       
   0         1.1e+02   0.9       0       
   0         1.1e+02   0.9       0       
   0         1.1e+02   0.9       0       
   0         1.1e+02   0.9       0       
   0         1.1e+02   0.9       0       
   0         1.1e+02   0.9       0       
   0         1.1e+02   0.9       0       
   0         1.1e+02   0.9       0       
   0         1.1e+02   0.9       0       
   0         1.1e+02   0.9       0       
   0         1.1e+02   0.9       0       
   0         1.1e+02   0.9       0       
   0         1.1e+02   0.9       0       
   0         1.1e+02   0.9       0       
   0         1.1e+02   0.9       0       
   0         1.1e+02   0.9       0       
   0         1.1e+02   0.9       0       
   0         1.1e+02   0.9       0       
   2.8e+03   1.1e+02   0.95      0       
   2.8e+03   1.1e+02   0.95      0       
   2.8e+03   1.1e+02   0.95      0       
   2.8e+03   1.1e+02   0.95      0       
   2.8e+03   1.1e+02   0.94     -64      
   2.8e+03   1.1e+02   0.94     -64      
   2.8e+03   1.1e+02   0.94     -64      
   2.8e+03   1.1e+02   0.94     -64      
   2.8e+03   1.1e+02   0.95      0       
   2.8e+03   1.1e+02   0.95      0       
   2.8e+03   1.1e+02   0.95      0       
   2.8e+03   1.1e+02   0.95      0       
   2.8e+03   1.1e+02   0.95      0       
   2.8e+03   1.1e+02   0.95      0       
   2.8e+03   1.1e+02   0.95      0       
   2.8e+03   1.1e+02   0.95      0       

EFC_D
   0.51    
   1.1     
   0.15    
   0.37    
   0.11    
   0.093   
   0.51    
   1.1     
   0.15    
   0.37    
   0.11    
   0.093   
   0.48    
   1.2     
   0.4     
   0.53    
   0.45    
   0.24    
   0.23    
   0.093   
   0.11    
   0.1     
   0.53    
   0.45    
   0.24    
   0.23    
   0.093   
   0.11    
   0.1     
   8.9     
   8.9     
   8.9     
   8.9     
   7.4     
   7.4     
   7.4     
   7.4     
   8.9     
   8.9     
   8.9     
   8.9     
   8.9     
   8.9     
   8.9     
   8.9     

EFC_R
   2       
   0.9     
   6.6     
   2.7     
   9.2     
   11      
   2       
   0.9     
   6.6     
   2.7     
   9.2     
   11      
   2.1     
   0.84    
   2.5     
   1.9     
   2.2     
   4.1     
   4.3     
   11      
   9       
   9.9     
   1.9     
   2.2     
   4.1     
   4.4     
   11      
   9       
   9.9     
   0.11    
   0.11    
   0.11    
   0.11    
   0.14    
   0.14    
   0.14    
   0.14    
   0.11    
   0.11    
   0.11    
   0.11    
   0.11    
   0.11    
   0.11    
   0.11    

ACTUATOR_VELOCITY
  -1.6     
  -0.94    
   1.9     
   2       
  -0.19    
  -2.7     
   0.035   
  -2.1     
  -4.3     
  -4.8     
  -1.2     
  -2.2     
   2.3     
  -0.4     
  -1.2     
  -0.61    
   0.42    
  -0.014   
   0.3     
  -0.94    
   0.95    
  -0.59    
   1.4     
   0.92    
  -3.3     
  -1.3     
   0.23    
   0.24    
   0.2     

CVEL
   0         0         0         0         0         0       
   0.92     -0.35     -1.2       0.16      0.46     -0.12    
  -0.044    -1.6      -1         0.14      0.46     -0.21    
  -0.76     -1        -1.3       0.16      0.53     -0.11    
  -1.1      -0.42      0.47      0.24      0.3      -0.017   
   0.17      1.1       0.16      0.78     -0.096     0.19    
   0.055     0.95      0.19      0.69     -0.023     0.2     
  -2.1       2.7       0.17      1.8       1.3       0.25    
   0.95     -0.33     -1.2       0.16      0.46     -0.11    
  -0.48      0.67     -2.3       0.34      0.47     -0.33    
   1.3      -0.96     -5.9       0.87      0.43     -0.065   
  -1.6      -4.8      -5.6      -0.37      1.3      -0.96    
  -2.3      -5.7      -5.5      -0.95      1.7      -1.2     
  -4        -4.5      -6.2      -0.01      2.8      -1.6     
   0.19      0.49      0.8       0.091     0.38     -0.11    
  -0.075     0.71      0.61      0.063     0.35     -0.11    
  -0.91     -0.18      0.72      0.18      0.24     -0.079   
  -1.2      -0.7       0.66      0.31      0.16      0.025   
  -0.97     -0.89      0.94      0.43      0.23     -0.034   
  -0.96     -0.89      0.93      0.43      0.24     -0.036   
  -0.75     -0.68      0.91      0.39      0.27     -0.057   
  -1.3      -0.18      0.35      0.24      0.23      0.063   
  -0.66      0.5       0.28      0.089     0.38      0.11    
  -0.47      0.27     -0.23      0.12      0.51      0.057   
   0.17      0.55      0.36     -0.065     0.49     -0.32    
   0.69      0.083     0.95      0.1       0.77     -0.24    
   1.9      -1.6      -1.5       0.49      0.57      0.1     
   1.2      -2.6      -1.2       0.63      0.48      0.2     
   1.3      -2.7      -1.1       0.63      0.53      0.23    
   1.5      -2.5      -1.2       0.6       0.56      0.24    
   1.4      -2.4      -0.99      0.55      0.55      0.23    

CDOF_DOT
   0         0         0         0         0         0       
   0         0         0         0         0         0       
   0         0         0         0         0         0       
   0         0        -0         0.12     -0.14     -0.33    
  -0         0         0         0.052    -0.057    -0.13    
   0        -0         0         0.37     -0.078     0.17    
   0.97     -0.65      0.94      0.024    -0.12     -0.16    
  -1.1      -0.78      1.2       0.11     -0.19     -0.45    
  -0.54      0.92     -0.4       0.32     -0.15      0.27    
  -0.29      0.13     -0.55      0.014     0.27      0.33    
  -0.29      0.13     -0.55     -0.093     0.32      0.077   
   0.13      0.15     -0.77      0.2       0.073    -0.064   
   0.97     -0.65      0.94      0.024    -0.12     -0.16    
  -0.75     -1.3      -0.23      0.15     -0.16     -0.43    
   1.4       1.3       0.086     0.49      0.1       0.39    
   4.8      -3.5       1.6      -1.2      -1.8       0.45    
   4.8      -3.5       1.6      -2.3      -3.1       1.9     
  -4.8      -3.6       5.7      -3.9       2.1      -2       
   0.13     -0.42      0.23      0.4      -0.069     0.16    
   0.69      0.44     -0.43      0.058    -0.06     -0.32    
  -0.5       0.41     -0.54     -0.021    -0.13     -0.13    
  -0.63      0.45     -0.69      0.017    -0.36     -0.14    
  -0.18      1.2       0.96      0.09     -0.17     -0.25    
  -1.1       0.3      -0.89      0.19     -0.15      0.46    
  -0.59      0.57     -0.058    -0.028    -0.16     -0.061   
   0.074     1         0.81      0.18     -0.22     -0.29    
  -0.24      0.15     -0.82     -0.12      0.068    -0.22    
   0.32      0.48     -0.097     0.39     -0.067     0.33    
  -0.34      0.33     -0.35     -0.12     -0.3      -0.29    
   0.54      0.092    -0.4       0.09     -0.085    -0.29    
  -0.44     -0.89      0.4       0.64     -0.028     0.41    
   1.5      -0.5       2.5       0.029     0.49     -0.031   
  -1.9      -1.5       1.4       0.29     -0.35     -0.31    
   1.5      -0.38      2.7      -0.26      0.39     -0.06    
  -1.6      -1         0.086     0.41     -0.23     -0.26    

QFRC_BIAS
  -26      
  -29      
   3.6e+02 
  -20      
  -1.7     
   6.8     
  -0.091   
  -5.5     
   1.9     
   2.1     
  -0.14    
  -0.026   
  -12      
  -14      
   4.8     
  -1.9     
  -0.38    
  -0.18    
   0.3     
   4.5     
   15      
  -4.8     
  -0.56    
  -0.2     
  -1.7     
  -0.0048  
  -0.37    
  -0.014   
  -3.9     
  -0.75    
  -0.66    
  -1.3     
  -0.0086  
  -0.26    
  -0.063   

QFRC_SPRING
   0       
   0       
   0       
   0       
   0       
   0       
   0       
   0       
   0       
   0       
   0       
   0       
   0       
   0       
   0       
   0       
   0       
   0       
   0       
   0       
   0       
   0       
   0       
   0       
   0       
   0       
   0       
   0       
   0       
   0       
   0       
   0       
   0       
   0       
   0       

QFRC_DAMPER
   0       
   0       
   0       
   0       
   0       
   0       
   0.078   
   0.047   
  -0.097   
  -0.099   
   0.0094  
   0.14    
  -0.0017  
   0.1     
   0.22    
   0.24    
   0.058   
   0.11    
  -0.11    
   0.02    
   0.062   
   0.03    
  -0.021   
   0.0007  
  -0.015   
   0.047   
  -0.048   
   0.03    
  -0.068   
  -0.046   
   0.16    
   0.063   
  -0.012   
  -0.012   
  -0.01    

QFRC_GRAVCOMP
   0       
   0       
   0       
   0       
   0       
   0       
   0       
   0       
   0       
   0       
   0       
   0       
   0       
   0       
   0       
   0       
   0       
   0       
   0       
   0       
   0       
   0       
   0       
   0       
   0       
   0       
   0       
   0       
   0       
   0       
   0       
   0       
   0       
   0       
   0       

QFRC_FLUID
   0       
   0       
   0       
   0       
   0       
   0       
   0       
   0       
   0       
   0       
   0       
   0       
   0       
   0       
   0       
   0       
   0       
   0       
   0       
   0       
   0       
   0       
   0       
   0       
   0       
   0       
   0       
   0       
   0       
   0       
   0       
   0       
   0       
   0       
   0       

QFRC_PASSIVE
   0       
   0       
   0       
   0       
   0       
   0       
   0.078   
   0.047   
  -0.097   
  -0.099   
   0.0094  
   0.14    
  -0.0017  
   0.1     
   0.22    
   0.24    
   0.058   
   0.11    
  -0.11    
   0.02    
   0.062   
   0.03    
  -0.021   
   0.0007  
  -0.015   
   0.047   
  -0.048   
   0.03    
  -0.068   
  -0.046   
   0.16    
   0.063   
  -0.012   
  -0.012   
  -0.01    

EFC_VEL
  -1.6     
  -0.94    
   1.9     
   2       
  -0.19    
  -2.7     
   0.035   
  -2.1     
  -4.3     
  -4.8     
  -1.2     
  -2.2     
   2.3     
  -0.4     
  -1.2     
  -0.61    
   0.42    
  -0.014   
   0.3     
  -0.94    
   0.95    
  -0.59    
   1.4     
   0.92    
  -3.3     
  -1.3     
   0.23    
   0.24    
   0.2     
   0.096   
   0.23    
   0.18    
   0.14    
   0.26    
   0.39    
   0.34    
   0.31    
  -0.028   
   0.055   
   0.015   
   0.012   
  -0.45    
  -0.36    
  -1.8     
   0.97    

EFC_AREF
   1.6e+02 
   99      
  -2e+02   
  -2.1e+02 
   20      
   2.9e+02 
  -3.7     
   2.2e+02 
   4.6e+02 
   5e+02   
   1.2e+02 
   2.3e+02 
  -2.4e+02 
   42      
   1.3e+02 
   64      
  -44      
   1.5     
  -32      
   99      
  -1e+02   
   62      
  -1.4e+02 
  -96      
   3.4e+02 
   1.3e+02 
  -25      
  -25      
  -21      
  -2.9     
  -17      
  -12      
  -7.6     
  -25      
  -40      
  -34      
  -31      
   7.2     
  -1.5     
   2.7     
   3       
   50      
   41      
   1.9e+02 
  -99      

SUBTREE_LINVEL
   0         0         0       
   0         0         0       
   0         0         0       
   0         0         0       
   0         0         0       
   0         0         0       
   0         0         0       
   0         0         0       
   0         0         0       
   0         0         0       
   0         0         0       
   0         0         0       
   0         0         0       
   0         0         0       
   0         0         0       
   0         0         0       
   0         0         0       
   0         0         0       
   0         0         0       
   0         0         0       
   0         0         0       
   0         0         0       
   0         0         0       
   0         0         0       
   0         0         0       
   0         0         0       
   0         0         0       
   0         0         0       
   0         0         0       
   0         0         0       
   0         0         0       

SUBTREE_ANGMOM
   0         0         0       
   0         0         0       
   0         0         0       
   0         0         0       
   0         0         0       
   0         0         0       
   0         0         0       
   0         0         0       
   0         0         0       
   0         0         0       
   0         0         0       
   0         0         0       
   0         0         0       
   0         0         0       
   0         0         0       
   0         0         0       
   0         0         0       
   0         0         0       
   0         0         0       
   0         0         0       
   0         0         0       
   0         0         0       
   0         0         0       
   0         0         0       
   0         0         0       
   0         0         0       
   0         0         0       
   0         0         0       
   0         0         0       
   0         0         0       
   0         0         0       

ACTUATOR_FORCE
  -26      
  -5.4     
  -1.3     
  -18      
   18      
  -7.6     
  -0.83    
   1.7     
   9.8     
  -2.6     
  -1.5     
   1.8     
  -2.4     
  -18      
   14      
  -3.1     
  -4.7     
   4.3     
  -8.6     
  -1.3     
  -0.9     
   0.14    
  -6.3     
   11      
  -0.8     
  -6.5     
   0.98    
  -2       
   0.19    

QFRC_ACTUATOR
   0       
   0       
   0       
   0       
   0       
   0       
  -26      
  -5.4     
  -1.3     
  -18      
   18      
  -7.6     
  -0.83    
   1.7     
   9.8     
  -2.6     
  -1.5     
   1.8     
  -2.4     
  -18      
   14      
  -3.1     
  -4.7     
   4.3     
  -8.6     
  -1.3     
  -0.9     
   0.14    
  -6.3     
   11      
  -0.8     
  -6.5     
   0.98    
  -2       
   0.19    

QFRC_SMOOTH
   26      
   29      
  -3.6e+02 
   20      
   1.7     
  -6.8     
  -26      
   0.15    
  -3.4     
  -20      
   18      
  -7.5     
   11      
   16      
   5.2     
  -0.49    
  -1.1     
   2.1     
  -2.8     
  -23      
  -1.2     
   1.8     
  -4.1     
   4.5     
  -6.9     
  -1.3     
  -0.57    
   0.18    
  -2.4     
   12      
   0.021   
  -5.1     
   0.98    
  -1.7     
   0.24    

QACC_SMOOTH
  -15      
  -9.5     
  -11      
   1.4e+02 
   37      
  -24      
  -46      
  -1.8e+02 
  -1.1e+02 
  -2.8e+02 
   1.6e+03 
  -7.2e+02 
  -69      
   35      
   5.2e+02 
   50      
  -1.2e+02 
   2e+02   
  -19      
  -2.2e+02 
   6.2     
   57      
  -87      
   2.6e+02 
  -3.5e+02 
  -1.2e+02 
   72      
  -37      
   0.86    
   2.7e+02 
  -1.7e+02 
  -96      
   87      
  -49      
   38      

EFC_B
  -2.1e+02 
  -2.8e+02 
   98      
  -67      
   1.5e+03 
  -1e+03   
  -66      
  -1.8e+02 
   69      
  -4.6e+02 
  -2.5e+02 
  -34      
   2.2e+02 
  -2.6e+02 
  -1.2e+02 
  -6.7     
  -42      
   2.6e+02 
  -3.2e+02 
  -2.2e+02 
   1.7e+02 
  -99      
   1.4e+02 
   3.6e+02 
  -5.1e+02 
  -2.3e+02 
   1.1e+02 
  -24      
   60      
   4.5     
   31      
   15      
   21      
   72      
   81      
   84      
   69      
  -2.6e+02 
  -1.6e+02 
  -1.8e+02 
  -2.4e+02 
  -1.2e+02 
  -29      
  -2.2e+02 
   68      

EFC_FORCE
   0.2     
   0.2     
  -0.2     
  -0.2     
  -0.2     
   0.2     
   0.2     
   0.2     
  -0.2     
   0.2     
  -0.2     
   0.2     
  -0.2     
   0.2     
   0.2     
  -0.2     
   0.2     
  -0.2     
   0.2     
   0.2     
  -0.1     
   0.1     
  -0.2     
  -0.2     
   0.2     
   0.2     
  -0.2     
   0.1     
  -0.1     
   0       
   0       
   0       
   0       
   0       
   0       
   0       
   0       
   72      
   13      
   59      
   26      
   64      
   33      
   86      
   12      

EFC_STATE
  2
  2
  3
  2
  3
  2
  2
  2
  3
  2
  2
  2
  3
  2
  2
  2
  2
  3
  2
  2
  3
  2
  3
  3
  2
  2
  3
  2
  3
  0
  0
  0
  0
  0
  0
  0
  0
  1
  1
  1
  1
  1
  1
  1
  0

QFRC_CONSTRAINT
  -1.1e+02 
   90      
   3.7e+02 
  -28      
   56      
   6.1     
   33      
   5.7     
   0.21    
   21      
  -18      
   6       
   28      
  -25      
   10      
   31      
   11      
  -5.4     
  -0.2     
   0.2     
   0.2     
  -0.2     
   0.2     
  -0.2     
   0.2     
   0.2     
  -0.1     
   0.1     
  -0.2     
  -0.2     
   0.2     
   0.2     
  -0.2     
   0.1     
  -0.1     

QFRC_INVERSE
   0       
   0       
   0       
   0       
   0       
   0       
   0       
   0       
   0       
   0       
   0       
   0       
   0       
   0       
   0       
   0       
   0       
   0       
   0       
   0       
   0       
   0       
   0       
   0       
   0       
   0       
   0       
   0       
   0       
   0       
   0       
   0       
   0       
   0       
   0       

CACC
   0         0         0        -0        -0         9.8     
   91       -45        36       -9.5      -0.93      8       
   74       -63        37       -9.8      -0.72      6.9     
   0.31     -7.1       4.8      -8.6       6.8       17      
   2        -11       -12       -8.7       8.6       17      
  -16       -31       -9.2      -16        15        15      
   12        2.8      -16        4.9      -2.8       14      
  -1e+02     95       -15        63        69        17      
   18       -1.4e+02   48       -11       -0.83      1.3     
   81       -1.8e+02   98       -19       -0.94      12      
  -2e+02     71        6.6e+02  -1e+02     4.2      -32      
   25        4.1e+02   6.3e+02   8        -61        42      
   4.1e+02   9.4e+02   5.8e+02   3.4e+02  -2.9e+02   1.8e+02 
   1.9e+02   1.1e+03   4.8e+02   4.7e+02  -1.5e+02   1.3e+02 
   1e+02    -56        13       -7.7      -0.14      8.3     
  -21        46       -74       -20       -14        9.7     
  -20        45       -74       -20       -14        9.9     
   20        1.1e+02  -66       -37       -1.9      -3.4     
  -34        1.5e+02  -1.3e+02  -63       -19        9       
  -1.4e+02   2.8e+02   52       -49       -41        33      
  -3.5e+02   60        77       -15       -73        54      
  -4.2e+02   1.1e+02   14       -32       -77        68      
  -3.8e+02   1.6e+02   9.1      -41       -68        70      
  -3.7e+02   1.5e+02  -14       -40       -61        68      
  -6.6       56       -79       -24       -11        6.4     
   1.4e+02  -75        85        23        68        28      
   2e+02    -1.5e+02  -35        39        58        43      
   1.6e+02  -2e+02    -25        46        54        48      
   2.1e+02  -2.3e+02   11        48        66        55      
   1.8e+02  -2.6e+02   22        55        61        54      
   1.7e+02  -2.5e+02   45        48        59        52      

CFRC_INT
  -8.5e-14  -9.1e-14  -5.5e-14   3.9e-14  -4.2e-13   1.6e-13 
  -8.5e-14  -9.1e-14  -5.5e-14   3.9e-14  -4.2e-13   1.6e-13 
  -22       -12        0.033    -0.74     -11       -45      
  -23       -9.9      -1.5       10       -20       -69      
  -25       -7        -3.2       22       -31       -97      
  -28       -6        -4.6       31       -44       -1.3e+02 
  -34       -4.3      -5.7       34       -57       -1.6e+02 
  -34       -4.2      -5.6       34       -57       -1.6e+02 
   24       -4.3       12        52       -31       -1.8e+02 
   23       -4         12        53       -30       -1.7e+02 
   22       -1.6       6.9       31       -44       -1.8e+02 
   26        9.5      -2.9      -9        -44       -1.9e+02 
   38       -2.2       2.5       11       -23       -2.1e+02 
   40       -5.3       3.9       16       -22       -2.1e+02 
  -2.2       18       -11       -19        46        2e+02   
  -2.4       19       -11       -15        49        1.9e+02 
  -2.5       19       -11       -15        49        1.9e+02 
   1.5      -5.4       4.8      -20       -7.4       22      
  -0.53     -7.5       6.5      -27       -3.6       18      
  -2.2      -7.5       6.4      -26        3.4       17      
  -3.7      -5.9       4.9      -13        17        20      
  -4.2      -4.2       4.1      -4.3       19        18      
  -4.1      -3.9       3.9      -3.4       19        17      
  -2.6      -1.7       2.1      -0.032     9.4       7.4     
  -17        7.6      -9.1       8         69        59      
  -16        5.2      -7.7       10        63        46      
  -14        2.7      -5.5       8.3       51        36      
  -9.8      -0.073    -2.4      -1.5       29        28      
  -6.1      -1.6      -1.2      -5.7       13        20      
  -5.6      -1.7      -1.1      -5.7       11        18      
  -2.2      -1.5      -0.56     -3.7       3         7.9     

CFRC_EXT
   0         0         0         0         0         0       
   0         0         0         0         0         0       
   0         0         0         0         0         0       
   0         0         0         0         0         0       
   0         0         0         0         0         0       
   0         0         0         0         0         0       
   0         0         0         0         0         0       
   35        3.3       5.6      -33        59        1.7e+02 
   0         0         0         0         0         0       
   0         0         0         0         0         0       
   0         0         0         0         0         0       
   0         0         0         0         0         0       
   0         0         0         0         0         0       
  -30        45       -18       -74        30        1.9e+02 
   0         0         0         0         0         0       
   0         0         0         0         0         0       
   0         0         0         0         0         0       
   0         0         0         0         0         0       
   0         0         0         0         0         0       
   0         0         0         0         0         0       
   0         0         0         0         0         0       
   0         0         0         0         0         0       
   0         0         0         0         0         0       
   0         0         0         0         0         0       
   0         0         0         0         0         0       
   0         0         0         0         0         0       
   0         0         0         0         0         0       
   0         0         0         0         0         0       
   0         0         0         0         0         0       
   0         0         0         0         0         0       
   0         0         0         0         0         0       

TREE_ISLAND
  0

ISLAND_NTREE
  1

ISLAND_ITREEADR
  0

MAP_ITREE2TREE
  0

DOF_ISLAND            0 0 0 0 0 0 0 0 0 0 0 0 0 0 0 0 0 0 0 0 0 0 0 0 0 0 0 0 0 0 0 0 0 0 0

ISLAND_NV             35

ISLAND_IDOFADR        0

MAP_IDOF2DOF          0 1 2 3 4 5 6 7 8 9 10 11 12 13 14 15 16 17 18 19 20 21 22 23 24 25 26 27 28 29 30 31 32 33 34

EFC_ISLAND            0 0 0 0 0 0 0 0 0 0 0 0 0 0 0 0 0 0 0 0 0 0 0 0 0 0 0 0 0 0 0 0 0 0 0 0 0 0 0 0 0 0 0 0 0

ISLAND_NEFC           45

ISLAND_IEFCADR        0

MAP_IEFC2EFC          0 1 2 3 4 5 6 7 8 9 10 11 12 13 14 15 16 17 18 19 20 21 22 23 24 25 26 27 28 29 30 31 32 33 34 35 36 37 38 39 40 41 42 43 44

