#{"t_start": 1790424519.6600008, "env_id": "None"}
r,l,t,forward_distance,x,height,upright,fallen,episode_step
-13.827388,29,1.026881,-0.04048254287398774,-0.04048254287398774,0.4149054615661752,0.963335159837972,True,29
-8.714851,35,1.050248,-0.08951404431079481,-0.08951404431079481,0.6664490059740548,0.41549263166389194,True,35
-13.033026,35,1.072554,-0.10909610097318473,-0.10909610097318473,0.47474955228152155,0.4417797497594472,True,35
21.207273,51,1.107685,0.014770008094072355,0.014770008094072355,0.43412121859358366,0.9560313228512872,True,51
10.565037,32,1.129788,0.12196397741417618,0.12196397741417618,0.5988304366916091,0.413931214256275,True,32
-8.529118,47,1.165312,-0.13328421132607773,-0.13328421132607773,0.6702333667867271,0.44145859634925466,True,47
45.392433,36,1.190832,0.04490936618054754,0.04490936618054754,0.435661594871586,0.9719731133426859,True,36
101.433673,45,1.222453,0.15527014722619056,0.15527014722619056,0.6876492776718006,0.3961816682128412,True,45
18.145156,38,1.245968,0.15527248195912452,0.15527248195912452,0.5188661800332266,0.44735591009118325,True,38
5.17477,40,1.275571,0.009183909614017428,0.009183909614017428,0.6543907788978435,0.4317807757493779,True,40
-10.337229,38,1.302798,-0.035346437584017135,-0.035346437584017135,0.42148642332963593,0.8284985787633925,True,38
-11.558793,49,1.33723,-0.07864815304529667,-0.07864815304529667,0.41531404016492407,0.8879045683448276,True,49
2.939728,37,1.364209,-0.0023007706341073874,-0.0023007706341073874,0.6906890461920945,0.44241921245026145,True,37
45.559038,35,1.388365,0.028643043579772605,0.028643043579772605,0.4357189977131249,0.8786014532636977,True,35
112.434422,74,1.443481,0.13229620367271921,0.13229620367271921,0.6545547366551883,0.41642449496265,True,74
26.437109,34,1.467891,-0.02753177649247216,-0.02753177649247216,0.41827041962375866,0.8845217851519857,True,34
56.797185,45,1.500556,0.20074388843235785,0.20074388843235785,0.4334817711639203,0.52932323587605,True,45
-2.073505,34,1.525051,-0.05922000938263897,-0.05922000938263897,0.4108968652977981,0.986470227714459,True,34
14.872781,34,1.54951,0.029079848515089084,0.029079848515089084,0.42941271854552343,0.9444091986349628,True,34
-21.406269,34,1.572643,-0.10373945778656024,-0.10373945778656024,0.6087192431682364,0.44954428428442034,True,34
-0.626011,26,1.592028,0.06510431187287055,0.06510431187287055,0.6865433245242879,0.43935862730764236,True,26
-16.988208,31,1.611349,-0.039706924978385426,-0.039706924978385426,0.42300039316463084,0.9648912020074397,True,31
-0.770327,29,1.63014,0.10181436792640189,0.10181436792640189,0.7015363856834922,0.439753310880745,True,29
88.183924,49,1.661928,0.10593156459458121,0.10593156459458121,0.4306725838137902,0.7448022933645165,True,49
-0.923732,30,1.682314,-0.05851699290141878,-0.05851699290141878,0.6827006266968011,0.4183712898907055,True,30
55.078322,38,1.707225,0.10532359183472542,0.10532359183472542,0.42101456099650014,0.5928810800649987,True,38
46.347489,30,1.72766,0.0563260230737235,0.0563260230737235,0.4359486676959372,0.8085771248022104,True,30
-3.522197,30,1.748293,-0.01783469366667675,-0.01783469366667675,0.41333020808582477,0.9961001826245085,True,30
25.945135,35,1.772573,0.030835529138496562,0.030835529138496562,0.4226972382595148,0.5878641731388969,True,35
-15.517514,38,1.801555,-0.10772959048862897,-0.10772959048862897,0.425097637137408,0.8295071031511623,True,38
-13.173076,33,1.826185,-0.031099349831697837,-0.031099349831697837,0.6710793654293987,0.3923562122306587,True,33
-3.478422,48,1.86387,-0.0757645407761731,-0.0757645407761731,0.43228108504088064,0.9807023595477772,True,48
-12.294116,34,1.888957,-0.08618518968535813,-0.08618518968535813,0.41090888325206276,0.9538585553961197,True,34
44.460438,40,1.915714,0.058627415734762905,0.058627415734762905,0.43013113406272013,0.9728462813343361,True,40
-13.807899,34,1.938971,-0.12102892559049193,-0.12102892559049193,0.4276613270014961,0.9209350244207876,True,34
23.606458,35,1.964029,0.010088138482672804,0.010088138482672804,0.41244849111375986,0.7145069609829806,True,35
17.845657,57,2.004476,-0.09743842765853043,-0.09743842765853043,0.4324407154607119,0.7469492729392222,True,57
-9.434359,47,2.036792,-0.054428002578423895,-0.054428002578423895,0.41891059707699796,0.9221269003609097,True,47
19.849133,50,2.070499,0.04218668622719628,0.04218668622719628,0.5109546343350849,0.4246707406054743,True,50
74.792669,54,2.108281,0.15227534911022308,0.15227534911022308,0.6042715114296584,0.4307821880107268,True,54
2.369456,36,2.133879,-0.021174651183315192,-0.021174651183315192,0.4188825891191166,0.9876011047435075,True,36
105.654294,49,2.166763,0.13576242290092677,0.13576242290092677,0.4223821618702854,0.5432697540519553,True,49
70.613267,54,2.202623,0.17551240718659328,0.17551240718659328,0.4353102429723043,0.7027362227576299,True,54
60.465056,48,2.233687,0.1887708710791318,0.1887708710791318,0.41074940028218926,0.5655620052548678,True,48
53.251275,39,2.259646,0.05684614941055697,0.05684614941055697,0.4171462622056898,0.481498842209391,True,39
-22.212488,27,2.279737,-0.0864438175488753,-0.0864438175488753,0.420980162983787,0.9352630255054083,True,27
19.21218,35,2.304637,0.05097196817590915,0.05097196817590915,0.6234402646811281,0.42154428813156025,True,35
32.703312,43,2.333268,0.028328992967639043,0.028328992967639043,0.428611309413852,0.6080665476774493,True,43
-10.227932,34,2.356866,-0.016031691511676306,-0.016031691511676306,0.427962771617494,0.9275527699401731,True,34
-21.829827,39,2.384285,-0.20454260127271257,-0.20454260127271257,0.5685650029175601,0.4378667184785196,True,39
-18.227908,32,2.407171,-0.08127957500583481,-0.08127957500583481,0.4226756060257284,0.9513471059834833,True,32
-3.264541,36,2.433203,-0.011126341053032193,-0.011126341053032193,0.4350494619533452,0.8132398465569204,True,36
10.76801,41,3.33564,0.030589451656478327,0.030589451656478327,0.4204021205914089,0.968927749292415,True,41
-3.626797,44,3.37058,-0.04585385852776382,-0.04585385852776382,0.5656999957338927,0.43138341859239415,True,44
65.341743,52,3.412242,0.18121360240421144,0.18121360240421144,0.4356315464094069,0.42895961557837897,True,52
33.327669,39,3.448698,0.13792145855105317,0.13792145855105317,0.7227957440587125,0.44664638171688703,True,39
43.613877,40,3.495131,0.05775732184851898,0.05775732184851898,0.4192329746962964,0.9781637468362991,True,40
16.066132,35,3.520383,-0.007749656512821646,-0.007749656512821646,0.4120370130778463,0.9406362837387412,True,35
34.567846,39,3.544973,0.039192244391919054,0.039192244391919054,0.6643117767484039,0.39214349781075486,True,39
34.890055,38,3.570931,0.10693334387290324,0.10693334387290324,0.42046469299657796,0.5763269940982894,True,38
6.621869,43,3.60256,-0.056300524534599515,-0.056300524534599515,0.42837847098414544,0.9047272835064033,True,43
-20.639665,40,3.630873,-0.15125758261141184,-0.15125758261141184,0.4244355234733926,0.8874841445054523,True,40
9.854146,31,3.65184,0.01661343157669018,0.01661343157669018,0.4196904462418712,0.5794296483875383,True,31
21.922284,31,3.671841,0.027975794809777143,0.027975794809777143,0.42960983043400697,0.8275208908704692,True,31
28.683136,38,3.699745,0.046274466489969454,0.046274466489969454,0.4308153431749146,0.908262521382744,True,38
-19.296123,33,3.72198,-0.052504191825721545,-0.052504191825721545,0.7018845536798691,0.4198564394767051,True,33
-8.31024,78,3.77536,-0.2592839219770523,-0.2592839219770523,0.43335676012181434,0.7050449827108367,True,78
29.205284,38,3.801169,0.020552321589850785,0.020552321589850785,0.4174589511291735,0.7224731327752367,True,38
70.205294,41,3.830927,0.1542503269864645,0.1542503269864645,0.566704342859082,0.36795673179522925,True,41
38.894791,30,3.853832,0.04533387723893278,0.04533387723893278,0.4349429910578591,0.9013056661770615,True,30
75.123712,50,3.890459,0.19023008940882621,0.19023008940882621,0.43510389231642044,0.6528165451361834,True,50
5.991627,33,3.912097,-0.000353110443758917,-0.000353110443758917,0.41313880096872446,0.8861261094447856,True,33
20.543665,43,3.941341,0.07032971649547567,0.07032971649547567,0.42631898486343356,0.8910291150221193,True,43
39.384152,31,3.961485,0.03331049273214664,0.03331049273214664,0.4192474784683923,0.8294474498914592,True,31
47.405176,38,3.986722,0.036939305755452914,0.036939305755452914,0.42924004836148927,0.7490384849656422,True,38
-19.749513,28,4.006676,-0.09281436555998819,-0.09281436555998819,0.42157204088775646,0.9873064460872474,True,28
15.72163,42,4.038338,-0.020781743580993457,-0.020781743580993457,0.4286495569740397,0.9637895076004097,True,42
-19.498877,31,4.061138,-0.05843136413952588,-0.05843136413952588,0.42709162350089364,0.9682847149794162,True,31
-5.023146,58,4.102978,-0.07371943120232288,-0.07371943120232288,0.41910836876359203,0.9146486307156056,True,58
58.353411,45,4.132938,0.09441068776276815,0.09441068776276815,0.41342808454971625,0.8794213129311601,True,45
14.149493,40,4.160306,-0.027396261574117016,-0.027396261574117016,0.43291322509916974,0.9673893157415379,True,40
6.907635,34,4.184569,0.023402298686374477,0.023402298686374477,0.4211491847451191,0.6786527019823749,True,34
-7.301442,30,4.204516,-0.07691770382497486,-0.07691770382497486,0.6874920930235952,0.41583886199061093,True,30
63.334015,43,4.236325,0.17384614745163166,0.17384614745163166,0.43489033215383105,0.7112765491953887,True,43
30.978066,38,4.262217,0.026012243151277415,0.026012243151277415,0.4155700184119925,0.8630924109994866,True,38
0.500438,35,4.285586,-0.014549017499443843,-0.014549017499443843,0.4120204524373237,0.9500093252442948,True,35
-11.316158,35,4.310506,-0.10320895594156822,-0.10320895594156822,0.4336827852192262,0.830902006423695,True,35
55.925523,43,4.340142,0.08636611429828614,0.08636611429828614,0.41775383356527557,0.5519462085163517,True,43
-21.503228,36,4.362955,-0.0865666575182399,-0.0865666575182399,0.5895883241684718,0.4306211250364664,True,36
-18.542296,35,4.38866,-0.07746595409001604,-0.07746595409001604,0.43199156820262047,0.9623609574374103,True,35
57.594332,43,4.419177,0.1179935957047459,0.1179935957047459,0.42734473566879594,0.7992416465002432,True,43
-8.809817,58,4.462768,-0.0782495525505794,-0.0782495525505794,0.48679116711076653,0.3969711032550933,True,58
27.095236,49,4.500064,-0.00733312441471863,-0.00733312441471863,0.4323603887292622,0.5678108581567975,True,49
-12.974158,33,4.523062,-0.067620231622376,-0.067620231622376,0.4277282048428274,0.8343017282290571,True,33
-16.050794,30,4.542836,-0.06516285265804159,-0.06516285265804159,0.42904959076161575,0.987515867863134,True,30
4.947561,30,4.567113,-0.07184003070250489,-0.07184003070250489,0.43260222809377963,0.977316425533349,True,30
11.427749,38,4.592795,0.09952072797592769,0.09952072797592769,0.4235738902232176,0.49397347018920446,True,38
53.086376,49,4.628016,0.11875168104244013,0.11875168104244013,0.4226034629728746,0.6052801811892282,True,49
54.141708,47,4.661011,0.19751620787378046,0.19751620787378046,0.5373665280360443,0.38106251283943693,True,47
-18.901392,45,4.693976,-0.08039425016692392,-0.08039425016692392,0.4322785039209244,0.7770929326800372,True,45
-8.331004,34,4.719977,-0.051099279248259605,-0.051099279248259605,0.4272195208607832,0.9598212020242287,True,34
21.535308,30,4.743509,0.03552368477244183,0.03552368477244183,0.5144081022204228,0.41788130519750455,True,30
13.629919,38,4.769147,-0.07678554649544517,-0.07678554649544517,0.4297550922430993,0.9653360141569176,True,38
-11.34159,25,4.785577,-0.013444903178254135,-0.013444903178254135,0.6825818809911326,0.419324636516486,True,25
33.569179,45,5.725045,0.12679223516815638,0.12679223516815638,0.43473642083501257,0.7961137981801119,True,45
26.771098,36,5.763018,0.044793346082356814,0.044793346082356814,0.6371292318128253,0.4483009432802122,True,36
-6.094754,45,5.801854,-0.07416063550732775,-0.07416063550732775,0.6775376888189287,0.4194336019491794,True,45
24.987959,37,5.842239,0.023438388378628956,0.023438388378628956,0.42635394864988296,0.933163116393416,True,37
30.453297,50,5.883186,0.11469322367915843,0.11469322367915843,0.4342003807852329,0.7775883722167384,True,50
13.526753,37,5.906712,0.09324080518166228,0.09324080518166228,0.519541016001595,0.444234089357778,True,37
-3.236711,31,5.926491,-0.0007654231267866579,-0.0007654231267866579,0.4194241896817631,0.949114605356145,True,31
-3.033888,45,5.958785,-0.12010471229854412,-0.12010471229854412,0.6638104820210203,0.4137696338379502,True,45
19.834004,40,5.987339,0.031037778035021602,0.031037778035021602,0.4135000652388959,0.969265899957743,True,40
31.42009,39,6.01317,0.02860576014656425,0.02860576014656425,0.43221860565783843,0.4190995682179643,True,39
-10.190449,38,6.037799,-0.05277024116040243,-0.05277024116040243,0.6157484849935051,0.41919527094500947,True,38
-15.598382,48,6.07177,-0.08201253961764356,-0.08201253961764356,0.6732617983365685,0.4033158548170844,True,48
6.644201,45,6.102615,-0.016244629723540065,-0.016244629723540065,0.42234246891535276,0.5619473023921399,True,45
19.195471,56,6.14448,0.08539508239000937,0.08539508239000937,0.42008189244613564,0.7571893182902251,True,56
49.823822,43,6.17487,0.03573502185727324,0.03573502185727324,0.4232715746856028,0.6463952535778459,True,43
51.525194,38,6.20099,0.024395324041821202,0.024395324041821202,0.42226465729384427,0.8457373852165675,True,38
17.777778,39,6.228502,0.010075253431329628,0.010075253431329628,0.42084165956299235,0.7393934939962231,True,39
25.452654,39,6.257596,0.12850302075829323,0.12850302075829323,0.4360471484546305,0.6508383722367712,True,39
69.493614,51,6.296737,0.08955052889295065,0.08955052889295065,0.4227404456756618,0.5390500404193347,True,51
11.581115,43,6.32798,-0.047662722141655914,-0.047662722141655914,0.41617102416123375,0.9175048335412579,True,43
33.950672,28,6.352031,0.09151416370444145,0.09151416370444145,0.7094361209686013,0.41267246583487854,True,28
-6.587415,35,6.376951,-0.009715078413939288,-0.009715078413939288,0.42868391441401293,0.9174187555945357,True,35
-5.07988,34,6.399742,-0.0398030091192853,-0.0398030091192853,0.4238251842388633,0.9779294827151794,True,34
44.782499,38,6.42658,0.10530158383728812,0.10530158383728812,0.5222381380133525,0.42852675338955293,True,38
-21.007291,35,6.450197,-0.08627398120278326,-0.08627398120278326,0.4355072448375675,0.8239415224395225,True,35
14.838638,42,6.481365,0.02219222957558758,0.02219222957558758,0.4256626836286872,0.9427561000269247,True,42
-3.524479,34,6.506581,-0.042256732808083806,-0.042256732808083806,0.4161512453091412,0.8544655798397166,True,34
12.406798,38,6.534689,0.02260037410314458,0.02260037410314458,0.43232053634911227,0.9546253120046538,True,38
70.25146,64,6.584208,0.061570975970750424,0.061570975970750424,0.4232477040090035,0.6626277014197847,True,64
40.211395,42,6.612811,0.17945684613881754,0.17945684613881754,0.4270515243031368,0.6900901361435928,True,42
-11.685881,55,6.653318,-0.1771071550640689,-0.1771071550640689,0.4333457556560287,0.8678911337968558,True,55
-9.483344,33,6.674602,-0.05073690552085704,-0.05073690552085704,0.4250266532413725,0.8930364009704148,True,33
-11.737099,46,6.705582,-0.06756468429756228,-0.06756468429756228,0.6772761335400505,0.429934738828865,True,46
53.231656,50,6.738497,0.10796467912894457,0.10796467912894457,0.43247059500427787,0.7200185900455613,True,50
-4.475163,40,6.764913,-0.03906142658617566,-0.03906142658617566,0.4285122742498496,0.9546000899731402,True,40
23.61881,53,6.806447,-0.09470753217161208,-0.09470753217161208,0.43266284189852666,0.8607127075868163,True,53
21.835105,38,6.832087,0.10518511006334191,0.10518511006334191,0.5545674195681187,0.40320512444950607,True,38
-16.801778,36,6.858574,-0.06706218093481252,-0.06706218093481252,0.6307148217855213,0.4404627856835274,True,36
11.183209,37,6.885264,0.06298939892504037,0.06298939892504037,0.6375886267008885,0.43922190173761144,True,37
-2.617244,51,6.92387,-0.2115155749336038,-0.2115155749336038,0.4349935311817478,0.8198477574303356,True,51
-7.266256,32,6.944973,-0.04672399060066715,-0.04672399060066715,0.4226206035087285,0.9389504096940924,True,32
-19.098052,38,6.973448,-0.12263907017512482,-0.12263907017512482,0.43536045971207726,0.8184523178772865,True,38
-16.220925,39,7.00405,-0.1469086583185073,-0.1469086583185073,0.4194212901013159,0.8238198936429866,True,39
-0.328072,49,7.040316,-0.08058756143324626,-0.08058756143324626,0.6718266535064387,0.4055367531519335,True,49
-21.669456,40,7.071125,-0.08438941596618312,-0.08438941596618312,0.4127470754788052,0.46547830373555,True,40
49.519253,38,7.09672,0.04329034918380156,0.04329034918380156,0.4164127769693739,0.8231162584355382,True,38
-7.879117,47,7.131835,-0.141090388336576,-0.141090388336576,0.6356026008126184,0.4166334244163493,True,47
10.596847,40,7.159868,-0.0006689548979532511,-0.0006689548979532511,0.41908018827274335,0.7691461674717015,True,40
9.17673,47,7.192717,-0.10045014381764994,-0.10045014381764994,0.4190239946534284,0.900540712161809,True,47
-22.378139,45,8.02309,-0.14825047257514742,-0.14825047257514742,0.6291877943342169,0.4040845563739741,True,45
62.174985,50,8.078315,0.11371340138436191,0.11371340138436191,0.43265321367319176,0.5431214782902436,True,50
-1.691549,28,8.101229,-0.0075462693241718495,-0.0075462693241718495,0.4280138226224117,0.9464813110777673,True,28
7.715551,43,8.1494,-0.0912183713806575,-0.0912183713806575,0.41592417542710597,0.9827523495001872,True,43
-4.251406,28,8.168534,0.09537627742535136,0.09537627742535136,0.5779175684080808,0.43954781641476187,True,28
32.958688,53,8.204498,0.16186575927600785,0.16186575927600785,0.631029837933113,0.44238572028482787,True,53
41.773833,46,8.233531,0.04127418131201326,0.04127418131201326,0.43327882050173877,0.7157264660022549,True,46
-7.274184,30,8.253636,0.034701501880094326,0.034701501880094326,0.41692552254968396,0.7194195284990467,True,30
37.127608,35,8.275073,0.10086260819391611,0.10086260819391611,0.4325380647939068,0.7711832209274969,True,35
-3.02347,35,8.298746,0.03720715476462852,0.03720715476462852,0.4315347874469101,0.896196900618601,True,35
-4.458096,51,8.335735,-0.18686282001342486,-0.18686282001342486,0.43024120630403734,0.5533270646109834,True,51
-4.088277,38,8.362626,-0.05907376006939208,-0.05907376006939208,0.4224528619071636,0.9305976648259262,True,38
19.071964,42,8.391183,-0.011793855383801628,-0.011793855383801628,0.424145495120937,0.9785168279680421,True,42
46.427878,44,8.422365,0.17842450580002184,0.17842450580002184,0.43385609700638444,0.8094313350628292,True,44
-0.423397,38,8.447251,-0.019048608272654633,-0.019048608272654633,0.4226539783801871,0.5614519453728485,True,38
-15.097108,41,8.476469,-0.09858724690123452,-0.09858724690123452,0.6359938111400321,0.4211762498672152,True,41
5.408768,28,8.494248,0.12552456802447862,0.12552456802447862,0.6881216405176513,0.42557627024315003,True,28
-10.100838,28,8.514446,-0.05008937344200572,-0.05008937344200572,0.41575041121644063,0.805718094546282,True,28
33.498751,41,8.5461,0.12152930995445207,0.12152930995445207,0.4322102097212926,0.46727488035283293,True,41
88.609577,44,8.578554,0.066720314936338,0.066720314936338,0.4310282709675979,0.9483616140223948,True,44
-11.41644,44,8.611087,-0.11803034076150531,-0.11803034076150531,0.43134383513407515,0.5093553314302095,True,44
-20.671272,27,8.629141,-0.03973679970820969,-0.03973679970820969,0.43092056552539926,0.8415229323449176,True,27
18.523201,36,8.653442,-8.828942430686023e-05,-8.828942430686023e-05,0.41770932801685096,0.8343889726088473,True,36
-20.983644,40,8.681871,-0.11193727213799255,-0.11193727213799255,0.43139335608129675,0.8332288301554323,True,40
-10.369864,35,8.706006,-0.041495607342307915,-0.041495607342307915,0.4166734726107166,0.7624063430380762,True,35
-13.474674,35,8.730816,-0.02976789937840031,-0.02976789937840031,0.42039155422688274,0.8610796068154274,True,35
48.885757,45,8.761854,0.05539969639284874,0.05539969639284874,0.4106292312582499,0.8269479604790294,True,45
12.7949,39,8.789921,0.0030342067816927286,0.0030342067816927286,0.4120713447421538,0.9566312827493113,True,39
-4.082068,48,8.823745,-0.09845655926661441,-0.09845655926661441,0.6580831552643468,0.44505499334627263,True,48
0.078657,54,8.862654,-0.10917926268033135,-0.10917926268033135,0.48299779654621233,0.4239514704339392,True,54
12.953202,36,8.887882,0.010285955886197452,0.010285955886197452,0.41470095936722606,0.7776951581503679,True,36
-18.791495,37,8.916955,-0.12546253306385005,-0.12546253306385005,0.4124763309308211,0.8469035504549557,True,37
4.826917,40,8.94469,0.007281867702887844,0.007281867702887844,0.42785205139573934,0.771308859141494,True,40
-5.146978,48,8.979451,-0.057016550231647305,-0.057016550231647305,0.5232481866747878,0.4262727979777707,True,48
-19.491106,35,9.00335,-0.07226287807357225,-0.07226287807357225,0.601257213033509,0.41907426235675826,True,35
-19.469488,38,9.030634,-0.1085114299674345,-0.1085114299674345,0.6722214608159301,0.4306073088668851,True,38
-15.130901,40,9.057605,-0.052368043493789644,-0.052368043493789644,0.4209085784511894,0.6090198265625196,True,40
34.671938,43,9.087237,0.04091654736730676,0.04091654736730676,0.43181096234518546,0.712348353483789,True,43
11.313517,35,9.111292,-0.02291942971842793,-0.02291942971842793,0.4334412315705009,0.9440695699129006,True,35
25.614292,33,9.131528,0.060865828137577425,0.060865828137577425,0.42984397804188273,0.8589055662463132,True,33
71.452183,43,9.161212,0.17062047427518176,0.17062047427518176,0.4138800715474173,0.5516358250751038,True,43
27.027413,28,9.181306,0.10465725598255943,0.10465725598255943,0.6797345458556671,0.44017997190569275,True,28
4.27504,24,9.197736,0.09711365518787933,0.09711365518787933,0.6588934142175817,0.4076951156832696,True,24
24.811214,49,9.231946,0.12304342640966091,0.12304342640966091,0.43521473251746196,0.8178390330737173,True,49
-0.673709,38,9.259243,-0.07286766893390002,-0.07286766893390002,0.4140701135752912,0.5550775331359515,True,38
24.002173,50,9.296479,0.19497741407510213,0.19497741407510213,0.6586087130165322,0.43328422826109475,True,50
-6.523576,28,9.314285,-0.016963706576562647,-0.016963706576562647,0.42556674206723466,0.9967770640263242,True,28
8.694783,24,9.330005,0.08470774601493507,0.08470774601493507,0.7229280858626279,0.444774856646569,True,24
-13.562127,44,9.360328,-0.06298061223629293,-0.06298061223629293,0.5832142158589938,0.4312352892260651,True,44
-15.636278,52,9.39443,-0.11897884223564749,-0.11897884223564749,0.42634459119782003,0.6894653844210644,True,52
12.460551,41,9.424741,0.10003302119919182,0.10003302119919182,0.6046515958367134,0.42784271962220094,True,41
36.36795,31,9.445166,0.05118528143197096,0.05118528143197096,0.4323203922579709,0.8033131624583593,True,31
35.741791,44,10.338107,0.12230618792218358,0.12230618792218358,0.43566528784204334,0.632018455724414,True,44
28.230602,41,10.378413,0.06918034819143168,0.06918034819143168,0.45161412237325266,0.4366431912444892,True,41
28.275446,36,10.421612,0.029699666247041945,0.029699666247041945,0.4211814616344265,0.8359232201332478,True,36
-1.075015,37,10.451589,-0.06648103105502327,-0.06648103105502327,0.4157862551777006,0.9281014429020434,True,37
-13.203469,37,10.483101,-0.10120850748296652,-0.10120850748296652,0.42506401025945456,0.960774178436173,True,37
-10.481351,39,10.51679,-0.027110509801316764,-0.027110509801316764,0.4162420898432032,0.572276415343314,True,39
28.982869,37,10.543885,0.15363031180026465,0.15363031180026465,0.6709163835260062,0.43298874214905164,True,37
-8.578857,50,10.577397,-0.11629979074853289,-0.11629979074853289,0.49402944528727916,0.4467428392048727,True,50
13.175915,30,10.598035,0.08897619020010532,0.08897619020010532,0.6896810785206999,0.42550610230862873,True,30
12.566044,37,10.624122,0.037536787971586966,0.037536787971586966,0.644974858651793,0.4459766997275275,True,37
34.394789,59,10.662867,-0.006390270365568569,-0.006390270365568569,0.6903260625876317,0.4385855211472567,True,59
20.306847,55,10.698681,-0.048899423330447896,-0.048899423330447896,0.42466884454335535,0.7808251209154216,True,55
-6.198958,54,10.738616,-0.050196077578073255,-0.050196077578073255,0.4092386721828166,0.8655742471453521,True,54
-1.840974,43,10.769947,-0.08819740159281013,-0.08819740159281013,0.4236847121451465,0.5970860329394263,True,43
-9.610136,31,10.790063,-0.04235312473769739,-0.04235312473769739,0.4321588655285446,0.921146858167399,True,31
9.625358,34,10.812887,0.05022151076640033,0.05022151076640033,0.4145386691877963,0.8051621387946237,True,34
45.063544,35,10.834723,0.06755582133457382,0.06755582133457382,0.4136493606365145,0.5618178959807587,True,35
10.72621,39,10.861637,0.006613926868401933,0.006613926868401933,0.4295660707270144,0.9692355014141831,True,39
8.15041,43,10.893914,0.0021733017698474175,0.0021733017698474175,0.42590291449823287,0.8390227233273224,True,43
21.980066,32,10.91664,0.011284262794381111,0.011284262794381111,0.42595683203389306,0.779651060670089,True,32
-19.445754,30,10.937135,-0.0659502230059729,-0.0659502230059729,0.41432384839705116,0.8504652155701689,True,30
42.752383,35,10.961483,0.042998222333885686,0.042998222333885686,0.4246068964454929,0.8546736820162871,True,35
-13.832924,54,11.001021,-0.17103178643989048,-0.17103178643989048,0.5984318502526673,0.4208047255580174,True,54
19.525235,39,11.027221,0.02792737380810283,0.02792737380810283,0.43092609656546,0.8888950409539113,True,39
-0.194428,34,11.050341,-0.015250345269045602,-0.015250345269045602,0.42887209798115195,0.9094556024623484,True,34
-9.091468,54,11.088636,-0.1623586262307138,-0.1623586262307138,0.43646866553065544,0.4249503809861597,True,54
-16.437811,36,11.116501,-0.10835893842898425,-0.10835893842898425,0.4166641049218722,0.9197853665398821,True,36
3.140045,25,11.135271,0.06965901181914837,0.06965901181914837,0.6500694508423722,0.420377502714054,True,25
-2.966994,45,11.167299,-0.1279321191493661,-0.1279321191493661,0.654557251679448,0.43827308348754085,True,45
-12.157883,56,11.205402,-0.10588595687001667,-0.10588595687001667,0.4206266995289341,0.7817919062792797,True,56
13.323956,38,11.230754,0.020563442324780298,0.020563442324780298,0.43296044991617555,0.7723884150050169,True,38
0.333377,47,11.269683,-0.08812865393122636,-0.08812865393122636,0.4192268174172555,0.5354547584523892,True,47
3.710845,53,11.319315,-0.1474381354746345,-0.1474381354746345,0.6593840180521855,0.4456898907905627,True,53
-7.62879,41,11.347184,-0.11723746023836183,-0.11723746023836183,0.42765992887470305,0.839559305602849,True,41
14.95818,50,11.384676,-0.016407806956535452,-0.016407806956535452,0.43101135144533964,0.7119891746340768,True,50
46.293898,46,11.417979,0.19133691165307215,0.19133691165307215,0.5891606560743524,0.42937001620085113,True,46
-1.977249,53,11.458254,-0.06924901792867733,-0.06924901792867733,0.6368893859531558,0.4492243573936399,True,53
-15.550291,42,11.48649,-0.09366845336347984,-0.09366845336347984,0.432557579912598,0.9588738268425149,True,42
-14.963604,33,11.510792,-0.06367320552286011,-0.06367320552286011,0.417228845437762,0.6518519846060616,True,33
10.516761,46,11.539795,-0.06469205913752572,-0.06469205913752572,0.42691996771973445,0.6122795017919397,True,46
62.340447,44,11.569892,0.1778898464004217,0.1778898464004217,0.6391474961570682,0.4473764556861159,True,44
43.591365,57,11.609405,0.0797642303730851,0.0797642303730851,0.4291327270372395,0.6608557449330739,True,57
43.231233,37,11.634691,0.057549788218617226,0.057549788218617226,0.4227412680149029,0.5790822387688085,True,37
37.218241,34,11.660193,0.017149552958791118,0.017149552958791118,0.43115617057297945,0.8315707195902216,True,34
38.515749,41,11.691412,0.1296506439165473,0.1296506439165473,0.5990492001128166,0.41814662784169065,True,41
79.001403,46,11.724595,0.12039463511298237,0.12039463511298237,0.4295637936151949,0.5441556583999064,True,46
13.816099,27,11.743584,0.09282569486333511,0.09282569486333511,0.7139692623988443,0.4412130560228837,True,27
-0.837139,47,11.777747,-0.05168672982203792,-0.05168672982203792,0.45095049071672544,0.4286177424414643,True,47
-17.354989,45,11.809739,-0.11502587679514903,-0.11502587679514903,0.42363581842252984,0.8887220975569508,True,45
-12.766182,31,12.559705,-0.022551740551760287,-0.022551740551760287,0.43459725660487625,0.8495009738309567,True,31
6.98552,45,12.604625,-0.0545198059237051,-0.0545198059237051,0.4209113452047335,0.9477607504301715,True,45
10.392098,41,12.652435,0.027153392011251835,0.027153392011251835,0.4295295678256382,0.9876375858754773,True,41
36.395719,38,12.687039,0.0739475012270035,0.0739475012270035,0.4246566000434926,0.6446778447234454,True,38
88.122301,43,12.723038,0.1325136820135067,0.1325136820135067,0.6272918069718127,0.430179194997092,True,43
52.57523,57,12.763976,0.17258816993536819,0.17258816993536819,0.4299933033667307,0.7232527312935739,True,57
36.305745,35,12.787254,0.0869804909302327,0.0869804909302327,0.43053755885596495,0.6872003204970087,True,35
23.324035,46,12.815227,0.09921741639135276,0.09921741639135276,0.42040552547937005,0.9239855570053727,True,46
-9.17147,34,12.83894,-0.01154407762373363,-0.01154407762373363,0.4155819709333305,0.9481101255905151,True,34
56.634729,44,12.87035,0.03261742885185631,0.03261742885185631,0.4262428045979474,0.7095000138209689,True,44
-2.036639,22,12.886106,0.0858411994845959,0.0858411994845959,0.718914861949649,0.43009090591953825,True,22
-3.730227,45,12.917942,-0.11482960807485022,-0.11482960807485022,0.42135394885987576,0.8143880873898945,True,45
-2.117645,40,12.947426,-0.005955284808933253,-0.005955284808933253,0.550730895681811,0.425242494467563,True,40
22.402877,34,12.971857,0.02495604901967921,0.02495604901967921,0.6952369131381747,0.44501223373736803,True,34
60.881833,61,13.015282,0.06266477174838221,0.06266477174838221,0.6680863597701298,0.42899647604174695,True,61
19.261839,28,13.03558,0.09501281842518347,0.09501281842518347,0.4137692330870469,0.7440720161229741,True,28
17.426149,51,13.072101,-0.0639543226002487,-0.0639543226002487,0.5776624051793321,0.41896608700336846,True,51
-16.189238,30,13.092629,-0.05599537079418613,-0.05599537079418613,0.4255814263103952,0.7528675634742272,True,30
50.802302,38,13.117702,0.15516913094947407,0.15516913094947407,0.5059406402235667,0.43084611950699403,True,38
-16.790377,48,13.149215,-0.12356667733713206,-0.12356667733713206,0.5652869323770053,0.42222166391270466,True,48
37.575339,31,13.17232,0.0656294514636215,0.0656294514636215,0.68568897912054,0.43627663216741175,True,31
56.683505,36,13.19657,0.07128843202257007,0.07128843202257007,0.6253453314002194,0.41829673851746996,True,36
-4.552449,61,13.241805,-0.131067559386592,-0.131067559386592,0.43380946526017927,0.8069937940946406,True,61
12.245619,31,13.262638,0.014378311787741885,0.014378311787741885,0.43606157190673606,0.6221618302264759,True,31
121.329171,54,13.300404,0.12445773371026356,0.12445773371026356,0.4293420258663415,0.8360102128672257,True,54
-0.486493,43,13.331661,-0.07818608010694886,-0.07818608010694886,0.5498757773570282,0.419526344544341,True,43
58.896168,43,13.362524,0.07136889187345184,0.07136889187345184,0.42276280108152964,0.46719616301080596,True,43
-17.245121,54,13.405118,-0.12602210416670118,-0.12602210416670118,0.6345113416118923,0.4353752373049039,True,54
36.288681,40,13.434884,0.07425540467262333,0.07425540467262333,0.4141441927509006,0.9126550583416184,True,40
58.855167,46,13.468892,0.1430885285008579,0.1430885285008579,0.43532714473857687,0.6795509549369506,True,46
-17.134299,32,13.493454,-0.07470866818945608,-0.07470866818945608,0.659988073369503,0.4078166035317732,True,32
45.181457,50,13.530164,0.022144227978542354,0.022144227978542354,0.43429080758785293,0.9189587985704549,True,50
0.396914,61,13.576238,-0.07460449855480925,-0.07460449855480925,0.4345102594985889,0.4684169528606778,True,61
-3.175131,34,13.598078,0.07448234377958718,0.07448234377958718,0.41467111304469195,0.7356819566683209,True,34
34.310809,44,13.629452,0.03345601362746911,0.03345601362746911,0.4285044266835819,0.7114379874924603,True,44
18.886028,40,13.658402,-0.0006515982403176991,-0.0006515982403176991,0.6058263429107423,0.41986199723416673,True,40
39.405809,45,13.688107,0.02434831443658579,0.02434831443658579,0.432540985672765,0.695005981779667,True,45
2.342833,28,13.707601,0.08209647424730582,0.08209647424730582,0.5720591607688447,0.4065848147541877,True,28
1.080662,35,13.730816,-0.06595586101961233,-0.06595586101961233,0.4183144820694408,0.768059855372568,True,35
2.225735,38,13.756606,0.0867047018244346,0.0867047018244346,0.5783566786868771,0.42623538089145807,True,38
40.448113,32,13.779428,0.07716666062683943,0.07716666062683943,0.6460501331635129,0.44220430110976877,True,32
11.312893,73,13.833145,-0.05586059456369328,-0.05586059456369328,0.43247399905098877,0.4525321940770958,True,73
-7.925495,47,13.866615,-0.10697249383316082,-0.10697249383316082,0.5702771901347373,0.4118832280222805,True,47
15.696098,41,13.896437,0.010754507405442879,0.010754507405442879,0.4351933103231982,0.7069903682911702,True,41
26.029829,52,13.933571,-0.016493966980610657,-0.016493966980610657,0.43535716933360424,0.49321012245840057,True,52
55.002566,41,13.962979,0.11487826269628652,0.11487826269628652,0.5353097077508178,0.4297264949378528,True,41
-11.988054,33,13.985941,-0.05395565006398308,-0.05395565006398308,0.4346386805579612,0.7875060184535952,True,33
16.913726,45,14.014884,-0.02115756883155817,-0.02115756883155817,0.4353875307820201,0.9909932810884426,True,45
22.499615,36,14.039917,0.09415191875795291,0.09415191875795291,0.42816456423599775,0.9228565982415232,True,36
22.828199,43,14.88708,0.040353393070082094,0.040353393070082094,0.41731543288943773,0.6864773633657449,True,43
8.612123,36,14.92543,-0.03974360927585304,-0.03974360927585304,0.5594176778787565,0.44923850371150603,True,36
7.729702,33,14.952468,-0.016557939577791354,-0.016557939577791354,0.427237367901867,0.7555952927856003,True,33
-15.186086,39,14.985166,-0.04649922249527915,-0.04649922249527915,0.41797532813647514,0.8747974895254544,True,39
12.24,35,15.012112,0.00922822856415504,0.00922822856415504,0.4256762934827424,0.7214530430061258,True,35
20.709192,44,15.063056,0.007148398731505262,0.007148398731505262,0.42692175124718773,0.7826408332600208,True,44
-19.735905,41,15.09039,-0.12862869769079033,-0.12862869769079033,0.4161762467115632,0.5886458221466111,True,41
43.456975,33,15.112717,0.11475470667922456,0.11475470667922456,0.4307374769470731,0.9166268841663374,True,33
38.898743,44,15.144615,0.20832270967272978,0.20832270967272978,0.628212361585864,0.43484781802619027,True,44
2.62934,37,15.1697,-0.048890396937983895,-0.048890396937983895,0.64567783182864,0.4471530857675486,True,37
3.41084,32,15.192022,0.025406196318648384,0.025406196318648384,0.6510367110724951,0.4436156844714819,True,32
44.822358,44,15.223545,0.0695616019293302,0.0695616019293302,0.43171871265658696,0.43746702769458257,True,44
-12.448107,47,15.25723,-0.11200040126687895,-0.11200040126687895,0.42488399769146795,0.6316575664013879,True,47
99.493275,51,15.294526,0.17063125694532078,0.17063125694532078,0.6360551541387335,0.41266428176953995,True,51
24.921615,36,15.318208,0.01568268605917072,0.01568268605917072,0.4308725853911079,0.8159261971143934,True,36
83.52028,46,15.349791,0.12103025955998022,0.12103025955998022,0.4255189524163309,0.5838614801629927,True,46
26.309166,39,15.377024,-0.03177319468980157,-0.03177319468980157,0.42886298714319254,0.8402699317840677,True,39
31.764851,34,15.399931,0.07367537135282073,0.07367537135282073,0.43403610347966126,0.8319346239199883,True,34
-20.374935,28,15.419078,-0.05904746980306805,-0.05904746980306805,0.42630116505946736,0.9077731021464641,True,28
-11.113156,34,15.441763,-0.058764001289327565,-0.058764001289327565,0.6877147917850867,0.4462072019311143,True,34
0.08558,38,15.468558,0.006789127626857902,0.006789127626857902,0.4326900800914817,0.5942610559522976,True,38
69.369452,54,15.506055,0.07109688850857339,0.07109688850857339,0.41056293241136393,0.952542447712343,True,54
75.90516,46,15.539581,0.10534621873289605,0.10534621873289605,0.42814141504792397,0.8551183418069791,True,46
3.940845,59,15.582693,-0.056336030978234274,-0.056336030978234274,0.45286468455535034,0.44724744969669866,True,59
28.116861,33,15.604597,0.055471658122114,0.055471658122114,0.42312296876714955,0.9877227817438877,True,33
-4.943369,46,15.63846,-0.14235403006744668,-0.14235403006744668,0.4311670249766559,0.7587262607434615,True,46
10.056998,46,15.670922,-0.006559064404988905,-0.006559064404988905,0.4189887080283848,0.9458714257992848,True,46
17.713425,34,15.695735,0.17972369123095194,0.17972369123095194,0.6586938140724812,0.37754669793254614,True,34
-4.315954,41,15.726353,-0.02290475432390679,-0.02290475432390679,0.421282619200245,0.9339115205119776,True,41
49.784957,39,15.7526,0.07240113670924617,0.07240113670924617,0.4388340868636227,0.4412121498475792,True,39
21.630382,35,15.779397,0.049069157002029275,0.049069157002029275,0.5482049470699776,0.42886632079827625,True,35
19.667792,42,15.807899,0.13034196132617087,0.13034196132617087,0.42597805873497285,0.7701500421742747,True,42
49.329123,36,15.833178,0.07683561432353309,0.07683561432353309,0.6912703122981105,0.4210123138733134,True,36
0.353165,43,15.862928,-0.11314183207330474,-0.11314183207330474,0.4162226173219189,0.8678457616314993,True,43
78.986144,40,15.891481,0.07505372906137034,0.07505372906137034,0.4282661723839819,0.7392179839083158,True,40
28.692402,34,15.914166,0.03744901961267956,0.03744901961267956,0.4259728994598375,0.8544321581282321,True,34
58.83258,53,15.949602,0.10861426800411982,0.10861426800411982,0.4316901052902735,0.9517913584335946,True,53
3.745509,38,15.978757,-0.016392549234923823,-0.016392549234923823,0.6913537777345429,0.4346160783281643,True,38
46.141089,40,16.005983,0.07905163748940543,0.07905163748940543,0.4223182802818031,0.7247390918578152,True,40
32.967975,32,16.027116,0.024944995724563757,0.024944995724563757,0.4179554503835113,0.7675899254872525,True,32
19.163598,33,16.0506,0.16020488567068922,0.16020488567068922,0.6360134966661246,0.43731701465814155,True,33
5.788865,38,16.077138,0.04280174189898199,0.04280174189898199,0.4337494248145551,0.6458292442322527,True,38
-7.040073,54,16.116426,-0.0914902423370298,-0.0914902423370298,0.6533692641465958,0.44170794295124355,True,54
9.370643,39,16.14355,-0.007072947452238236,-0.007072947452238236,0.4277634027049606,0.7173657769773003,True,39
-2.364724,30,16.165181,-0.022289958059764733,-0.022289958059764733,0.4152174990007175,0.821763564458809,True,30
37.668122,41,16.194284,0.03694597534107017,0.03694597534107017,0.4357936116366025,0.6328418671339626,True,41
-1.793982,49,16.228246,-0.12256907855151,-0.12256907855151,0.42044523230093117,0.6154618907172316,True,49
71.05532,48,16.263103,0.07416540385918877,0.07416540385918877,0.43381182599957674,0.4507106050319814,True,48
21.290939,38,16.288818,0.14850862349508992,0.14850862349508992,0.6881365680259584,0.4289652671458657,True,38
-10.186593,61,16.335058,-0.07439080588494454,-0.07439080588494454,0.43101025069068566,0.4373590539065527,True,61
-0.183463,31,16.358687,0.11371862862049667,0.11371862862049667,0.6678005421868558,0.4045583908507955,True,31
9.130525,35,17.186143,-0.020165602657110017,-0.020165602657110017,0.42918064753211504,0.8491339932846894,True,35
27.956462,30,17.222649,0.10481525627829168,0.10481525627829168,0.6908619858137672,0.4162294471629292,True,30
56.263633,52,17.27957,0.1211053589540949,0.1211053589540949,0.4880799534266029,0.43116159245056473,True,52
-5.958406,34,17.318035,-0.09814041015199594,-0.09814041015199594,0.6426613871139888,0.4354926465721307,True,34
-19.48641,31,17.352125,-0.04985761266357306,-0.04985761266357306,0.6236641159980463,0.44029938046533446,True,31
47.366111,35,17.377809,0.05762710643919522,0.05762710643919522,0.4262977608851976,0.8421441906562526,True,35
-7.745748,27,17.395404,0.09549447585954403,0.09549447585954403,0.7137807528601228,0.4198039582391747,True,27
105.947017,52,17.429204,0.10874315816525876,0.10874315816525876,0.703396411583072,0.42927239594864147,True,52
-13.698883,34,17.450565,-0.05681767104537754,-0.05681767104537754,0.41697972633927716,0.8976727535417128,True,34
17.74946,34,17.474113,0.03571437986836481,0.03571437986836481,0.42871866890827026,0.9119996921107625,True,34
60.568353,46,17.506356,0.1263393628037871,0.1263393628037871,0.4327289132026661,0.8473832390921548,True,46
-3.89975,42,17.535911,-0.02044981444422736,-0.02044981444422736,0.41738658918021293,0.7653037310851979,True,42
6.275378,50,17.569075,-0.029333136951506335,-0.029333136951506335,0.4282431989294739,0.7800935628662439,True,50
59.92109,32,17.592252,0.06561607764939693,0.06561607764939693,0.4790316538355346,0.4426084231432935,True,32
39.283282,42,17.621757,0.052163093012735,0.052163093012735,0.43397265090927345,0.7660112678875924,True,42
7.762067,34,17.646222,-0.021113920400269538,-0.021113920400269538,0.429419985159565,0.9168163422813007,True,34
68.963929,42,17.674996,0.09631596098653397,0.09631596098653397,0.5296787889464492,0.4288959518323776,True,42
18.662477,33,17.698133,-0.006192072677009559,-0.006192072677009559,0.4355978515076851,0.7175115040581597,True,33
1.262641,50,17.73371,-0.04997237930224697,-0.04997237930224697,0.6382496270154229,0.4256597677557181,True,50
-19.70425,38,17.75857,-0.15678236522366346,-0.15678236522366346,0.5633651010888228,0.4265892771105008,True,38
-15.812056,31,17.779345,0.03297709809817373,0.03297709809817373,0.4219401034733357,0.6291726135117859,True,31
16.266993,32,17.80136,0.09002837196880716,0.09002837196880716,0.5628964373538269,0.43829168008117325,True,32
10.372768,31,17.823549,0.012179657469872438,0.012179657469872438,0.42962811052846595,0.7541826057758181,True,31
-6.057374,50,17.860165,-0.1342502952442215,-0.1342502952442215,0.431641560997443,0.7121431611009275,True,50
18.978255,40,17.888541,0.0586165985034279,0.0586165985034279,0.42533836258167274,0.6499657329985068,True,40
54.012851,40,17.917076,0.11754950646454461,0.11754950646454461,0.4258674674110765,0.6376775712917488,True,40
21.119322,37,17.945116,0.03715820036846906,0.03715820036846906,0.435080987487254,0.9267924950890116,True,37
42.838358,44,17.975091,0.049941501002618086,0.049941501002618086,0.4168484055608346,0.6104230087916905,True,44
97.750324,49,18.010933,0.1081105933257114,0.1081105933257114,0.42370771382952915,0.8561680605392215,True,49
-8.960595,46,18.043368,-0.1419576620382441,-0.1419576620382441,0.43528121546589454,0.6801465441768314,True,46
39.529743,34,18.068247,0.046969349948793176,0.046969349948793176,0.4218159511098903,0.8973458426013728,True,34
4.717087,48,18.102032,-0.12662498884123738,-0.12662498884123738,0.6635989745265701,0.4229794457049159,True,48
-8.41056,33,18.123946,-0.05088737584024111,-0.05088737584024111,0.4280119332406434,0.8087701842449196,True,33
-7.349868,70,18.178709,-0.23146652219479685,-0.23146652219479685,0.4315525827848683,0.4911179241862693,True,70
85.488198,67,18.227086,0.102173730683421,0.102173730683421,0.45931321089627875,0.40301106380375273,True,67
8.822209,41,18.256105,0.012510305483226196,0.012510305483226196,0.42527201133030323,0.807543870640394,True,41
-14.156161,52,18.294958,-0.17040380695907795,-0.17040380695907795,0.6371560931879514,0.4423320582962922,True,52
41.39927,50,18.331925,0.046316309130895565,0.046316309130895565,0.4316798306751071,0.7916817040447188,True,50
2.291545,35,18.356367,-0.020988161420200394,-0.020988161420200394,0.42895062695475117,0.9602614358122373,True,35
65.861473,50,18.39172,0.1576673888128259,0.1576673888128259,0.48770219842142326,0.4449192983748288,True,50
-2.564615,38,18.420394,-0.008930176652785452,-0.008930176652785452,0.42198014884182716,0.9688729730011858,True,38
19.36438,48,18.455436,-0.08514484077754356,-0.08514484077754356,0.41550841423475937,0.9875982845976105,True,48
21.46517,27,18.474536,0.05827531771958005,0.05827531771958005,0.7258193669329639,0.443447539993435,True,27
-3.065283,47,18.506299,-0.038528612752743094,-0.038528612752743094,0.4335081324048444,0.9820105984502063,True,47
-2.948386,55,18.546596,-0.08914109114337021,-0.08914109114337021,0.4241071569296458,0.886251870205248,True,55
14.250604,41,18.576787,0.24859168503965492,0.24859168503965492,0.551497504996658,0.43437231291166556,True,41
13.202098,41,18.605471,0.060295009171887695,0.060295009171887695,0.4230587588336438,0.7599083977662497,True,41
77.311653,57,18.646434,0.1701372207547972,0.1701372207547972,0.42976540817482967,0.42999943502751115,True,57
5.550026,29,18.669391,0.05696675721755555,0.05696675721755555,0.42649978356485224,0.9476299885028414,True,29
-16.57526,30,19.495914,-0.03055225045557508,-0.03055225045557508,0.4300687943193644,0.9437246239916244,True,30
65.553609,59,19.54403,0.12506066742963406,0.12506066742963406,0.6719633778250003,0.44619957720179526,True,59
24.803059,47,19.582577,0.1828153626282852,0.1828153626282852,0.43307730876824435,0.7878502768426229,True,47
42.338229,33,19.618317,0.06461887131105438,0.06461887131105438,0.42422169357044937,0.820701813118692,True,33
-2.844981,35,19.646019,-0.02548188807212974,-0.02548188807212974,0.4335355176601968,0.9867574327380484,True,35
5.518857,33,19.677418,-0.00237951234758177,-0.00237951234758177,0.43212001645012693,0.47221115474992104,True,33
-4.984303,38,19.706401,-0.03655830303413193,-0.03655830303413193,0.41846953772820394,0.9030438787005121,True,38
11.948902,57,19.744257,0.1420129648571112,0.1420129648571112,0.43404497152873545,0.7935897762212989,True,57
6.092234,30,19.76342,0.10313318734808592,0.10313318734808592,0.5522448434831887,0.4368429698475885,True,30
-17.65006,41,19.792078,-0.07142157658657663,-0.07142157658657663,0.4322106849155582,0.8323203141469628,True,41
-5.5137,37,19.820175,-0.006859953396133525,-0.006859953396133525,0.42909244390357826,0.9914434579495328,True,37
40.713032,41,19.846683,0.0956929701468286,0.0956929701468286,0.4299828888785501,0.8601599464692572,True,41
88.29867,51,19.882178,0.11021297595528765,0.11021297595528765,0.43497158641143174,0.6817617642142952,True,51
7.614525,50,19.916468,0.014314921164763432,0.014314921164763432,0.4242017401948728,0.5792761720221125,True,50
90.895145,43,19.944242,0.13598331043360254,0.13598331043360254,0.4272966604487888,0.7318282921399624,True,43
-3.565876,56,19.98303,-0.06246953545120624,-0.06246953545120624,0.4360892282422454,0.6979697845166254,True,56
39.448015,53,20.021851,0.05674287623707108,0.05674287623707108,0.607795346558772,0.41098666349879476,True,53
100.63596,62,20.068409,0.21324427928964154,0.21324427928964154,0.4309507810093329,0.56441184873717,True,62
-7.746006,50,20.105694,-0.09341160063976324,-0.09341160063976324,0.6779432613319836,0.44377290256907953,True,50
68.712723,54,20.141919,0.06474629549860411,0.06474629549860411,0.5814101502489224,0.4485513745642295,True,54
49.059505,49,20.177404,0.0842505927247963,0.0842505927247963,0.4873751366704301,0.4327960799406093,True,49
43.512212,31,20.196623,0.04152542180561462,0.04152542180561462,0.4240668931595525,0.8089210662082618,True,31
122.251007,60,20.238651,0.10882614723803144,0.10882614723803144,0.4257301389577296,0.7178322744950538,True,60
2.911045,33,20.259486,-0.040764340136411316,-0.040764340136411316,0.43367434316439984,0.7312125435809245,True,33
12.463073,48,20.291909,-0.008079872560335304,-0.008079872560335304,0.4339991914863128,0.5150780562129691,True,48
3.027677,42,20.320353,-0.08029781844060946,-0.08029781844060946,0.42307731567182294,0.5324537988952323,True,42
-1.675104,48,20.353327,-0.045440860664593526,-0.045440860664593526,0.42720172399885303,0.5302387199041024,True,48
-6.337808,37,20.380252,-0.06785339432174103,-0.06785339432174103,0.42761591412395195,0.9670929243663865,True,37
2.94115,35,20.403099,0.12867183821073103,0.12867183821073103,0.5836593494330344,0.443269792231862,True,35
9.556,51,20.435771,0.2321202310315012,0.2321202310315012,0.5018493174557475,0.44301311111697994,True,51
19.654698,41,20.461661,0.10470877862673882,0.10470877862673882,0.45641835266051217,0.39933103746800347,True,41
-0.765067,53,20.501886,-0.08415481007171684,-0.08415481007171684,0.6115981674465697,0.42900412320050274,True,53
31.162413,30,20.522914,0.03521741288485863,0.03521741288485863,0.4217454624101257,0.6265071674742365,True,30
44.978281,51,20.559026,0.034878199480782524,0.034878199480782524,0.42137021268853225,0.9313811205172449,True,51
62.932605,38,20.583694,0.1059569393211885,0.1059569393211885,0.5423753859138438,0.44849459345136417,True,38
26.868205,47,20.615224,0.036891569799114995,0.036891569799114995,0.4309787933460115,0.9325557615072102,True,47
50.380216,33,20.638018,0.1058352359249431,0.1058352359249431,0.7221202063856816,0.4495516984480167,True,33
2.023489,64,20.686075,-0.25228397832163446,-0.25228397832163446,0.4324972871795751,0.58433407818086,True,64
64.0438,53,20.721313,0.21638711410295353,0.21638711410295353,0.40928805848004646,0.7670572537993263,True,53
-16.741127,40,20.748072,-0.0756194714950782,-0.0756194714950782,0.4200680728626543,0.7077988905080168,True,40
-0.337538,50,20.782384,-0.08291689123611969,-0.08291689123611969,0.5271498919393917,0.4288041643874022,True,50
23.625298,41,20.813584,0.056557919333839364,0.056557919333839364,0.4340380803731819,0.6524558381402731,True,41
-11.899344,45,20.843169,-0.04187607451981534,-0.04187607451981534,0.424458160823394,0.6242648582069374,True,45
63.901479,45,20.871129,0.06077476397513882,0.06077476397513882,0.42428207492971093,0.6970670399014526,True,45
35.142507,33,20.894652,0.04289972974994757,0.04289972974994757,0.684893253034055,0.43249200711407937,True,33
-11.289195,53,20.930062,-0.1268384679692192,-0.1268384679692192,0.4186646025732557,0.8305034675771014,True,53
65.622995,43,21.725085,0.11899998187513128,0.11899998187513128,0.43285542894446405,0.4392215392901944,True,43
88.933145,59,21.7999,0.10247466256385694,0.10247466256385694,0.41280056337427323,0.8239274970755969,True,59
-8.560033,47,21.842299,-0.1023467383640295,-0.1023467383640295,0.5742995436006574,0.42569756767090794,True,47
57.074617,43,21.881801,0.11153526516849262,0.11153526516849262,0.5958575735366306,0.42489089786251044,True,43
56.882777,38,21.907603,0.07519267044050404,0.07519267044050404,0.5211862007677518,0.4330184752174362,True,38
47.290311,42,21.934577,0.11536617816111489,0.11536617816111489,0.4349064420349522,0.6668393581831896,True,42
30.931622,35,21.959089,0.032263224896262314,0.032263224896262314,0.7048473739906155,0.42741023459638433,True,35
40.698675,36,21.981519,0.06749306852241861,0.06749306852241861,0.42451434279508776,0.787986240609746,True,36
55.308102,45,22.013056,0.10462355877537696,0.10462355877537696,0.43275501571802455,0.7041866506447421,True,45
14.80129,39,22.040825,0.0008105109509773654,0.0008105109509773654,0.4174837451333597,0.9643375416919325,True,39
0.047069,54,22.077914,-0.1243598163313847,-0.1243598163313847,0.4775915611511606,0.42581563864978444,True,54
-4.864076,33,22.098814,-0.003856006356229938,-0.003856006356229938,0.43438885496507473,0.8812454104649048,True,33
36.012616,49,22.131956,-0.018777350660843125,-0.018777350660843125,0.4444741610390453,0.42758824646142124,True,49
13.498911,33,22.155853,0.1433046100345476,0.1433046100345476,0.6722246476600392,0.4189283337409945,True,33
36.199476,47,22.1887,0.08780270003913013,0.08780270003913013,0.5553475841337793,0.4374297676826171,True,47
8.678007,53,22.223003,-0.06750866117485549,-0.06750866117485549,0.4222120558493217,0.7043796507789908,True,53
19.175638,32,22.244828,0.047796482780234344,0.047796482780234344,0.6762887992111064,0.4469121831750047,True,32
-7.79133,45,22.275463,-0.1402818119732251,-0.1402818119732251,0.41946650669116364,0.36941229762777866,True,45
56.543215,39,22.301378,0.06105178873905168,0.06105178873905168,0.42063297423169405,0.6305995186101374,True,39
60.300852,48,22.334366,0.1655005685388996,0.1655005685388996,0.5253353587153271,0.4195366024888795,True,48
-0.358103,45,22.367188,-0.05351481414854516,-0.05351481414854516,0.5533520229430837,0.37820948337228183,True,45
-9.838316,29,22.388158,-0.06378456108943584,-0.06378456108943584,0.5732307767540212,0.4431397378832383,True,29
16.23825,59,22.428644,-0.04799624199104744,-0.04799624199104744,0.4334845654392229,0.8948999210865538,True,59
72.6756,43,22.459545,0.13278339192045424,0.13278339192045424,0.4269176135950648,0.7388794044048242,True,43
37.764314,38,22.486575,0.18270002429203633,0.18270002429203633,0.6727241193228246,0.43650352998421355,True,38
53.37458,59,22.526871,0.06867212412561834,0.06867212412561834,0.4357709336986785,0.807243339297592,True,59
37.662073,40,22.553814,0.08430052643505223,0.08430052643505223,0.42385513076439363,0.7319567682997105,True,40
59.245111,45,22.586679,0.18460485200747034,0.18460485200747034,0.43200077294679573,0.7588849435155507,True,45
23.450025,42,22.617781,0.014272771025343167,0.014272771025343167,0.4284067950836661,0.9975691717342147,True,42
19.769452,45,22.649487,0.11993905483557467,0.11993905483557467,0.42043109943556733,0.7366183663173559,True,45
-3.718744,41,22.67738,-0.08638846045148053,-0.08638846045148053,0.6686647934117442,0.41552858148384714,True,41
19.510021,36,22.701341,0.1446796194439503,0.1446796194439503,0.6649864345510786,0.44941530762661663,True,36
-19.675504,34,22.723703,-0.10500289758887517,-0.10500289758887517,0.4217424405690392,0.852943089871787,True,34
4.758343,33,22.747267,-0.01921209199852377,-0.01921209199852377,0.4212760015566505,0.7988558226781267,True,33
16.645058,39,22.771834,0.0073732996315277076,0.0073732996315277076,0.43476437148666436,0.6845305930683865,True,39
-14.195841,48,22.807861,-0.13136948045024047,-0.13136948045024047,0.4292988664571933,0.43994765345167347,True,48
51.471,34,22.829347,0.07076446504669538,0.07076446504669538,0.4269294883043342,0.8187729852967164,True,34
78.861572,52,22.862571,0.1260500678473957,0.1260500678473957,0.4337677082752064,0.8548823980475632,True,52
81.125755,47,22.893877,0.1417690864894759,0.1417690864894759,0.4506965355416786,0.4135424851199368,True,47
-14.106496,53,22.934323,-0.10678940075005745,-0.10678940075005745,0.4256255996243304,0.7344144568613317,True,53
27.365634,50,22.966441,-0.008977980792404115,-0.008977980792404115,0.4089633177206827,0.9858694357452826,True,50
4.486499,41,22.997939,-0.04451350698400829,-0.04451350698400829,0.4167311368018246,0.7423007902451543,True,41
-9.316021,42,23.027473,-0.12851837102846103,-0.12851837102846103,0.5813007944299698,0.43657510352056833,True,42
32.074929,52,23.064264,-0.01607336174054423,-0.01607336174054423,0.43648564632638764,0.4150305092063249,True,52
16.352697,36,23.087095,0.1057374772428353,0.1057374772428353,0.42589089760512316,0.88376552219631,True,36
52.689385,46,23.121246,0.18429083699074936,0.18429083699074936,0.6023992367507308,0.44061051708093524,True,46
44.613703,43,23.150486,0.04082907781302591,0.04082907781302591,0.42858204148922735,0.5658865514287513,True,43
45.378056,38,24.057866,0.04393414646038601,0.04393414646038601,0.4238760034796242,0.8459585632819738,True,38
-13.919458,52,24.096998,-0.11452838197892384,-0.11452838197892384,0.6544941117563162,0.44929588843560275,True,52
34.58829,43,24.13339,0.1806831511492567,0.1806831511492567,0.4821025804967677,0.42929858418416145,True,43
76.571175,45,24.164385,0.10704666855675456,0.10704666855675456,0.43285291762840067,0.8739270949901989,True,45
2.506703,38,24.196041,0.08098402001586424,0.08098402001586424,0.43350074730592136,0.5270175457296271,True,38
31.552769,39,24.229473,0.014374317651741068,0.014374317651741068,0.42399711504955206,0.7935898242155625,True,39
37.376265,37,24.260259,0.053095879753240365,0.053095879753240365,0.4210721655162216,0.6172526734660685,True,37
84.619129,58,24.297483,0.1391641117805223,0.1391641117805223,0.40759714974119104,0.5229204452234342,True,58
-9.237962,30,24.316347,-0.035433280543834364,-0.035433280543834364,0.4183403173436318,0.9506472857873047,True,30
-4.462103,54,24.354795,-0.1220514338575637,-0.1220514338575637,0.4228343450035875,0.930827719147255,True,54
26.363637,35,24.379683,0.042649169535654265,0.042649169535654265,0.43084956221271253,0.7215599750931107,True,35
45.953626,47,24.412736,0.11017120021456965,0.11017120021456965,0.43302686515847405,0.8438951784223322,True,47
76.009344,53,24.446903,0.09964228117994672,0.09964228117994672,0.47693812724722817,0.3866474020881336,True,53
43.4824,47,24.478824,0.12802846504053123,0.12802846504053123,0.42818226186363634,0.5003923934602391,True,47
12.823291,27,24.496868,0.10730050549255163,0.10730050549255163,0.6730815721132475,0.43851335577590245,True,27
-5.396787,54,24.535408,-0.1537384392001679,-0.1537384392001679,0.4251816896271634,0.6814478054666979,True,54
-6.99307,30,24.555767,-0.05000820288358387,-0.05000820288358387,0.420609418355029,0.9494543270684295,True,30
6.266628,39,24.581254,0.0051229387673804175,0.0051229387673804175,0.42806867862954484,0.8356318458790771,True,39
47.288262,47,24.613122,0.025766816786429426,0.025766816786429426,0.4300455148015299,0.6611404262699447,True,47
45.949465,46,24.644383,0.13970833567084406,0.13970833567084406,0.435635476357632,0.4029749747079695,True,46
16.976024,39,24.671729,0.0986239491279474,0.0986239491279474,0.43056486115159537,0.5836481629450486,True,39
-12.119331,48,24.703865,-0.08099649159746015,-0.08099649159746015,0.6123274433881467,0.4277332333788837,True,48
-15.453754,35,24.727494,-0.07828990759832917,-0.07828990759832917,0.4160174250248395,0.9045667782366532,True,35
34.934908,34,24.751498,0.051088564203831184,0.051088564203831184,0.419491400724619,0.6203013381568645,True,34
20.945211,47,24.78287,0.019841854408067357,0.019841854408067357,0.49131604543288077,0.4030774071054047,True,47
71.247147,67,24.826207,0.2272661645683522,0.2272661645683522,0.42920503910973296,0.6528084632673316,True,67
57.797953,44,24.857048,0.08041215807032667,0.08041215807032667,0.42317440085860064,0.5016700357014725,True,44
42.391534,42,24.884462,0.03227261257228913,0.03227261257228913,0.4353458197716784,0.8692293540074629,True,42
-20.56199,41,24.911969,-0.13758091164812458,-0.13758091164812458,0.6062825113258059,0.38510410478010476,True,41
103.846341,48,24.941722,0.15804886309426636,0.15804886309426636,0.41743120441117765,0.7849839063268236,True,48
45.564793,43,24.97078,0.11258145019983394,0.11258145019983394,0.4240457893201214,0.5395918336727119,True,43
34.338521,35,24.993231,0.07349095021870576,0.07349095021870576,0.4334042687845193,0.775731758225114,True,35
23.062619,32,25.014763,0.053607453700364245,0.053607453700364245,0.7037669881888116,0.4374441446257741,True,32
71.710107,41,25.045908,0.06896306596308638,0.06896306596308638,0.6580965511345948,0.445785200687995,True,41
19.018235,49,25.081424,-0.04132016699725208,-0.04132016699725208,0.4347963600192418,0.6052569959548397,True,49
-0.419047,30,25.101675,-0.015148850822456855,-0.015148850822456855,0.4345456347893694,0.9093365930652682,True,30
107.137116,49,25.137062,0.11856179932656435,0.11856179932656435,0.4368286040331006,0.3315122408231044,True,49
7.37404,55,25.175172,-0.11128592748385129,-0.11128592748385129,0.4290314284890183,0.8904467400862197,True,55
21.642066,40,25.204241,0.044130160889883516,0.044130160889883516,0.4344891280532216,0.8013739610745304,True,40
43.967904,52,25.242663,0.11021516179687588,0.11021516179687588,0.43094176875723683,0.7547250754355652,True,52
38.922516,43,25.273376,0.04248937551333606,0.04248937551333606,0.42329364037945705,0.6818782563387754,True,43
-6.735778,32,25.293823,-0.041413998444461836,-0.041413998444461836,0.422589594703579,0.985794755621297,True,32
-12.88374,36,25.320093,-0.022376912852827124,-0.022376912852827124,0.41392974915405073,0.9286035842763991,True,36
29.78512,58,25.361833,-0.056679593290872694,-0.056679593290872694,0.44291815131838363,0.41750659142172164,True,58
6.260365,48,25.395829,-0.056732545011577845,-0.056732545011577845,0.4297030636589121,0.6409972879707732,True,48
40.514958,48,25.426733,0.029027010503119524,0.029027010503119524,0.42577206906907133,0.7105029869690279,True,48
-22.076626,40,25.452885,-0.14576654885240287,-0.14576654885240287,0.42764671213878747,0.5855225982923244,True,40
53.334122,45,26.337391,0.19973187751855812,0.19973187751855812,0.6409328517150367,0.4395962709424467,True,45
38.089047,58,26.390928,0.006994987040067261,0.006994987040067261,0.6062092307599298,0.40253519665305976,True,58
7.962161,28,26.414062,0.12294419632760842,0.12294419632760842,0.6469970918511174,0.4038669345832484,True,28
53.454844,37,26.442417,0.05399664687293126,0.05399664687293126,0.4351719028056903,0.8875807338975427,True,37
38.699988,35,26.47503,0.07178094179736787,0.07178094179736787,0.41652938316268695,0.9886965213170064,True,35
24.540184,47,26.521387,-0.11395452223194655,-0.11395452223194655,0.4267970382186498,0.8380111806655286,True,47
45.418098,42,26.549802,0.046564199571357566,0.046564199571357566,0.6005972631155904,0.42173030779712595,True,42
34.208279,45,26.57878,0.12123166170900015,0.12123166170900015,0.432184616978761,0.9139422828100517,True,45
71.148365,45,26.60854,0.13675338553963692,0.13675338553963692,0.446315207096227,0.43181192876537117,True,45
41.724697,46,26.637167,0.030168657269085016,0.030168657269085016,0.4286784899734049,0.8742744864408595,True,46
-5.625516,40,26.665277,-0.05953391107235185,-0.05953391107235185,0.42291764556405104,0.5414103856427954,True,40
14.072955,33,26.686293,0.043008713924650305,0.043008713924650305,0.40992960796552774,0.8203658766056909,True,33
31.248633,30,26.708142,0.08317230839288796,0.08317230839288796,0.6807312162757791,0.3895819981440169,True,30
69.028791,58,26.752173,0.11090446407477221,0.11090446407477221,0.4944055261148721,0.43035719070777123,True,58
-18.179592,54,26.793271,-0.1751401254837693,-0.1751401254837693,0.43531270553828944,0.7150409168220196,True,54
27.072343,44,26.826525,0.14396341154929276,0.14396341154929276,0.41404064703929994,0.811054113148965,True,44
47.452945,38,26.851771,0.11091436675608715,0.11091436675608715,0.41890768032530323,0.47119421248151183,True,38
15.282551,60,26.892219,-0.15267160043175412,-0.15267160043175412,0.415616589026653,0.7808984828140851,True,60
68.994396,46,26.924726,0.12689725613610195,0.12689725613610195,0.42541228872183984,0.989818994104779,True,46
2.882726,26,26.943812,0.10049570666957164,0.10049570666957164,0.7116989432123497,0.39335927968648954,True,26
-7.081937,29,26.96388,-0.018178152874279024,-0.018178152874279024,0.6612443664201021,0.4280554703999973,True,29
26.010188,45,26.99537,0.14013457712892902,0.14013457712892902,0.4260984821920887,0.8127905479591452,True,45
80.57098,52,27.032459,0.07665023905800389,0.07665023905800389,0.44626905545881923,0.42089121201805,True,52
23.28214,44,27.063413,0.002604230151174258,0.002604230151174258,0.4337966229675488,0.9339503752149129,True,44
5.448048,37,27.087524,0.1470683507681613,0.1470683507681613,0.48219714705551686,0.4366424413552881,True,37
73.53742,52,27.123095,0.20348010168558134,0.20348010168558134,0.4308561200303827,0.7167184284073486,True,52
-7.223867,39,27.150733,-0.04260609259702648,-0.04260609259702648,0.4140878363958927,0.6925720519623294,True,39
94.220795,58,27.189677,0.07936735882475905,0.07936735882475905,0.43039750820255257,0.831467083976854,True,58
23.591487,34,27.215731,0.04060216277559187,0.04060216277559187,0.5873551626041201,0.44752709841683874,True,34
-3.921781,35,27.241139,-0.02176587805770363,-0.02176587805770363,0.6738764565310623,0.43341741227359076,True,35
-1.046954,34,27.266179,-0.05177612358451404,-0.05177612358451404,0.6791032842866991,0.38708049240126347,True,34
28.115321,37,27.293266,0.03640330400056785,0.03640330400056785,0.435099321908825,0.745025073728939,True,37
33.576114,32,27.31672,0.05784738551917836,0.05784738551917836,0.6948265996524972,0.41709227240382307,True,32
43.246464,53,27.355626,0.06367793977537424,0.06367793977537424,0.5677580476051335,0.41334836968696165,True,53
29.476357,35,27.380558,0.03726617082280086,0.03726617082280086,0.4348326432767766,0.7396968881673331,True,35
62.116629,43,27.410539,0.07766953990660115,0.07766953990660115,0.4278191300184248,0.5349722412474668,True,43
-2.102818,43,27.439116,0.07651483392179027,0.07651483392179027,0.4283252539828882,0.6188061728520252,True,43
66.428692,38,27.466028,0.10399257552848498,0.10399257552848498,0.41988253118587965,0.6387769202006085,True,38
30.535012,45,27.498923,0.2071811457412455,0.2071811457412455,0.4500395461996253,0.3672201561005297,True,45
4.868031,44,27.528169,-0.0315999809184352,-0.0315999809184352,0.4318621284074995,0.7186315915364674,True,44
8.088668,38,27.55524,0.00159924431533449,0.00159924431533449,0.43282407263833184,0.8779344502449923,True,38
78.310764,49,27.586804,0.15610448406390656,0.15610448406390656,0.42547192190497396,0.7568114638237838,True,49
51.616371,42,27.616667,0.09569381690949907,0.09569381690949907,0.42424513459109164,0.773881316081374,True,42
93.875507,51,27.654051,0.24201288480419694,0.24201288480419694,0.5934172840412334,0.42386005365216023,True,51
16.502717,33,27.677871,-0.021242576667867757,-0.021242576667867757,0.43546649735331094,0.8556768107689035,True,33
-5.364863,48,27.712525,-0.04452394595783993,-0.04452394595783993,0.5764311968108595,0.39419039756861207,True,48
24.532969,46,27.745214,0.21087744096036373,0.21087744096036373,0.4828384223666778,0.40466743191699756,True,46
15.832425,54,27.783484,-0.005584343563199014,-0.005584343563199014,0.4934745154663241,0.43890600323963314,True,54
6.263212,44,28.634068,0.13152705091088723,0.13152705091088723,0.4283853245698385,0.786729752986554,True,44
33.0432,38,28.665563,0.11140736121888309,0.11140736121888309,0.583007292727031,0.44759080553663827,True,38
58.282646,38,28.700593,0.13108726006585356,0.13108726006585356,0.5185433641501005,0.4122626725735155,True,38
-15.793513,49,28.738027,-0.08027304106075549,-0.08027304106075549,0.4879382024154941,0.406969214488381,True,49
-17.479569,40,28.76825,-0.14659194404559817,-0.14659194404559817,0.6224393370413266,0.43240349019532015,True,40
41.768798,40,28.803345,0.1146693409985763,0.1146693409985763,0.6771340887049423,0.37730711948050133,True,40
1.829735,40,28.839891,-0.020585064377045055,-0.020585064377045055,0.4176210034872909,0.8302019561540378,True,40
5.721426,34,28.862214,0.1941037100899065,0.1941037100899065,0.6493535777031076,0.4195301271843113,True,34
28.934688,40,28.890787,0.04474838366490094,0.04474838366490094,0.42628261489885994,0.7504581346236109,True,40
19.640195,40,28.920537,0.023001230079480964,0.023001230079480964,0.42291274284370506,0.9797987022946822,True,40
30.56353,39,28.948521,0.029224428483209462,0.029224428483209462,0.43269292575604046,0.8377401090129459,True,39
3.676963,47,28.980351,-0.04746812797157153,-0.04746812797157153,0.4353596889567,0.7687052550507518,True,47
19.27122,61,29.025848,-0.04299777844588931,-0.04299777844588931,0.4257897589822589,0.9445819532925648,True,61
5.887569,32,29.049757,-0.006136144444911387,-0.006136144444911387,0.41936144403092823,0.6589825101627298,True,32
34.880893,46,29.081386,0.12931621527853476,0.12931621527853476,0.433319755931585,0.7251766322890708,True,46
-10.172928,57,29.125729,-0.2777115145782496,-0.2777115145782496,0.46102025886805054,0.4384626793849569,True,57
1.276309,33,29.147919,-0.054416166019694075,-0.054416166019694075,0.6546149065694044,0.4231419196057791,True,33
12.223727,47,29.181329,-0.027129857900544868,-0.027129857900544868,0.4299240404177379,0.824477281239724,True,47
31.244495,32,29.204604,0.12709363713693747,0.12709363713693747,0.7097057812868122,0.44280828038723963,True,32
41.248198,45,29.23556,0.11456878732699348,0.11456878732699348,0.42851141863598685,0.4589427131177526,True,45
64.025993,39,29.261184,0.077102834856435,0.077102834856435,0.43297090456047727,0.9398307495239476,True,39
-9.235897,58,29.299596,-0.07765212265419175,-0.07765212265419175,0.5640325994898903,0.38936017573154336,True,58
13.583745,47,29.333587,-0.004255553281950458,-0.004255553281950458,0.4211547913469607,0.49787491973768894,True,47
59.493205,48,29.366811,0.1410880359314734,0.1410880359314734,0.43231781192307883,0.47229909941804293,True,48
-12.004518,39,29.393604,-0.0900750839422882,-0.0900750839422882,0.5532477754176247,0.4495578866441345,True,39
-0.634531,64,29.440144,-0.08745944936478023,-0.08745944936478023,0.47417605751276937,0.41906152930406126,True,64
45.166757,34,29.464091,0.0776642430669551,0.0776642430669551,0.4312091891536385,0.7690145177425283,True,34
46.544931,59,29.507825,0.044840863390777086,0.044840863390777086,0.6110942839256307,0.4436774662382878,True,59
39.36221,51,29.54197,0.12904771108503343,0.12904771108503343,0.4113222408527899,0.7518900144609444,True,51
55.659587,35,29.568586,0.10538224638728873,0.10538224638728873,0.6294010319109977,0.42363204667617393,True,35
88.31853,54,29.609243,0.11753271388392157,0.11753271388392157,0.43179967862033114,0.679640030612822,True,54
87.140951,51,29.644176,0.11172503211480815,0.11172503211480815,0.539003132450166,0.428262919354353,True,51
4.280631,35,29.669801,0.012088039863850913,0.012088039863850913,0.42991204497194085,0.7827870919655888,True,35
56.483986,44,29.703506,0.1715191149117176,0.1715191149117176,0.43004985901770726,0.7426230092785321,True,44
30.034188,56,29.74429,0.26043640491858705,0.26043640491858705,0.5358671372169824,0.4446198867297151,True,56
24.593912,37,29.768048,0.07472972947051351,0.07472972947051351,0.4281586959716459,0.7009894433743542,True,37
15.965891,43,29.798059,-0.044433231848805585,-0.044433231848805585,0.4329843356882372,0.9479618026106886,True,43
9.40819,42,29.826397,0.06605750633343081,0.06605750633343081,0.43277412095687123,0.7142913022310906,True,42
66.255435,46,29.859021,0.163470341456059,0.163470341456059,0.42185734654646745,0.7013636412576347,True,46
6.174149,35,29.882183,0.01932459214804257,0.01932459214804257,0.4312486067091538,0.8627606339959218,True,35
55.905698,41,29.911321,0.06194309466320953,0.06194309466320953,0.4261799971293762,0.8698026899011981,True,41
-10.101281,45,29.942698,-0.09183034580538917,-0.09183034580538917,0.5300266105889506,0.40623997622578467,True,45
74.935527,37,29.969655,0.09748038181485505,0.09748038181485505,0.431643831917721,0.9317087672914592,True,37
64.478195,47,30.002664,0.12440699335456101,0.12440699335456101,0.4608999097247054,0.4248788621270596,True,47
77.810258,52,30.03928,0.20562392011565286,0.20562392011565286,0.4358897443860532,0.7397069711283901,True,52
19.176246,44,30.072392,-0.031003240185352728,-0.031003240185352728,0.4247575186773542,0.9066017853658179,True,44
16.246072,38,30.097931,0.11466469970535423,0.11466469970535423,0.4322109246594752,0.649884958105722,True,38
7.530658,47,30.999259,-0.07697111566461548,-0.07697111566461548,0.5295077839158888,0.43140943014248856,True,47
96.987339,54,31.053531,0.20945968907575352,0.20945968907575352,0.4342235168813036,0.56373863739833,True,54
84.237576,50,31.101184,0.1828058777392746,0.1828058777392746,0.597603435701314,0.3914436602266175,True,50
64.074316,53,31.165421,0.08343735441368423,0.08343735441368423,0.42824139458088734,0.9841204047309103,True,53
12.245893,32,31.192248,0.11317149728565838,0.11317149728565838,0.6106610760481025,0.4402801069187573,True,32
11.374424,25,31.209427,0.0222944960116673,0.0222944960116673,0.7175828948769969,0.44268294412092,True,25
7.98333,35,31.232942,-0.003519384308852682,-0.003519384308852682,0.4209876764963189,0.6346336747600889,True,35
65.471309,58,31.271979,0.22576416899383236,0.22576416899383236,0.42987443895304633,0.9130803340185462,True,58
24.059747,30,31.293046,0.09900016566294466,0.09900016566294466,0.4286668506112712,0.6058444442619481,True,30
59.524325,45,31.32562,0.19272149082954323,0.19272149082954323,0.42481266845558174,0.6384652000566338,True,45
14.928491,52,31.361929,-0.07437792365318137,-0.07437792365318137,0.5661933867637845,0.44469610775200974,True,52
46.617399,37,31.386701,0.11181190180927343,0.11181190180927343,0.41603558842152843,0.666118027833802,True,37
76.453516,50,31.4204,0.05474227171262914,0.05474227171262914,0.4298313707095463,0.7016674263940273,True,50
5.81048,34,31.443515,-0.016130743578769226,-0.016130743578769226,0.41917718080691513,0.9673370029528913,True,34
32.810269,32,31.464419,0.10158340231373564,0.10158340231373564,0.614437055902106,0.35579099542531756,True,32
8.451163,33,31.487713,-0.004732928389786637,-0.004732928389786637,0.657363638473577,0.44279055572778,True,33
8.336259,53,31.529394,0.0008281753703998944,0.0008281753703998944,0.6870470959757451,0.43441234982463606,True,53
13.111248,31,31.550499,0.03614684593546523,0.03614684593546523,0.4208357182069325,0.9413251473262843,True,31
0.761046,57,31.592652,-0.07524920084309569,-0.07524920084309569,0.426769318387493,0.9562010553802266,True,57
60.211268,42,31.622288,0.1320559262182466,0.1320559262182466,0.4553019507097782,0.4230562148084562,True,42
-2.623736,36,31.649982,-0.009203018769566113,-0.009203018769566113,0.43050363100426936,0.9925101011657559,True,36
73.979225,45,31.681606,0.09319847477143486,0.09319847477143486,0.5324053169138241,0.4286561278361483,True,45
33.084975,34,31.70652,0.05701013269967467,0.05701013269967467,0.6692290059192797,0.4300287006369536,True,34
19.680461,38,31.731898,0.044883311119805834,0.044883311119805834,0.6183711469143374,0.4437182839693002,True,38
111.085898,62,31.778121,0.12352793529012994,0.12352793529012994,0.6494558720542963,0.43062602884686396,True,62
11.991414,54,31.816287,-0.07990032524060636,-0.07990032524060636,0.6507864206874192,0.4419598961246547,True,54
6.840752,48,31.848574,-0.12432706798351945,-0.12432706798351945,0.4344464823042987,0.7852153303633789,True,48
120.302521,57,31.88869,0.1656568348360317,0.1656568348360317,0.48528128390574266,0.44666671557527,True,57
60.52501,39,31.915755,0.0842613220788225,0.0842613220788225,0.4343560310853486,0.8938044732703214,True,39
17.985485,37,31.941283,0.03258792217588651,0.03258792217588651,0.6974013523286636,0.4347092670772061,True,37
101.886885,64,31.987801,0.10622457573853436,0.10622457573853436,0.4339451707999146,0.43374696302636107,True,64
2.075279,39,32.013514,-0.00142960302600744,-0.00142960302600744,0.5082916393073402,0.43951111478023175,True,39
56.06518,30,32.034575,0.06984027151807076,0.06984027151807076,0.5388997396702486,0.42561844555771217,True,30
-13.538341,32,32.058696,-0.05630189228171592,-0.05630189228171592,0.6703245767479848,0.4457349232205632,True,32
13.56089,40,32.086041,0.198916768338981,0.198916768338981,0.6707627798402742,0.41357679883089626,True,40
70.206589,44,32.116619,0.09077999042959929,0.09077999042959929,0.43223285438204617,0.8774054705283326,True,44
20.952826,36,32.142629,0.0889464777121055,0.0889464777121055,0.43152335447074963,0.6546081480194026,True,36
17.4222,33,32.167336,-0.0032228807848736106,-0.0032228807848736106,0.4116736578793594,0.8975867738178429,True,33
39.208849,51,32.207349,0.06956978884018705,0.06956978884018705,0.42072469507877347,0.8605985147210526,True,51
56.147918,53,32.246771,0.2554669177504471,0.2554669177504471,0.43291366764775224,0.8522352568420485,True,53
74.227181,64,32.292181,0.15073260994964963,0.15073260994964963,0.4103066426558069,0.7133996675627928,True,64
2.265763,51,32.333696,-0.07596386549347231,-0.07596386549347231,0.44042439847561204,0.44567273950595615,True,51
49.358098,44,32.367269,0.056975944789248785,0.056975944789248785,0.6584645698083436,0.41891289843635743,True,44
11.68741,45,32.398668,-0.03117561263765734,-0.03117561263765734,0.43510962220211136,0.9454445173688799,True,45
5.159248,30,32.41968,0.15520919874608616,0.15520919874608616,0.6781642106109218,0.4337264841185844,True,30
64.431481,59,32.461403,0.06780531510225712,0.06780531510225712,0.4208853799066831,0.6332165818549162,True,59
42.993813,52,32.508004,0.1051773738968841,0.1051773738968841,0.4296745138185075,0.5177670712124989,True,52
17.742418,37,33.366037,0.01679966566367557,0.01679966566367557,0.7136220118089026,0.4211703572592461,True,37
17.847558,42,33.398415,0.18391052790517276,0.18391052790517276,0.4329135588017722,0.5136263022953522,True,42
51.642378,56,33.456625,0.06271948492880898,0.06271948492880898,0.5218881227418535,0.41400380094926564,True,56
15.429087,31,33.486518,0.022990057330136253,0.022990057330136253,0.41999259722662763,0.8596729164058385,True,31
13.349271,52,33.52711,-0.02332825829286131,-0.02332825829286131,0.4309119784243709,0.7276651286940428,True,52
30.201329,40,33.558923,0.12204633021506338,0.12204633021506338,0.6978879931417221,0.42886562351548185,True,40
-20.281943,31,33.581009,-0.04834551614096823,-0.04834551614096823,0.6124566037972335,0.39699959101696786,True,31
54.302979,51,33.618028,0.03315772145526592,0.03315772145526592,0.430887786149489,0.9413047516347535,True,51
41.40275,53,33.659999,0.052969961371632505,0.052969961371632505,0.6796115311552715,0.4453859341311105,True,53
49.54945,44,33.691714,0.061783199846649185,0.061783199846649185,0.6949300050149892,0.41737006697063816,True,44
-14.248217,36,33.719315,-0.036746638816193354,-0.036746638816193354,0.4247147771928723,0.914285503597357,True,36
-14.468027,37,33.746748,-0.06143313494031967,-0.06143313494031967,0.4356238407569339,0.9405051590017279,True,37
2.98729,36,33.771296,0.07394712522969543,0.07394712522969543,0.4156751416527433,0.9640687565922851,True,36
79.203402,64,33.820631,0.11088682610570405,0.11088682610570405,0.49316956159447517,0.4327916013053279,True,64
-11.094996,54,33.859574,-0.195366941619951,-0.195366941619951,0.476973113410051,0.43211581799887144,True,54
-4.125562,41,33.888809,-0.03862237067959534,-0.03862237067959534,0.4202626525882738,0.9372672437675303,True,41
2.654173,30,33.91109,-0.011723821962259493,-0.011723821962259493,0.41599966737291744,0.888323997262223,True,30
41.071989,33,33.934677,0.051513511431480384,0.051513511431480384,0.4151709121768361,0.8750555534231617,True,33
15.651705,53,33.974748,-0.06396558351725981,-0.06396558351725981,0.5182507293968386,0.4118505443305517,True,53
-6.14127,49,34.011473,-0.0930801702151319,-0.0930801702151319,0.41551584848211126,0.9156254738977507,True,49
-11.056838,31,34.033612,-0.05376253950365773,-0.05376253950365773,0.7073663326314381,0.4465920944131959,True,31
93.998082,53,34.072104,0.18651924392005573,0.18651924392005573,0.41706761464851605,0.4772214774444696,True,53
73.465565,51,34.110121,0.2017118003922538,0.2017118003922538,0.428336063540798,0.5491683185581278,True,51
38.501999,33,34.134894,0.06091593867155376,0.06091593867155376,0.672079787059345,0.4147090344199923,True,33
-16.109702,29,34.154809,-0.06492700473065866,-0.06492700473065866,0.4170790509576289,0.9583767733071222,True,29
-13.153152,56,34.197762,-0.14583674466338648,-0.14583674466338648,0.51357787895207,0.41283548658153285,True,56
37.821944,38,34.224816,0.031247449694558137,0.031247449694558137,0.4337354245370464,0.8755899653723641,True,38
-12.267173,63,34.278018,-0.1873445202136028,-0.1873445202136028,0.47643752842507525,0.4381768358406342,True,63
35.538741,39,34.307596,0.16761257716251202,0.16761257716251202,0.679757217641007,0.4137168320217646,True,39
-1.529098,42,34.344236,-0.12511959943584447,-0.12511959943584447,0.4333286086655681,0.6018460527821198,True,42
5.53884,38,34.376172,0.08455191634035743,0.08455191634035743,0.4286090315174135,0.7992151808268957,True,38
70.410052,42,34.415838,0.08927555141185135,0.08927555141185135,0.4318523607255672,0.9875065555204946,True,42
47.621335,40,34.450036,0.11372655941033849,0.11372655941033849,0.6976629275731214,0.3721943079258932,True,40
22.595901,41,34.484359,0.011543178480190127,0.011543178480190127,0.4346619903396792,0.8673149195566487,True,41
16.804573,41,34.520595,0.13346982022436257,0.13346982022436257,0.6003172435949368,0.4227833651009763,True,41
34.106763,48,34.55901,0.06801563786547139,0.06801563786547139,0.40980578049941035,0.8836080813038589,True,48
45.317393,31,34.582388,0.04980432190631546,0.04980432190631546,0.41554418863030373,0.7544948266828779,True,31
46.963529,29,34.607846,0.07535405008959314,0.07535405008959314,0.6968644925470031,0.44069333628533014,True,29
-10.843091,38,34.639943,-0.017723315477721213,-0.017723315477721213,0.41178783164982957,0.5309852904419994,True,38
80.338822,43,34.681008,0.09909831137196293,0.09909831137196293,0.42311709394945074,0.8699400619457771,True,43
50.294663,54,34.723551,0.06438247781002686,0.06438247781002686,0.41731485281717196,0.8467379813279547,True,54
64.63571,45,34.755641,0.04060040604135836,0.04060040604135836,0.40779302014239194,0.905490896713227,True,45
47.416335,45,34.790881,0.05804012526505322,0.05804012526505322,0.4209313890124946,0.6783604916078187,True,45
39.843087,55,34.833406,0.038596431953052575,0.038596431953052575,0.5928581431588787,0.44735373463588785,True,55
57.326907,46,34.867322,0.0502710296838537,0.0502710296838537,0.5229346731470618,0.4281223439426546,True,46
86.844859,40,34.899493,0.13165730486107932,0.13165730486107932,0.4353697109574437,0.9053335654449682,True,40
31.135292,27,34.921734,0.07663345164432285,0.07663345164432285,0.6442441558943653,0.40126636284856265,True,27
47.712771,57,36.200503,0.17360607134699121,0.17360607134699121,0.4260211815262487,0.7115979835485757,True,57
-8.952638,59,36.268573,-0.1956958196238045,-0.1956958196238045,0.6282549052324639,0.44036519304726335,True,59
21.413975,34,36.304096,0.025274475905940664,0.025274475905940664,0.4171379508527812,0.8738535695104621,True,34
51.43888,50,36.361784,0.18307540446729614,0.18307540446729614,0.41947157941167107,0.4290700909111892,True,50
94.08915,58,36.417989,0.1592211391397872,0.1592211391397872,0.6022437262458371,0.42694567530558897,True,58
76.385298,48,36.464224,0.18942169906370834,0.18942169906370834,0.42373597196339247,0.6545014061725538,True,48
40.171948,44,36.504044,0.12733082420410274,0.12733082420410274,0.42165155689457523,0.3359696582276801,True,44
46.619593,42,36.551723,0.07196770735985548,0.07196770735985548,0.432478229879738,0.5050445126089962,True,42
40.940329,55,36.611792,0.12576680212924088,0.12576680212924088,0.434495353147159,0.6001938282043335,True,55
-0.107247,48,36.664546,-0.04161375160400607,-0.04161375160400607,0.42129661340917374,0.5192825860026866,True,48
13.281206,37,36.713576,0.11997634144915012,0.11997634144915012,0.5426909437773371,0.4490503699255961,True,37
78.249739,57,36.789986,0.14172062819768025,0.14172062819768025,0.4733609080324344,0.3741248891581417,True,57
2.789237,39,36.835664,0.1697986364558475,0.1697986364558475,0.6185164046140453,0.39378510463861344,True,39
23.510001,53,36.896896,0.22780799482435188,0.22780799482435188,0.4338164212990609,0.4047648113752701,True,53
42.763364,37,36.932245,0.1111435834304653,0.1111435834304653,0.42304295589338003,0.7413113206517086,True,37
-1.481322,40,36.97405,-0.04823064901574459,-0.04823064901574459,0.41079849414759717,0.9566541545417672,True,40
43.880044,34,37.008065,0.040592382549508935,0.040592382549508935,0.43127448201782986,0.6610363905598928,True,34
62.382743,33,37.049738,0.10219668362731062,0.10219668362731062,0.5676401311575039,0.425668495970757,True,33
11.541864,29,37.076394,0.056862323241152035,0.056862323241152035,0.6615565777139053,0.4196278638359542,True,29
-0.122172,41,37.113708,0.01145394614298423,0.01145394614298423,0.6799346054127222,0.44091915216726935,True,41
8.267987,33,37.140123,0.14679872567545316,0.14679872567545316,0.6423461137081373,0.4497253290089201,True,33
11.150119,53,37.214604,-0.09706732385796903,-0.09706732385796903,0.4190579536808015,0.9255634189814942,True,53
6.475322,47,37.279746,-0.04757525670417404,-0.04757525670417404,0.4164722379671701,0.7538971209872944,True,47
57.822639,34,37.32204,0.12218790644833756,0.12218790644833756,0.525435995815852,0.44032684111892134,True,34
25.735445,61,37.400615,-0.0015398026364676146,-0.0015398026364676146,0.4513514435195931,0.4262110197603386,True,61
48.940814,41,37.445585,0.12700273313743454,0.12700273313743454,0.6131210121316647,0.4215739925983762,True,41
-2.745962,45,37.492991,-0.06392620576300201,-0.06392620576300201,0.42584397833839965,0.8770475178123179,True,45
27.939041,42,37.52633,0.17409132598929672,0.17409132598929672,0.4264859101626466,0.4940373939495105,True,42
46.167789,69,37.601306,0.11630086962390368,0.11630086962390368,0.519379589916203,0.4259020122902299,True,69
74.390654,43,37.648282,0.1016376408800491,0.1016376408800491,0.4361320875320444,0.6098227957077833,True,43
13.980068,60,37.720384,-0.07777904427818394,-0.07777904427818394,0.42759408533518434,0.6048148455870863,True,60
28.777277,32,37.759765,0.12356689588201268,0.12356689588201268,0.6982549531399633,0.42106274115444525,True,32
10.307774,27,37.794191,0.08475349103332769,0.08475349103332769,0.7122702766667482,0.43873187545518655,True,27
36.764926,35,37.834237,0.04594580849077969,0.04594580849077969,0.6077354019485907,0.43469416502976654,True,35
21.887132,32,37.872711,0.041705225939186144,0.041705225939186144,0.6919851165145672,0.4479445627041607,True,32
33.627526,56,37.95869,0.21078600405304979,0.21078600405304979,0.4137646738374866,0.46308246298111877,True,56
3.263378,35,38.048567,0.018847967756564526,0.018847967756564526,0.4258099041127557,0.92984512751751,True,35
35.416132,38,38.112352,0.043229363828365154,0.043229363828365154,0.4180864982941568,0.7522897427670474,True,38
0.205197,46,38.162145,-0.04803544354728447,-0.04803544354728447,0.42813922366397034,0.9145329689711026,True,46
41.645003,55,38.213207,0.017598444065727133,0.017598444065727133,0.4221536062375024,0.5812065485567719,True,55
12.446448,32,38.251231,0.14632785008763793,0.14632785008763793,0.6514761202532076,0.363598884192316,True,32
11.897492,36,38.299677,0.002402024556397089,0.002402024556397089,0.4462072614914503,0.4393376651247015,True,36
78.256475,60,38.37767,0.13085865504353392,0.13085865504353392,0.6813711654830031,0.42395130650473534,True,60
7.960251,54,38.447401,0.04393068024235898,0.04393068024235898,0.6351770463359011,0.4468886497365554,True,54
40.092319,35,38.488726,0.12635464043709074,0.12635464043709074,0.648149440301264,0.41808481338864234,True,35
26.156528,34,38.52811,0.040525187982018755,0.040525187982018755,0.628786254076985,0.4104979573443947,True,34
21.338141,47,38.593011,-0.034200027316701916,-0.034200027316701916,0.6698568818321963,0.44295181174254633,True,47
-3.932862,49,39.731784,-0.04748564327604829,-0.04748564327604829,0.4166930924811918,0.4978475824132187,True,49
10.218341,37,39.772636,0.0747297832661669,0.0747297832661669,0.42688477958941495,0.6259546963533862,True,37
23.790205,34,39.812744,0.05907564146080051,0.05907564146080051,0.4132262095715959,0.7239550509894774,True,34
50.057254,38,39.850043,0.04913492048008381,0.04913492048008381,0.41754395706800645,0.6980955961652928,True,38
75.613618,48,39.892323,0.12104734254336218,0.12104734254336218,0.4274588521596342,0.756072579487434,True,48
86.234266,48,39.942163,0.17601412511671521,0.17601412511671521,0.6230455864974888,0.42858440056964325,True,48
38.302867,34,39.971571,0.1028917673680181,0.1028917673680181,0.6457364748953389,0.4319308674504568,True,34
18.566244,54,40.047804,-0.07089373262295998,-0.07089373262295998,0.4328620737140059,0.8868541787156633,True,54
-1.620508,29,40.07291,0.11133081101295857,0.11133081101295857,0.7030094818048322,0.4109494110776125,True,29
29.522519,40,40.130457,0.059113408963576204,0.059113408963576204,0.42156082775412945,0.6960522186935267,True,40
32.183577,35,40.1676,0.033004073565380945,0.033004073565380945,0.4356462502253067,0.5700041265260973,True,35
8.799958,50,40.213993,-0.010708953040877654,-0.010708953040877654,0.4183315326826239,0.6231665665160669,True,50
6.249948,35,40.250686,-0.04164060071207977,-0.04164060071207977,0.4106223234113902,0.9854490632955386,True,35
29.862459,37,40.284544,0.03109364629189126,0.03109364629189126,0.6927756385852066,0.43138483300346825,True,37
20.012348,54,40.333599,0.0015428082721237026,0.0015428082721237026,0.41808818417840116,0.80823548518818,True,54
88.204216,61,40.377453,0.14047204891452184,0.14047204891452184,0.41909665792897605,0.6347787983823323,True,61
-17.284549,35,40.401756,-0.09068375184327983,-0.09068375184327983,0.6661359106221927,0.42780474605063107,True,35
81.5493,43,40.437626,0.10989048751054946,0.10989048751054946,0.4245004564155658,0.6079588712739211,True,43
94.9158,56,40.484807,0.13201388588744217,0.13201388588744217,0.6629213522021636,0.4120692569604458,True,56
3.573192,67,40.538934,-0.10213896777112225,-0.10213896777112225,0.6112892981108238,0.3923814627606817,True,67
27.610163,42,40.575085,0.1860414771049543,0.1860414771049543,0.5405827539364705,0.4085931927479227,True,42
-11.050033,45,40.632349,-0.1040742712487324,-0.1040742712487324,0.46102416209036257,0.4483884569777522,True,45
-12.36778,39,40.679708,-0.04908861218150943,-0.04908861218150943,0.673920986239401,0.3864818328760248,True,39
39.895456,27,40.716175,0.054996082455784426,0.054996082455784426,0.6406678660993049,0.43134945801811236,True,27
-7.470162,35,40.76013,0.10124117655183831,0.10124117655183831,0.42718122564664174,0.6395361063482522,True,35
-6.357718,29,40.802979,0.09692824897603303,0.09692824897603303,0.7187755699654892,0.4238045674730492,True,29
1.339016,52,40.866556,-0.10169893205883851,-0.10169893205883851,0.4324552588025413,0.40931958438141464,True,52
67.974173,49,40.909013,0.2016467387895843,0.2016467387895843,0.503016507047253,0.43879002214147506,True,49
30.092515,27,40.938539,0.04662605421023794,0.04662605421023794,0.7146142501125291,0.4378376037846972,True,27
-17.519576,40,40.973561,-0.07717973489424881,-0.07717973489424881,0.6629549458082009,0.4476600530655739,True,40
67.988367,45,41.006655,0.17366163328439324,0.17366163328439324,0.46644390475940734,0.392717819779869,True,45
25.046573,35,41.03137,0.06628119126847883,0.06628119126847883,0.6734824125054146,0.41224411456082255,True,35
18.7573,46,41.067766,0.1840047003185441,0.1840047003185441,0.419804980675632,0.5062267516158735,True,46
41.367649,61,41.127131,-0.09274388228014761,-0.09274388228014761,0.43497225731084843,0.9626855151648605,True,61
10.05727,55,41.201854,-0.13601073836737076,-0.13601073836737076,0.6467869197708127,0.44111965092138405,True,55
44.918154,44,41.244444,0.16258478676879476,0.16258478676879476,0.42371596484211094,0.4616240694635615,True,44
32.985229,48,41.287754,-0.026916200557625298,-0.026916200557625298,0.6670693658088086,0.4047864850295745,True,48
77.786003,45,41.339301,0.18926460186157,0.18926460186157,0.5783838267395357,0.435090219642489,True,45
1.533962,41,41.375494,-0.036823977313451085,-0.036823977313451085,0.6780867547852155,0.4331308982018671,True,41
78.43326,51,41.436868,0.12229911482452731,0.12229911482452731,0.43502191653905803,0.640726660141164,True,51
-12.433946,51,41.500615,-0.053546552318267354,-0.053546552318267354,0.536502386270263,0.41979407070029434,True,51
82.45262,51,41.549311,0.10018304494830324,0.10018304494830324,0.42186603253849375,0.4946507913814896,True,51
97.552822,73,41.627205,0.23269677887259785,0.23269677887259785,0.41411660409058265,0.6911364539744795,True,73
73.160795,43,41.687588,0.10038102084112616,0.10038102084112616,0.4197672624760361,0.6559816895623086,True,43
38.391094,30,41.729947,0.062433134412189645,0.062433134412189645,0.6483873914733818,0.41489535702453517,True,30
38.342176,56,41.798978,0.1524105560011293,0.1524105560011293,0.5793678051794288,0.4425448684685927,True,56
26.355158,47,43.054328,0.1894136643924888,0.1894136643924888,0.5799860685221466,0.4035067955470439,True,47
24.48412,42,43.10427,0.014816007736834332,0.014816007736834332,0.5938458716719591,0.4196781690340511,True,42
33.118853,48,43.1524,0.024999061142467187,0.024999061142467187,0.5359368984946075,0.4322719193041586,True,48
15.251648,41,43.195197,0.13077135430751877,0.13077135430751877,0.4256987099856902,0.7152704745387239,True,41
60.39648,40,43.231377,0.07884708705179924,0.07884708705179924,0.4309944588895938,0.9083076673782804,True,40
24.101942,35,43.264312,0.1644911948260095,0.1644911948260095,0.6322367088957919,0.4152261479251303,True,35
104.347325,71,43.336278,0.2686765635627719,0.2686765635627719,0.4353480590128885,0.5653636840876083,True,71
67.158333,45,43.3727,0.0871186194575992,0.0871186194575992,0.656423337373419,0.4415987125228001,True,45
118.984192,82,43.4386,0.1040953741505785,0.1040953741505785,0.43609480373547294,0.9036471088583201,True,82
49.239486,54,43.485113,0.04149442996879576,0.04149442996879576,0.4272799919813896,0.9287208973172322,True,54
32.087756,34,43.512747,0.13524617227952107,0.13524617227952107,0.5806064301533191,0.42702022837598963,True,34
58.84578,39,43.540082,0.07107330634348762,0.07107330634348762,0.4231165032256176,0.7195468958460827,True,39
70.943338,65,43.617331,0.06784749329717077,0.06784749329717077,0.4316306289237448,0.759899429434509,True,65
5.700116,35,43.645491,0.1495905091703027,0.1495905091703027,0.7110607834354129,0.4492866662436735,True,35
38.018932,42,43.681872,0.06729366183691966,0.06729366183691966,0.4174808389884062,0.5269159689936632,True,42
14.799083,63,43.728097,-0.05982984162707041,-0.05982984162707041,0.6766956306937978,0.4179702655028096,True,63
67.612541,47,43.763434,0.0846584952953982,0.0846584952953982,0.43728476046110637,0.4454352597440014,True,47
45.508172,32,43.78762,0.09571025379489043,0.09571025379489043,0.6771162512055073,0.4333192092510455,True,32
64.33282,35,43.816705,0.06843508019393951,0.06843508019393951,0.5344642164564416,0.4251194255003463,True,35
52.783042,38,43.846184,0.05325121649501198,0.05325121649501198,0.4327808652975756,0.8951426226379894,True,38
25.804549,36,43.872501,0.0943195649110896,0.0943195649110896,0.6994565854352893,0.43661723737786856,True,36
35.152874,35,43.89796,0.16654613955938385,0.16654613955938385,0.5881897096260288,0.42246194858391406,True,35
67.8043,61,43.947621,0.06830565927754052,0.06830565927754052,0.723676579056307,0.41302940215290634,True,61
-4.1523,41,43.996203,-0.05360017541716426,-0.05360017541716426,0.43395308560569157,0.8248419609845443,True,41
1.941664,30,44.019877,0.15529096593844285,0.15529096593844285,0.7005002181924771,0.4471856700005236,True,30
1.626905,83,44.102036,-0.4477933298692433,-0.4477933298692433,0.42927243274717,0.7387813621802368,True,83
79.542936,44,44.137788,0.09238836622113493,0.09238836622113493,0.4288912313594783,0.4673354505889504,True,44
40.738205,68,44.191654,-0.007728396841843094,-0.007728396841843094,0.4232867263305638,0.7463347619224299,True,68
4.635767,45,44.225678,-0.04337221718937894,-0.04337221718937894,0.4255118651498391,0.92948034063706,True,45
17.863149,37,44.253196,0.04981613347243514,0.04981613347243514,0.4324169017219544,0.6827293204996284,True,37
-6.604568,28,44.274642,0.14127440223046284,0.14127440223046284,0.6674349628526295,0.42212624108828456,True,28
-10.853645,45,44.308104,-0.04671233045102064,-0.04671233045102064,0.6994123302115182,0.4398700523345236,True,45
63.468727,56,44.352226,0.2147829485090795,0.2147829485090795,0.5722048001503941,0.44527772425700873,True,56
9.43103,26,44.373137,0.06606477307638799,0.06606477307638799,0.703884889228637,0.4301349965992499,True,26
67.164237,39,44.400489,0.13948246128943653,0.13948246128943653,0.5490135930202821,0.4421200915873906,True,39
5.951017,57,44.445717,-0.10293221888931245,-0.10293221888931245,0.4258213789370753,0.5379152138876871,True,57
16.616865,49,44.484209,-0.02205503600099837,-0.02205503600099837,0.5260351663434966,0.4433800554844176,True,49
21.394895,31,44.50547,0.12906351351691348,0.12906351351691348,0.727215358644906,0.4282610642589167,True,31
36.820622,40,44.53437,0.08337481937497414,0.08337481937497414,0.4356767090424066,0.6758739005725227,True,40
28.260441,45,44.567404,0.08771259412571805,0.08771259412571805,0.4266600976533142,0.7870546275325552,True,45
83.876923,65,44.616047,0.13666184483355862,0.13666184483355862,0.5714441907356793,0.4345445295775338,True,65
7.292498,44,44.652152,-0.0184892032161669,-0.0184892032161669,0.43298652907469626,0.9290030443174059,True,44
45.341729,51,44.691943,0.23900698194725126,0.23900698194725126,0.5356561394259111,0.4142840338435039,True,51
77.083726,54,44.730792,0.1165364948683737,0.1165364948683737,0.42749719326039837,0.6384890359160617,True,54
14.398131,38,45.595601,0.01052987542170295,0.01052987542170295,0.41875913062590603,0.7472065425023482,True,38
58.605963,41,45.6447,0.042944070914743886,0.042944070914743886,0.43391902272230787,0.5687316551929411,True,41
106.931291,54,45.702709,0.19100277096671775,0.19100277096671775,0.42216193109816486,0.5396351770444088,True,54
124.524872,69,45.775365,0.23700519371091844,0.23700519371091844,0.4333767108831022,0.5147812637806934,True,69
28.758379,34,45.797914,0.1558841733166627,0.1558841733166627,0.45523760517882883,0.4172957080497304,True,34
28.011106,41,45.82683,0.12401006348112172,0.12401006348112172,0.42005647857280837,0.7599134017135183,True,41
68.545264,56,45.865295,0.09883087604381555,0.09883087604381555,0.42957007289974125,0.753861591221986,True,56
3.288188,36,45.886727,0.013424924947861355,0.013424924947861355,0.42550869200402697,0.9321608690218024,True,36
43.317507,49,45.919837,0.16504606502810523,0.16504606502810523,0.4822715746928614,0.3993139068507846,True,49
25.741251,42,45.949451,0.017685647522146523,0.017685647522146523,0.43084011632280156,0.5646879512521304,True,42
-12.197728,34,45.974501,-0.016034817702929374,-0.016034817702929374,0.418667474844186,0.8578349587276921,True,34
25.716946,31,45.998525,0.08436655190682095,0.08436655190682095,0.6475932119614239,0.4441922398325686,True,31
-7.506038,40,46.026901,-0.058055932184326545,-0.058055932184326545,0.5243909914957511,0.4362955544181051,True,40
33.614025,37,46.05419,0.057643811827556554,0.057643811827556554,0.6974305921889484,0.4440405274337892,True,37
44.408612,40,46.080689,0.10612526956682809,0.10612526956682809,0.5516935340749983,0.44563464738841063,True,40
72.911884,46,46.112705,0.11387462578559562,0.11387462578559562,0.5257315808192998,0.4356050082820341,True,46
99.934895,47,46.146875,0.1422303913944333,0.1422303913944333,0.6064223198122946,0.4293068071759638,True,47
56.747339,50,46.183839,0.1311405708375622,0.1311405708375622,0.42835125899915066,0.8040904466966071,True,50
6.318003,37,46.20992,-0.04989777020188917,-0.04989777020188917,0.4360775442264664,0.6451259565548568,True,37
13.821751,43,46.239622,0.01645930203218521,0.01645930203218521,0.43311578569312,0.7645762450211729,True,43
27.838868,43,46.269928,0.09705182947783403,0.09705182947783403,0.4257164779511626,0.5233270426025658,True,43
78.288046,42,46.300209,0.14669270399183792,0.14669270399183792,0.6846259049825588,0.4346905270194922,True,42
13.883982,50,46.334421,-0.07137238568114088,-0.07137238568114088,0.5669833579947999,0.4422147681950196,True,50
32.95421,38,46.362446,0.169410386549607,0.169410386549607,0.6389605933850844,0.4258334681985714,True,38
67.847564,55,46.400951,0.23503032438814092,0.23503032438814092,0.4626067980712311,0.4472162665660398,True,55
128.554455,78,46.460981,0.374137431426701,0.374137431426701,0.4342236890642228,0.7371719297552474,True,78
30.511991,43,46.494776,0.06819549038700401,0.06819549038700401,0.41748175299052775,0.5045399901299195,True,43
28.165737,31,46.516899,0.09868919746233688,0.09868919746233688,0.6927604280236036,0.44024015613266104,True,31
29.811418,32,46.540322,0.1292129930858573,0.1292129930858573,0.42485238435431644,0.41060477072931384,True,32
47.322479,35,46.567997,0.09052619676923566,0.09052619676923566,0.5868965055119104,0.4188224379044143,True,35
10.392447,75,46.630697,-0.14258435784403992,-0.14258435784403992,0.531325173616005,0.44917086437656484,True,75
64.640359,50,46.666144,0.08107738206202127,0.08107738206202127,0.41624975274500725,0.7595392025787735,True,50
20.964338,39,46.696001,0.05052230104284744,0.05052230104284744,0.43457131403022164,0.8477838441398644,True,39
5.712025,43,46.725972,-0.022678868716631575,-0.022678868716631575,0.5067746935103208,0.43036312944140764,True,43
-1.67655,36,46.759847,0.19295630830477464,0.19295630830477464,0.6629859443926129,0.4230074690727856,True,36
52.702823,40,46.813163,0.030172032407732596,0.030172032407732596,0.5267538463374006,0.4434449335260158,True,40
21.741014,35,46.869452,0.04993251425080785,0.04993251425080785,0.41974259021595023,0.9238093447406096,True,35
8.447543,98,47.003903,-0.11048851171023802,-0.11048851171023802,0.4139725455432672,0.44742508858924296,True,98
12.171914,39,47.061449,0.11714448512126382,0.11714448512126382,0.41775967999832025,0.5850002238280263,True,39
36.653381,55,47.133656,0.04786059224108046,0.04786059224108046,0.6843001380378398,0.4366548759987523,True,55
63.563969,43,47.181478,0.15199070065378212,0.15199070065378212,0.41964844765718584,0.5861132116284122,True,43
30.765443,42,47.237386,0.10812721444375245,0.10812721444375245,0.6541007894857257,0.43532344364923853,True,42
73.182705,45,47.298357,0.10276962619385702,0.10276962619385702,0.42348811938764497,0.8595446294363136,True,45
61.392041,66,47.387736,0.15307031933433654,0.15307031933433654,0.42562272554101943,0.5103012788677093,True,66
49.789292,44,47.439311,0.159683301092161,0.159683301092161,0.4200905997733143,0.6400726823210736,True,44
12.706077,54,48.581,0.006049776323511839,0.006049776323511839,0.4209437215702615,0.6328194969411368,True,54
37.375277,44,48.624079,0.1549547220757498,0.1549547220757498,0.6425621823186819,0.399981754758279,True,44
21.700709,38,48.658513,0.0029714621120272558,0.0029714621120272558,0.43109093636531126,0.5436462905219316,True,38
9.967892,36,48.687248,0.09146760915573518,0.09146760915573518,0.6866603926958361,0.4343784396180667,True,36
18.108207,35,48.715093,0.13812089700849264,0.13812089700849264,0.5605958111780309,0.4135844425815963,True,35
0.288586,55,48.767806,-0.2200616136860197,-0.2200616136860197,0.433516672183711,0.5689742790310424,True,55
48.242848,34,48.799489,0.0738284946603448,0.0738284946603448,0.5405683417988403,0.3851664066644493,True,34
53.712766,35,48.830811,0.09659962401018289,0.09659962401018289,0.5864712121483211,0.438663029106496,True,35
38.287946,43,48.86741,0.20557013390082515,0.20557013390082515,0.5157304328632487,0.39129730220936715,True,43
37.280053,35,48.893179,0.10236299728017728,0.10236299728017728,0.4329394925631534,0.7481695260856887,True,35
15.181157,39,48.925632,0.12269548260048817,0.12269548260048817,0.6538605652166,0.42784900639845247,True,39
-1.928247,29,48.950847,0.11224401234852796,0.11224401234852796,0.6899480072418408,0.4180822392888024,True,29
41.735411,40,48.983487,0.09491258519630923,0.09491258519630923,0.419291776260949,0.6434858831617789,True,40
79.52318,60,49.028132,0.1219508113387448,0.1219508113387448,0.47337790624852893,0.4454429207019131,True,60
3.402694,28,49.049703,0.08541122098801417,0.08541122098801417,0.5755656109364098,0.4083106682336841,True,28
13.059388,35,49.074326,0.03493173628126394,0.03493173628126394,0.41658605802810694,0.8644555837746983,True,35
15.777915,46,49.108581,0.10297526449595201,0.10297526449595201,0.431112145515675,0.7886062562380602,True,46
116.432107,77,49.169537,0.27580629766735576,0.27580629766735576,0.4266356135249777,0.869571543717795,True,77
18.786665,58,49.217453,-0.11467989537961208,-0.11467989537961208,0.42736307236169585,0.6838713569615869,True,58
1.056309,47,49.254879,-0.03494207426318576,-0.03494207426318576,0.7106575300551291,0.432392374093155,True,47
19.058286,50,49.291327,-0.0319867997341089,-0.0319867997341089,0.5920139416667664,0.3926391577449741,True,50
13.246715,53,49.330616,0.2007407161919815,0.2007407161919815,0.48501066522929703,0.432716361966156,True,53
20.948405,37,49.361005,0.12363447449606718,0.12363447449606718,0.7122883688127126,0.44914893373766895,True,37
48.939096,32,49.388014,0.06720221397042966,0.06720221397042966,0.6871602433789972,0.39274934976339765,True,32
9.760963,40,49.418946,0.14813941361688054,0.14813941361688054,0.43112172479720207,0.5904132973814185,True,40
21.913901,46,49.456712,0.03278043090985959,0.03278043090985959,0.4185129120338716,0.7840484013675831,True,46
20.111512,35,49.483459,0.06956569416145052,0.06956569416145052,0.6001165410056738,0.42515725808460714,True,35
28.133508,40,49.514139,0.11907765090969617,0.11907765090969617,0.5275895866679067,0.4165689483725825,True,40
-10.457425,51,49.551292,-0.040366717438633536,-0.040366717438633536,0.6324475391330264,0.4151851211320666,True,51
22.828431,39,49.578297,0.20954468280812172,0.20954468280812172,0.6399262596211454,0.3986711498708477,True,39
-18.18565,34,49.606831,-0.05038750326438969,-0.05038750326438969,0.6509364798861557,0.43792115671822013,True,34
31.640742,38,49.637437,0.03292740766899673,0.03292740766899673,0.4298810348014257,0.8721271491281353,True,38
55.451133,44,49.66693,0.15761971227215132,0.15761971227215132,0.4335911650296409,0.5139388530830857,True,44
80.094182,44,49.697992,0.13837614366377438,0.13837614366377438,0.682246093385154,0.439687357423233,True,44
131.269815,49,49.738929,0.18517845179857262,0.18517845179857262,0.578228789842357,0.4240674518886536,True,49
65.040366,46,49.775957,0.19337492090059613,0.19337492090059613,0.6394599078868127,0.40869822889301083,True,46
64.56378,37,49.807145,0.09675086760381547,0.09675086760381547,0.43333553391205265,0.8773133673122779,True,37
35.294726,50,49.846384,0.13697601987523186,0.13697601987523186,0.43108558648482354,0.7696605410217494,True,50
31.461671,45,49.883341,0.04150378537977655,0.04150378537977655,0.42881490812234957,0.6134261352019323,True,45
14.288161,32,49.906405,0.06898679132313928,0.06898679132313928,0.4092685067602627,0.4943919474152765,True,32
86.336285,56,49.953374,0.032124920141494574,0.032124920141494574,0.4279267414706319,0.7568662357707624,True,56
39.500635,62,50.001062,-0.06369116396959228,-0.06369116396959228,0.5751949661074642,0.4301571860591392,True,62
113.991142,50,50.04109,0.13315008625919839,0.13315008625919839,0.5007979039239113,0.43304952825597554,True,50
58.407135,57,50.085274,0.16186012931772495,0.16186012931772495,0.41865409505309914,0.62589102719695,True,57
-2.984662,34,50.11071,-0.016353029899394255,-0.016353029899394255,0.4153519103906203,0.8631276134985277,True,34
5.918983,51,50.147536,-0.044251349481644546,-0.044251349481644546,0.41450680816910224,0.663144563211203,True,51
27.640353,35,50.170965,0.07170823620100313,0.07170823620100313,0.42751881327749586,0.5730854712257212,True,35
44.669369,42,51.047406,0.13522378685681233,0.13522378685681233,0.4525070349522666,0.4337616867677664,True,42
27.435065,40,51.079673,0.1420596323581024,0.1420596323581024,0.4252570100603578,0.662192192310042,True,40
135.524196,59,51.143975,0.19181927990799744,0.19181927990799744,0.6093250405886008,0.44794819830714566,True,59
20.094645,30,51.166728,0.11496950733224773,0.11496950733224773,0.6393325753657771,0.4014243178421565,True,30
96.808691,44,51.20245,0.12483375700996777,0.12483375700996777,0.4264615729587936,0.7356934875818382,True,44
58.287445,43,51.242839,0.1624152376805667,0.1624152376805667,0.6071275593000571,0.42458456967548636,True,43
43.06993,37,51.26935,0.18340834592822092,0.18340834592822092,0.41810427492536656,0.7681450624249634,True,37
96.745781,56,51.306411,0.14475447725877946,0.14475447725877946,0.43573960573027914,0.9916403237189422,True,56
116.931404,58,51.346269,0.2013094790060833,0.2013094790060833,0.5594267302515511,0.4479740345755605,True,58
-11.309589,47,51.381114,-0.15690594615936193,-0.15690594615936193,0.4235459967136092,0.6865892334238086,True,47
32.084449,42,51.417082,0.009573034875950242,0.009573034875950242,0.4274960473232522,0.8199692739682897,True,42
48.22164,30,51.440286,0.0789638518634385,0.0789638518634385,0.6612153859210366,0.4411559434415744,True,30
79.370964,45,51.472231,0.09760343198905894,0.09760343198905894,0.43416202744006965,0.452756008981153,True,45
35.969777,30,51.49435,0.03977344187671996,0.03977344187671996,0.43567931702607543,0.9859839122563951,True,30
36.306377,47,51.528047,0.1606191383560583,0.1606191383560583,0.4230797199732328,0.72532776401558,True,47
15.624046,29,51.548475,0.1251318564881792,0.1251318564881792,0.7078124654220141,0.41230162725978653,True,29
13.860914,34,51.572567,0.0015660169299763049,0.0015660169299763049,0.43335460212880755,0.7553649197279436,True,34
-18.075119,45,51.609633,-0.09233610202508251,-0.09233610202508251,0.664093160210841,0.4008599483436545,True,45
-12.32703,39,51.636705,-0.0293631640454774,-0.0293631640454774,0.6707333984471142,0.4407402951425734,True,39
32.84175,38,51.666607,0.002494865426304851,0.002494865426304851,0.434470268189305,0.964154619932271,True,38
-14.116804,49,51.703668,-0.05327549076675572,-0.05327549076675572,0.5532470631761383,0.41972396007985013,True,49
17.101411,41,51.732415,0.17746597388271762,0.17746597388271762,0.4308599042222897,0.4807324080450599,True,41
83.79928,71,51.785792,0.08289721899871112,0.08289721899871112,0.4224848999518186,0.6474935393280372,True,71
-16.703991,41,51.816698,-0.10692654843082326,-0.10692654843082326,0.6427605939349907,0.4332932779947065,True,41
55.824085,48,51.851689,0.19806371124497146,0.19806371124497146,0.4189045738284753,0.7901815429580359,True,48
5.818171,37,51.881963,0.09180703407227067,0.09180703407227067,0.43307093963755555,0.8720539608544925,True,37
36.404428,54,51.925215,0.1349695162066695,0.1349695162066695,0.4187693151369452,0.6063095951847938,True,54
108.787235,46,51.960537,0.1276262020465381,0.1276262020465381,0.4357348842226309,0.5748368702751406,True,46
35.972778,68,52.010911,-0.0008711272199439311,-0.0008711272199439311,0.6925147376643819,0.4067146780851975,True,68
16.152194,56,52.0531,-0.05698004176711763,-0.05698004176711763,0.5815540841864366,0.4358975888094975,True,56
16.622167,34,52.078995,0.017254274212899445,0.017254274212899445,0.42861403094231476,0.9247777803946844,True,34
50.865509,45,52.112422,0.0828500055301119,0.0828500055301119,0.42282851092276097,0.7545993389427352,True,45
72.266896,43,52.145224,0.17121936755856873,0.17121936755856873,0.5458279964871072,0.42487542050404015,True,43
77.488957,39,52.17318,0.10220991371052154,0.10220991371052154,0.42791430151376053,0.9083760001850097,True,39
30.798071,38,52.20123,0.14434040989840938,0.14434040989840938,0.6480865481853235,0.4014757642948588,True,38
69.495438,48,52.236867,0.22890154152879852,0.22890154152879852,0.5848588421044068,0.4307671092046297,True,48
50.886333,51,52.275643,0.04778526067330201,0.04778526067330201,0.427036648199047,0.6726280219296057,True,51
126.500061,67,52.32578,0.1742102484673698,0.1742102484673698,0.432422927692036,0.6631410834522946,True,67
38.738057,50,52.360952,0.10652061002307915,0.10652061002307915,0.426831685743866,0.7111713583874885,True,50
91.914348,57,52.40549,0.09817455915231685,0.09817455915231685,0.7219597509155706,0.39914828136443736,True,57
49.626615,37,52.434426,0.0710819348927485,0.0710819348927485,0.42312570748217027,0.5064511359073809,True,37
41.324459,46,52.471604,0.17135025055517444,0.17135025055517444,0.5221697969371253,0.43825669393245953,True,46
8.296145,43,52.504401,0.002785239116994877,0.002785239116994877,0.4250094387943202,0.8833156493106513,True,43
56.249032,44,52.539168,0.13941722338548035,0.13941722338548035,0.42732360743358666,0.6306087282068294,True,44
22.884666,41,52.569876,0.14590516969585496,0.14590516969585496,0.43199351387841417,0.6777854398071117,True,41
80.386327,45,53.491762,0.12201750280955587,0.12201750280955587,0.4283906876505361,0.5383683011279001,True,45
1.760197,37,53.523122,0.1689736419982021,0.1689736419982021,0.5270286562761471,0.38169408515795034,True,37
4.116896,46,53.569252,-0.06970327412758873,-0.06970327412758873,0.4118579920852283,0.8638231738978082,True,46
44.091772,48,53.610624,0.018342866934883763,0.018342866934883763,0.4345379182693387,0.8142672472822393,True,48
49.083983,34,53.64119,0.05360126301718291,0.05360126301718291,0.4237781775505548,0.7214488322338685,True,34
124.542172,66,53.696899,0.20261958703298075,0.20261958703298075,0.41973143488935694,0.7400711726351967,True,66
-2.043838,27,53.717345,0.11246804078602146,0.11246804078602146,0.6924421410470533,0.41217531481499375,True,27
52.9795,39,53.74676,0.09091411014617498,0.09091411014617498,0.4309864511572874,0.5426679048830864,True,39
21.98446,52,53.787912,-0.055032662054379906,-0.055032662054379906,0.4351014539317054,0.6358419733628675,True,52
81.941942,52,53.828252,0.18889495061437991,0.18889495061437991,0.431441075759144,0.5476824781386558,True,52
39.35326,42,53.860905,0.024951282344981673,0.024951282344981673,0.422671623786105,0.6574335630817592,True,42
49.326761,60,53.905514,0.3342494806346322,0.3342494806346322,0.43559223973342,0.5156308375015067,True,60
58.960359,54,53.942552,0.03870043896048693,0.03870043896048693,0.42897413463883843,0.852192153959738,True,54
9.556918,36,53.9707,0.11547453084224923,0.11547453084224923,0.5805391353695536,0.4367334008180589,True,36
32.332366,53,54.00991,0.020007807762088194,0.020007807762088194,0.42176901350800655,0.957289045207335,True,53
30.514975,48,54.04378,0.11083981024245233,0.11083981024245233,0.5742808827213974,0.433763184422307,True,48
46.23569,50,54.082662,0.010561898970918374,0.010561898970918374,0.42539500986366285,0.7553549538459329,True,50
80.989427,45,54.115218,0.11785488448642564,0.11785488448642564,0.433380304474625,0.5867935767301461,True,45
21.847599,38,54.141154,0.14042096771330692,0.14042096771330692,0.6333691653371147,0.427210328836198,True,38
18.212406,38,54.167186,0.12621464483319175,0.12621464483319175,0.42447166563703015,0.6297307709815221,True,38
14.141255,86,54.229525,-0.18558331671439182,-0.18558331671439182,0.6141175904166287,0.4481261341539484,True,86
42.636996,53,54.269027,0.03901861722897854,0.03901861722897854,0.43379867137553874,0.9673129742790425,True,53
56.269407,40,54.310998,0.08820399290051356,0.08820399290051356,0.4193916320086147,0.6505701085589819,True,40
27.649605,31,54.338389,0.10661709744578592,0.10661709744578592,0.5700500777335796,0.4049183166982081,True,31
-10.242684,33,54.370435,-0.025000982157306742,-0.025000982157306742,0.4280646094514314,0.7291815246741492,True,33
7.615157,29,54.394713,0.10021887912982373,0.10021887912982373,0.6400445604909294,0.4060151829132724,True,29
40.437179,46,54.43403,0.16522162182032407,0.16522162182032407,0.4314226667119566,0.45895040524184316,True,46
52.091556,60,54.488868,0.2603808006817326,0.2603808006817326,0.4391862101482031,0.44089286506441094,True,60
52.687689,51,54.536247,0.10901837510844911,0.10901837510844911,0.4317457171242731,0.9588551861087499,True,51
4.121217,26,54.554661,0.09467752707339186,0.09467752707339186,0.7305731731535817,0.44989627142320604,True,26
77.593689,54,54.591776,0.20099149379635994,0.20099149379635994,0.5748401795589889,0.34761401470729064,True,54
35.877646,34,54.614584,0.04208817316215655,0.04208817316215655,0.43122791406524696,0.5626464298080112,True,34
63.597921,37,54.640624,0.11805357803273246,0.11805357803273246,0.6536985981613253,0.4464296856368564,True,37
15.332043,45,54.673737,-0.06254933578304847,-0.06254933578304847,0.5460809265651371,0.4451005517240759,True,45
93.395126,53,54.717171,0.10921133432952969,0.10921133432952969,0.4158181097969767,0.42769406879982486,True,53
22.744691,39,54.743904,0.01269525280896741,0.01269525280896741,0.4240400150477518,0.41376117869701234,True,39
21.193736,41,54.773373,0.016214351639765843,0.016214351639765843,0.43556366451889067,0.9965392162972735,True,41
48.026401,51,54.823881,0.1900405000477675,0.1900405000477675,0.41345713474965984,0.46386286904307494,True,51
59.888183,39,54.855635,0.05940793343777148,0.05940793343777148,0.7179808668514484,0.44037372871003033,True,39
50.027228,50,54.902592,0.08042535562579262,0.08042535562579262,0.5723522390508046,0.44672789077985764,True,50
44.935215,42,54.938203,0.21427189970612395,0.21427189970612395,0.681391092297856,0.40365901095455803,True,42
98.63849,44,54.969826,0.20821006714409096,0.20821006714409096,0.4840566067836378,0.4276044725858784,True,44
57.077142,38,54.999237,0.13492379002725596,0.13492379002725596,0.6578570805136001,0.4324397084978652,True,38
43.598111,49,55.034791,0.0257320572479694,0.0257320572479694,0.4265324555735497,0.7229362026327524,True,49
115.715288,66,55.084089,0.24608910070398035,0.24608910070398035,0.4346977942833058,0.8774954890640837,True,66
72.285079,51,55.745666,0.15066406168140584,0.15066406168140584,0.48355606493433834,0.44190056001642564,True,51
38.511311,64,55.821875,0.0909579347781423,0.0909579347781423,0.4230239718416603,0.46766341460521665,True,64
19.454439,48,55.87645,0.014969747361194552,0.014969747361194552,0.42062692286965103,0.6861098137351178,True,48
62.868199,48,55.932218,0.1493072736712709,0.1493072736712709,0.41689822724914954,0.6145770480834101,True,48
38.194507,44,55.977081,0.046694828289805236,0.046694828289805236,0.4273290001701068,0.9600162815946132,True,44
-7.659014,46,56.026382,-0.17861682441014004,-0.17861682441014004,0.4332755243824158,0.8035234627613663,True,46
61.520178,42,56.0784,0.13838930974523447,0.13838930974523447,0.658232360370322,0.41193415558675534,True,42
15.975355,48,56.120541,-0.011934757641273195,-0.011934757641273195,0.4259526693921751,0.5899966118859871,True,48
50.40622,35,56.146579,0.06393317119966951,0.06393317119966951,0.6195110927483645,0.4427160641666285,True,35
25.849687,61,56.194001,0.03819566427782713,0.03819566427782713,0.49938856140276355,0.40977656127046314,True,61
11.75687,48,56.228316,-0.0006452212517907803,-0.0006452212517907803,0.43478105518847865,0.6333100293523488,True,48
17.761173,36,56.256209,0.10232571478674754,0.10232571478674754,0.6278182794172966,0.4338586612980241,True,36
60.299748,41,56.287061,0.14048069527330936,0.14048069527330936,0.6639464208369882,0.42868339683780055,True,41
39.239028,39,56.318002,0.16647685762455453,0.16647685762455453,0.6823819971000148,0.44310744989928164,True,39
148.350719,81,56.377219,0.17840478528367668,0.17840478528367668,0.4188660625435419,0.9371567415733075,True,81
-18.906218,33,56.399515,-0.07988129146862698,-0.07988129146862698,0.7082179276368423,0.44231276181860973,True,33
21.742455,58,56.441092,0.017037274452229446,0.017037274452229446,0.4150143558158698,0.6431150330170481,True,58
27.152301,36,56.46398,0.027691582666472935,0.027691582666472935,0.43495364094738026,0.8417896318728739,True,36
60.606039,39,56.494649,0.07990578152896917,0.07990578152896917,0.5673705970322492,0.4449540144434022,True,39
65.610806,40,56.522674,0.11938975577285739,0.11938975577285739,0.42268100540187964,0.7876001570083544,True,40
-12.633781,64,56.571203,-0.1618341735645771,-0.1618341735645771,0.4228149061726655,0.8123605865717844,True,64
32.929321,37,56.598234,0.067938258391824,0.067938258391824,0.43528023163648233,0.9544700242707292,True,37
85.725437,76,56.652216,0.440934819307229,0.440934819307229,0.42382717330392095,0.6148226408925511,True,76
56.183043,42,56.683096,0.1301047062203016,0.1301047062203016,0.5054347320313369,0.44143891398938906,True,42
16.109392,61,56.726779,0.01352815500849882,0.01352815500849882,0.4272538811620965,0.9125668553866171,True,61
6.116674,37,56.752259,-0.02619284670953192,-0.02619284670953192,0.43188870691024106,0.9867464756322476,True,37
57.168132,46,56.784685,0.18660837446958756,0.18660837446958756,0.48206912790185585,0.4322045935399263,True,46
68.595848,39,56.813524,0.1325003412335315,0.1325003412335315,0.5782264349075514,0.42605537582788594,True,39
32.188974,41,56.841902,0.0349486906259024,0.0349486906259024,0.4205795621878883,0.7603440610254117,True,41
49.087746,49,56.879176,0.09728428844465922,0.09728428844465922,0.4809090385197284,0.4287846458073635,True,49
79.250262,38,56.90861,0.09735446129640161,0.09735446129640161,0.43116517661832443,0.8895758881158713,True,38
58.013944,52,56.946456,0.03259291043306191,0.03259291043306191,0.41950362721258083,0.8905266058696311,True,52
33.895842,51,56.985303,0.11954021477674655,0.11954021477674655,0.6540965928511953,0.4446050205344762,True,51
44.472676,49,57.018359,0.21090254139933814,0.21090254139933814,0.45294886355920383,0.4301033625294066,True,49
157.461179,61,57.061422,0.15440981834675138,0.15440981834675138,0.6665875482276925,0.40964044138791417,True,61
40.337141,38,57.086841,0.10302748350771121,0.10302748350771121,0.4313756165768293,0.5165968725103367,True,38
91.168769,87,57.146574,0.06087927577111691,0.06087927577111691,0.42490225440080454,0.9393531736785001,True,87
71.276253,64,57.191339,0.05546751677264298,0.05546751677264298,0.4237436467889805,0.8910063711319915,True,64
43.155156,73,57.243197,0.06939581751811807,0.06939581751811807,0.4184441651844634,0.6478657260539529,True,73
56.06833,49,57.279025,0.07475392867397354,0.07475392867397354,0.6879585214011005,0.42795174633177535,True,49
-11.541109,26,57.298741,0.1340453686367415,0.1340453686367415,0.6789290587021913,0.43603453010681853,True,26
10.828642,60,58.150086,-0.06521942286642692,-0.06521942286642692,0.5185831695068525,0.38929603441981214,True,60
16.578988,35,58.182185,0.10780150547559189,0.10780150547559189,0.6454557807134453,0.4373451687106408,True,35
13.645733,49,58.224941,-0.04363175653034059,-0.04363175653034059,0.4221440762006473,0.9985027646587659,True,49
116.139938,77,58.306999,0.1611085801112633,0.1611085801112633,0.43330576242384455,0.9321035342560361,True,77
73.010648,54,58.356339,0.15593035391117102,0.15593035391117102,0.42279567552875585,0.46367205828768926,True,54
46.093376,46,58.384569,0.20216820507051195,0.20216820507051195,0.4257589839313606,0.7863393112262935,True,46
20.790322,42,58.414142,0.1575596950917695,0.1575596950917695,0.66973660470898,0.44657729269000657,True,42
80.255946,60,58.457789,0.09941743036201242,0.09941743036201242,0.48409967896517786,0.42963725674625786,True,60
40.823754,45,58.489697,0.150133454934985,0.150133454934985,0.4321867870272518,0.8615915850413306,True,45
42.628247,48,58.526734,0.049344522233834544,0.049344522233834544,0.4194048503969405,0.6830713731628442,True,48
67.066652,61,58.568616,0.2993501486236163,0.2993501486236163,0.5032560970713545,0.41909627847561776,True,61
88.814257,48,58.603021,0.17282852181781053,0.17282852181781053,0.43206828947783943,0.48138651552879297,True,48
22.364406,31,58.623645,0.11960496368635867,0.11960496368635867,0.6940729996980982,0.448320597848604,True,31
50.902103,52,58.659975,0.17039098902032854,0.17039098902032854,0.4237770980260482,0.9216970370781362,True,52
49.954395,48,58.692298,0.16983091221668148,0.16983091221668148,0.4134379556097705,0.6522310255823061,True,48
37.659418,45,58.722462,0.22063638367167876,0.22063638367167876,0.4198228461543263,0.6629900060125181,True,45
126.782569,62,58.766356,0.2258218616578372,0.2258218616578372,0.4359329796895983,0.8586594428245848,True,62
37.742666,38,58.793322,0.032556927060773996,0.032556927060773996,0.42763717891650593,0.9903317659743963,True,38
7.271129,26,58.812253,0.11525162822669854,0.11525162822669854,0.6573233874247729,0.4494461175968016,True,26
15.50422,32,58.835986,0.1294075109468171,0.1294075109468171,0.5798119496317995,0.43231695302897544,True,32
12.112898,31,58.858012,0.0005163259842465242,0.0005163259842465242,0.4343344744939057,0.8290300329264999,True,31
21.676057,57,58.895107,-0.01199942745578465,-0.01199942745578465,0.7050750988280617,0.4479773897196349,True,57
60.213452,40,58.922144,0.06480673338860411,0.06480673338860411,0.43381378243890006,0.6725008054782227,True,40
18.028336,33,58.946028,0.16654237031440727,0.16654237031440727,0.6581702524345413,0.4189412592517783,True,33
2.06747,47,58.983067,-0.020976548194268727,-0.020976548194268727,0.432957970277767,0.8366531784211813,True,47
68.4226,59,59.022227,0.05631915146753396,0.05631915146753396,0.42063389899726916,0.5799743659029107,True,59
74.198176,47,59.053987,0.1715070122025224,0.1715070122025224,0.4306333848491677,0.5442644582559762,True,47
28.308924,37,59.077937,0.06726032910991772,0.06726032910991772,0.4346641703879761,0.7855593148811121,True,37
15.573489,41,59.106449,0.16924468657390274,0.16924468657390274,0.6037072326082189,0.4146668808594098,True,41
104.425295,50,59.142176,0.11610518358231371,0.11610518358231371,0.6951379700521325,0.44403302731644634,True,50
90.206774,45,59.173304,0.1417208990906887,0.1417208990906887,0.42695030846410587,0.6249131567355175,True,45
68.334592,80,59.229149,-0.004537053482652451,-0.004537053482652451,0.5926869997875516,0.4354422816971557,True,80
51.637116,43,59.257601,0.13527020147708174,0.13527020147708174,0.6570528115199101,0.42263364117695335,True,43
26.126114,31,59.280963,0.08161227727824936,0.08161227727824936,0.5482327422016766,0.4142837204974291,True,31
49.714743,54,59.320068,0.04328336577081867,0.04328336577081867,0.4356120789998089,0.835305030439873,True,54
64.409485,45,59.350085,0.0656592390267915,0.0656592390267915,0.4219492942789102,0.7506695179847254,True,45
74.557577,41,59.375438,0.13341777769374386,0.13341777769374386,0.5288440335020653,0.4479662041296182,True,41
30.646877,48,59.411139,0.21826045488762816,0.21826045488762816,0.6200363761943783,0.3885540634503751,True,48
48.103211,48,59.445352,0.10695578438783691,0.10695578438783691,0.6162492232362945,0.43241818315612435,True,48
34.840759,47,59.477326,0.005516682096603197,0.005516682096603197,0.42604687145392234,0.7837875488020252,True,47
34.572895,30,59.498681,0.05997081103182695,0.05997081103182695,0.6414872610114254,0.423504509717304,True,30
2.110953,39,59.523772,-0.03671028592775963,-0.03671028592775963,0.6859920573586564,0.4354147761303765,True,39
81.251367,63,59.567733,0.2004125795625554,0.2004125795625554,0.42685521375701163,0.8418116182708983,True,63
22.784706,38,59.593205,0.009787939920194907,0.009787939920194907,0.42768488910343505,0.6501795426146919,True,38
35.582385,38,59.617791,0.19818625051410274,0.19818625051410274,0.639277529976315,0.43764971669291564,True,38
43.928309,44,60.401323,0.14905806359350732,0.14905806359350732,0.4260969225621818,0.6861480741733834,True,44
78.477912,49,60.452934,0.11088675027537827,0.11088675027537827,0.4323956525318729,0.7906038701105071,True,49
16.99008,38,60.491193,0.06117363687297916,0.06117363687297916,0.42695997858576024,0.8909329104632805,True,38
193.589797,76,60.570178,0.2685762522992725,0.2685762522992725,0.4329619418047783,0.5400221323621952,True,76
-9.32576,54,60.607021,-0.1410616926733823,-0.1410616926733823,0.6693831863087653,0.4370154430779446,True,54
15.134512,37,60.631619,0.19759839581643254,0.19759839581643254,0.6565756132266435,0.40904456442000536,True,37
59.332071,58,60.67261,0.1053712914224033,0.1053712914224033,0.4310383087515952,0.5742947095093736,True,58
0.080071,51,60.708374,-0.04230467125672728,-0.04230467125672728,0.6632626962470693,0.41832638579817083,True,51
58.878312,39,60.733995,0.07158848854554065,0.07158848854554065,0.4113673082058126,0.5038731045938285,True,39
85.768261,47,60.766049,0.16234225946358366,0.16234225946358366,0.6738937931221501,0.4148523881905498,True,47
-7.3911,47,60.797535,-0.06629888179720074,-0.06629888179720074,0.43239402359406015,0.5009176743716371,True,47
76.583258,49,60.833379,0.17341863841691157,0.17341863841691157,0.6453360826765887,0.43183795364144234,True,49
122.207429,54,60.871402,0.1960063720996564,0.1960063720996564,0.4223652126582655,0.7981688552331614,True,54
-3.173047,61,60.91741,-0.10790999058341265,-0.10790999058341265,0.4307386028314653,0.6850366943148425,True,61
36.712707,40,60.947604,0.04559063615814373,0.04559063615814373,0.7147172370373936,0.413440158867479,True,40
27.879657,56,60.988029,-0.006328463052975895,-0.006328463052975895,0.4308076913011733,0.5531025209002469,True,56
38.046074,45,61.020344,0.1973507412058749,0.1973507412058749,0.6524543812330107,0.4308847996406023,True,45
44.3796,51,61.055602,0.23903989085310645,0.23903989085310645,0.5017096028792416,0.4376803326706284,True,51
54.749344,45,61.085064,0.07060943533726399,0.07060943533726399,0.42576381998903845,0.6993447666279027,True,45
87.043702,61,61.126153,0.04865324288300487,0.04865324288300487,0.42825150260912714,0.7889457473204391,True,61
86.32841,85,61.185892,-0.13114043420024812,-0.13114043420024812,0.4227006763143837,0.8002128378491606,True,85
84.806152,91,61.248136,0.41141400997303057,0.41141400997303057,0.42162732523775515,0.9050915532798871,True,91
30.783175,51,61.28083,0.23057807436397612,0.23057807436397612,0.41706491688816244,0.49258192501510434,True,51
116.226876,58,61.320132,0.15861779140400614,0.15861779140400614,0.4342263449021524,0.7196326077878084,True,58
-16.506685,39,61.34732,-0.08299960394885457,-0.08299960394885457,0.6521200001807764,0.41128518727257024,True,39
56.15978,47,61.381816,0.16694981601891135,0.16694981601891135,0.433906634613165,0.671619417333778,True,47
59.956041,54,61.417627,0.14627273483678083,0.14627273483678083,0.4440233848731346,0.44642176255230315,True,54
65.74861,46,61.447009,0.17243236977199486,0.17243236977199486,0.5700688915121944,0.42124982709673364,True,46
34.08596,78,61.499688,-0.10332083768228625,-0.10332083768228625,0.41635059257727747,0.6050738691989537,True,78
90.204323,55,61.537661,0.07514884554212686,0.07514884554212686,0.4922346982601035,0.4405145681703009,True,55
115.794281,58,61.57883,0.14677666909700052,0.14677666909700052,0.43420464496952665,0.45316084366602766,True,58
63.171115,67,61.626163,0.09374326941959485,0.09374326941959485,0.4270620266364038,0.9879843336832766,True,67
32.979349,46,61.658719,0.03442799723087833,0.03442799723087833,0.4355161207449737,0.9654376272502811,True,46
12.741659,45,61.693369,0.2305604373235327,0.2305604373235327,0.5987563019773726,0.4386285066406748,True,45
116.6378,57,61.735379,0.1896759015837672,0.1896759015837672,0.42209742244649784,0.6081025664721611,True,57
77.847307,91,61.799736,0.07754319051515036,0.07754319051515036,0.45091031145368043,0.4231596305056871,True,91
-18.073841,35,61.822783,-0.055960994420375075,-0.055960994420375075,0.663947719072324,0.4332703955828134,True,35
85.390353,53,61.857934,0.1340474473130103,0.1340474473130103,0.4338046843806255,0.8177678439310959,True,53
49.680889,43,62.575707,0.08702369338960504,0.08702369338960504,0.4721554074325194,0.4463135105506947,True,43
25.613741,46,62.636537,0.02421706693767411,0.02421706693767411,0.4337031297818082,0.8346483927672084,True,46
70.886546,47,62.690842,0.15354289312563363,0.15354289312563363,0.5359676557439106,0.4364173145999708,True,47
21.866292,45,62.738828,-0.03178542439538572,-0.03178542439538572,0.6697943026869244,0.42845994774961105,True,45
42.184536,42,62.765334,0.16544124289545253,0.16544124289545253,0.4317339824969824,0.5010722572835564,True,42
-3.134638,44,62.793414,-0.07371703181646734,-0.07371703181646734,0.6526639653213261,0.4434307982124338,True,44
17.877779,45,62.824673,0.007922742534574688,0.007922742534574688,0.43152357984999345,0.7221783438439057,True,45
48.384889,36,62.849568,0.0738440828155843,0.0738440828155843,0.4287662118459939,0.9325116810864637,True,36
71.771455,48,62.880973,0.22068977772623782,0.22068977772623782,0.4357903348381989,0.762650594909281,True,48
62.456431,75,62.932429,-0.013044898450965315,-0.013044898450965315,0.43493463888037026,0.466760367926226,True,75
45.988497,38,62.958672,0.060399282209725444,0.060399282209725444,0.4319988948083982,0.7034482722495782,True,38
57.231314,53,62.99499,0.07743992622115671,0.07743992622115671,0.6202387028272056,0.38719047020553726,True,53
110.46524,74,63.04395,0.24683513749151087,0.24683513749151087,0.4205837441914206,0.7003497392870509,True,74
40.726521,41,63.070846,0.10159144412968285,0.10159144412968285,0.4146388224914719,0.8947114576239121,True,41
-5.716378,48,63.103831,-0.015565085165330882,-0.015565085165330882,0.42023685282462087,0.6872701672445154,True,48
34.618558,39,63.130301,0.09220305627500308,0.09220305627500308,0.43354160901120503,0.9267017251149077,True,39
31.570128,42,63.158833,0.07325285081767842,0.07325285081767842,0.42746210081181063,0.5728145400265232,True,42
37.614919,45,63.188442,0.08923761194420905,0.08923761194420905,0.43401447395786485,0.6121336162514859,True,45
31.780427,64,63.235456,0.33836083785663695,0.33836083785663695,0.5142257989508273,0.4188413759863671,True,64
34.071402,36,63.259313,0.09317022787267937,0.09317022787267937,0.43592474258557823,0.9825461741569084,True,36
74.572281,54,63.295701,0.17160377344099587,0.17160377344099587,0.5348407835397304,0.42160850787532306,True,54
33.833786,43,63.329118,0.1972423850089419,0.1972423850089419,0.4370100392852003,0.4419123228401617,True,43
101.675985,53,63.365407,0.13787542248013557,0.13787542248013557,0.429986177173207,0.9092187682311024,True,53
30.96634,47,63.398491,0.15899638195562282,0.15899638195562282,0.6035194245241953,0.41277702465852084,True,47
95.973452,50,63.433056,0.13455352987748193,0.13455352987748193,0.6585328177287983,0.3747311399404899,True,50
80.968243,38,63.459072,0.14721463065841864,0.14721463065841864,0.5977984280305682,0.43024385449692976,True,38
9.795483,31,63.481715,0.12507519304355688,0.12507519304355688,0.6496918742574836,0.43657473998851914,True,31
17.924162,34,63.506207,0.17117031162265725,0.17117031162265725,0.6933956173000803,0.4226813075451295,True,34
26.400076,50,63.539427,0.17377748015985714,0.17377748015985714,0.43230829135684723,0.5787966395236839,True,50
-4.046519,32,63.560576,-0.05952930042882538,-0.05952930042882538,0.7236188028720132,0.4336257707547479,True,32
26.956713,47,63.593008,0.15822568679940915,0.15822568679940915,0.4290241905407376,0.8410182223012707,True,47
21.392096,38,63.6195,0.08710120496190667,0.08710120496190667,0.6478922244650227,0.4121580448192523,True,38
100.2441,53,63.653867,0.15046176345915033,0.15046176345915033,0.41328733943559215,0.5629616498875687,True,53
127.523469,68,63.701408,0.3046927983157416,0.3046927983157416,0.511997600522265,0.3986352944332251,True,68
95.704998,51,63.736998,0.140151236504464,0.140151236504464,0.43320515192039755,0.4884274435973772,True,51
83.445016,49,63.771279,0.13208961530521285,0.13208961530521285,0.4360007373859947,0.9118539872526459,True,49
39.676772,40,63.799393,0.15888980735636302,0.15888980735636302,0.6574515938668744,0.44472984817115346,True,40
34.879901,45,63.828596,0.11998466911540571,0.11998466911540571,0.4320847755700348,0.762399620710546,True,45
19.827645,54,63.866695,0.19570700614769368,0.19570700614769368,0.4346836617810303,0.5793227574988072,True,54
1.365053,35,63.891519,0.03523354796077021,0.03523354796077021,0.43509427524509003,0.6788869873236831,True,35
16.50293,32,63.913533,0.05056238725970029,0.05056238725970029,0.42756837464084363,0.8494650634024916,True,32
34.216446,34,63.937652,0.10811935609997925,0.10811935609997925,0.6933325223847732,0.44155328073685335,True,34
0.151646,45,63.969069,-0.0796750397815743,-0.0796750397815743,0.41724828078279197,0.9495632619547212,True,45
49.116107,40,63.996499,0.08591209297631301,0.08591209297631301,0.4169318177158206,0.5685138248781446,True,40
121.796908,58,64.840569,0.18400406819330822,0.18400406819330822,0.4313654509354479,0.45824574694646614,True,58
18.887691,51,64.894616,-0.05684322407433334,-0.05684322407433334,0.5443374375919959,0.4332657212528381,True,51
35.297933,64,64.959839,0.0018583229686838546,0.0018583229686838546,0.4248672170031162,0.8954717953918546,True,64
6.130428,60,65.014611,-0.014759628217509582,-0.014759628217509582,0.42420273939345493,0.5428759910340623,True,60
51.204507,35,65.039935,0.11129974598930029,0.11129974598930029,0.4152886095652272,0.9510233962291529,True,35
81.873992,47,65.070288,0.11981323007053236,0.11981323007053236,0.6518512990713642,0.4164755825485945,True,47
58.010406,49,65.101012,0.1784947417335961,0.1784947417335961,0.48612705790197175,0.3479026821965846,True,49
17.118258,28,65.12006,0.10591659003199799,0.10591659003199799,0.7142115029588028,0.43998218999322675,True,28
48.02448,43,65.15073,0.18022341355550245,0.18022341355550245,0.6794299031027945,0.40350252423469574,True,43
-5.840096,52,65.188541,-0.14775288026434724,-0.14775288026434724,0.6614960025365577,0.3875551788767218,True,52
51.459379,43,65.220084,0.0751277213886526,0.0751277213886526,0.5859085394652015,0.4490470078858639,True,43
54.522584,74,65.269633,-0.09147478291528703,-0.09147478291528703,0.6200479962310347,0.4389342013569372,True,74
70.385502,44,65.298949,0.15466100059786295,0.15466100059786295,0.5849923661115408,0.41382858679943046,True,44
33.345646,41,65.327944,0.054584950901325646,0.054584950901325646,0.4324021360858696,0.6488047321161744,True,41
38.112257,61,65.367541,0.07462593767809571,0.07462593767809571,0.42129162280271787,0.4472179288292481,True,61
13.868951,30,65.389308,0.03301596569862636,0.03301596569862636,0.7062681209850532,0.4352524166413333,True,30
-15.643254,41,65.417109,-0.11075527718836606,-0.11075527718836606,0.6445467160574772,0.4051997717528797,True,41
66.501193,44,65.448531,0.1659903539478673,0.1659903539478673,0.4257947776136345,0.7074246295081332,True,44
17.83063,39,65.474869,0.16285652629727945,0.16285652629727945,0.6733700231058104,0.40234535232744,True,39
116.139761,45,65.506513,0.15239922182456797,0.15239922182456797,0.6606347432235122,0.4378223186868231,True,45
4.051913,41,65.536927,-0.032672970430854806,-0.032672970430854806,0.6965231398239641,0.4380407587527599,True,41
32.939741,31,65.55826,0.10770453518709741,0.10770453518709741,0.5919632272964576,0.39602788724151555,True,31
21.443084,31,65.578792,0.1121987724374697,0.1121987724374697,0.6343537176462227,0.38562951927783884,True,31
51.333158,47,65.609432,0.14924930900774672,0.14924930900774672,0.4304964308254923,0.8274684986834417,True,47
15.313323,44,65.639109,-0.01759568513021701,-0.01759568513021701,0.4181345211959067,0.9870995222860116,True,44
132.361726,77,65.694992,0.28092113095461085,0.28092113095461085,0.428283229291492,0.6990365605930027,True,77
33.380476,37,65.719051,0.13426120567036942,0.13426120567036942,0.482949193755642,0.352308522465448,True,37
159.249386,58,65.760022,0.23277277396865953,0.23277277396865953,0.525861405564295,0.40298061845623817,True,58
55.083505,39,65.786862,0.1545749387770387,0.1545749387770387,0.6567755710122325,0.42737729850949335,True,39
45.746309,44,65.817727,0.09638618797814008,0.09638618797814008,0.4344496995201202,0.5209338484307582,True,44
15.492321,39,65.842986,0.00645210187846834,0.00645210187846834,0.4191665797087857,0.6165071659622257,True,39
116.710762,64,65.885219,0.22695108196331545,0.22695108196331545,0.42435578377264516,0.606570341140038,True,64
41.595116,43,65.914066,0.2198101507417258,0.2198101507417258,0.6521180422679039,0.41477598519334435,True,43
67.191978,51,65.951049,0.14284340368002102,0.14284340368002102,0.43432860800841155,0.45467081680786425,True,51
41.595039,39,65.978841,0.12618815997724553,0.12618815997724553,0.6299670898764921,0.4487220076565316,True,39
-9.408976,43,66.011328,-0.14810535118210025,-0.14810535118210025,0.590230034652453,0.42450835605326953,True,43
11.051623,30,66.030154,0.1429276893918093,0.1429276893918093,0.6904792910800203,0.44493377420395036,True,30
12.862342,35,66.055136,0.03212772279007869,0.03212772279007869,0.6199459569594871,0.4092205509979962,True,35
61.152382,53,66.091422,0.07199264746766529,0.07199264746766529,0.5852133161937294,0.4145212186725161,True,53
-0.896531,41,66.118975,0.01124555781810964,0.01124555781810964,0.4199234074941328,0.7844838419509508,True,41
3.450714,53,66.158282,-0.1432597124665014,-0.1432597124665014,0.43601286131985584,0.5244461419147861,True,53
52.360865,50,66.198092,0.21570196976141656,0.21570196976141656,0.5401313048525339,0.44791755170283687,True,50
17.533691,54,66.238447,-0.026368021824788188,-0.026368021824788188,0.4338005961388572,0.6468049490123723,True,54
-2.418741,34,66.26299,0.1590777278366988,0.1590777278366988,0.6956185372903072,0.42433136830590823,True,34
89.646963,58,66.890594,0.22739917275869612,0.22739917275869612,0.4284751829185538,0.50684558580667,True,58
61.626601,63,66.962078,0.028223367898868496,0.028223367898868496,0.4573887422255556,0.4459097583303896,True,63
34.727978,43,67.007622,0.12191911284149941,0.12191911284149941,0.6636343227687883,0.4495980508053448,True,43
59.73606,45,67.055911,0.16570307986252794,0.16570307986252794,0.4262366372096417,0.3896247112099322,True,45
33.014244,57,67.106708,0.16726748546239606,0.16726748546239606,0.5488028114339651,0.4463448914237856,True,57
20.783598,43,67.13435,-0.02084726778083619,-0.02084726778083619,0.4168367949729052,0.7712344864056873,True,43
121.03875,69,67.181895,0.21809043092399094,0.21809043092399094,0.42453129531475936,0.8987849469003981,True,69
41.722425,53,67.215932,0.03460803836568447,0.03460803836568447,0.4218974944934719,0.4897329679527055,True,53
19.481717,49,67.250055,0.23305773808048255,0.23305773808048255,0.4179705443474484,0.7314377574261506,True,49
57.690543,45,67.28129,0.16081750531133582,0.16081750531133582,0.4309985624618807,0.7909304612364023,True,45
78.709965,70,67.329563,0.2754890587609762,0.2754890587609762,0.6011669513307265,0.43182307458679525,True,70
10.28943,37,67.355791,0.0061650300413076935,0.0061650300413076935,0.6992866114624106,0.4386503042160183,True,37
44.876387,48,67.39089,0.06671285939547443,0.06671285939547443,0.4336440081873079,0.5857464808143934,True,48
38.635688,45,67.423916,0.09675919039807587,0.09675919039807587,0.4223889718422807,0.9769616491582086,True,45
48.982158,43,67.4575,0.058210621309579866,0.058210621309579866,0.5701041726911419,0.43402930451818456,True,43
94.887097,55,67.496245,0.15783873510040855,0.15783873510040855,0.4337750731260025,0.45002898462478463,True,55
16.436059,31,67.520624,0.12171977016738715,0.12171977016738715,0.6877369200066366,0.4134310379191136,True,31
39.082124,58,67.563624,0.1683992426247866,0.1683992426247866,0.42645162789220586,0.8333674481088638,True,58
46.17761,57,67.605109,0.1864146544640287,0.1864146544640287,0.42610664322904085,0.677613236434853,True,57
25.665716,38,67.633548,0.09513870255506374,0.09513870255506374,0.6879004431104354,0.4441684984124648,True,38
25.766963,34,67.65928,0.09308811932862472,0.09308811932862472,0.6928263752157859,0.4466782793388989,True,34
42.901661,62,67.704098,-0.031178548411259027,-0.031178548411259027,0.43770233736110364,0.4228027345058556,True,62
47.175196,37,67.732808,0.09902420509589759,0.09902420509589759,0.6601379745337617,0.4222046463913198,True,37
69.984277,50,67.766977,0.1846302953984791,0.1846302953984791,0.4403751220813053,0.43606309195890847,True,50
62.056584,40,67.793736,0.08442674336132142,0.08442674336132142,0.4291972272269555,0.837247346989135,True,40
25.958795,44,67.824688,0.17501501298370734,0.17501501298370734,0.5668916074765815,0.4170271517886378,True,44
72.19818,44,67.853296,0.08295636095459094,0.08295636095459094,0.4457779487734641,0.44826761116469827,True,44
30.738172,80,67.90795,-0.05865393839899862,-0.05865393839899862,0.4897221900568665,0.44864634792718866,True,80
6.079152,62,67.948902,-0.14682506875004067,-0.14682506875004067,0.4173246482117738,0.9255725738852902,True,62
32.491079,43,67.979169,0.17009789829260047,0.17009789829260047,0.6158853447387661,0.3829789265316248,True,43
116.545593,57,68.019463,0.13276356825882632,0.13276356825882632,0.42581468465990724,0.5522356376459887,True,57
-2.016069,61,68.064979,-0.1561070760025176,-0.1561070760025176,0.49791405216145285,0.4386327638528613,True,61
71.846334,56,68.102046,0.04852938145843276,0.04852938145843276,0.42320005750752726,0.8528350708348793,True,56
31.945989,41,68.129947,0.11320513474088631,0.11320513474088631,0.5242511808634949,0.401924881193208,True,41
100.715115,48,68.164115,0.12973833234758872,0.12973833234758872,0.41774712073107273,0.5406899141388205,True,48
58.476989,53,68.199864,0.09132726071646832,0.09132726071646832,0.424752757571022,0.5619917090488753,True,53
30.886961,46,68.23163,0.07408009563602326,0.07408009563602326,0.43090043331339967,0.8440939225368498,True,46
31.605713,36,68.255896,0.0723543882233632,0.0723543882233632,0.42439824700470286,0.7458911611901794,True,36
8.905582,63,68.299317,-0.12089696194320493,-0.12089696194320493,0.5089179569986656,0.4384091525560698,True,63
29.935418,34,68.322058,0.012773955374773209,0.012773955374773209,0.4315075118303045,0.7853877551403448,True,34
28.671082,36,68.345292,0.13714356931673816,0.13714356931673816,0.584334528067429,0.421570471299878,True,36
95.746772,72,69.104595,0.19740545442128846,0.19740545442128846,0.6993792715084595,0.38991412364637057,True,72
44.449781,34,69.131845,0.04876942989811604,0.04876942989811604,0.7060348474486334,0.41264026395742254,True,34
108.745273,58,69.195406,0.13219598026461327,0.13219598026461327,0.5261915055525749,0.42201808082702846,True,58
131.200522,82,69.277766,0.1492755732206371,0.1492755732206371,0.43079183838490936,0.6825281154231968,True,82
15.031637,31,69.30472,0.06964085851057827,0.06964085851057827,0.6422580385301775,0.41130829203278335,True,31
55.681425,57,69.347664,0.06792888616958297,0.06792888616958297,0.5304709586066078,0.43713620195891395,True,57
99.094268,62,69.398238,0.1121285874806804,0.1121285874806804,0.6993367314568086,0.4210264857343695,True,62
75.693606,42,69.431099,0.09804011457353481,0.09804011457353481,0.5747595930399522,0.4474429508093428,True,42
21.766485,66,69.478057,-0.0967284019711785,-0.0967284019711785,0.6760708529176807,0.40342241236151766,True,66
30.458214,57,69.520665,0.11769579147346138,0.11769579147346138,0.43273477877431354,0.4051708615780011,True,57
42.563213,45,69.553103,0.1836777156693591,0.1836777156693591,0.7105063296191138,0.4165689707827689,True,45
3.712728,46,69.584703,-0.06518730159792875,-0.06518730159792875,0.6058329252652281,0.44386281119457305,True,46
34.679851,41,69.611534,0.16625857355637555,0.16625857355637555,0.4181360231986188,0.7385948896773941,True,41
36.802779,51,69.648284,0.15741066304649184,0.15741066304649184,0.5752048561353088,0.43470269971314646,True,51
42.968135,42,69.685734,0.07679355597101956,0.07679355597101956,0.6750581753507984,0.42946665576040916,True,42
6.374454,65,69.731936,-0.051101306332386534,-0.051101306332386534,0.4200218145365184,0.7529120119756687,True,65
3.005423,48,69.763402,-0.08843972585850354,-0.08843972585850354,0.7219014882213859,0.40424892402236484,True,48
39.3766,48,69.796305,0.14085269463819547,0.14085269463819547,0.4197197400630115,0.7138324956523623,True,48
110.310271,62,69.840019,0.12268622023490078,0.12268622023490078,0.41963017568444033,0.7024674276575263,True,62
33.822233,47,69.870704,0.11077460035553122,0.11077460035553122,0.4350713588293626,0.7582814085784679,True,47
84.912804,58,69.911092,0.16927805856911346,0.16927805856911346,0.4351197070310175,0.7119604389876256,True,58
42.474158,39,69.940087,0.05741072590307535,0.05741072590307535,0.6742709550692304,0.4464565595178951,True,39
34.9854,53,69.97422,0.02927061326137321,0.02927061326137321,0.5599013453940506,0.438224206172539,True,53
-3.526636,43,70.003996,-0.1145186052245059,-0.1145186052245059,0.6918953039705663,0.3859552932995183,True,43
55.871541,43,70.036015,0.15460863924964638,0.15460863924964638,0.6590188950703085,0.418891260959824,True,43
63.720104,43,70.06585,0.13173613438405724,0.13173613438405724,0.5950888291582037,0.4177956354806377,True,43
34.724601,46,70.09885,0.08125812086001832,0.08125812086001832,0.4233056850189985,0.5303006450556228,True,46
73.07072,42,70.129358,0.1625768818001714,0.1625768818001714,0.6371548079454957,0.42848301030336045,True,42
-8.046663,33,70.152773,0.12001049733397894,0.12001049733397894,0.7188251912337441,0.44874331968552705,True,33
37.360147,45,70.184521,0.17489134282350036,0.17489134282350036,0.6274924455975585,0.4229202534040101,True,45
15.262791,51,70.222882,-0.018300734887715716,-0.018300734887715716,0.41344605809399365,0.6235871234574409,True,51
15.356278,59,70.268074,-0.04205794672491724,-0.04205794672491724,0.42712676112620795,0.8310426209665079,True,59
75.770778,48,70.301348,0.13927004179104358,0.13927004179104358,0.42804472815534306,0.7997046919265962,True,48
7.554864,57,70.344265,-0.1568906965384893,-0.1568906965384893,0.425068304983338,0.6102845404259385,True,57
77.75891,56,70.401074,0.11876836795986762,0.11876836795986762,0.42400512145137115,0.41887687683040586,True,56
7.68078,40,70.439144,0.22321481608066115,0.22321481608066115,0.6297687809901544,0.3803529698949963,True,40
6.966911,57,70.48162,-0.12080822664176138,-0.12080822664176138,0.43162915970630167,0.9025734894490804,True,57
42.576299,49,70.516411,0.19056087661196452,0.19056087661196452,0.42991621186638285,0.5337842017157457,True,49
29.693338,27,70.536474,0.07614606473459773,0.07614606473459773,0.6985359589344406,0.4478183758232196,True,27
27.017343,51,70.572824,0.005504515584600729,0.005504515584600729,0.6486457287130822,0.43630807215752865,True,51
6.967975,75,70.627674,-0.14268503217922152,-0.14268503217922152,0.42368053569476044,0.6463356313018322,True,75
-13.542161,65,71.528101,-0.1368643006161001,-0.1368643006161001,0.48735802085329405,0.4323345569038026,True,65
-0.632082,81,71.613338,-0.17517689462625716,-0.17517689462625716,0.6064179338574932,0.42457790690376346,True,81
132.270516,51,71.658103,0.18852886305297284,0.18852886305297284,0.42103783372201603,0.8817243014442085,True,51
38.13502,36,71.686326,0.09858292426570836,0.09858292426570836,0.6630411284270179,0.44715571577350033,True,36
22.960869,44,71.715289,0.17180192824594143,0.17180192824594143,0.5796300217706033,0.3935915452539619,True,44
14.827848,50,71.748963,-0.04886313391154207,-0.04886313391154207,0.543413170098196,0.4393594892182787,True,50
62.632025,48,71.781151,0.14547346987641727,0.14547346987641727,0.628830375044832,0.43182604893632104,True,48
8.946369,27,71.799323,0.0948248237681811,0.0948248237681811,0.708252444703739,0.4326276590592798,True,27
156.197178,64,71.845686,0.2362603314172673,0.2362603314172673,0.617052370537644,0.44051478238821906,True,64
28.978781,42,71.876036,0.043052980585308924,0.043052980585308924,0.426241189273473,0.9471677101268015,True,42
-3.792575,49,71.908788,-0.10047448315171946,-0.10047448315171946,0.42227890572759647,0.9174486106468411,True,49
83.389159,55,71.944273,0.09699748254372298,0.09699748254372298,0.4303178284846632,0.8012006584876142,True,55
25.907951,55,71.981591,0.03611119923375988,0.03611119923375988,0.7020624002512856,0.4258571475043982,True,55
49.485563,59,72.020933,0.2162724922267863,0.2162724922267863,0.43360309786502993,0.7961628667725686,True,59
2.878427,53,72.057003,-0.08239177139332418,-0.08239177139332418,0.5192512484577839,0.43370392216123693,True,53
49.670148,39,72.082969,0.12581214227266743,0.12581214227266743,0.41713516011985097,0.8065663895272323,True,39
28.328533,39,72.110602,0.16162052888299197,0.16162052888299197,0.6293626939682109,0.40187861688120463,True,39
57.056299,55,72.148429,0.1406457776823367,0.1406457776823367,0.5526870474113867,0.44057045701545733,True,55
44.07378,70,72.194399,0.0030385271481596244,0.0030385271481596244,0.5961418872999147,0.4311426681739179,True,70
21.218038,40,72.221957,0.04394095673688539,0.04394095673688539,0.5978435077305031,0.44404557472661066,True,40
-4.668076,59,72.260551,-0.10423467651734254,-0.10423467651734254,0.4568951736350191,0.37175623610045,True,59
27.026078,37,72.287025,0.11586474064917902,0.11586474064917902,0.6890991626924033,0.4209602000933469,True,37
35.9373,42,72.317391,-0.0023940883531447946,-0.0023940883531447946,0.43543974903234384,0.836495862488841,True,42
23.446545,40,72.343474,0.01690962540751683,0.01690962540751683,0.4325551972114467,0.5824420825924066,True,40
52.31885,47,72.376059,0.1696637888907825,0.1696637888907825,0.5678213238990699,0.42521061460143506,True,47
44.196809,47,72.406516,0.21783416807459563,0.21783416807459563,0.5580108348997866,0.3639082296006231,True,47
93.212297,57,72.446397,0.168468139676982,0.168468139676982,0.4291750159964851,0.8382709597013811,True,57
-2.049412,52,72.47979,-0.11063757512907015,-0.11063757512907015,0.6741002740081532,0.42650526177913406,True,52
81.545957,53,72.514772,0.20478502288963102,0.20478502288963102,0.4253391011237761,0.5891622042268949,True,53
70.653702,42,72.542844,0.09018083366340893,0.09018083366340893,0.4715969576668689,0.4484405156222858,True,42
45.494846,38,72.570468,0.07232311193443414,0.07232311193443414,0.6309698188250296,0.4288455228134409,True,38
43.554451,42,72.598885,0.19468172479784104,0.19468172479784104,0.6337088147630756,0.4274528518943915,True,42
7.797938,54,72.635346,-0.050861407450213926,-0.050861407450213926,0.5178973244784911,0.4469243639801166,True,54
71.304626,56,72.676751,0.08376465516402147,0.08376465516402147,0.4230442224345448,0.9877666550723749,True,56
77.296936,56,72.71721,0.08398509459591913,0.08398509459591913,0.4232645512643823,0.4231171666403716,True,56
31.986331,51,72.753197,0.18646988525545438,0.18646988525545438,0.4248759438250812,0.6120935310111935,True,51
92.346928,70,72.801211,0.34315861027839334,0.34315861027839334,0.42813855429912356,0.738714061095266,True,70
97.533129,61,72.841778,0.15584634386540397,0.15584634386540397,0.41448820887601084,0.56967260643714,True,61
28.173309,62,72.883801,-0.019197743979389437,-0.019197743979389437,0.41608980159638526,0.954520652346627,True,62
0.6979,35,72.907353,-0.029630628034034465,-0.029630628034034465,0.6697564985355388,0.4466100891979655,True,35
133.538835,59,72.947143,0.24819076563265505,0.24819076563265505,0.4315389580378801,0.510115385085475,True,59
286.461431,117,73.645287,0.476993515014315,0.476993515014315,0.4276638311436523,0.5460621834300706,True,117
93.442044,74,73.711233,0.13104468227984517,0.13104468227984517,0.42918142527343706,0.791946883576325,True,74
68.030418,52,73.744497,0.12792384809356083,0.12792384809356083,0.4310000173847568,0.9083399949409308,True,52
136.302819,64,73.7877,0.224924537363825,0.224924537363825,0.42491183031541413,0.5304532226843766,True,64
92.992599,43,73.814554,0.1247949353053089,0.1247949353053089,0.41282139604618884,0.8607632363400228,True,43
30.676111,44,73.84594,0.07704547461661658,0.07704547461661658,0.43592138040105544,0.6911796211523262,True,44
67.457163,64,73.889795,0.019090692776819143,0.019090692776819143,0.43317137716928417,0.853034862402674,True,64
42.765401,53,73.928796,0.19944127402727846,0.19944127402727846,0.4172955924406077,0.6634458852169492,True,53
57.593899,47,73.959358,0.16878413112641216,0.16878413112641216,0.4352132140517252,0.443812290418758,True,47
65.807164,53,73.99506,0.2199894461916342,0.2199894461916342,0.5617030744222954,0.44174799855960756,True,53
136.1943,69,74.042809,0.2947233350528744,0.2947233350528744,0.4326077083994999,0.87045426396695,True,69
66.977826,61,74.087,0.1858787283982187,0.1858787283982187,0.43269523695491063,0.6860214971526293,True,61
82.234248,85,74.144667,0.06689736118837547,0.06689736118837547,0.4205183445729302,0.6268992847403957,True,85
51.115159,38,74.172764,0.09997397653185726,0.09997397653185726,0.6727292758991561,0.43835344929454356,True,38
56.204455,51,74.207074,0.17422604093910332,0.17422604093910332,0.6686534550874803,0.41333586043779613,True,51
32.750933,52,74.241883,0.20886431897717775,0.20886431897717775,0.42944982769839685,0.7138294660195391,True,52
-2.648047,39,74.267294,-0.05614116247997681,-0.05614116247997681,0.7020451049115032,0.4308894499850747,True,39
69.528296,51,74.302416,0.16308890578667246,0.16308890578667246,0.42349812816297344,0.4951304719749513,True,51
0.75757,43,74.330388,-0.0022256789686350485,-0.0022256789686350485,0.41585527229926156,0.887775716270198,True,43
-14.927209,45,74.360958,-0.15176303452428025,-0.15176303452428025,0.4318390372807118,0.6054686514164889,True,45
-10.02737,38,74.387123,-0.045677661165987746,-0.045677661165987746,0.690937977488793,0.44680563956415587,True,38
-12.560839,46,74.420082,-0.09740581553602677,-0.09740581553602677,0.6416798293746684,0.44572260858428026,True,46
-14.232453,61,74.464967,-0.13253192884991574,-0.13253192884991574,0.4318318760622396,0.7111069957486293,True,61
3.411468,30,74.483769,0.1096438782385646,0.1096438782385646,0.6359128704060687,0.448506189330246,True,30
-2.595007,48,74.518734,-0.08159964742229696,-0.08159964742229696,0.43481001499666233,0.4675427936601414,True,48
64.908494,41,74.547153,0.11836293923687215,0.11836293923687215,0.4164890138097989,0.7213655800585449,True,41
61.663762,35,74.571396,0.08077019876294311,0.08077019876294311,0.5245438333027609,0.4191449122071971,True,35
99.148346,65,74.615938,0.10053406486353088,0.10053406486353088,0.41882240672667576,0.4558715906993149,True,65
81.844316,66,74.66626,0.08786551061461516,0.08786551061461516,0.42936228559771533,0.8194310690400581,True,66
57.836964,42,74.695627,0.1918723473096798,0.1918723473096798,0.6450700213408623,0.41802013840377344,True,42
117.068979,64,74.742929,0.2863399315979787,0.2863399315979787,0.47605831029681506,0.44042758997025183,True,64
13.52858,49,74.776099,0.25621177809168705,0.25621177809168705,0.6742700225642704,0.4275609648470554,True,49
34.141733,51,74.808266,0.24859138700008285,0.24859138700008285,0.4289203398104553,0.625613242886758,True,51
24.557968,35,74.833237,0.16394155055327922,0.16394155055327922,0.6841465169878909,0.4492412148663653,True,35
30.854103,38,74.860875,0.05111155680778319,0.05111155680778319,0.7017946256117324,0.44439979322648915,True,38
30.113065,54,74.902567,0.1987893112771739,0.1987893112771739,0.6202495006941224,0.39643354026903316,True,54
70.444444,53,74.938897,0.1528867825088696,0.1528867825088696,0.49879239401438463,0.415094669985707,True,53
50.412998,39,74.966406,0.0892264693848553,0.0892264693848553,0.42611711970086275,0.7251644815293034,True,39
55.863686,50,75.000781,0.18721987270515975,0.18721987270515975,0.6534594505163698,0.4236125549949683,True,50
56.664037,55,75.699114,0.1669810379448476,0.1669810379448476,0.4114485435243786,0.6574091258096121,True,55
84.429351,56,75.768384,0.16010327617649098,0.16010327617649098,0.44856869496948193,0.42917515565126724,True,56
42.474974,36,75.800428,0.10291563518585674,0.10291563518585674,0.6973208651218313,0.44723490897280194,True,36
22.639227,42,75.831269,0.2052819354005276,0.2052819354005276,0.45073664372706757,0.36327609966869984,True,42
66.13798,46,75.867955,0.07889135927876723,0.07889135927876723,0.43107770829962444,0.8902466279967787,True,46
29.490889,33,75.888513,0.08277304631301372,0.08277304631301372,0.4297932067746907,0.6487683683280039,True,33
-10.256164,66,75.935938,-0.14947033647221236,-0.14947033647221236,0.620778199859006,0.4407384569323665,True,66
54.63772,37,75.960686,0.09357103121853125,0.09357103121853125,0.694702108258804,0.4455750877730577,True,37
48.660772,66,76.004288,0.23196526025494102,0.23196526025494102,0.43466115135859107,0.7975644611715436,True,66
104.824572,48,76.036333,0.14133689481435188,0.14133689481435188,0.4209091824018475,0.4200320964997811,True,48
22.222382,38,76.062711,0.10686264260540577,0.10686264260540577,0.639956611551433,0.43324897215585595,True,38
33.698442,56,76.100301,-0.02996968198190576,-0.02996968198190576,0.4886883559585451,0.4478709122515545,True,56
86.132347,59,76.141041,0.1377806497476099,0.1377806497476099,0.46481377176046557,0.4190431349208603,True,59
12.801778,54,76.183224,-0.0940185450435797,-0.0940185450435797,0.43476505772318724,0.8799758447533625,True,54
36.141263,45,76.213966,0.09378700988979564,0.09378700988979564,0.6494710098675158,0.4140841054667682,True,45
161.592096,61,76.257913,0.21765805996039844,0.21765805996039844,0.4222582636935834,0.9673043550371393,True,61
-8.717434,57,76.298162,-0.09329481911089922,-0.09329481911089922,0.43105873092138874,0.5536051915581385,True,57
77.464795,41,76.325215,0.1304751286127168,0.1304751286127168,0.5348404657894636,0.4260802215813007,True,41
21.606855,54,76.366773,0.23401591211537567,0.23401591211537567,0.42434290614431375,0.7854588274534536,True,54
92.656628,42,76.395978,0.18209580138839887,0.18209580138839887,0.6063342733819796,0.39969965955224307,True,42
45.566029,41,76.425545,0.06130481834704518,0.06130481834704518,0.43091598399400854,0.8336732831249845,True,41
0.494749,52,76.464505,-0.12263060853500475,-0.12263060853500475,0.662286193053391,0.4496900415641327,True,52
12.644647,39,76.494015,0.18594018798124612,0.18594018798124612,0.6391117361137176,0.43081828410541195,True,39
114.830013,61,76.53883,0.1650576943194609,0.1650576943194609,0.4236879323281949,0.6352692287912882,True,61
78.831723,62,76.583922,0.21677450819790953,0.21677450819790953,0.4265884682186684,0.6528540457695811,True,62
7.837157,45,76.615268,-0.07156003281789379,-0.07156003281789379,0.6717858874771516,0.42402665629490205,True,45
76.301317,51,76.650898,0.1862462593537868,0.1862462593537868,0.42059592149080444,0.6759704173823677,True,51
123.816917,51,76.691898,0.15519210462533023,0.15519210462533023,0.4302092473600385,0.5856825198187352,True,51
83.574911,69,76.741518,0.20801216723388732,0.20801216723388732,0.4346760408050123,0.9282721869614958,True,69
37.621306,58,76.787569,0.04245983179105495,0.04245983179105495,0.4144033612941524,0.7648543514877877,True,58
52.203407,42,76.818846,0.0665338278886875,0.0665338278886875,0.6610661993979096,0.43837964163991155,True,42
18.246652,39,76.845999,0.11860734846815965,0.11860734846815965,0.5873763378272353,0.40572986639901587,True,39
83.343572,57,76.886638,0.2329958615844678,0.2329958615844678,0.43523677319164644,0.6564194866703876,True,57
105.46391,49,76.923615,0.1400315354789922,0.1400315354789922,0.5024920393301896,0.4263459581445608,True,49
201.0667,82,76.982007,0.26323261315846597,0.26323261315846597,0.5713069421238898,0.43747921199635564,True,82
80.115626,49,77.016259,0.18731152752221017,0.18731152752221017,0.42952815407507794,0.6591361190463443,True,49
88.05095,70,77.063787,0.11905378920969194,0.11905378920969194,0.43510145477458295,0.6171331527845513,True,70
27.472277,34,77.088337,0.04451333173415291,0.04451333173415291,0.4166312801701192,0.628776502432522,True,34
9.041472,36,77.112323,0.01779368601502724,0.01779368601502724,0.6492681009540198,0.4185760450192822,True,36
33.304563,61,77.15663,-0.03324388492704783,-0.03324388492704783,0.4141268502314579,0.943467583553437,True,61
59.283105,40,77.727206,0.07927905590435466,0.07927905590435466,0.43056908200715,0.8571528158404543,True,40
101.930209,62,77.805309,0.3299871122598405,0.3299871122598405,0.48504998231933305,0.4359214141379335,True,62
24.500106,47,77.84321,0.1663868852406317,0.1663868852406317,0.4357469566831655,0.4665045436314133,True,47
-16.743009,47,77.893673,-0.05638865840478001,-0.05638865840478001,0.6903486421821883,0.42786798437270535,True,47
-12.951367,63,77.938182,-0.12912483999286165,-0.12912483999286165,0.5170365721724555,0.43473672077955616,True,63
96.479708,61,77.975871,0.10208565281737979,0.10208565281737979,0.415395686512949,0.9980936082821308,True,61
51.773474,58,78.012694,-0.014142064580395044,-0.014142064580395044,0.43420624981491734,0.6017425227478854,True,58
17.496089,52,78.04947,-0.05821711030488191,-0.05821711030488191,0.43245522781869333,0.557263061158608,True,52
93.299052,60,78.091477,0.2275631618422911,0.2275631618422911,0.4322064164898725,0.7390840860474603,True,60
104.04481,53,78.126822,0.17508574570097946,0.17508574570097946,0.4195484435920816,0.7506527602883953,True,53
38.390064,53,78.163302,0.19175515184231298,0.19175515184231298,0.42818319827478574,0.5598666201484439,True,53
68.943432,67,78.213339,0.26054641230674913,0.26054641230674913,0.5316855480463718,0.44922821724136514,True,67
44.716746,54,78.252031,0.13097221293841688,0.13097221293841688,0.6979725822471553,0.43307745300679845,True,54
142.155018,61,78.291894,0.23682352790583433,0.23682352790583433,0.4167078059567295,0.6626286592325006,True,61
40.938394,45,78.322148,0.1850754685434672,0.1850754685434672,0.49137137887536136,0.38217970780471905,True,45
62.5723,46,78.356838,0.06771875864158403,0.06771875864158403,0.4245606854440268,0.9504207390548507,True,46
142.452139,61,78.403391,0.2216542412744415,0.2216542412744415,0.4265426536517502,0.6833533910314903,True,61
28.202083,54,78.444942,0.04328001513935901,0.04328001513935901,0.57053220260762,0.4239289869087538,True,54
88.19644,56,78.482866,0.12445787130216589,0.12445787130216589,0.7206894010044915,0.3704978511215827,True,56
45.835895,46,78.516063,0.2043336476077455,0.2043336476077455,0.4704963885292958,0.41279106299893387,True,46
88.049597,55,78.554473,0.23617544482999867,0.23617544482999867,0.6435037962376416,0.42204203455522427,True,55
18.836618,36,78.580225,0.09805707210135328,0.09805707210135328,0.6790443546518913,0.42680912009461713,True,36
22.537838,40,78.610026,0.0023141873326464335,0.0023141873326464335,0.4193494218077556,0.8438285509528312,True,40
14.210112,68,78.66074,-0.03681649991496778,-0.03681649991496778,0.6850330705744831,0.4430826806531642,True,68
76.851303,46,78.692698,0.07737836276433323,0.07737836276433323,0.6903113062603998,0.39190856742139224,True,46
57.448455,35,78.718405,0.0759764475680779,0.0759764475680779,0.7099581941405686,0.43608017106242325,True,35
82.548225,55,78.754284,0.12669860024816273,0.12669860024816273,0.4255592844896852,0.7194196284870444,True,55
89.118054,51,78.786503,0.2284677215856716,0.2284677215856716,0.4130693196338046,0.7762210879078195,True,51
77.236676,70,78.833366,0.055282418068151616,0.055282418068151616,0.42561125108793085,0.7649108044135089,True,70
32.614022,57,78.871841,0.2801520156815885,0.2801520156815885,0.5956510508640427,0.39434859281791634,True,57
32.853557,47,78.905181,0.03375046738099963,0.03375046738099963,0.49422102479273405,0.44799435714138924,True,47
-9.570506,42,78.933872,-0.10314183965858179,-0.10314183965858179,0.6787639257497834,0.43098915133244964,True,42
7.900883,42,78.970068,0.1441214816492068,0.1441214816492068,0.6714915588868005,0.4214566381892593,True,42
169.444326,70,79.019936,0.28497287018468326,0.28497287018468326,0.4325419145640794,0.48771839813807094,True,70
64.289861,44,79.048647,0.17061616798836263,0.17061616798836263,0.4301982303265012,0.5468867105196903,True,44
6.397994,33,79.069946,0.07195640387658432,0.07195640387658432,0.6954857614314185,0.4382644692550724,True,33
76.986063,57,79.110258,0.07645327120877142,0.07645327120877142,0.6293389272761176,0.39929776372759573,True,57
45.51924,37,79.134794,0.07512599670174146,0.07512599670174146,0.7014617324339542,0.4409993034306763,True,37
98.534348,52,79.171042,0.1760247018481403,0.1760247018481403,0.41781180870288637,0.6131817215207582,True,52
82.954496,51,79.856425,0.13657449619014794,0.13657449619014794,0.41482066593108735,0.7069280605250887,True,51
35.5452,55,79.910928,0.13235662359337752,0.13235662359337752,0.5457507102305702,0.4345527939255007,True,55
28.370885,50,79.969887,0.10176088198328531,0.10176088198328531,0.6181621665387034,0.4210715313196748,True,50
-2.555576,33,79.997855,-0.031532005410594297,-0.031532005410594297,0.6978512432689498,0.43970675409943083,True,33
17.242319,40,80.029536,0.1767634763905158,0.1767634763905158,0.6430958379000308,0.4364616583862214,True,40
57.327923,37,80.055689,0.11700003795680639,0.11700003795680639,0.6669313102743918,0.42696980235553783,True,37
33.917461,30,80.077058,0.07601646608811129,0.07601646608811129,0.7268601489504001,0.43795631755943604,True,30
1.058825,32,80.097443,-0.020906094344055846,-0.020906094344055846,0.6756519242084764,0.4451611959030608,True,32
-12.142908,49,80.129938,-0.05836176898238092,-0.05836176898238092,0.5247052539983618,0.382460429775884,True,49
62.440126,42,80.157071,0.16996377379314903,0.16996377379314903,0.5808364514652125,0.42980231596553087,True,42
9.117734,48,80.19294,-0.027271277739417257,-0.027271277739417257,0.42232963959953274,0.8819645423039826,True,48
113.36612,77,80.245345,0.3452295434998102,0.3452295434998102,0.42071907066619285,0.6434279247247037,True,77
95.336014,61,80.290585,0.1116705775939496,0.1116705775939496,0.4351356318186377,0.622809385903629,True,61
46.635297,73,80.363886,0.11383072506008918,0.11383072506008918,0.4132592213689151,0.8498666572555252,True,73
-1.969262,68,80.411895,-0.03701500912599186,-0.03701500912599186,0.7040882077118077,0.4485136117225159,True,68
3.539984,60,80.45571,-0.1454644435371406,-0.1454644435371406,0.42340467558683254,0.5789727536914488,True,60
84.944384,56,80.494733,0.1213412314319831,0.1213412314319831,0.42216578297555757,0.9582129528838799,True,56
40.804246,59,80.536444,0.23663403702938512,0.23663403702938512,0.4333646686212473,0.5860293830060792,True,59
181.544774,73,80.585477,0.19643951246116897,0.19643951246116897,0.4217366528738099,0.6093973679515847,True,73
54.51255,41,80.615687,0.13827658193078124,0.13827658193078124,0.43322756233927157,0.9045791293338122,True,41
28.275958,41,80.645553,0.12878785927581365,0.12878785927581365,0.6725013684623964,0.44152069426667206,True,41
55.63625,49,80.680848,0.21007202598332803,0.21007202598332803,0.5846279000770312,0.40123528906665806,True,49
88.479685,52,80.717299,0.23237264167853708,0.23237264167853708,0.6846049593693387,0.39518400746315424,True,52
27.486726,49,80.751384,0.21924672592422545,0.21924672592422545,0.5950242864393338,0.3765326671225261,True,49
54.025503,43,80.784752,0.09638792362923951,0.09638792362923951,0.5198015290395255,0.39904366385731777,True,43
-14.057886,60,80.826349,-0.11422675960010949,-0.11422675960010949,0.5337406193523205,0.4380369103091307,True,60
71.60966,42,80.854966,0.13744468426263112,0.13744468426263112,0.4357623148187989,0.7528112780345776,True,42
34.483881,61,80.900763,-0.044923564198332856,-0.044923564198332856,0.4338667188366825,0.7719043855052705,True,61
54.44374,40,80.928731,0.13138726456725225,0.13138726456725225,0.6522368442697535,0.4040133489021372,True,40
56.024484,42,80.958122,0.04983195402647156,0.04983195402647156,0.6413370704258284,0.41822583161254545,True,42
35.19214,46,80.991626,0.08011796777081785,0.08011796777081785,0.4177602828485775,0.6813947952576733,True,46
137.233598,67,81.038928,0.18802883821640992,0.18802883821640992,0.42796284924131606,0.5276365482824645,True,67
36.200066,45,81.070577,-0.04283382853386619,-0.04283382853386619,0.6496699611715038,0.44618613762210174,True,45
60.540307,58,81.111001,0.08174700143134095,0.08174700143134095,0.4766551118900417,0.3913484001053441,True,58
110.244806,51,81.147783,0.14362468347405707,0.14362468347405707,0.4221629627627662,0.41856384610723796,True,51
124.845199,56,81.18564,0.19004075336707796,0.19004075336707796,0.4305186265619727,0.6115173674559261,True,56
47.178041,42,81.21628,0.060136212838015596,0.060136212838015596,0.5759569674217504,0.4404325729805278,True,42
29.433856,55,81.25633,0.17889588020304928,0.17889588020304928,0.42841517515666905,0.887713460045253,True,55
93.895629,48,81.290426,0.17183821763247756,0.17183821763247756,0.42560006337013373,0.7354155820022842,True,48
60.819534,46,81.323748,0.06808640999126875,0.06808640999126875,0.43243924376041115,0.6717064107514674,True,46
56.17836,53,81.360198,0.19227683721138136,0.19227683721138136,0.4927736022275018,0.3975092912709815,True,53
94.370719,52,82.128005,0.20580927794682016,0.20580927794682016,0.43583978565732645,0.4792512096291828,True,52
38.376784,53,82.17187,0.20634515466852382,0.20634515466852382,0.5732184359377851,0.42502284937166857,True,53
101.510791,56,82.229066,0.1413221852734742,0.1413221852734742,0.6727381192876313,0.4239377476042764,True,56
28.330228,46,82.276375,0.04314497177534475,0.04314497177534475,0.42412773270562604,0.46918959584300435,True,46
9.873735,41,82.306037,0.02060469209239129,0.02060469209239129,0.7047486299000386,0.38466910660608894,True,41
70.905412,42,82.334216,0.11467422748957991,0.11467422748957991,0.4208966033410577,0.9795679821643554,True,42
16.547169,45,82.363258,0.005577734224583286,0.005577734224583286,0.5500488639892127,0.4252500153903083,True,45
105.073517,64,82.411641,0.278448625553307,0.278448625553307,0.4194076771123406,0.5370369324365052,True,64
71.435722,63,82.457681,0.07161183808621896,0.07161183808621896,0.41297156979914457,0.7968857202502901,True,63
58.192956,52,82.491175,0.06257151232490309,0.06257151232490309,0.4299982513647921,0.9907181636540561,True,52
85.075715,48,82.524503,0.19918131250950763,0.19918131250950763,0.5116312761224054,0.39537815968095424,True,48
34.820562,50,82.560064,0.023872462840517503,0.023872462840517503,0.5853146469664251,0.44804486821718886,True,50
50.873806,45,82.591857,0.16706567503521338,0.16706567503521338,0.41712757942067374,0.5944617476492173,True,45
80.34999,39,82.619831,0.10687305679158604,0.10687305679158604,0.6260459810690482,0.39983169087240467,True,39
61.16044,56,82.658889,0.2161902480827192,0.2161902480827192,0.6191990093233801,0.4460440613375502,True,56
63.566859,44,82.690294,0.17366185799317418,0.17366185799317418,0.43032106859090896,0.9242246558903402,True,44
55.568063,47,82.728426,0.18624890645796993,0.18624890645796993,0.6740453787679445,0.430250609100589,True,47
62.183478,66,82.777291,0.022392025834398716,0.022392025834398716,0.5331908234648843,0.4140878823513034,True,66
111.565854,64,82.820575,0.19560474456087126,0.19560474456087126,0.6613460913006632,0.4230368722614267,True,64
91.217046,49,82.856523,0.16736024282237422,0.16736024282237422,0.4177907929284855,0.4400883914398183,True,49
52.5299,51,82.894921,0.23385197629943075,0.23385197629943075,0.6551108910271439,0.43466549184852427,True,51
161.896822,60,82.940553,0.22738827207594067,0.22738827207594067,0.4276890334935935,0.549102164954378,True,60
64.111017,53,82.975807,0.21335554458651235,0.21335554458651235,0.4279792896509305,0.5243977235157249,True,53
69.881196,52,83.013252,0.14014236339186817,0.14014236339186817,0.4344423069723185,0.5699655195577268,True,52
97.545037,63,83.077123,0.11976936875603336,0.11976936875603336,0.5806835837322718,0.4447041441778752,True,63
29.949702,67,83.125468,0.049864196637320966,0.049864196637320966,0.5137095458653639,0.417433474194003,True,67
106.026128,73,83.178533,0.12772771791901383,0.12772771791901383,0.5793574563316742,0.42678128035403895,True,73
67.292176,54,83.218662,0.1926994070969052,0.1926994070969052,0.6921343210785129,0.42691977714532237,True,54
19.659613,40,83.247065,0.024076814550153734,0.024076814550153734,0.6515134162154507,0.42200268296928806,True,40
0.953882,53,83.284687,-0.12528592657083282,-0.12528592657083282,0.4286521725986131,0.9358610422262265,True,53
81.048255,65,83.330688,0.08243510475726938,0.08243510475726938,0.4267368962917334,0.589075956911647,True,65
68.323501,41,83.357329,0.08828403992185511,0.08828403992185511,0.4302053725626147,0.48715848997129807,True,41
31.122629,41,83.384542,0.13780966191945135,0.13780966191945135,0.4261393031747665,0.45663565612017576,True,41
27.097276,50,83.418804,0.011640441547018142,0.011640441547018142,0.4353853418372002,0.751082342390339,True,50
59.641349,41,83.446657,0.12309816119988587,0.12309816119988587,0.5543035588121376,0.4217573049327544,True,41
27.823825,38,83.471765,0.1796927227080399,0.1796927227080399,0.41031950075809165,0.762818080566228,True,38
25.198803,55,83.507553,0.017414462091618697,0.017414462091618697,0.6343286095113595,0.43244479689685345,True,55
63.148568,69,83.556287,0.04380260364842104,0.04380260364842104,0.4213492568376338,0.6680426449581716,True,69
100.45846,57,83.598957,0.25886900639054383,0.25886900639054383,0.4313821922549331,0.9362362117740922,True,57
19.031022,48,84.196758,-0.05514002194100906,-0.05514002194100906,0.6853630112472919,0.4384803550175233,True,48
15.107362,34,84.22572,0.12767090362844885,0.12767090362844885,0.7002809962927544,0.4411834772983301,True,34
78.452406,59,84.275946,0.09826987352939337,0.09826987352939337,0.41734596068525,0.5350038628783839,True,59
33.220577,51,84.319901,0.13731216265814916,0.13731216265814916,0.559278348509714,0.4407962715606827,True,51
85.814672,54,84.357642,0.11561838537507307,0.11561838537507307,0.6445026270836065,0.4237665737223739,True,54
49.282124,42,84.3871,0.17916977934595915,0.17916977934595915,0.5845094012265145,0.44871713339982683,True,42
53.700984,53,84.421865,0.20614429377467325,0.20614429377467325,0.4355792314591154,0.6534555986968352,True,53
19.254006,36,84.445941,0.06213796771098696,0.06213796771098696,0.4329629644972206,0.7704756095912475,True,36
81.082804,72,84.499347,0.13359901738256777,0.13359901738256777,0.42392890618411116,0.5604776552667534,True,72
43.248302,45,84.530658,0.18913044447604765,0.18913044447604765,0.6772845607389204,0.4432748087763132,True,45
39.498772,69,84.577924,0.05498108678011568,0.05498108678011568,0.43593212533705644,0.8315463683911671,True,69
75.867373,65,84.620492,0.34340415752826214,0.34340415752826214,0.4331975734569223,0.5734150893036888,True,65
53.294001,50,84.657985,0.09915333451157725,0.09915333451157725,0.7080265589987238,0.4426884782089703,True,50
14.792012,51,84.695431,-0.04153005796253282,-0.04153005796253282,0.6824459210219554,0.39328419842229934,True,51
49.464056,42,84.726444,0.06775274822864842,0.06775274822864842,0.4721162336920509,0.4271982868417636,True,42
94.707305,64,84.768555,0.17294964025671855,0.17294964025671855,0.43481153093145986,0.7212824916126502,True,64
23.733095,39,84.793736,0.10768491856042928,0.10768491856042928,0.4323971304544457,0.8039315460015877,True,39
22.685606,35,84.817438,0.17865134521372356,0.17865134521372356,0.6446421526875052,0.41539327958256417,True,35
-17.616969,41,84.848323,-0.10610898393938606,-0.10610898393938606,0.4318198725655717,0.950216443602503,True,41
-9.919639,67,84.89666,-0.13083316498353545,-0.13083316498353545,0.576052483685454,0.42688525530930355,True,67
56.123702,71,84.947447,0.07388361435979098,0.07388361435979098,0.6036066401007857,0.447032654908635,True,71
65.774863,42,84.977669,0.14376372032876697,0.14376372032876697,0.6373198680463438,0.424563816846905,True,42
69.171633,50,85.011523,0.1639726598726196,0.1639726598726196,0.43613022555655323,0.7368981577853847,True,50
49.003043,48,85.044995,0.1251670385130783,0.1251670385130783,0.5545297749912245,0.4217423663063727,True,48
31.759322,45,85.07588,0.1652837336715159,0.1652837336715159,0.6796567769781041,0.4431041774927348,True,45
37.132496,45,85.105519,0.1623508793756757,0.1623508793756757,0.4288215542630942,0.8233982472451012,True,45
42.976348,49,85.137975,0.09707779248784922,0.09707779248784922,0.6440180350667303,0.4203641165246439,True,49
58.688113,52,85.172739,0.0776244225654786,0.0776244225654786,0.5495361065844576,0.447081261029047,True,52
59.190233,46,85.205713,0.2400532735047782,0.2400532735047782,0.516980146199429,0.4119619959497749,True,46
41.39846,47,85.237936,0.06145238897836577,0.06145238897836577,0.4665448794883387,0.39826489421032923,True,47
89.196484,45,85.270684,0.09394919376975179,0.09394919376975179,0.4191346811761605,0.6267452441190209,True,45
57.636824,50,85.305926,0.17639399707613396,0.17639399707613396,0.42342118329253037,0.8516403469163296,True,50
19.243267,51,85.343308,0.011137532382393157,0.011137532382393157,0.4201716831983585,0.8803995241473339,True,51
83.745436,50,85.381308,0.153342944876042,0.153342944876042,0.6450349514609468,0.44738250519834766,True,50
76.155107,45,85.411726,0.13327628242476663,0.13327628242476663,0.4348781283163824,0.46322972055810563,True,45
35.143235,34,85.43513,0.09598982880716078,0.09598982880716078,0.7069592062607383,0.4485137352642988,True,34
75.655246,61,85.480099,0.13196314570175352,0.13196314570175352,0.4348950311387814,0.45457764544998996,True,61
154.987407,68,85.532117,0.2853955873999685,0.2853955873999685,0.4339745374860215,0.7782633853933913,True,68
6.029883,31,85.555089,-0.022471759995292804,-0.022471759995292804,0.7000118122763724,0.4066063866329329,True,31
73.262482,63,85.597123,0.10268785414866403,0.10268785414866403,0.4528371617222506,0.44985615636619847,True,63
37.010944,45,85.625841,0.19438321149264368,0.19438321149264368,0.4212434790231871,0.8967279281763778,True,45
61.20205,51,86.285849,0.22679642439829395,0.22679642439829395,0.42760339778771717,0.3837815128857467,True,51
8.838945,55,86.336637,-0.07123599408473298,-0.07123599408473298,0.6874948208666065,0.4473371865503245,True,55
35.784849,46,86.384807,0.11719932747608633,0.11719932747608633,0.4752846604786539,0.42086648746614264,True,46
73.496212,44,86.431729,0.12619182793625094,0.12619182793625094,0.6151056045435928,0.4059020244758648,True,44
163.295964,66,86.475614,0.24080363002448613,0.24080363002448613,0.4197530190901998,0.4698220568043465,True,66
55.51449,48,86.506668,0.2032375301839259,0.2032375301839259,0.6058731001753471,0.4313061147334051,True,48
50.450477,46,86.536959,0.14857577984001652,0.14857577984001652,0.5025065113354257,0.44324473203768144,True,46
67.844896,57,86.579006,0.26138950141096934,0.26138950141096934,0.43178370702369473,0.5002565262623201,True,57
69.043099,44,86.609722,0.20043580219822124,0.20043580219822124,0.6491189772905153,0.42124268855250235,True,44
46.580268,50,86.646223,0.020916692562876767,0.020916692562876767,0.6681018899126644,0.4053376791527712,True,50
93.20692,59,86.687008,0.15709606789332956,0.15709606789332956,0.5016085785886583,0.4450047463834426,True,59
76.559254,50,86.721577,0.19961508014091486,0.19961508014091486,0.4295821641450446,0.5452683444512164,True,50
24.767214,61,86.764521,-0.13350117836657682,-0.13350117836657682,0.5518027053235045,0.4389856090593877,True,61
25.388717,42,86.793236,0.18287645432141764,0.18287645432141764,0.6242045332566053,0.3050362878706204,True,42
30.939513,39,86.819752,0.14894597087481545,0.14894597087481545,0.4904682903938379,0.4346556994693145,True,39
20.849977,61,86.862394,0.009836017373221748,0.009836017373221748,0.43478843676847456,0.883920770269232,True,61
80.047828,48,86.896613,0.10047125919754968,0.10047125919754968,0.4278666499137152,0.8107312234294926,True,48
43.743303,60,86.937822,0.07688327966214031,0.07688327966214031,0.4330345176894507,0.6402188902793409,True,60
45.047376,57,86.977067,0.10892237095996696,0.10892237095996696,0.617960108595491,0.42150881662238604,True,57
117.22279,55,87.01662,0.14863247849781017,0.14863247849781017,0.4795673752991611,0.42884139595611537,True,55
11.175626,57,87.05719,-0.017564155912919516,-0.017564155912919516,0.5590793037536474,0.4381392526700908,True,57
151.522539,64,87.099092,0.23710667520490838,0.23710667520490838,0.4357017168221359,0.5857679909390485,True,64
24.359178,79,87.153345,-0.02289311583864935,-0.02289311583864935,0.5397584045168095,0.44611396079384363,True,79
51.283104,65,87.197335,0.20455527763417555,0.20455527763417555,0.4235580503544543,0.8155733526884008,True,65
1.384489,67,87.246214,-0.1296836880189628,-0.1296836880189628,0.5685801893015936,0.39441054536054976,True,67
56.289029,40,87.272965,0.15697064589453036,0.15697064589453036,0.6233917450605705,0.4077631355467029,True,40
39.422649,39,87.299954,0.14313765887722443,0.14313765887722443,0.6930229626079274,0.4134389664604445,True,39
7.833258,75,87.352495,-0.16055681590559281,-0.16055681590559281,0.6116076100854025,0.4309212574417929,True,75
16.027805,52,87.390395,0.03565050023223441,0.03565050023223441,0.5356537905206863,0.4182330729360794,True,52
74.882286,54,87.429603,0.16845247774472372,0.16845247774472372,0.6457076329694167,0.43111905613751006,True,54
59.414998,48,87.463858,0.10330384905038459,0.10330384905038459,0.4342521640879162,0.7658969785485668,True,48
59.847329,47,87.498193,0.21832726327579172,0.21832726327579172,0.43243312913496257,0.5278074398536198,True,47
94.278653,79,87.552873,-0.014292209603864875,-0.014292209603864875,0.6596544865503379,0.4260610021015585,True,79
150.039092,95,87.618124,0.18708776204625535,0.18708776204625535,0.435310439567573,0.6858468038753698,True,95
-8.049553,42,87.647998,-0.1370761500871581,-0.1370761500871581,0.6332722582248407,0.4468820611138511,True,42
57.932526,51,87.686984,0.16506935842213336,0.16506935842213336,0.5631789451866009,0.39119183560117055,True,51
92.16917,49,87.721919,0.1256569848638335,0.1256569848638335,0.4379917747893713,0.44890741999663847,True,49
47.815224,47,88.445528,0.07127673178549514,0.07127673178549514,0.4258841852790778,0.8133281207874393,True,47
147.080988,61,88.509872,0.2592897474351203,0.2592897474351203,0.4178320197497694,0.794960315094074,True,61
183.500497,88,88.576144,0.22541807673439448,0.22541807673439448,0.4193568232570056,0.9834015681940127,True,88
41.300377,64,88.620796,0.05774555429345584,0.05774555429345584,0.43370270214625706,0.8639902913859513,True,64
59.704627,55,88.660371,0.21271152474510757,0.21271152474510757,0.42304173576771575,0.6736351309266105,True,55
134.504294,56,88.698409,0.26526733968983085,0.26526733968983085,0.43378698652922393,0.5256398134385821,True,56
45.780238,44,88.729361,0.18668477155022783,0.18668477155022783,0.41710240287572303,0.7226565326047146,True,44
34.435675,58,88.770406,0.1871956654683697,0.1871956654683697,0.4334315110961681,0.8489288386454901,True,58
42.646213,53,88.803895,0.041497237619339405,0.041497237619339405,0.7050482943365675,0.4208709747342303,True,53
101.776479,75,88.858228,0.11774599583288599,0.11774599583288599,0.6678927660814388,0.4190321827982557,True,75
67.885943,61,88.903188,0.13443470874210098,0.13443470874210098,0.41897363249670483,0.6532732511302607,True,61
92.223874,62,88.948447,0.22617475654502828,0.22617475654502828,0.4445041007095174,0.4121073038462153,True,62
80.551515,39,88.976726,0.10349470147225928,0.10349470147225928,0.5293013117860221,0.429489039044501,True,39
7.921998,58,89.019977,-0.06473427228048106,-0.06473427228048106,0.7049927046993059,0.43960761826604666,True,58
99.710249,69,89.074542,0.36286289470242505,0.36286289470242505,0.4283786564405293,0.9090701425436006,True,69
44.054589,49,89.109473,0.22173279377541097,0.22173279377541097,0.5816691653774214,0.4009747188920785,True,49
48.286485,41,89.139626,0.05375752885312654,0.05375752885312654,0.6438118459965855,0.44811204135596827,True,41
120.502103,59,89.180475,0.19454980087940663,0.19454980087940663,0.5869697908393193,0.4289762414202014,True,59
69.44593,56,89.219757,0.19007132426896647,0.19007132426896647,0.4606368559812687,0.44482171256280684,True,56
14.578279,41,89.250945,0.11164691257124726,0.11164691257124726,0.5656070952241636,0.38274967314268504,True,41
85.142924,65,89.299568,0.22071249184512368,0.22071249184512368,0.4273379163256277,0.9117010611232899,True,65
13.125388,62,89.343394,-0.07019699498456784,-0.07019699498456784,0.6795089601739485,0.4319840136811029,True,62
25.766937,42,89.374635,0.159421626371541,0.159421626371541,0.6562293413321464,0.4402921592648575,True,42
116.280374,61,89.418634,0.13590638472937716,0.13590638472937716,0.5212545684887666,0.44660458195797054,True,61
100.135187,62,89.464154,0.3547141737421754,0.3547141737421754,0.4345715736035178,0.6678008216962741,True,62
33.505598,59,89.507516,0.019951974767404866,0.019951974767404866,0.5844492572864172,0.4465619887727964,True,59
63.891207,50,89.546733,0.09467118141557448,0.09467118141557448,0.4298363044567838,0.6309066469750054,True,50
5.640436,55,89.584211,-0.020687742766271843,-0.020687742766271843,0.6899519430865543,0.43149849629771175,True,55
35.507216,96,89.655689,-0.03608215747592921,-0.03608215747592921,0.46849794061357114,0.42406953473563047,True,96
3.326999,43,89.685863,-0.027517422440229793,-0.027517422440229793,0.6944989864817032,0.4482421982581174,True,43
78.474277,46,89.718539,0.17206492535661688,0.17206492535661688,0.41795200371493396,0.5947662263646811,True,46
45.202426,57,89.757132,0.022374741643583218,0.022374741643583218,0.41192234997183236,0.9637164931357147,True,57
93.255101,51,89.794042,0.14363703333675035,0.14363703333675035,0.4310717046131048,0.5665010109964398,True,51
92.571295,65,89.839134,0.11379966003969418,0.11379966003969418,0.4334743848130363,0.6407916727731611,True,65
77.37784,58,89.887823,0.08307582222777744,0.08307582222777744,0.4198326186962563,0.593825129871996,True,58
80.968164,52,89.924639,0.19334594852586495,0.19334594852586495,0.51304825868796,0.41193027010968425,True,52
12.400202,35,90.678307,0.13399503102717075,0.13399503102717075,0.589527813530631,0.43231010187418256,True,35
-6.426761,64,90.739555,-0.05044262231906322,-0.05044262231906322,0.5193510895250342,0.43586263834450556,True,64
22.547026,55,90.78767,0.20030515477723607,0.20030515477723607,0.4240400648498749,0.7402962533566434,True,55
148.975794,85,90.864092,0.12137114627365893,0.12137114627365893,0.5966194176326872,0.436445966746532,True,85
17.716547,41,90.892743,0.14589728033983515,0.14589728033983515,0.6526736863041145,0.43710361184003244,True,41
177.428946,77,90.942782,0.1928018308087718,0.1928018308087718,0.4286082358374143,0.6415228261304085,True,77
9.285213,54,90.977531,-0.000808054251119126,-0.000808054251119126,0.41913380858169236,0.5111387984040702,True,54
41.376752,58,91.019325,0.1893548669312852,0.1893548669312852,0.4255330082033951,0.7100756794695703,True,58
22.57006,31,91.040361,0.12665822298141488,0.12665822298141488,0.6593034249659676,0.42502961589571153,True,31
53.054457,58,91.079433,0.19778323126681413,0.19778323126681413,0.4278621746804142,0.5446616007608976,True,58
91.21048,44,91.109214,0.12590011219489974,0.12590011219489974,0.5480816036905976,0.4320296985555613,True,44
46.249854,51,91.142555,0.11318308951319268,0.11318308951319268,0.6562679687855585,0.4499933806755534,True,51
66.289886,81,91.200918,0.1325774943291819,0.1325774943291819,0.5098921912889137,0.41589803619528815,True,81
15.843457,32,91.241243,0.03918550383364795,0.03918550383364795,0.6855627570804175,0.384760326109304,True,32
65.293911,43,91.272019,0.14121168033450573,0.14121168033450573,0.42926061612312033,0.7386413365139733,True,43
64.840067,54,91.311476,0.23728087620725127,0.23728087620725127,0.42408832362059956,0.6761880567463405,True,54
98.713547,56,91.351861,0.2675549222746868,0.2675549222746868,0.41906497089585065,0.6701114937807503,True,56
55.284498,57,91.393898,0.24571202960369556,0.24571202960369556,0.43112882998586854,0.4518367642152004,True,57
70.227022,49,91.428675,0.15610441632428596,0.15610441632428596,0.4246806236164626,0.5126483752314867,True,49
90.491562,70,91.478673,0.09181575749427372,0.09181575749427372,0.4277262287885544,0.6080306517067708,True,70
5.659259,38,91.507696,-0.06024414788908049,-0.06024414788908049,0.7002353129515263,0.43692317719441687,True,38
62.905746,47,91.542888,0.1742996457378573,0.1742996457378573,0.6274334440254439,0.3857651896021574,True,47
50.870904,55,91.582062,0.022760562994095953,0.022760562994095953,0.42718198067390967,0.8216557846268534,True,55
82.84067,53,91.618746,0.2643858005645074,0.2643858005645074,0.4554066498878381,0.4232590444145411,True,53
78.417847,45,91.65168,0.21038762135328534,0.21038762135328534,0.5033198483504352,0.4236667332374642,True,45
50.82502,36,91.676369,0.13213770669656116,0.13213770669656116,0.6910895600400121,0.4267029033595892,True,36
23.734363,66,91.722702,-0.03137557078234952,-0.03137557078234952,0.6840397075424082,0.40894288640378196,True,66
92.227796,58,91.763704,0.15116738281174827,0.15116738281174827,0.4283710451141831,0.7954674141436716,True,58
79.251917,51,91.799191,0.13072493954366002,0.13072493954366002,0.4489827004465819,0.44495564563275397,True,51
46.650644,74,91.84916,-0.016051085576388208,-0.016051085576388208,0.4293420727429696,0.7641137015546495,True,74
72.01682,59,91.896562,0.29013987559688664,0.29013987559688664,0.4257879432963737,0.8573629792693537,True,59
114.540796,61,91.937589,0.23730222340264304,0.23730222340264304,0.5373729205428859,0.42100067293816656,True,61
104.384559,46,91.967901,0.1870010092734901,0.1870010092734901,0.4293436499080021,0.7800842817164558,True,46
99.594379,59,92.010065,0.2109293681737773,0.2109293681737773,0.43611167431291054,0.7488485450454957,True,59
54.140628,50,92.044889,0.1471980798956282,0.1471980798956282,0.6634435089053409,0.42315175225960533,True,50
44.389198,48,92.078132,0.044552797790124776,0.044552797790124776,0.4386792592074434,0.4367457951201755,True,48
19.424982,39,92.104789,0.14855161467614342,0.14855161467614342,0.6228079869500859,0.4338070193384099,True,39
96.09287,65,92.150008,0.08087180627449957,0.08087180627449957,0.4256504158604401,0.5537480597815411,True,65
78.261684,53,92.866176,0.18913789935296912,0.18913789935296912,0.5863113357482166,0.40747870714930723,True,53
39.421102,49,92.907245,0.1484702193842522,0.1484702193842522,0.7194210136714778,0.43624127399258156,True,49
64.759424,56,92.963758,0.13846392732109122,0.13846392732109122,0.42607877639947966,0.5094911942288927,True,56
108.803978,53,93.014961,0.2713483724218755,0.2713483724218755,0.5102271146429833,0.43132656513676565,True,53
9.185551,53,93.054704,2.0826226330452474e-05,2.0826226330452474e-05,0.5997323273472032,0.3915724977449482,True,53
-5.737942,48,93.08911,-0.07204762701338459,-0.07204762701338459,0.648644681639998,0.44701236193509986,True,48
81.753976,56,93.129831,0.19112550298302655,0.19112550298302655,0.6188720324521545,0.43067454867545774,True,56
108.11895,43,93.158728,0.1645357851879483,0.1645357851879483,0.42396897981445547,0.9352081870950857,True,43
79.0765,54,93.20041,0.03481610039630803,0.03481610039630803,0.5838865054440844,0.435584348647699,True,54
51.742903,50,93.238072,0.09301347345656111,0.09301347345656111,0.43087723974169084,0.9019052750157389,True,50
68.774133,51,93.276084,0.10768693912773897,0.10768693912773897,0.41680672393481866,0.88895126057255,True,51
29.750054,37,93.303241,0.07572747457771206,0.07572747457771206,0.5525852091548916,0.42871927871805793,True,37
97.843259,68,93.35181,0.2620514411390541,0.2620514411390541,0.4185217844946353,0.6482539177867921,True,68
55.247884,52,93.391802,0.15585356420730398,0.15585356420730398,0.6366742280973086,0.397774551470457,True,52
79.718666,75,93.445271,0.14377736144704478,0.14377736144704478,0.42105514178165027,0.7661136847450856,True,75
8.144211,46,93.479883,-0.03236483586417433,-0.03236483586417433,0.5552521084485519,0.40410472691056837,True,46
29.130868,41,93.513031,0.0774943349175898,0.0774943349175898,0.430074568332863,0.8468506187286453,True,41
97.209051,53,93.549331,0.1986239179396022,0.1986239179396022,0.45069243903476885,0.37865938883710515,True,53
146.043984,64,93.594284,0.18296353287358177,0.18296353287358177,0.4265456241375021,0.6941297394880673,True,64
76.100982,50,93.630481,0.0894064689950008,0.0894064689950008,0.6874125436186372,0.42139258079550557,True,50
98.159977,62,93.672138,0.22911633647156024,0.22911633647156024,0.5247304014378804,0.4083644800449829,True,62
150.418124,57,93.714373,0.20716702950293867,0.20716702950293867,0.7174897756502746,0.4288174912813183,True,57
28.012135,36,93.740208,0.03155110523220161,0.03155110523220161,0.5385039124775335,0.4154507836671109,True,36
73.948869,56,93.776509,0.12605329632693932,0.12605329632693932,0.5559458202413315,0.4203294656624611,True,56
62.765302,49,93.813667,0.0761943454000587,0.0761943454000587,0.4308298008290206,0.972132753085862,True,49
72.333322,54,93.850033,0.1485501080759887,0.1485501080759887,0.43059338716111195,0.7039045966805925,True,54
134.263803,65,93.896536,0.2740089365306635,0.2740089365306635,0.5931856474577465,0.426722814031056,True,65
99.564371,60,93.938207,0.23124107558045182,0.23124107558045182,0.5259042283248722,0.38352995187286915,True,60
115.627509,59,93.977378,0.19017554768172887,0.19017554768172887,0.6566149368872729,0.39850229828319256,True,59
37.169804,44,94.007765,0.18598306531609385,0.18598306531609385,0.6082901425960613,0.41134791900734896,True,44
16.927282,59,94.050635,-0.09860864651401002,-0.09860864651401002,0.44593400218906737,0.44305788514968386,True,59
100.003994,49,94.083419,0.10313722559817798,0.10313722559817798,0.42717140663344777,0.5159697062289184,True,49
67.275878,57,94.121133,0.07405230789976551,0.07405230789976551,0.4177479709049349,0.9130819033197575,True,57
37.888578,40,94.1481,0.08713723680599522,0.08713723680599522,0.4299039363551836,0.7687904120967739,True,40
28.375742,54,94.18247,0.12103457583760992,0.12103457583760992,0.42598877054645473,0.3568642974894494,True,54
136.001358,58,94.223141,0.24645966501857003,0.24645966501857003,0.43448786378070314,0.8708233935683701,True,58
147.693727,54,94.263756,0.23435039161483445,0.23435039161483445,0.4204337593878914,0.5308225388141825,True,54
109.023189,63,94.306822,0.20810459859420555,0.20810459859420555,0.4135465247983709,0.6338248758158341,True,63
94.655255,61,94.999989,0.16989974475251557,0.16989974475251557,0.42674445455217336,0.46794787898126533,True,61
80.402609,73,95.080367,-0.05722136805973384,-0.05722136805973384,0.699846802954626,0.42548510100013626,True,73
60.16747,47,95.113405,0.15036323914746497,0.15036323914746497,0.41581334419793287,0.7346207468868335,True,47
83.112973,64,95.16245,0.22262847432025434,0.22262847432025434,0.5076704025253245,0.3708305370547774,True,64
91.516804,53,95.197991,0.23867193396415745,0.23867193396415745,0.4260773468513361,0.5257102840825624,True,53
42.991863,58,95.236749,0.11687226201526661,0.11687226201526661,0.4271577603361664,0.6766245375242392,True,58
52.826547,46,95.266806,0.11351856633909421,0.11351856633909421,0.626153891226122,0.4423776341646744,True,46
15.578245,70,95.313342,-0.05178059172414403,-0.05178059172414403,0.5360943438783038,0.43883591957102097,True,70
21.593001,37,95.341552,0.15416164831883458,0.15416164831883458,0.6656039545722109,0.4263603066732487,True,37
58.661457,56,95.380065,0.2076346948353585,0.2076346948353585,0.6273073715052612,0.4472278765937965,True,56
64.7541,61,95.426407,0.012445492762479197,0.012445492762479197,0.5969639350698623,0.42320791432676974,True,61
4.492741,42,95.45617,0.06257044966649646,0.06257044966649646,0.4199517659324375,0.906108126828441,True,42
134.197354,66,95.506417,0.1507178861280173,0.1507178861280173,0.6108882980713005,0.4402531272933145,True,66
37.167096,46,95.539399,0.253279373051596,0.253279373051596,0.582358550580964,0.4233924884758967,True,46
79.413664,54,95.578586,0.11012124973657124,0.11012124973657124,0.7135872811940251,0.4174905632613096,True,54
95.5392,64,95.621922,0.14160025179072985,0.14160025179072985,0.42944936863479655,0.8629331875895534,True,64
97.593968,60,95.664752,0.31479839834848883,0.31479839834848883,0.5092536487392049,0.4466648732909921,True,60
118.460416,64,95.709178,0.2519380904067899,0.2519380904067899,0.4220283904159586,0.7372015282398926,True,64
47.919358,45,95.741841,0.2179964675924493,0.2179964675924493,0.6177039646725837,0.40743424996451116,True,45
38.424356,34,95.768502,0.10698008663576773,0.10698008663576773,0.7078113887329639,0.4469280317585305,True,34
90.12571,54,95.806203,0.2802007922719988,0.2802007922719988,0.4305875295544232,0.7903327543074008,True,54
100.779484,41,95.835669,0.1854694053766379,0.1854694053766379,0.6443350623801936,0.40346015674905683,True,41
61.407688,53,95.872933,0.13148802107051494,0.13148802107051494,0.4315824008003066,0.7298140752339146,True,53
39.062412,54,95.910225,0.0505669853281483,0.0505669853281483,0.6991382322891162,0.4048530061517795,True,54
20.217451,57,95.951587,-0.10110030938533056,-0.10110030938533056,0.6576831486061638,0.4433783125833204,True,57
79.24216,53,95.989893,0.2434717299552,0.2434717299552,0.5537204812967516,0.4480406747330412,True,53
10.40596,62,96.034549,-0.058920845984865654,-0.058920845984865654,0.4204931488605857,0.5962966234576569,True,62
29.877012,38,96.061431,0.17695681309551087,0.17695681309551087,0.6806299390561179,0.44988832870962875,True,38
105.734769,58,96.103639,0.1579381528719284,0.1579381528719284,0.4253799360665445,0.6821685074481033,True,58
32.262674,39,96.132407,0.13293386658605774,0.13293386658605774,0.7200616283853511,0.44823753756946044,True,39
141.749508,67,96.182219,0.26484939600470436,0.26484939600470436,0.5266824694004874,0.4133242606547613,True,67
142.287214,61,96.225358,0.23636591550743016,0.23636591550743016,0.4336485104938523,0.8016522262766455,True,61
98.788444,61,96.270685,0.1231008195877213,0.1231008195877213,0.434808125757375,0.7520574274079501,True,61
100.211979,49,96.305485,0.163618192770382,0.163618192770382,0.43455373475874265,0.944439676689043,True,49
54.627715,51,96.341564,0.14155566684743612,0.14155566684743612,0.5996541364654457,0.4474741015233334,True,51
35.688554,48,96.374023,0.20991706566111948,0.20991706566111948,0.48161317733485876,0.4227760764300243,True,48
51.607485,39,96.403782,0.14469623365861656,0.14469623365861656,0.6426540037934599,0.4498484882216215,True,39
42.522301,43,96.432683,0.14785656065978184,0.14785656065978184,0.6951722158883604,0.43813946393228226,True,43
36.895195,35,96.457314,0.08404830899569206,0.08404830899569206,0.4342028852976052,0.743438235277503,True,35
86.703625,63,97.109533,0.2581021979858925,0.2581021979858925,0.41859658810702155,0.5426228468908463,True,63
3.290544,51,97.150606,-0.11582070528894546,-0.11582070528894546,0.6875398919888123,0.4384058919642383,True,51
100.791548,44,97.184208,0.20781876656652692,0.20781876656652692,0.4876064837928018,0.4405039326162803,True,44
34.938768,40,97.220418,0.14277425950322642,0.14277425950322642,0.5855525521374224,0.43785621042134015,True,40
86.300109,45,97.267107,0.12079746013871756,0.12079746013871756,0.506512185100787,0.37675493927669607,True,45
41.287822,44,97.297138,0.14835848738832283,0.14835848738832283,0.6361549536741229,0.443115333871599,True,44
146.370289,57,97.335366,0.2076005857294675,0.2076005857294675,0.42095266422924227,0.5596346011075017,True,57
90.963083,68,97.384341,0.0760090577148109,0.0760090577148109,0.4159902881131661,0.5630480106616105,True,68
71.949274,53,97.423681,0.15418154883722218,0.15418154883722218,0.6474319170261794,0.4015325625574715,True,53
62.283932,52,97.458023,0.08219362296758058,0.08219362296758058,0.5448386179803537,0.4246459440999411,True,52
60.714001,47,97.492237,0.14529206021054122,0.14529206021054122,0.4197436346528947,0.80793288472783,True,47
79.185402,72,97.542027,0.12535372219906585,0.12535372219906585,0.4359317206541339,0.7966302380781046,True,72
26.035944,64,97.58697,0.008263276674503509,0.008263276674503509,0.4164168813829632,0.5192775549928799,True,64
-17.305934,37,97.613841,-0.03928942848762978,-0.03928942848762978,0.6455744629763867,0.4352049304054418,True,37
35.958242,42,97.64207,0.19865053754243417,0.19865053754243417,0.5987668000499349,0.4198660418907622,True,42
69.794034,48,97.675752,0.14233975973644325,0.14233975973644325,0.5595641525247698,0.44106268353082206,True,48
132.271614,53,97.71369,0.16560882080006248,0.16560882080006248,0.6119633389120162,0.41428299501047205,True,53
75.55467,61,97.757198,0.28896376966396303,0.28896376966396303,0.6050935793437652,0.4355078768842435,True,61
78.870653,53,97.793116,0.18664411149783686,0.18664411149783686,0.5076244834361552,0.440813921906073,True,53
6.140656,36,97.816899,-0.01964702374754135,-0.01964702374754135,0.4311584736729104,0.9576462655032745,True,36
70.835785,47,97.850158,0.08541110313579671,0.08541110313579671,0.4207222543598281,0.7430425146648258,True,47
29.392309,44,97.879194,0.20077395831561187,0.20077395831561187,0.5506688625292665,0.44219376278358713,True,44
103.159336,56,97.923214,0.1567933477825551,0.1567933477825551,0.42587678524672645,0.6707226695846885,True,56
69.595161,44,97.953327,0.1429207977655912,0.1429207977655912,0.6844014138421403,0.4308232618822326,True,44
94.893553,57,97.995459,0.11402073496023254,0.11402073496023254,0.43134039361572185,0.9173841276910623,True,57
45.059427,41,98.026783,0.1861127735893431,0.1861127735893431,0.4838756954035786,0.408042748834417,True,41
16.731514,75,98.082739,-0.12707026151944906,-0.12707026151944906,0.584625746303125,0.43773090289742567,True,75
65.889572,64,98.130137,0.05230614704951816,0.05230614704951816,0.6486155904985423,0.40112412377547707,True,64
49.985101,75,98.189671,0.023529540397588544,0.023529540397588544,0.42841787728994124,0.8866868358991631,True,75
0.520627,53,98.227382,-0.07836947874226524,-0.07836947874226524,0.6975143107656459,0.42753879069819556,True,53
96.998361,48,98.262244,0.2034103270940167,0.2034103270940167,0.42314889045898313,0.5529592212018697,True,48
119.884319,56,98.300053,0.18527101873079133,0.18527101873079133,0.42936651851557384,0.7806971224849033,True,56
48.934483,42,98.327689,0.14589402849530977,0.14589402849530977,0.427584516500057,0.8071709834549826,True,42
146.965843,70,98.381,0.3550894441185416,0.3550894441185416,0.43365104659209214,0.7712836367615986,True,70
32.471617,42,98.409561,0.05303560324081551,0.05303560324081551,0.42399666443493206,0.9532443208266386,True,42
140.757106,75,98.462523,0.39776387714945527,0.39776387714945527,0.4302178271460671,0.7303718799846732,True,75
46.778536,66,98.50684,0.010075596502100345,0.010075596502100345,0.4250966039030123,0.760766998954187,True,66
59.594194,54,98.54473,0.19884341825067076,0.19884341825067076,0.4305341305142996,0.6612002751220702,True,54
58.638342,57,99.271912,0.05106174592595553,0.05106174592595553,0.5865185471339659,0.43688569607370376,True,57
19.726031,57,99.316053,0.16570467738392833,0.16570467738392833,0.5425296158886379,0.44497941615348446,True,57
1.839858,40,99.345777,0.19765046407470507,0.19765046407470507,0.6314421777785557,0.405238195270842,True,40
72.094952,52,99.386882,0.1271540343139665,0.1271540343139665,0.6440014537689063,0.4045054265396429,True,52
90.905223,53,99.430348,0.11059391052709006,0.11059391052709006,0.516565973090026,0.44096995539255435,True,53
99.967844,67,99.475037,0.0979622546198987,0.0979622546198987,0.41482009127656466,0.9616764041307517,True,67
135.835819,58,99.516386,0.2791006118817454,0.2791006118817454,0.43490721191651566,0.4692558121802483,True,58
75.658225,50,99.549192,0.27225825716422747,0.27225825716422747,0.4281763783581361,0.49431518571760497,True,50
178.657892,64,99.593593,0.22575250982948492,0.22575250982948492,0.4352755418469246,0.4789482051677608,True,64
56.986585,61,99.635376,0.04795050689434994,0.04795050689434994,0.6065853244701269,0.4452711270292596,True,61
63.55338,44,99.663874,0.0921317073566033,0.0921317073566033,0.4190140696850432,0.8974459248995399,True,44
27.163849,82,99.722147,-0.18116714126117717,-0.18116714126117717,0.6243600662617663,0.42742669212441375,True,82
104.127244,40,99.748558,0.18195214412345295,0.18195214412345295,0.6056839261946383,0.4068916607873725,True,40
35.382023,45,99.777586,0.05278263819433752,0.05278263819433752,0.6116880553693209,0.43201929209245993,True,45
39.916079,67,99.824431,0.2682617384949448,0.2682617384949448,0.430996636444478,0.8080755835207004,True,67
75.376063,52,99.860704,0.20238830393825039,0.20238830393825039,0.41954392014738817,0.44984019646333634,True,52
62.852801,55,99.902652,0.03705004909307418,0.03705004909307418,0.6831445168279039,0.41926348263104896,True,55
67.038928,62,99.945076,0.09802350271891812,0.09802350271891812,0.544910713053215,0.41312455277540316,True,62
150.016737,64,99.985577,0.29312188462309635,0.29312188462309635,0.4206299356485605,0.7049405803380269,True,64
82.69492,62,100.029827,0.2377349958523772,0.2377349958523772,0.41623880340978636,0.6529768920601948,True,62
111.837062,54,100.06462,0.19168028932373385,0.19168028932373385,0.42227151451469047,0.6273438487813151,True,54
80.006751,47,100.097531,0.12133293612088865,0.12133293612088865,0.4218715735863657,0.41458056028650203,True,47
22.502278,50,100.133376,0.013188265751717826,0.013188265751717826,0.4301846298378877,0.7918221899445665,True,50
119.669246,57,100.171136,0.2342748801178272,0.2342748801178272,0.4221976069525268,0.7893398604316819,True,57
136.241154,72,100.224082,0.2940298881435545,0.2940298881435545,0.5740241980488069,0.4323172664627505,True,72
27.6145,42,100.255345,0.18021887320962598,0.18021887320962598,0.6820767188350667,0.4393727822290206,True,42
71.012763,68,100.299319,0.09924260954950172,0.09924260954950172,0.42931206968475316,0.8238758089394634,True,68
64.255197,45,100.330712,0.08766825784457086,0.08766825784457086,0.42353222973941534,0.4839802434183011,True,45
2.137579,51,100.365625,-0.11248998787158339,-0.11248998787158339,0.433708799946715,0.7065181468904684,True,51
18.648576,38,100.393779,0.05840045574934789,0.05840045574934789,0.5010621494983777,0.41015989287623306,True,38
52.502657,47,100.42553,0.16553737821160308,0.16553737821160308,0.4269984644810705,0.7152826378156445,True,47
28.547611,63,100.466805,0.011880046580999063,0.011880046580999063,0.4568063163960557,0.42993314700381313,True,63
85.31879,48,100.498717,0.2067302675756205,0.2067302675756205,0.5853135522931203,0.4255344287428247,True,48
77.765239,61,100.53799,0.21493697988495927,0.21493697988495927,0.41790065135523063,0.6676552650026345,True,61
98.997533,59,100.579498,0.14637889971714296,0.14637889971714296,0.4354833919348825,0.9393152253370447,True,59
59.252178,54,100.614717,0.2642594252984779,0.2642594252984779,0.4260163690739839,0.4034474839417274,True,54
7.422163,65,100.656343,-0.12081478076321635,-0.12081478076321635,0.45593350339316374,0.42757887824574126,True,65
68.126411,49,101.299842,0.1628009517925968,0.1628009517925968,0.4378383628296276,0.44622047890683614,True,49
47.813184,51,101.344742,0.03748411513064848,0.03748411513064848,0.716974242361941,0.4304653530536517,True,51
130.452676,72,101.398759,0.14497905449882315,0.14497905449882315,0.6802940040692421,0.4185861976816736,True,72
104.147533,59,101.451977,0.14022476363622244,0.14022476363622244,0.41927891261016725,0.7395270347529934,True,59
160.20922,61,101.492373,0.2498429633681974,0.2498429633681974,0.6481518020495154,0.42704834094724325,True,61
69.560671,56,101.529292,0.1817753997452683,0.1817753997452683,0.418623804860501,0.6896222322861455,True,56
36.249803,43,101.556816,0.158848284367395,0.158848284367395,0.41779467496102535,0.9885206189343224,True,43
30.320055,63,101.599826,-0.0011928111208094126,-0.0011928111208094126,0.425012840538221,0.6580508272598571,True,63
157.859723,70,101.646762,0.2158934578124605,0.2158934578124605,0.5169558312432498,0.44825846258971536,True,70
72.599367,48,101.68012,0.20369175635761944,0.20369175635761944,0.5833472462595817,0.39963430703530767,True,48
160.669424,63,101.7266,0.2902303111532873,0.2902303111532873,0.4329306010141228,0.4963415984175691,True,63
46.075848,46,101.759023,0.06905503996196458,0.06905503996196458,0.6221958302856992,0.43346207677538945,True,46
93.569493,55,101.797555,0.22974913911157607,0.22974913911157607,0.4240591516053418,0.576796669073206,True,55
17.984444,57,101.836928,-0.13521045546419827,-0.13521045546419827,0.5376321859516985,0.4439170512785267,True,57
47.071518,45,101.867939,0.2031502341107619,0.2031502341107619,0.5839846690759165,0.4332597492299893,True,45
31.613199,58,101.908715,-0.02461847897898556,-0.02461847897898556,0.506019879331159,0.42913580601491197,True,58
94.26886,69,101.955766,0.1220691489959038,0.1220691489959038,0.416605076914816,0.6011900697931128,True,69
74.633751,62,101.998043,0.07663283617562155,0.07663283617562155,0.5349314595253475,0.42666534064010186,True,62
134.02123,49,102.032465,0.20264309828753255,0.20264309828753255,0.43338776227397596,0.8630645532440806,True,49
55.434214,49,102.064949,0.2490131148251262,0.2490131148251262,0.5344579955334048,0.43251413937696837,True,49
103.292782,38,102.088956,0.14241831355927054,0.14241831355927054,0.4297453130717475,0.7384332522298004,True,38
117.593746,58,102.130232,0.2209076319529051,0.2209076319529051,0.41269295485947827,0.8184272431217678,True,58
77.303515,59,102.187609,0.3212268159183251,0.3212268159183251,0.46122030971003103,0.43210674287075457,True,59
74.537109,50,102.229425,0.15968597265045767,0.15968597265045767,0.431869924607083,0.7765599654993163,True,50
129.644137,61,102.270823,0.21809869642755825,0.21809869642755825,0.6414252581525681,0.4243865260741565,True,61
141.310261,79,102.324555,0.3428963726069242,0.3428963726069242,0.41710245103625887,0.5276894599838057,True,79
84.442231,48,102.358903,0.10689857828533712,0.10689857828533712,0.4204015758756691,0.8936165643410378,True,48
47.476932,70,102.40921,0.22109674064034945,0.22109674064034945,0.4245711587795074,0.49354846061214663,True,70
76.999051,48,102.443001,0.17849178190031337,0.17849178190031337,0.4367808219266593,0.44577124801895274,True,48
39.530047,50,102.474902,0.27647470957276543,0.27647470957276543,0.5485770861754073,0.4363629650509657,True,50
176.446972,66,102.523165,0.20239678714885834,0.20239678714885834,0.4360502884736212,0.4706545558041564,True,66
106.549845,73,102.575912,0.3394028017147914,0.3394028017147914,0.43319986424579526,0.7250885140690383,True,73
106.605919,54,102.614735,0.23208626642395025,0.23208626642395025,0.4870387155841065,0.447060481971198,True,54
50.675902,51,102.653278,0.18855070906219773,0.18855070906219773,0.5889470929508529,0.44049679757939453,True,51
45.473072,47,102.687002,0.09681649288930762,0.09681649288930762,0.4254590592518963,0.4920197441210389,True,47
91.81438,71,102.738725,0.31078978686420183,0.31078978686420183,0.42494046916167977,0.7445235262814419,True,71
108.793938,48,103.341506,0.18237564987519317,0.18237564987519317,0.5800984761976309,0.3965545679766865,True,48
38.766773,47,103.396446,0.17127921496743467,0.17127921496743467,0.41963192955660794,0.9009805379028394,True,47
95.973414,45,103.430995,0.20342190409122152,0.20342190409122152,0.4976050528556924,0.4496711155217229,True,45
87.823778,48,103.479811,0.16133250065553592,0.16133250065553592,0.41208905972410526,0.43323632377357885,True,48
114.523603,65,103.525413,0.23692211475055225,0.23692211475055225,0.5252260103090123,0.39633077546371276,True,65
100.427106,62,103.564609,0.1296512928511631,0.1296512928511631,0.4246867004466106,0.5465172847832277,True,62
50.301222,38,103.592661,0.09844368967967405,0.09844368967967405,0.7118046145773629,0.4479909439464876,True,38
81.226353,50,103.626785,0.1975688480723533,0.1975688480723533,0.4990191128660035,0.4370004440377846,True,50
60.438332,45,103.661624,0.08968705304940203,0.08968705304940203,0.6163204025354817,0.41987854900339716,True,45
88.973855,65,103.707758,0.1266909086325569,0.1266909086325569,0.43395091596245144,0.7327062655206412,True,65
62.482947,54,103.745397,0.22081928847361276,0.22081928847361276,0.43190902333855063,0.5922792022871842,True,54
51.532022,65,103.787847,-0.04036459118005915,-0.04036459118005915,0.4504077276600908,0.43357600039049227,True,65
96.369427,47,103.818591,0.18385496889972822,0.18385496889972822,0.41583922353148506,0.7333243913463119,True,47
32.38941,40,103.846791,0.006087207805188228,0.006087207805188228,0.6950538342443126,0.4195747235750925,True,40
19.257932,47,103.878809,0.2098276442031208,0.2098276442031208,0.42169863535648583,0.4625669823913352,True,47
93.215448,47,103.91522,0.1894207439505528,0.1894207439505528,0.6535183902732563,0.40019372302225664,True,47
32.037038,39,103.942,0.07576581998518969,0.07576581998518969,0.6788764187451136,0.4450945075931044,True,39
118.477486,64,103.992402,0.18583840787492054,0.18583840787492054,0.5978218019156594,0.445587240567756,True,64
52.376312,39,104.018384,0.09192680480740711,0.09192680480740711,0.4234595071171922,0.4855502442568672,True,39
189.257051,73,104.067422,0.2614005134268248,0.2614005134268248,0.4312815784004365,0.5113389199890827,True,73
32.694719,43,104.097579,0.1544569258028737,0.1544569258028737,0.4199980766089871,0.6152309057281006,True,43
117.110996,64,104.143464,0.17125926942083813,0.17125926942083813,0.434766386120541,0.6025479022738331,True,64
103.392156,62,104.189381,0.26177414197087223,0.26177414197087223,0.6359363066688014,0.4331417254522661,True,62
84.096358,50,104.224312,0.2248789072623058,0.2248789072623058,0.5608121475383656,0.4067589591439351,True,50
118.350669,54,104.263534,0.1748155325594745,0.1748155325594745,0.5931698690737589,0.44226054551177557,True,54
-2.832697,44,104.297692,-0.08709104676293852,-0.08709104676293852,0.7300004799047555,0.4102048247008066,True,44
45.675059,62,104.340101,0.04982963223425706,0.04982963223425706,0.6371515477289708,0.41325499375724206,True,62
49.921981,34,104.363366,0.1823637770923179,0.1823637770923179,0.6239057694192769,0.43467798525860685,True,34
134.279586,68,104.407775,0.15352893984424817,0.15352893984424817,0.4960974486165938,0.4475577462363326,True,68
98.358666,68,104.457195,0.11267546094594562,0.11267546094594562,0.44227155165881665,0.4404482823866464,True,68
93.972035,62,104.501358,0.21861310200345108,0.21861310200345108,0.42343048881213147,0.4849488692612736,True,62
30.19397,43,104.529741,0.20789011245149264,0.20789011245149264,0.6565417237974582,0.39690494560109396,True,43
104.924984,61,104.571672,0.16208812770178588,0.16208812770178588,0.43581517293729016,0.771441041281165,True,61
10.214259,39,104.59648,0.2113032766054592,0.2113032766054592,0.5773534738443602,0.4425119524974205,True,39
56.658294,53,104.630892,0.29611121220826375,0.29611121220826375,0.549230954997681,0.4259261511856493,True,53
29.796059,47,104.661697,0.15146428581080484,0.15146428581080484,0.48515874903304756,0.34792463954339725,True,47
126.771293,74,104.714098,0.1965632198792935,0.1965632198792935,0.6395071289528159,0.4234999352111792,True,74
46.789453,49,104.747176,0.2204117104562793,0.2204117104562793,0.5556422768756731,0.4457684085932535,True,49
98.506712,50,104.781142,0.14843614771132638,0.14843614771132638,0.4245410337506774,0.7538813691365632,True,50
59.864517,47,105.349936,0.14178047592125403,0.14178047592125403,0.676852964390588,0.4204897456223282,True,47
104.665298,68,105.402918,0.162422069296211,0.162422069296211,0.42120828525531795,0.5457971329244179,True,68
122.309182,68,105.469921,0.13194461783601477,0.13194461783601477,0.46452617915455935,0.44305692251912066,True,68
157.179391,60,105.518805,0.2130373213956073,0.2130373213956073,0.42932385073815305,0.45576249379520156,True,60
56.765358,45,105.548293,0.19272840698186994,0.19272840698186994,0.42596428606587905,0.682477307981455,True,45
66.407772,66,105.598428,0.19916706407579973,0.19916706407579973,0.4263879536050341,0.5910352636193643,True,66
78.084447,58,105.639494,0.1661985738259275,0.1661985738259275,0.4324922151705807,0.7252136085032944,True,58
43.299364,46,105.672017,0.04125946991957507,0.04125946991957507,0.43265856063632324,0.6413716040334628,True,46
14.910319,82,105.733768,-0.18182362474501404,-0.18182362474501404,0.5636252919629401,0.44641882371034836,True,82
106.95942,44,105.763822,0.15906588351396814,0.15906588351396814,0.4354871968181961,0.944629451760491,True,44
61.505226,44,105.794757,0.13860091887135922,0.13860091887135922,0.4206483302687279,0.8373245996524201,True,44
92.619311,48,105.828652,0.19250328791542212,0.19250328791542212,0.5802576438155871,0.3989324148458668,True,48
102.235793,54,105.864991,0.2756847389058443,0.2756847389058443,0.6566134266587402,0.41230389530799183,True,54
72.315737,60,105.904554,0.2527386104237426,0.2527386104237426,0.4646110087521304,0.42556510526627983,True,60
108.780701,50,105.942125,0.15041182740235465,0.15041182740235465,0.5248626028840029,0.42346197778033196,True,50
65.360623,57,105.984382,0.21911551100262266,0.21911551100262266,0.46492599828006753,0.44494608004693886,True,57
124.728228,50,106.016864,0.229324278584369,0.229324278584369,0.6679733144722351,0.4441681576502643,True,50
129.096701,54,106.053803,0.22325856234146488,0.22325856234146488,0.5676937286864149,0.4331473767992729,True,54
83.042061,55,106.089692,0.1895661273583028,0.1895661273583028,0.4258901451098675,0.8655735994199769,True,55
100.288166,60,106.128851,0.27365573309395874,0.27365573309395874,0.4261461620638875,0.7300771637639455,True,60
73.227626,49,106.160995,0.1316208081358643,0.1316208081358643,0.5752857580186262,0.4436631583386741,True,49
30.263604,73,106.211196,-0.0018900250856734304,-0.0018900250856734304,0.43490107581823406,0.8804744451334797,True,73
22.493998,53,106.247835,0.0008023788184476008,0.0008023788184476008,0.45453287796988306,0.44853703058816796,True,53
-7.52302,39,106.275523,-0.09896074739589404,-0.09896074739589404,0.704488218959081,0.44903786466870743,True,39
97.838999,64,106.316733,0.19386000476891255,0.19386000476891255,0.5470841974852448,0.44008207548906697,True,64
78.805187,47,106.347468,0.19973847637665165,0.19973847637665165,0.5568766107205259,0.4209318213010271,True,47
56.93257,55,106.385454,0.11351666123043595,0.11351666123043595,0.426926941175298,0.751973441967274,True,55
81.026976,59,106.427506,0.15959061207937975,0.15959061207937975,0.4501453915554465,0.40878796158030506,True,59
47.979847,53,106.464001,0.08704175303781843,0.08704175303781843,0.4324351893246727,0.5339502575464441,True,53
16.897617,42,106.491723,0.16264531961971596,0.16264531961971596,0.5635881263854557,0.3841687845907996,True,42
105.885614,55,106.528939,0.1838551677797726,0.1838551677797726,0.6777461960066824,0.43435582676823575,True,55
76.883552,61,106.570982,0.09403973403633133,0.09403973403633133,0.4167029198264799,0.5139613702497055,True,61
8.581574,40,106.59868,0.025085505270987886,0.025085505270987886,0.6772158448462706,0.4278069168144144,True,40
35.256708,51,106.634764,0.1561269811466379,0.1561269811466379,0.42734659867925334,0.6808925489227593,True,51
79.265233,55,106.670532,0.2478273661757578,0.2478273661757578,0.42727154009817336,0.6907124502248123,True,55
53.935147,42,106.697981,0.14376661614739572,0.14376661614739572,0.6644162985784969,0.4388256832424759,True,42
21.366922,41,106.725645,0.02562477034443064,0.02562477034443064,0.415954045261677,0.730854360843806,True,41
124.920949,49,106.759337,0.1736230953635766,0.1736230953635766,0.4202690207998812,0.741195818752317,True,49
107.722251,52,107.422868,0.19084912696997358,0.19084912696997358,0.43206188828594666,0.5666536997848539,True,52
104.705517,64,107.496903,0.2681116105000619,0.2681116105000619,0.5808238354064607,0.41797103705539657,True,64
112.022393,63,107.551936,0.16169141677424664,0.16169141677424664,0.4324660476912561,0.9085189202149365,True,63
109.046276,82,107.612129,0.29498583156958097,0.29498583156958097,0.43269952099636133,0.8808193971668784,True,82
72.575749,46,107.642099,0.17593627945171383,0.17593627945171383,0.5040282010813327,0.3759608947076313,True,46
103.001473,49,107.676622,0.12695014261353202,0.12695014261353202,0.5068011456892464,0.4441422690133557,True,49
67.439173,48,107.707165,0.14663523722255795,0.14663523722255795,0.43162537145736246,0.9891658348688703,True,48
105.391257,42,107.736266,0.14773486990266252,0.14773486990266252,0.5901141725766412,0.42579355382726614,True,42
59.143797,58,107.778533,0.10388538176929736,0.10388538176929736,0.7103114316252497,0.43437642307414637,True,58
106.96137,49,107.811979,0.20565233350240664,0.20565233350240664,0.5588486972856924,0.44489905417797443,True,49
42.075944,56,107.850134,0.03888911272245166,0.03888911272245166,0.4302420177385302,0.46630070593452955,True,56
89.272765,52,107.886951,0.21809582760249085,0.21809582760249085,0.6078715935721344,0.407222416642291,True,52
106.341559,67,107.934345,0.19821985190792124,0.19821985190792124,0.6430941687219742,0.43985304525855556,True,67
142.439406,54,107.968878,0.16394220501319684,0.16394220501319684,0.6638205691878821,0.4375823208963421,True,54
145.234739,68,108.016274,0.13976842265966954,0.13976842265966954,0.49490704379104566,0.43333800036517667,True,68
154.377122,68,108.063077,0.30747380468426583,0.30747380468426583,0.4210088907141431,0.821001083138841,True,68
36.562403,48,108.097216,0.19977428545351078,0.19977428545351078,0.43011650885714403,0.5559678720180076,True,48
34.876234,65,108.144754,0.034583094482478365,0.034583094482478365,0.5148187136887822,0.4281476560484469,True,65
-3.635961,35,108.169022,-0.07093774643709268,-0.07093774643709268,0.6922509517497785,0.4427312326324658,True,35
143.608981,51,108.202512,0.16504641442682333,0.16504641442682333,0.4296669489547165,0.9238164549616089,True,51
158.554193,72,108.249601,0.3593628190048346,0.3593628190048346,0.4205743014400024,0.45158749127213593,True,72
116.982598,48,108.282134,0.1864568068127486,0.1864568068127486,0.5831795759512285,0.44526188278681234,True,48
13.413747,37,108.310643,0.13060078511784073,0.13060078511784073,0.7223265189949889,0.44185381142551594,True,37
101.97053,63,108.353368,0.20839412956904224,0.20839412956904224,0.4271190103717659,0.7212385779048266,True,63
28.67171,58,108.389336,0.035615676292412406,0.035615676292412406,0.6119413214584495,0.41171283960796656,True,58
71.721268,44,108.420433,0.15825879737753942,0.15825879737753942,0.6001081093330003,0.42329091214426284,True,44
118.813875,54,108.460334,0.19466953534678988,0.19466953534678988,0.6126359188112777,0.4145665311948868,True,54
82.786641,48,108.492943,0.100930665205794,0.100930665205794,0.6611322695218087,0.41390006001278423,True,48
71.015601,50,108.525263,0.23531136677204784,0.23531136677204784,0.5852229382849601,0.4421857406475324,True,50
172.71096,85,108.586903,0.18222144021402595,0.18222144021402595,0.4244142456230587,0.681592577829764,True,85
98.609382,46,108.619465,0.16525879841062135,0.16525879841062135,0.6966444404828597,0.41010363900561536,True,46
126.944327,54,108.656133,0.18221906986475414,0.18221906986475414,0.43245471474094194,0.8858011594414277,True,54
47.017658,46,108.690005,0.14500549092600246,0.14500549092600246,0.6037622055086319,0.43902302927535874,True,46
101.299077,50,108.724172,0.27232085801403016,0.27232085801403016,0.6378402741709107,0.42862314324590634,True,50
-4.043763,51,108.759548,-0.003014732883450543,-0.003014732883450543,0.48478300575070693,0.39413521843718313,True,51
48.185938,47,108.793322,0.03922165150686381,0.03922165150686381,0.4349746729106859,0.6982115616760564,True,47
141.815013,53,108.832661,0.16524544764572033,0.16524544764572033,0.42106685646756725,0.45203298763126265,True,53
97.947679,61,109.635812,0.1296392115220741,0.1296392115220741,0.43499109275987297,0.7533019481901595,True,61
12.081281,47,109.678797,-0.011120868127971754,-0.011120868127971754,0.6758681213143382,0.4360628438348803,True,47
133.821617,55,109.736227,0.22057826442588993,0.22057826442588993,0.4241858622044752,0.5224943731946473,True,55
116.055944,61,109.808316,0.29075033427494906,0.29075033427494906,0.4290986685946544,0.8615753241665041,True,61
70.072404,51,109.846876,0.19119619978424535,0.19119619978424535,0.4321700816097316,0.8174212472573619,True,51
98.001288,47,109.879868,0.16128277861978538,0.16128277861978538,0.41346530201380893,0.7642782813768222,True,47
186.123769,60,109.922445,0.25356823194533046,0.25356823194533046,0.45895855946151193,0.4389318040725379,True,60
74.47414,52,109.957675,0.21849906933391341,0.21849906933391341,0.6223435683168457,0.40587118578259324,True,52
79.67734,55,109.999171,0.1456056681125275,0.1456056681125275,0.4210304369858825,0.7168532283110562,True,55
140.548324,74,110.055801,0.3036113574571463,0.3036113574571463,0.43453422569624095,0.6364532924054201,True,74
142.677351,63,110.105442,0.2532914046313996,0.2532914046313996,0.529619209958569,0.43730796220720153,True,63
57.419749,55,110.141556,0.07049055858878724,0.07049055858878724,0.43052251631766375,0.758850699850406,True,55
55.18909,40,110.169232,0.12041925501000784,0.12041925501000784,0.6578773834165696,0.4373382209934494,True,40
115.277428,46,110.199842,0.15876575188237202,0.15876575188237202,0.43580121858201826,0.5953811380952798,True,46
51.188049,64,110.243684,-0.019389598886879276,-0.019389598886879276,0.41649272339746457,0.8313487272156028,True,64
35.843493,62,110.288739,0.021622292409574886,0.021622292409574886,0.4222576613964854,0.8495385586838362,True,62
118.479766,44,110.317658,0.1687306665737149,0.1687306665737149,0.6507514072679624,0.4054506214007705,True,44
108.734172,69,110.369545,0.36232176608274463,0.36232176608274463,0.46067195570826974,0.42528052758134327,True,69
130.646911,63,110.413341,0.24421678422635143,0.24421678422635143,0.4151680030919691,0.8506019295568688,True,63
125.496573,61,110.459047,0.25468876772316207,0.25468876772316207,0.43345313698899635,0.5191276947665063,True,61
57.94503,55,110.500491,0.06333123030686193,0.06333123030686193,0.5116149218382611,0.41608429801175245,True,55
147.626734,69,110.549967,0.16397049040930878,0.16397049040930878,0.41821084979088885,0.802956354990734,True,69
113.533304,54,110.58634,0.23803085355999473,0.23803085355999473,0.4159206346427834,0.5814781383725831,True,54
115.297602,58,110.626106,0.1892524717423387,0.1892524717423387,0.4329412946916144,0.896574990361929,True,58
127.242523,48,110.658488,0.19969011235299494,0.19969011235299494,0.6101356983092978,0.4254484788628495,True,48
89.901043,60,110.698338,0.179710467387511,0.179710467387511,0.6266798456980135,0.4161844783030304,True,60
38.340806,55,110.73619,0.15710349241535848,0.15710349241535848,0.5624613777176016,0.42152653892904113,True,55
172.433631,74,110.787276,0.3326027128188192,0.3326027128188192,0.4301932352365756,0.7749359893483405,True,74
52.919013,50,110.820949,0.1928848484634465,0.1928848484634465,0.575482665706264,0.446657328697166,True,50
2.065011,41,110.850723,-0.08983828670841093,-0.08983828670841093,0.6678644137077496,0.41036863374234206,True,41
81.555982,71,110.898367,0.10322011225231577,0.10322011225231577,0.5907637156021147,0.42622679625741206,True,71
115.31017,80,110.95619,0.4456911201207149,0.4456911201207149,0.42959154948760053,0.8791128711595788,True,80
100.261927,46,110.989151,0.13681727580893085,0.13681727580893085,0.5803027451239592,0.4336213582964679,True,46
45.523281,38,111.015251,0.08634025809996658,0.08634025809996658,0.6294515833824978,0.43715228518472843,True,38
137.91707,61,111.060983,0.16834351034544937,0.16834351034544937,0.42640666726054627,0.7690921264506325,True,61
125.207085,64,111.107724,0.22147793128665136,0.22147793128665136,0.5783817413626933,0.42010989413338673,True,64
104.957752,58,111.794843,0.26728685273307795,0.26728685273307795,0.41537663200007546,0.4176745263209135,True,58
44.122439,46,111.847024,0.1943580512625437,0.1943580512625437,0.4187476479020672,0.7108089267206921,True,46
82.755369,56,111.90924,0.12090405632888883,0.12090405632888883,0.6780024897776612,0.44843832569906267,True,56
47.028847,57,111.966203,0.25885926541864096,0.25885926541864096,0.4327002261647508,0.4778189601887432,True,57
92.512506,62,112.005044,0.2531547635817866,0.2531547635817866,0.4339124369694823,0.48461743743317914,True,62
90.851358,53,112.041884,0.10903987224098516,0.10903987224098516,0.7112217040017377,0.39702862982596543,True,53
89.534887,57,112.080691,0.1575656523635808,0.1575656523635808,0.6212161833437011,0.43616230851800464,True,57
127.619951,64,112.125871,0.16005061532406972,0.16005061532406972,0.5671679398054971,0.42793503836562835,True,64
136.091546,69,112.173716,0.23711803053860306,0.23711803053860306,0.4314908448492612,0.5255341468185758,True,69
106.146144,54,112.210027,0.17074009741595184,0.17074009741595184,0.5525402575555692,0.43044411368969815,True,54
156.891218,62,112.252962,0.27887974760426554,0.27887974760426554,0.5773363551388215,0.4232644339784288,True,62
44.405066,42,112.281026,0.12299231426327746,0.12299231426327746,0.6745092266506034,0.4288676986357376,True,42
114.612801,55,112.322332,0.18705801797106358,0.18705801797106358,0.43521757042031045,0.5205086245676869,True,55
15.059197,59,112.3625,-0.04140606572915061,-0.04140606572915061,0.5455328905244794,0.4302557200547902,True,59
114.810985,58,112.403699,0.24138587650977972,0.24138587650977972,0.5414454188676358,0.44350014608706756,True,58
56.199875,51,112.43631,0.07766445619591401,0.07766445619591401,0.5630968024535029,0.41614883889560295,True,51
96.848248,75,112.490028,0.10869326329153065,0.10869326329153065,0.4708226045522882,0.43218766487178684,True,75
117.999119,67,112.533962,0.24977616411876338,0.24977616411876338,0.5819830786725032,0.44679236272247813,True,67
34.821812,57,112.575427,0.00018064711257897924,0.00018064711257897924,0.42999030479137346,0.8476799957084205,True,57
40.097286,37,112.602065,0.06702256112279387,0.06702256112279387,0.6899985628925724,0.4202384470394713,True,37
1.507723,33,112.625009,0.011005345209989106,0.011005345209989106,0.6843374682246289,0.4238426374097852,True,33
129.286936,50,112.659742,0.194917086110545,0.194917086110545,0.5266641678050417,0.4147141455406341,True,50
63.405517,51,112.696221,0.08413506538339392,0.08413506538339392,0.43241638529245685,0.8332891751671098,True,51
75.065566,54,112.734227,0.18782926812844342,0.18782926812844342,0.5828201419983358,0.4392923254841618,True,54
151.732546,65,112.782684,0.21472157798054956,0.21472157798054956,0.4358803701183324,0.5232814083236544,True,65
83.982972,42,112.81257,0.13360356482405672,0.13360356482405672,0.5783713462161598,0.440193052170471,True,42
73.097266,44,112.843946,0.09490532638514351,0.09490532638514351,0.4697078309007075,0.4443802899389098,True,44
59.298909,40,112.870015,0.10618201535637682,0.10618201535637682,0.42156676517507696,0.6687707949476427,True,40
75.766362,55,112.906425,0.16956174307300614,0.16956174307300614,0.4309573751900117,0.48264796356162765,True,55
164.054427,67,112.951795,0.26761668671143973,0.26761668671143973,0.4213194660002661,0.6528261492024653,True,67
179.886642,64,112.995251,0.272700486216005,0.272700486216005,0.4522555625718497,0.42972625707978274,True,64
70.594871,48,113.027842,0.21692235805081014,0.21692235805081014,0.5420027528502395,0.4478687875948837,True,48
124.942227,47,113.058975,0.1690398565855869,0.1690398565855869,0.590208201615526,0.4390492108491148,True,47
139.951107,54,113.09642,0.2062193196324783,0.2062193196324783,0.4217149691609872,0.6643331036110579,True,54
85.696536,56,113.133634,0.1037532362705637,0.1037532362705637,0.4336585090360382,0.796611463243801,True,56
55.605316,78,113.188146,-0.09182127110587099,-0.09182127110587099,0.5699988695916536,0.41557584413310555,True,78
125.840308,57,113.230331,0.19772821302508045,0.19772821302508045,0.4184995587808898,0.5460542190642077,True,57
93.758489,54,113.924168,0.27219073642442043,0.27219073642442043,0.41961214321402385,0.5375347340815375,True,54
125.136437,60,113.994877,0.271744508439192,0.271744508439192,0.5157189332726468,0.42221107328252044,True,60
46.744873,45,114.036307,0.20815484957638342,0.20815484957638342,0.49607974687751966,0.439370049977876,True,45
121.411315,59,114.087789,0.25537044609523113,0.25537044609523113,0.6272821833718759,0.4160396138688415,True,59
142.313529,58,114.128304,0.23319361050150764,0.23319361050150764,0.5728034400139848,0.42620323570834834,True,58
112.155876,43,114.155955,0.1754798025300224,0.1754798025300224,0.42805908780813695,0.8619353020816196,True,43
78.439909,64,114.200685,0.1579080313293438,0.1579080313293438,0.42993002012061,0.5371740494835663,True,64
99.497801,58,114.243902,0.11750199149165216,0.11750199149165216,0.5646243671205605,0.4022347634917287,True,58
70.490161,51,114.277647,0.22306878748593437,0.22306878748593437,0.5855614960133539,0.38968123166975077,True,51
96.735637,56,114.315649,0.3075309991812344,0.3075309991812344,0.4305111965807234,0.66895127333528,True,56
59.015519,67,114.359033,0.32095013069562717,0.32095013069562717,0.42070993463907796,0.5189942652403351,True,67
36.007824,42,114.390014,0.12448434239733046,0.12448434239733046,0.690331431129678,0.39088393338567506,True,42
65.418734,48,114.424184,0.16376148200135024,0.16376148200135024,0.5959527794028789,0.39646813549697507,True,48
-8.32528,68,114.470128,-0.11130844298500418,-0.11130844298500418,0.5096470962928688,0.42618347138607793,True,68
98.95569,50,114.502371,0.19246404957808957,0.19246404957808957,0.6587676384033346,0.4278915107710919,True,50
20.947367,37,114.526903,0.14901325687890127,0.14901325687890127,0.41551810475694534,0.6598580697015078,True,37
133.644313,85,114.586744,0.16706305635446828,0.16706305635446828,0.4327425526524779,0.8147767734827198,True,85
32.11012,50,114.619726,0.06695359635556654,0.06695359635556654,0.4142623359048539,0.7444661668543847,True,50
128.333295,54,114.656914,0.14653440812640478,0.14653440812640478,0.4324815031627309,0.5871039092512891,True,54
73.143843,61,114.697197,0.1711636712702421,0.1711636712702421,0.41902703958894605,0.5852753600306752,True,61
94.401678,68,114.742379,0.24569996164811042,0.24569996164811042,0.4254699448637281,0.4733682168660427,True,68
168.683635,69,114.790431,0.26342219900271524,0.26342219900271524,0.4354036818359332,0.5769090141812474,True,69
6.786265,52,114.824324,-0.07451821426262618,-0.07451821426262618,0.7251563655909009,0.4380329396686152,True,52
92.631941,62,114.867445,0.20754440184999023,0.20754440184999023,0.4240407997508008,0.8653473769378669,True,62
99.390113,48,114.898613,0.149385025615728,0.149385025615728,0.4290820499667494,0.7404810531827148,True,48
128.389703,50,114.930673,0.22722170363153035,0.22722170363153035,0.41596367475289686,0.525244044448039,True,50
23.20746,52,114.965327,0.006647057757500296,0.006647057757500296,0.4249703279366268,0.666943746510135,True,52
18.329021,79,115.018529,-0.14005757762616644,-0.14005757762616644,0.67358268151436,0.44305536946837076,True,79
89.096273,50,115.050119,0.2728426323579933,0.2728426323579933,0.5969922053336274,0.4154862105728189,True,50
160.987696,68,115.097071,0.2418132682236198,0.2418132682236198,0.5686198804573613,0.4218253487689412,True,68
11.100821,56,115.137386,0.043362487079960634,0.043362487079960634,0.6004756764696721,0.4482316142781404,True,56
52.770221,43,115.16608,0.13146873089655997,0.13146873089655997,0.7073099505389893,0.43566160205878524,True,43
90.109654,69,115.212616,0.16692790148904535,0.16692790148904535,0.6569195010815452,0.4451440628876805,True,69
147.809073,83,115.270981,-0.009728407337942563,-0.009728407337942563,0.41986409425643323,0.967530335423435,True,83
88.258159,42,115.297879,0.1577980562116883,0.1577980562116883,0.6748750342216768,0.39445827644895504,True,42
99.253685,50,115.331144,0.14271346676120966,0.14271346676120966,0.4185012265910186,0.6422260952847445,True,50
123.907245,46,116.00073,0.18321044132857275,0.18321044132857275,0.6360969233815703,0.4306289571778873,True,46
186.056059,75,116.05969,0.2266024890471717,0.2266024890471717,0.5537542090094305,0.40453947131495366,True,75
129.077454,57,116.10648,0.24812357465376825,0.24812357465376825,0.41977575035052667,0.5544743112573609,True,57
105.99021,52,116.156801,0.22524247587179524,0.22524247587179524,0.6027071715485872,0.43328356647327426,True,52
17.396127,91,116.229722,-0.1611635964997406,-0.1611635964997406,0.4315091946747895,0.49117978045149224,True,91
102.757326,57,116.269312,0.20534378316493002,0.20534378316493002,0.42040421163207525,0.7276661333232229,True,57
115.308903,51,116.304805,0.23598093284249186,0.23598093284249186,0.5468913116120874,0.43487925222259866,True,51
136.239745,57,116.342264,0.2653700941731503,0.2653700941731503,0.4311047646285706,0.8388961081350221,True,57
181.198382,81,116.399467,0.20548359464796373,0.20548359464796373,0.43169725470094955,0.7657012722712735,True,81
103.169709,51,116.434032,0.22703834694968864,0.22703834694968864,0.4971459000703758,0.4413375422852926,True,51
52.668021,44,116.464206,0.1600717336833168,0.1600717336833168,0.6772188737605886,0.43364294164200207,True,44
105.150972,73,116.51825,0.37049590882296957,0.37049590882296957,0.4338877256744963,0.5131452224363864,True,73
145.897938,63,116.562066,0.17824728342314172,0.17824728342314172,0.4167163196818165,0.5258252703457631,True,63
56.086108,48,116.598422,0.150503578461603,0.150503578461603,0.5539822064187189,0.4215553441690516,True,48
143.932295,61,116.638227,0.2549209465368622,0.2549209465368622,0.6270197319184181,0.41827086203724434,True,61
190.18291,73,116.687448,0.3071081041453784,0.3071081041453784,0.4346887727680409,0.71427813353129,True,73
72.441163,39,116.715462,0.09745769340841234,0.09745769340841234,0.6184410720443188,0.44924393880914465,True,39
16.69641,45,116.747046,-0.008776602665848475,-0.008776602665848475,0.6256753262053019,0.415623156508674,True,45
72.53462,60,116.787748,0.04840293745177231,0.04840293745177231,0.6308919298754518,0.43630552399513256,True,60
141.389735,59,116.828115,0.13729825271425902,0.13729825271425902,0.6743197260257431,0.388386237952224,True,59
102.974418,56,116.866813,0.17423338200432598,0.17423338200432598,0.4139856813610784,0.5639276596017883,True,56
96.699246,49,116.901223,0.12225989309376228,0.12225989309376228,0.6851466454590395,0.43983034369814794,True,49
155.149311,65,116.944297,0.2607439138794321,0.2607439138794321,0.4325446540103825,0.5762053087441945,True,65
48.309832,55,116.983365,0.22783977366256808,0.22783977366256808,0.456638859208364,0.4415776236138213,True,55
30.96657,52,117.019586,0.23103649819387245,0.23103649819387245,0.4652546195815224,0.4331365716929182,True,52
131.951464,69,117.065787,0.2000474403298723,0.2000474403298723,0.4239434162581677,0.8813020928523216,True,69
50.972485,51,117.100607,0.24691733637189028,0.24691733637189028,0.5985530995334443,0.39041697927786395,True,51
127.740799,53,117.141649,0.17943033854643586,0.17943033854643586,0.5593542615067686,0.41182860237064234,True,53
85.845214,54,117.179977,0.19859215869526778,0.19859215869526778,0.425957806100139,0.6332816518844909,True,54
91.20933,56,117.21838,0.16897955737148482,0.16897955737148482,0.42524139578606723,0.6633596939238017,True,56
111.019978,42,117.249656,0.1492585707364723,0.1492585707364723,0.6240670891506132,0.42376305241581613,True,42
75.322324,58,117.288819,0.19861231290802644,0.19861231290802644,0.42753988515211283,0.4738252828958973,True,58
128.127605,53,117.326816,0.20245291249587605,0.20245291249587605,0.49769447160926106,0.44619398489914763,True,53
94.376868,54,117.365591,0.20092223941997678,0.20092223941997678,0.45112329682698443,0.4381720262523592,True,54
155.842622,60,117.403919,0.20707387384127177,0.20707387384127177,0.4306271980781778,0.8049918733001094,True,60
117.755022,73,117.959945,0.1499103655189828,0.1499103655189828,0.43363286120056677,0.8625559592835037,True,73
110.865708,59,118.003398,0.23268609656738853,0.23268609656738853,0.4278744446580884,0.6212536079845578,True,59
88.524088,65,118.055811,0.13486197840235306,0.13486197840235306,0.6422856537739431,0.44085439070728144,True,65
84.400643,61,118.114419,0.10881901115377111,0.10881901115377111,0.5561280820517561,0.4393153912973412,True,61
122.171512,55,118.166737,0.22177456680381433,0.22177456680381433,0.4322724123743388,0.7139577128959067,True,55
96.388882,54,118.202839,0.24270072937260956,0.24270072937260956,0.5503587056969768,0.4311789900475527,True,54
162.669854,63,118.24654,0.2641046412002693,0.2641046412002693,0.42708860039505847,0.6675991765781892,True,63
47.966771,54,118.284054,0.179164713257469,0.179164713257469,0.7074928525957509,0.4475617066106425,True,54
15.485993,99,118.35571,-0.20685969640558008,-0.20685969640558008,0.41933363046615885,0.8316711386169748,True,99
82.058511,77,118.408629,0.061922500302583686,0.061922500302583686,0.41486620904157145,0.5608061148494763,True,77
144.007341,65,118.45812,0.19803552490327836,0.19803552490327836,0.434042329153028,0.5068399907177328,True,65
85.312689,57,118.495497,0.21320427146373383,0.21320427146373383,0.42768048895624955,0.5632866135303137,True,57
56.088135,77,118.552302,0.35236248721972624,0.35236248721972624,0.4237577108743747,0.7401035524156692,True,77
98.693646,48,118.586661,0.1370231239375225,0.1370231239375225,0.4305593710846339,0.8393633608684792,True,48
80.712096,65,118.63417,0.27837929874743084,0.27837929874743084,0.43508552764044034,0.5822648435274962,True,65
93.657138,49,118.669751,0.18118001037441162,0.18118001037441162,0.4292190551765929,0.4711569275346677,True,49
137.044568,74,118.72483,0.32771155667385626,0.32771155667385626,0.4254036406206769,0.5899624937050615,True,74
88.760114,52,118.761593,0.2581495458626964,0.2581495458626964,0.5267650483736369,0.43195008488249365,True,52
91.567113,64,118.808604,0.3229088905017907,0.3229088905017907,0.43323508502060587,0.7424375064484561,True,64
113.178112,64,118.854717,0.16180234534298354,0.16180234534298354,0.5713625401546871,0.4348883951728424,True,64
76.628902,58,118.897415,0.2910010185398022,0.2910010185398022,0.4330018077356739,0.8234817046773547,True,58
111.546647,67,118.945889,0.3232003725390533,0.3232003725390533,0.4314051081503478,0.7097366478400607,True,67
74.029368,67,118.994379,-0.028800692435673698,-0.028800692435673698,0.6813544010885018,0.3797341184455235,True,67
8.237041,56,119.036546,-0.06419831948931441,-0.06419831948931441,0.6801514608897014,0.44671897891111534,True,56
-12.227894,70,119.093271,-0.10600525982794591,-0.10600525982794591,0.459781749401046,0.4449367554628851,True,70
111.178648,52,119.133854,0.2825355154261649,0.2825355154261649,0.43118951852970433,0.6533839590381069,True,52
149.017482,69,119.184802,0.26320024048558727,0.26320024048558727,0.43048284159218364,0.740937113591245,True,69
131.829726,56,119.224983,0.21053610343451212,0.21053610343451212,0.4958062445551118,0.4369087249211913,True,56
159.536447,62,119.269516,0.22872809517026743,0.22872809517026743,0.42937128998943275,0.6083929642539538,True,62
119.475826,64,119.315407,0.21176907114359028,0.21176907114359028,0.43306559407740314,0.5102157367079883,True,64
137.509491,60,119.361499,0.17326822825146299,0.17326822825146299,0.48182807737144395,0.4394764080251845,True,60
189.224309,68,119.406346,0.2516194123607711,0.2516194123607711,0.4293162433680381,0.9680639236386119,True,68
25.93856,80,119.460162,-0.08472136882732684,-0.08472136882732684,0.41691709439711155,0.7279969438502327,True,80
67.916121,58,120.219858,0.04924309528327116,0.04924309528327116,0.428518163769514,0.9945444927863252,True,58
46.82118,52,120.260282,0.013531163595410255,0.013531163595410255,0.4243614095628121,0.8163316798832426,True,52
84.56328,45,120.296036,0.11960446376682682,0.11960446376682682,0.6105952413013831,0.41808532149132344,True,45
123.672194,58,120.345419,0.13927501655267066,0.13927501655267066,0.6070342541437896,0.43077516495790086,True,58
52.632979,47,120.388537,0.18521932944988018,0.18521932944988018,0.6263342440980646,0.4391591346328424,True,47
220.07679,87,120.44623,0.41779103945785695,0.41779103945785695,0.4216037852060637,0.9697074381686207,True,87
115.183385,73,120.496124,0.3880947471984258,0.3880947471984258,0.4337005936035025,0.687831277963913,True,73
103.039596,85,120.560392,0.34846311753587866,0.34846311753587866,0.43607832918334494,0.925377348140792,True,85
52.544175,48,120.594138,0.11614483823591948,0.11614483823591948,0.6991332585506052,0.4098659210703405,True,48
168.71445,86,120.659834,0.36609927044524887,0.36609927044524887,0.42608269184347175,0.5426538346928612,True,86
78.724504,47,120.691922,0.0948192613630667,0.0948192613630667,0.4206248672880112,0.9295932555019721,True,47
73.738942,61,120.738685,0.1435678804904521,0.1435678804904521,0.4346489589863916,0.9221294254292353,True,61
113.987406,56,120.776877,0.17817303331427195,0.17817303331427195,0.4297702192904564,0.8448221372652016,True,56
179.272191,70,120.826548,0.2614794058212641,0.2614794058212641,0.6209655920214812,0.40903940051036153,True,70
192.582576,77,120.882108,0.32990219261869025,0.32990219261869025,0.4359266825880217,0.7523347332369994,True,77
84.90292,62,120.925696,0.1880795844188159,0.1880795844188159,0.6073765804531591,0.4197028038208107,True,62
74.700402,57,120.961916,0.23261074947426688,0.23261074947426688,0.6310909004774872,0.4097241121929819,True,57
145.0039,80,121.01599,0.20628202357293368,0.20628202357293368,0.45738304395430723,0.44831577537386014,True,80
93.243727,52,121.052691,0.20387841541751872,0.20387841541751872,0.4355650859040126,0.607742800587397,True,52
120.697811,53,121.09126,0.18126881825727825,0.18126881825727825,0.6483412161269894,0.4240757500562229,True,53
91.770683,50,121.12446,0.11447948254384616,0.11447948254384616,0.614121738795662,0.40557848962307075,True,50
136.453179,61,121.168143,0.18042647943317514,0.18042647943317514,0.43297608870582266,0.7247586422475923,True,61
2.653653,49,121.206503,-0.09877774072868702,-0.09877774072868702,0.6842155951831542,0.42320721276657997,True,49
77.168251,71,121.253319,0.10441652956297495,0.10441652956297495,0.43052876761404313,0.9987317648563989,True,71
102.875093,55,121.289643,0.26429234758398307,0.26429234758398307,0.4254306245714723,0.5149211177756016,True,55
124.776568,57,121.329159,0.23262227905345656,0.23262227905345656,0.47017218185386805,0.4445696988978806,True,57
68.786341,53,121.365887,0.2231584246210756,0.2231584246210756,0.6743990287694985,0.44942162761486326,True,53
122.28115,54,121.406164,0.19872788438388728,0.19872788438388728,0.42833899597850345,0.6670544234925184,True,54
109.081846,43,121.437112,0.18464701335889297,0.18464701335889297,0.6854146070678863,0.44302538239791234,True,43
52.911443,46,121.47017,0.2381041481893287,0.2381041481893287,0.6801541622394093,0.4477599610243428,True,46
124.543852,53,121.512116,0.21986535166409907,0.21986535166409907,0.43015329252120493,0.767234233074486,True,53
144.999419,76,121.56428,0.29679735112288486,0.29679735112288486,0.4677685657272641,0.43793494371045993,True,76
122.455186,57,121.605048,0.2826561895345743,0.2826561895345743,0.46365712477561966,0.43826631426705454,True,57
133.33221,53,121.641747,0.2419529138467084,0.2419529138467084,0.5392239070781547,0.4326015114431673,True,53
69.378318,47,122.345655,0.25985601165109345,0.25985601165109345,0.4352458010084986,0.6925692962247129,True,47
130.321506,47,122.387127,0.18979970335395627,0.18979970335395627,0.49637896412373683,0.4368564210378643,True,47
187.251706,69,122.439284,0.21887456107617473,0.21887456107617473,0.41879135217991814,0.846424307639863,True,69
158.491921,57,122.48749,0.23606051446966514,0.23606051446966514,0.412122511350761,0.558891140479315,True,57
91.404419,55,122.532565,0.22507124493931213,0.22507124493931213,0.625273462908189,0.4349269141344356,True,55
145.177176,51,122.567546,0.21298050343810776,0.21298050343810776,0.5296232074793216,0.4366081051540125,True,51
89.773704,56,122.603936,0.21123803787727066,0.21123803787727066,0.41765169607093555,0.9200917124752184,True,56
133.519915,53,122.640248,0.21034718744987066,0.21034718744987066,0.6017924059693813,0.4498271564209259,True,53
29.020997,49,122.676069,0.16538850077311743,0.16538850077311743,0.4104888775073084,0.5972310958789756,True,49
165.567291,61,122.717336,0.2308755263408948,0.2308755263408948,0.4244423530314602,0.5606242584500667,True,61
92.601951,50,122.752596,0.11624488070358253,0.11624488070358253,0.4218451316168654,0.7931643557012537,True,50
101.348952,47,122.786187,0.17378419829590852,0.17378419829590852,0.4190372123889643,0.5646983494055599,True,47
52.581694,57,122.823733,0.15271513621221014,0.15271513621221014,0.43027829718472516,0.6712379498915462,True,57
149.492363,55,122.861364,0.21146924420219151,0.21146924420219151,0.41849982641232025,0.651567947369094,True,55
182.71252,77,122.916351,0.24832778285520468,0.24832778285520468,0.6414714665841382,0.43656166023888865,True,77
141.025549,51,122.950347,0.22860523472236172,0.22860523472236172,0.4337381824013113,0.8873390018604821,True,51
86.844381,48,122.98411,0.17079986250174176,0.17079986250174176,0.6279363627673721,0.3993275217314202,True,48
185.93482,66,123.03124,0.20541651850249654,0.20541651850249654,0.4347911722144737,0.5745398311725306,True,66
178.492979,62,123.076778,0.2552350085284425,0.2552350085284425,0.48147971474800993,0.44548150092476135,True,62
110.474491,53,123.116422,0.15233249418283423,0.15233249418283423,0.5056313196252292,0.4367450207431953,True,53
108.933581,86,123.173258,0.08535389882871632,0.08535389882871632,0.41985461647814876,0.8175755516599457,True,86
41.157657,35,123.198212,0.10495244411755404,0.10495244411755404,0.6589137645535328,0.43710738975773933,True,35
42.236819,50,123.235657,0.15218818398672893,0.15218818398672893,0.6482506803748843,0.414195856369966,True,50
131.056745,60,123.277596,0.287774438980235,0.287774438980235,0.4405075770642527,0.4499446030038591,True,60
79.927312,46,123.312226,0.18124457538507094,0.18124457538507094,0.664720189412439,0.44804115390131355,True,46
111.540802,60,123.356399,0.23080143232611214,0.23080143232611214,0.42349596099289727,0.4600786208921649,True,60
134.666603,51,123.396692,0.20361841636415082,0.20361841636415082,0.42940186447267625,0.8910610987218124,True,51
91.14157,47,123.430868,0.16785790307817514,0.16785790307817514,0.4230750664083916,0.9268590143520126,True,47
142.234269,63,123.474455,0.24833569992153684,0.24833569992153684,0.4317713044880228,0.6724437143898079,True,63
63.652104,59,123.520039,0.09687838620801069,0.09687838620801069,0.6876232297477931,0.43372570328576265,True,59
32.118099,50,123.55224,0.23843582196158783,0.23843582196158783,0.6335049854396194,0.4422018222941534,True,50
85.726122,42,123.583819,0.17150752957657653,0.17150752957657653,0.6453902642827003,0.4458764151328399,True,42
117.39866,65,123.628309,0.2657829866545875,0.2657829866545875,0.5298894953519404,0.37972841018699455,True,65
62.500109,48,123.661602,0.21669701718702722,0.21669701718702722,0.42917305875417167,0.5063534251252577,True,48
126.733306,53,123.697668,0.19260583404278245,0.19260583404278245,0.45225492437342624,0.4309681999184687,True,53
116.097842,75,123.75591,0.271094968811178,0.271094968811178,0.42036950026852726,0.6397177001731987,True,75
134.255591,58,123.797032,0.289798494683291,0.289798494683291,0.43476978743956823,0.6551533378127248,True,58
43.344451,60,124.425687,0.26404576605016095,0.26404576605016095,0.41806079891443726,0.5697531648581297,True,60
109.344298,99,124.515315,0.07409260614771059,0.07409260614771059,0.4357718190537448,0.7338610552863903,True,99
111.658724,55,124.563653,0.09503286766716615,0.09503286766716615,0.6945340413062925,0.44068501874416094,True,55
128.391316,59,124.608918,0.1952014693161588,0.1952014693161588,0.4336217869746579,0.6564489596177778,True,59
157.347796,61,124.650021,0.2766697057775876,0.2766697057775876,0.41994751073920694,0.4963896257234901,True,61
118.926378,51,124.682872,0.15977878397502596,0.15977878397502596,0.4249151431801285,0.9278613364767951,True,51
125.08495,61,124.72671,0.2428950721504529,0.2428950721504529,0.43109813837378763,0.4337447340000731,True,61
89.213614,67,124.770564,0.3992129494156294,0.3992129494156294,0.42787484934032055,0.6528246718034046,True,67
75.07872,53,124.807667,0.10235532931280379,0.10235532931280379,0.42574098682118217,0.9964240765067458,True,53
108.76304,57,124.850376,0.26483956642426437,0.26483956642426437,0.42484421990593546,0.6394202502422484,True,57
48.713168,50,124.889477,0.08178507013371573,0.08178507013371573,0.42931478008979973,0.7206336092422526,True,50
182.934756,70,124.940157,0.3001910253851969,0.3001910253851969,0.42954346452361686,0.6025767742505357,True,70
131.776492,66,124.987726,0.2772496353706836,0.2772496353706836,0.41993979144470767,0.8220161305496168,True,66
127.275893,63,125.032494,0.28282804349245677,0.28282804349245677,0.4328174440106498,0.6014856551380148,True,63
67.037745,44,125.063914,0.13286466631034688,0.13286466631034688,0.419066889955565,0.875471404522064,True,44
138.651262,78,125.121233,0.19409131310628397,0.19409131310628397,0.4689453284739913,0.44366165777030486,True,78
109.515416,67,125.167322,0.24685266293788433,0.24685266293788433,0.665668746316921,0.4194916582196208,True,67
125.491357,48,125.199844,0.19024504728147681,0.19024504728147681,0.6447801742985884,0.4080092567115258,True,48
49.106874,51,125.236855,0.17525264378452074,0.17525264378452074,0.5455371611116535,0.4167103308400839,True,51
118.686664,45,125.267909,0.1887955920944118,0.1887955920944118,0.5483945994883728,0.4410381956857401,True,45
115.289962,49,125.301901,0.20102496454166008,0.20102496454166008,0.42916880301966825,0.8755803114985521,True,49
193.303358,77,125.355621,0.22453094853733213,0.22453094853733213,0.4232402779876485,0.7793708420214072,True,77
102.598171,66,125.403867,0.33944178444362666,0.33944178444362666,0.4351431691475453,0.6804213159980534,True,66
80.570587,64,125.44628,0.27001312011002654,0.27001312011002654,0.4169584118279583,0.821094629265668,True,64
85.848509,71,125.495323,0.20504099831286177,0.20504099831286177,0.5184448166465642,0.4314784413536851,True,71
164.428512,75,125.548895,0.2464933191608705,0.2464933191608705,0.4602477905980701,0.4370451754832348,True,75
103.431824,56,125.587804,0.1959959896177251,0.1959959896177251,0.5989901022394962,0.4286557214590081,True,56
108.90013,63,125.634086,0.352967335924701,0.352967335924701,0.4273428516722619,0.864516256302578,True,63
37.739587,53,125.671164,0.029585604019473893,0.029585604019473893,0.41661818535022627,0.8145692938246605,True,53
154.015413,62,125.715426,0.17093889142990482,0.17093889142990482,0.4389415509089303,0.4481424459720921,True,62
129.702408,51,125.753718,0.20919149057949474,0.20919149057949474,0.5383829308394221,0.43541271612273613,True,51
161.895256,76,125.808884,0.23402479642219196,0.23402479642219196,0.41643043823067766,0.45438759624139635,True,76
86.741574,62,125.854465,0.08345487527647595,0.08345487527647595,0.6561474827246514,0.4145551316568419,True,62
163.434943,58,126.410256,0.19732840069365842,0.19732840069365842,0.43267382776398944,0.7357585684326171,True,58
120.774574,43,126.443398,0.15720268252258374,0.15720268252258374,0.6534387490777639,0.4240522179665528,True,43
131.054484,53,126.486339,0.2534756375073859,0.2534756375073859,0.6642032517629,0.39667739736357427,True,53
22.3747,62,126.534046,0.38169505415932314,0.38169505415932314,0.4191600428413511,0.5617454571182748,True,62
184.595327,65,126.602524,0.23891779401910312,0.23891779401910312,0.5323914349887141,0.4219912062913804,True,65
185.256498,61,126.645943,0.23468291110747533,0.23468291110747533,0.41949879354068537,0.44246888363314046,True,61
48.87848,80,126.69753,-0.17854650540663322,-0.17854650540663322,0.5664569575242835,0.419714233727206,True,80
60.816376,55,126.739505,0.07895822994754825,0.07895822994754825,0.6228037586661447,0.4456591970474011,True,55
109.865667,43,126.769246,0.18728236256322234,0.18728236256322234,0.43518362449316633,0.7850828241343077,True,43
65.772017,53,126.809003,0.14992962834439053,0.14992962834439053,0.6295418526424104,0.4419122648598131,True,53
208.102288,89,126.870612,0.24487943411615948,0.24487943411615948,0.42349011744110854,0.7760262303344727,True,89
96.390514,55,126.910604,0.22604531324111962,0.22604531324111962,0.42150438539023594,0.782626076932769,True,55
46.498541,52,126.94556,0.21984023431483546,0.21984023431483546,0.6386135692049407,0.44519313531594373,True,52
75.425377,53,126.98201,0.15599169469971255,0.15599169469971255,0.4271965920450504,0.8337714008751353,True,53
110.073032,88,127.043593,0.14714864215135906,0.14714864215135906,0.42688153472900375,0.9522215688309301,True,88
161.543975,85,127.099503,0.2621009478677269,0.2621009478677269,0.4123476383753142,0.4310247402879039,True,85
92.816661,55,127.135314,0.2516455568221173,0.2516455568221173,0.5958137758983401,0.4146827099143322,True,55
96.735314,45,127.168326,0.1682111463171351,0.1682111463171351,0.5150430273745651,0.4328550678519704,True,45
28.330566,67,127.213717,-0.010485657563715502,-0.010485657563715502,0.6512511689217132,0.4377863617042384,True,67
109.479911,60,127.266057,0.34677251262179726,0.34677251262179726,0.43242373677253904,0.7035801367221924,True,60
93.264383,59,127.306974,0.18245819797554244,0.18245819797554244,0.6168819204273944,0.43800211305137715,True,59
15.802417,68,127.352487,-0.11784381301946784,-0.11784381301946784,0.6823133703891333,0.4443502526160826,True,68
80.805364,62,127.395117,0.10110625220691584,0.10110625220691584,0.4190082688185507,0.6747317379180353,True,62
96.448613,54,127.433307,0.24233317650198705,0.24233317650198705,0.4838047615475877,0.4300828749673189,True,54
72.739862,76,127.488394,0.06385667387966266,0.06385667387966266,0.661904033962646,0.43842081989469206,True,76
39.948918,52,127.521726,0.17634785783109344,0.17634785783109344,0.6315071246725013,0.44928739150836994,True,52
149.539136,59,127.561034,0.27523899940709134,0.27523899940709134,0.42169529016704255,0.5871460605154611,True,59
203.141262,77,127.617086,0.3349754649711231,0.3349754649711231,0.42752848165110086,0.5691064851506188,True,77
149.644005,58,127.656954,0.17386112561836117,0.17386112561836117,0.43228403105121105,0.5545024142125252,True,58
107.565161,50,127.691226,0.26114195986066996,0.26114195986066996,0.5587060566611429,0.41539198592068155,True,50
164.130185,58,127.7293,0.23828088517955265,0.23828088517955265,0.5399851663816302,0.4320001775174988,True,58
130.324917,64,127.772921,0.14660065047633553,0.14660065047633553,0.4327848331259128,0.6024302018076875,True,64
36.412701,50,127.80728,0.19691530974769542,0.19691530974769542,0.45244340044693776,0.42204508346446334,True,50
9.878689,36,127.832674,0.028512312807763725,0.028512312807763725,0.6943132946901608,0.43729564532454496,True,36
106.876044,65,128.563751,0.17604789737634238,0.17604789737634238,0.4208926730564886,0.7105224020281424,True,65
88.57467,76,128.629154,0.1294220660154751,0.1294220660154751,0.607759251871722,0.4117598725855509,True,76
132.34313,57,128.693489,0.18084225206497032,0.18084225206497032,0.4285242947546563,0.46383170930888395,True,57
199.489085,72,128.749886,0.24537834512110718,0.24537834512110718,0.42024083156169934,0.7646578122098044,True,72
106.782976,66,128.794668,0.1931610381512004,0.1931610381512004,0.4211234750988146,0.4616864748929099,True,66
109.669299,57,128.833937,0.2399588962147384,0.2399588962147384,0.5676944909988741,0.4163838462756792,True,57
159.152705,57,128.873136,0.18793002379421656,0.18793002379421656,0.4304948461132288,0.8947475946720982,True,57
123.192496,56,128.910387,0.21037887402010472,0.21037887402010472,0.4297873945734112,0.8970019837317903,True,56
185.855966,74,128.961483,0.3362863264984148,0.3362863264984148,0.43273838269842757,0.7928529731572607,True,74
50.018681,58,129.00087,0.263498766808964,0.263498766808964,0.5635011071320797,0.42745296750797224,True,58
70.024695,63,129.046584,0.05650392757985433,0.05650392757985433,0.6802908408791504,0.41387410970567473,True,63
55.131957,88,129.112045,-0.04723553639758767,-0.04723553639758767,0.6387202797235253,0.40185325510531644,True,88
129.213666,57,129.154287,0.2603408627415344,0.2603408627415344,0.4221224117896072,0.7074814164732113,True,57
172.013915,64,129.200393,0.3089375404637331,0.3089375404637331,0.518938581282297,0.4289663641571259,True,64
137.171958,57,129.237949,0.20286565995768274,0.20286565995768274,0.5112079340438158,0.40440882528192873,True,57
154.071969,52,129.273289,0.21310831041028203,0.21310831041028203,0.5591500516946882,0.42714583469112544,True,52
116.155812,65,129.316295,0.2778829120802277,0.2778829120802277,0.48864501352386447,0.4332649233511717,True,65
88.976746,53,129.35653,0.27974022268928983,0.27974022268928983,0.4754607444613325,0.44621769280135726,True,53
176.782626,55,129.3928,0.22216847521792082,0.22216847521792082,0.5847252070882264,0.44425095096536715,True,55
88.349787,59,129.432322,0.2008187139434152,0.2008187139434152,0.42264464445984673,0.7997987228087595,True,59
122.393831,52,129.466996,0.2523631078427229,0.2523631078427229,0.6118198494157713,0.44743576488541453,True,52
190.072764,84,129.522861,0.22607522130812974,0.22607522130812974,0.6137796252474268,0.4438421250449827,True,84
97.720623,52,129.555379,0.26427444196682087,0.26427444196682087,0.603820619055183,0.42223797742585273,True,52
86.097343,87,129.613065,-0.04757885443265898,-0.04757885443265898,0.6091561539082085,0.42958346539363135,True,87
138.490567,68,129.659939,0.25637049362181974,0.25637049362181974,0.4445549879266077,0.42516261229274704,True,68
130.499652,98,129.725486,0.1372033984212089,0.1372033984212089,0.4231826949614002,0.5904094313897218,True,98
128.640776,58,129.763013,0.23699632095614032,0.23699632095614032,0.4533233786753577,0.43268166828901655,True,58
63.912696,56,129.801025,0.19521557754324242,0.19521557754324242,0.42874424870539823,0.7678756861596445,True,56
184.056876,79,129.857015,0.21984123490331578,0.21984123490331578,0.6367044478242033,0.4242743987733511,True,79
139.103049,63,129.899482,0.21634451070560137,0.21634451070560137,0.6148920572717659,0.4359058237481965,True,63
149.166397,52,129.934014,0.18426487224259508,0.18426487224259508,0.4235535101946173,0.703864349209703,True,52
144.949542,58,129.974842,0.21085042311893873,0.21085042311893873,0.43491083865519853,0.4520585532538898,True,58
58.746659,68,130.511977,0.06375713170642652,0.06375713170642652,0.5960867867011084,0.44534088345896544,True,68
137.45783,71,130.579665,0.28572815079705394,0.28572815079705394,0.43105604899337674,0.7478417309919869,True,71
153.595782,75,130.650064,0.18035807106648147,0.18035807106648147,0.5014440031868663,0.4359087268963169,True,75
109.130106,56,130.694911,0.29464612131116064,0.29464612131116064,0.5747595904891283,0.41366519874201896,True,56
88.981121,39,130.721875,0.1804425301235331,0.1804425301235331,0.598702559474934,0.4469208593467153,True,39
27.82689,87,130.783387,-0.06440209138151215,-0.06440209138151215,0.6836251266502262,0.4308396673661261,True,87
92.344337,58,130.825043,0.1433521903412712,0.1433521903412712,0.6106894398677299,0.41770424160357744,True,58
108.739578,67,130.868744,0.16694736625540357,0.16694736625540357,0.6283765120306517,0.418359225392389,True,67
164.812414,55,130.904531,0.21851892293345127,0.21851892293345127,0.44442520392181684,0.42540740793679854,True,55
146.803818,53,130.941854,0.16477310904090167,0.16477310904090167,0.637689037390062,0.44985235758450476,True,53
82.216532,56,130.980315,0.24776048884022056,0.24776048884022056,0.5173743829706119,0.41176678698963565,True,56
128.462602,58,131.021885,0.22151541431735955,0.22151541431735955,0.4160994360156146,0.7039468144256535,True,58
96.985781,51,131.058087,0.2752812384290789,0.2752812384290789,0.5623581837433214,0.4481169561849601,True,51
139.886802,56,131.097326,0.24525776443144892,0.24525776443144892,0.5559787493712044,0.4425636156099022,True,56
228.106669,99,131.168922,0.3437568531500325,0.3437568531500325,0.428820399874361,0.44434463113184486,True,99
80.122059,42,131.196235,0.15336645549438563,0.15336645549438563,0.5031908759303823,0.4390543940354944,True,42
158.287851,70,131.243042,0.22008821588892505,0.22008821588892505,0.45042455901928014,0.43456888200134336,True,70
120.975203,55,131.279368,0.16945943263174745,0.16945943263174745,0.6921112993855482,0.44740427171016633,True,55
103.543301,48,131.309743,0.2296651776485124,0.2296651776485124,0.5287893070318441,0.44671787489005654,True,48
90.982601,54,131.347358,0.25971743046542345,0.25971743046542345,0.48944750552903804,0.43277102540013557,True,54
117.162439,66,131.395791,0.3482570553826019,0.3482570553826019,0.433154442190411,0.8310287320904521,True,66
179.329508,73,131.448261,0.2681584367905568,0.2681584367905568,0.5214971436321294,0.4254630426233743,True,73
117.282622,54,131.490094,0.23541297821541265,0.23541297821541265,0.5301974802253001,0.44829850052337883,True,54
67.440202,50,131.522645,0.24501265669395317,0.24501265669395317,0.6424569321889173,0.40437866147717577,True,50
130.216031,78,131.575551,0.47909662623787724,0.47909662623787724,0.4324913283573477,0.7970925933371381,True,78
261.920936,86,131.634072,0.2922985060240614,0.2922985060240614,0.4327661915721302,0.5908758478279279,True,86
158.730895,58,131.676,0.20581444977769398,0.20581444977769398,0.4317471736553672,0.5021745379829325,True,58
91.7227,52,131.711778,0.196451170969621,0.196451170969621,0.4933113527368644,0.4219774711804879,True,52
149.584641,85,131.76843,0.16290632522855095,0.16290632522855095,0.6676573322757481,0.4030799563676588,True,85
159.371317,66,131.815209,0.21745902940769302,0.21745902940769302,0.5685213114936966,0.4210488549876683,True,66
177.107663,63,131.856766,0.26523479377903875,0.26523479377903875,0.4434453592079331,0.41808019772730753,True,63
164.242603,60,131.900566,0.2003380490533862,0.2003380490533862,0.5987445267994297,0.4380315374680176,True,60
137.998676,46,131.932962,0.18646397128225728,0.18646397128225728,0.5878744579164163,0.4330487098400817,True,46
4.189122,64,132.628855,-0.19030520256508549,-0.19030520256508549,0.4810592539902336,0.42262962101338,True,64
95.309219,45,132.660251,0.1493084250646376,0.1493084250646376,0.43198351299631627,0.9210791974942019,True,45
128.600038,52,132.72297,0.17834549268499628,0.17834549268499628,0.5901030316818647,0.4394111576066739,True,52
94.500874,51,132.760572,0.2179793364601093,0.2179793364601093,0.6459193923807818,0.40766862499498724,True,51
66.737625,49,132.799851,0.2204270649891376,0.2204270649891376,0.5356634103705169,0.44526159689528444,True,49
154.928834,87,132.86161,0.3246745130067389,0.3246745130067389,0.44643181116788494,0.4246689716585039,True,87
130.103023,57,132.898067,0.2139290811235918,0.2139290811235918,0.4185039952413699,0.6712128774516294,True,57
27.513172,73,132.947468,-0.005939947380867876,-0.005939947380867876,0.6384488697062164,0.38905833046377775,True,73
71.629343,52,132.982316,0.21058481575443172,0.21058481575443172,0.5432860164460354,0.44157254918831995,True,52
72.471097,62,133.02374,0.3236103123474407,0.3236103123474407,0.4281594300709337,0.5900851690173632,True,62
136.085158,48,133.055187,0.16693668806298617,0.16693668806298617,0.6065982398735896,0.44861175982470836,True,48
115.210871,64,133.098383,0.2575453862307583,0.2575453862307583,0.5762426941598503,0.44724879396587447,True,64
155.533001,65,133.14318,0.17292185160477758,0.17292185160477758,0.4255041826410133,0.7931964257977766,True,65
101.878829,87,133.200135,0.29026014043256476,0.29026014043256476,0.4238463909937853,0.6177174097191551,True,87
171.313349,66,133.247479,0.27876540162156715,0.27876540162156715,0.4311524180661127,0.5585111941292561,True,66
84.347616,72,133.298141,0.09888384079985577,0.09888384079985577,0.42301923828405263,0.7223419589667324,True,72
72.105229,53,133.33571,0.3279322903132114,0.3279322903132114,0.42795371988760106,0.824592018520757,True,53
85.18175,63,133.381137,0.2271224768231907,0.2271224768231907,0.4238082770047835,0.5761995826034181,True,63
97.210264,57,133.42085,0.1855047344927429,0.1855047344927429,0.6191809655011229,0.4388309854642948,True,57
131.482892,48,133.45294,0.15204853906556712,0.15204853906556712,0.5904841054471319,0.4309826846190782,True,48
104.448474,66,133.499913,0.33910133937003123,0.33910133937003123,0.4322944304971486,0.7378656901838101,True,66
116.635125,46,133.534702,0.15918228044361954,0.15918228044361954,0.6499670193584463,0.4388591059624009,True,46
82.295548,56,133.575285,0.10580266123294198,0.10580266123294198,0.47130906386934684,0.41629613319737957,True,56
77.316653,42,133.604314,0.144599788344975,0.144599788344975,0.5547651770343548,0.4107177340738146,True,42
16.102181,70,133.652502,-0.13675225972279345,-0.13675225972279345,0.42837598560245105,0.5301628252472294,True,70
163.458869,64,133.694211,0.27667145250672565,0.27667145250672565,0.4309212950886462,0.8348097618327035,True,64
44.462702,62,133.739129,0.04596824641673306,0.04596824641673306,0.43519696569213767,0.6579944573283029,True,62
164.533336,75,133.789661,0.17679832439643,0.17679832439643,0.43188645571608897,0.8083040127132793,True,75
53.100228,37,133.813547,0.0567439309400186,0.0567439309400186,0.6939060543677867,0.42985569376610167,True,37
61.035843,55,133.851385,0.061512989948945926,0.061512989948945926,0.41762191688045847,0.9699960510602734,True,55
107.331453,52,133.884383,0.2323685107320117,0.2323685107320117,0.4202545610208417,0.6299245439995047,True,52
173.91716,72,133.933038,0.27288979681666903,0.27288979681666903,0.4265984798564531,0.5761273392456242,True,72
106.666672,52,133.969449,0.2409984156987027,0.2409984156987027,0.5852479515229847,0.4224658491935034,True,52
40.110558,44,133.999416,0.19715528027403925,0.19715528027403925,0.4877142287570927,0.3716153084638767,True,44
183.363202,82,134.515282,0.2571995372074844,0.2571995372074844,0.5188297349251818,0.44648550818598437,True,82
93.051752,63,134.585889,0.2811814290643792,0.2811814290643792,0.4337867358711709,0.44078807289802496,True,63
123.885128,47,134.641644,0.22288160472297786,0.22288160472297786,0.4331099940442668,0.6398016082675746,True,47
51.00025,71,134.698598,0.02887460636087914,0.02887460636087914,0.6838145026298654,0.4260838683979713,True,71
118.804585,79,134.753768,0.3156361434332335,0.3156361434332335,0.4345823620534537,0.924036122181737,True,79
96.839139,43,134.78402,0.1324109138020984,0.1324109138020984,0.6540811768576358,0.4488763149795805,True,43
214.464021,75,134.83951,0.30774469676330335,0.30774469676330335,0.42654048380477894,0.8235291807174908,True,75
133.043326,108,134.913993,0.11314807359446677,0.11314807359446677,0.5318843324742948,0.4445506141919413,True,108
148.168978,57,134.953577,0.2492909355742903,0.2492909355742903,0.48160622232601724,0.4175091665844396,True,57
120.873372,58,134.991277,0.26284260927757636,0.26284260927757636,0.643068675379094,0.39247171283398086,True,58
140.24791,57,135.027335,0.24283236195815902,0.24283236195815902,0.47485538027418783,0.4282399261578212,True,57
119.371674,57,135.065128,0.24271056611308797,0.24271056611308797,0.6674003034581522,0.3862446851451953,True,57
125.160718,45,135.094672,0.1732868159610426,0.1732868159610426,0.6485394876433671,0.37801747769547084,True,45
65.427118,62,135.139905,0.09400152134787974,0.09400152134787974,0.4336170797392778,0.6552735355531899,True,62
143.683303,60,135.18474,0.14034069970228294,0.14034069970228294,0.5655756937040742,0.41614565144038995,True,60
146.782233,63,135.227334,0.1948719604803555,0.1948719604803555,0.4318973541137412,0.6430518375492151,True,63
80.571458,44,135.26017,0.10371696653859416,0.10371696653859416,0.6626662936697919,0.4390727375974819,True,44
166.656288,64,135.308592,0.2431278697776623,0.2431278697776623,0.5556867870038248,0.3677015700851336,True,64
141.765299,50,135.345214,0.1974348506894831,0.1974348506894831,0.6416606124309324,0.44272668918836966,True,50
102.350896,55,135.387169,0.299856645598724,0.299856645598724,0.42773531723309977,0.5722563322160742,True,55
121.153959,54,135.429348,0.17326049706421512,0.17326049706421512,0.5475755321004987,0.42066593963007204,True,54
127.424822,59,135.470449,0.2539914360670995,0.2539914360670995,0.42818400301241033,0.6473486719429857,True,59
184.536713,76,135.520799,0.263694321654004,0.263694321654004,0.5024738397443869,0.3873891429768136,True,76
166.068345,78,135.574402,0.2882831188571452,0.2882831188571452,0.44924374896927954,0.44045145173093947,True,78
33.175575,45,135.605843,0.188868130857148,0.188868130857148,0.4273788561831935,0.606078095451677,True,45
89.045796,50,135.643335,0.19507434194469792,0.19507434194469792,0.527963758479779,0.44780094308405183,True,50
120.942811,63,135.685834,0.26879574141243856,0.26879574141243856,0.46527720151733665,0.42991135645385237,True,63
106.882686,50,135.721864,0.22390361174955523,0.22390361174955523,0.5433756792283838,0.38103460426860136,True,50
106.62368,40,135.752995,0.15796023200982925,0.15796023200982925,0.6458788465416404,0.4499025220323057,True,40
88.848736,68,135.805506,0.21742693255793788,0.21742693255793788,0.42954671441358594,0.773142968994984,True,68
65.306745,52,135.842719,0.18401019173297944,0.18401019173297944,0.5288811303731827,0.39592155362838655,True,52
141.659429,65,135.890294,0.2709919741670106,0.2709919741670106,0.4806124875250136,0.4204517206036916,True,65
44.993723,39,135.916935,0.15281318186145387,0.15281318186145387,0.4310037638675023,0.7088989979895488,True,39
129.605479,55,135.955422,0.1721766284461987,0.1721766284461987,0.5636118889572321,0.41643981532520685,True,55
214.60488,72,136.009163,0.2500824551394361,0.2500824551394361,0.5018062758810543,0.4461814280796169,True,72
73.277892,39,136.382212,0.14739202028878787,0.14739202028878787,0.42478775011413406,0.9727327782150381,True,39
136.273982,67,136.450661,0.3468005398918788,0.3468005398918788,0.49606251154012937,0.43988148713201464,True,67
173.931215,61,136.510555,0.2600190550264744,0.2600190550264744,0.43243732550176023,0.8351786599658731,True,61
180.603002,64,136.56498,0.2541717583510092,0.2541717583510092,0.4352772261266833,0.6908835094369973,True,64
104.028548,68,136.61249,0.25001542688580264,0.25001542688580264,0.42896647468183435,0.855316037784695,True,68
152.251522,60,136.652671,0.30347487512519594,0.30347487512519594,0.5397018416681839,0.41696928309222475,True,60
143.331552,64,136.698184,0.2105371711977729,0.2105371711977729,0.5292786462459721,0.41566737125209385,True,64
186.327441,97,136.767052,0.2870220552651543,0.2870220552651543,0.43584306080680796,0.8754760826163223,True,97
197.975778,73,136.818947,0.2781667151960685,0.2781667151960685,0.6106646093226845,0.4496444323897204,True,73
184.586128,88,136.884576,0.3922828624360847,0.3922828624360847,0.4351433916786205,0.4811615292339263,True,88
128.254216,62,136.927948,0.2748108542947381,0.2748108542947381,0.5520273776644596,0.44565709294011846,True,62
163.38933,67,136.979071,0.29235705906555226,0.29235705906555226,0.513206217301009,0.4324217245792408,True,67
71.177287,62,137.041831,0.20469351395777524,0.20469351395777524,0.42205782815207493,0.7355857950314705,True,62
92.076335,80,137.102846,0.23502472744201988,0.23502472744201988,0.422141446873516,0.6212337208112979,True,80
153.950221,62,137.144464,0.26111108906784236,0.26111108906784236,0.41749388328941794,0.6559906459763885,True,62
115.141566,65,137.187796,0.21560254308231286,0.21560254308231286,0.40943157116780615,0.6409372440719983,True,65
128.428246,74,137.265585,0.3215545316126284,0.3215545316126284,0.4298333303397167,0.722113888848248,True,74
112.074719,80,137.324217,0.37768885420174403,0.37768885420174403,0.4314057897071489,0.6672363396113534,True,80
127.675095,52,137.361526,0.23879495568995973,0.23879495568995973,0.5033999669441099,0.4266260691167787,True,52
83.668262,68,137.415188,0.17953141381955368,0.17953141381955368,0.5735125788461116,0.40084885434487116,True,68
133.219194,57,137.457006,0.17237257593808467,0.17237257593808467,0.546080182261509,0.3997335427337777,True,57
136.466607,65,137.506161,0.26302636118502054,0.26302636118502054,0.6210758760458005,0.429142004050252,True,65
193.179141,59,137.54977,0.2342218037904508,0.2342218037904508,0.5824204283362703,0.394240768902534,True,59
109.750234,59,137.595644,0.23195725275013163,0.23195725275013163,0.6095359856137893,0.43836159341137904,True,59
139.144685,65,137.639965,0.1715772569398357,0.1715772569398357,0.4241242546125006,0.4708366602739302,True,65
167.534489,58,137.690096,0.22994541774815241,0.22994541774815241,0.5202201556657171,0.4494216132603307,True,58
126.995765,51,137.725704,0.17979747479560393,0.17979747479560393,0.5484563784969038,0.4138225472306831,True,51
140.433848,59,137.766216,0.1825822287970972,0.1825822287970972,0.6118135542837793,0.43477871527856116,True,59
159.637815,67,137.813128,0.19775067432425047,0.19775067432425047,0.6631126216826202,0.40667321064877837,True,67
180.541733,80,137.869282,0.40654855860247496,0.40654855860247496,0.42078803279832494,0.6906570665986644,True,80
157.405044,86,138.553449,0.3422603897570488,0.3422603897570488,0.4271030893617374,0.758525592060647,True,86
186.950811,69,138.60789,0.24423941880546693,0.24423941880546693,0.4200612163104488,0.5380954018243739,True,69
136.407477,53,138.659642,0.18159664174603402,0.18159664174603402,0.4252977107428707,0.7573960890633263,True,53
234.175509,83,138.72591,0.3735024420009038,0.3735024420009038,0.4274721231847548,0.7255695952187454,True,83
102.204844,74,138.782977,0.24826352884943623,0.24826352884943623,0.5541321045602897,0.4468773242896599,True,74
124.295988,55,138.819628,0.2143259181894799,0.2143259181894799,0.5071813987214384,0.4342624808345719,True,55
120.684536,55,138.85903,0.21912436953404293,0.21912436953404293,0.41817962498423394,0.7567095897978157,True,55
85.200016,53,138.912759,0.18539003918908956,0.18539003918908956,0.41836618011949556,0.6302437116190454,True,53
174.134112,86,138.993563,0.2484173611052123,0.2484173611052123,0.4930325045717846,0.4276128736492888,True,86
128.116185,55,139.033889,0.2750133597767312,0.2750133597767312,0.5936079157622104,0.44815135382635746,True,55
92.754182,63,139.089109,0.08020719641720106,0.08020719641720106,0.42944726371289066,0.6767370734339612,True,63
106.983225,54,139.127944,0.2728610086138207,0.2728610086138207,0.5698115593270987,0.433908709372699,True,54
157.600916,52,139.167747,0.20157099787316518,0.20157099787316518,0.6322929285600709,0.41117321605709567,True,52
98.683995,69,139.218272,0.31396279537464555,0.31396279537464555,0.4484320136932366,0.44072299990168634,True,69
104.345841,70,139.269163,0.2178496601355533,0.2178496601355533,0.4295315570066267,0.7308616685022404,True,70
84.372474,45,139.303872,0.22737144045168803,0.22737144045168803,0.6168539229650915,0.42716462615231054,True,45
158.358983,67,139.351485,0.18613026892395337,0.18613026892395337,0.6044301714941785,0.44445895898233984,True,67
182.662655,65,139.403829,0.24688954327128732,0.24688954327128732,0.4264291734751409,0.7760561424818797,True,65
95.168253,51,139.446301,0.22079882033795828,0.22079882033795828,0.6461110075218974,0.4041864108921084,True,51
135.801333,75,139.503427,0.21939407767240293,0.21939407767240293,0.4172503986924495,0.6622153408521296,True,75
122.093524,70,139.562671,0.19860076547061198,0.19860076547061198,0.5042212915744175,0.4437988413084956,True,70
154.02706,65,139.608717,0.2930924508580775,0.2930924508580775,0.4250730692219007,0.9173312329069034,True,65
97.158178,79,139.66444,0.44718957135691123,0.44718957135691123,0.43512798014920095,0.9870176522593491,True,79
109.909112,58,139.707639,0.17069377337629407,0.17069377337629407,0.44539083512351313,0.4487357619807504,True,58
122.067526,59,139.747464,0.2915936144899752,0.2915936144899752,0.43565520272668956,0.6455607251401644,True,59
85.401061,44,139.779603,0.22171643481345685,0.22171643481345685,0.6236293602305459,0.4352277038937722,True,44
99.167526,52,139.815729,0.13308658553739527,0.13308658553739527,0.5120585121541847,0.44373678716548887,True,52
62.459277,46,139.8522,0.059740828336464484,0.059740828336464484,0.48172305367535556,0.43157372556105367,True,46
37.81453,57,139.899659,0.010943362768668466,0.010943362768668466,0.7173178124063749,0.40845031887244376,True,57
132.979175,55,139.949712,0.19930043612059348,0.19930043612059348,0.4288824583156219,0.7564879605408433,True,55
81.513486,68,139.998776,0.17024343636444667,0.17024343636444667,0.6519201347671738,0.4396840695169073,True,68
122.932433,58,140.039872,0.20736681605370866,0.20736681605370866,0.5618490782377286,0.4201322767969284,True,58
97.343526,53,140.074218,0.1502817435278549,0.1502817435278549,0.6693065454041196,0.4307511342186816,True,53
100.223938,47,140.109799,0.20122393869358768,0.20122393869358768,0.5259000209807483,0.4366974399894703,True,47
111.589525,62,140.704471,0.3116153449570303,0.3116153449570303,0.5741779179544191,0.4492378907269451,True,62
169.625163,63,140.767637,0.26202116833105105,0.26202116833105105,0.42985721668685106,0.5058910000767239,True,63
162.165278,55,140.81301,0.22850509641003663,0.22850509641003663,0.6512557319844957,0.4402818675062933,True,55
196.440008,75,140.881144,0.3089789961413679,0.3089789961413679,0.4328704482833843,0.8333225158302343,True,75
124.73814,67,140.93358,0.250398598907022,0.250398598907022,0.6130940842478181,0.42480613798207106,True,67
80.909268,40,140.965187,0.15645132230258657,0.15645132230258657,0.6435565509965395,0.3942823146697513,True,40
128.618441,57,141.006136,0.13699399913507754,0.13699399913507754,0.4147916844253647,0.5253235366664747,True,57
45.14793,64,141.050246,0.05157095832085966,0.05157095832085966,0.6928716906120841,0.43227791224590495,True,64
7.549855,54,141.08979,-0.0877577268659678,-0.0877577268659678,0.7085756539426998,0.44855864883182583,True,54
127.782576,81,141.150681,0.241251168835435,0.241251168835435,0.4328597721086565,0.683236805554412,True,81
201.475699,75,141.203735,0.27579202207031644,0.27579202207031644,0.5126240150368652,0.4459376939789135,True,75
101.102024,65,141.253057,0.18743644189254272,0.18743644189254272,0.5666207001811668,0.4208502499394599,True,65
164.072121,70,141.301662,0.2655150758622266,0.2655150758622266,0.4299362025070865,0.8182783098546674,True,70
79.825092,57,141.339621,0.3219634268753135,0.3219634268753135,0.5966932446701206,0.43806959109332005,True,57
131.853751,62,141.389622,0.30972552481890786,0.30972552481890786,0.49868530088522417,0.420327801398276,True,62
167.407358,115,141.475559,0.45414254369920826,0.45414254369920826,0.4239712358063352,0.42121224275194996,True,115
121.856026,51,141.510994,0.2331743390277215,0.2331743390277215,0.6262473396435111,0.4457412980748276,True,51
96.80402,59,141.563445,0.109129047300181,0.109129047300181,0.7009961130558325,0.42392891878760025,True,59
149.154856,64,141.609769,0.23236602122817665,0.23236602122817665,0.6206715388451876,0.43291521128972993,True,64
169.340155,73,141.674328,0.301389696011399,0.301389696011399,0.4253588585061391,0.5054725450532918,True,73
120.395041,56,141.711575,0.25134573179323333,0.25134573179323333,0.4203326259937539,0.5797603470943424,True,56
101.860894,50,141.745799,0.26019406901555375,0.26019406901555375,0.5461324827515701,0.42680825449716997,True,50
90.101096,54,141.787283,0.21265629050515336,0.21265629050515336,0.6082153788384905,0.4457407374293069,True,54
106.943437,52,141.822087,0.2832104677111751,0.2832104677111751,0.4112010868768843,0.6406469263777033,True,52
150.349546,61,141.866945,0.16754916540897705,0.16754916540897705,0.43136350662056244,0.7628348184132514,True,61
116.767616,77,141.919902,0.12168531153141449,0.12168531153141449,0.42215384044265974,0.6097298571824984,True,77
94.500219,55,141.958158,0.2641816475937035,0.2641816475937035,0.435298251137421,0.5064424349281688,True,55
145.273861,71,142.009998,0.2705162540233159,0.2705162540233159,0.548999321774467,0.4249452069612435,True,71
156.223324,59,142.053978,0.2540428306381016,0.2540428306381016,0.4487616912085647,0.3656497093448369,True,59
96.004398,53,142.09188,0.23108945494807728,0.23108945494807728,0.4198275539541174,0.9324549982791295,True,53
88.075346,66,142.138471,0.10217932326885179,0.10217932326885179,0.6502832075015652,0.41366852324368697,True,66
101.25803,51,142.180629,0.16870914916890928,0.16870914916890928,0.4250399668003349,0.6071890698390545,True,51
101.342883,62,142.224582,0.08530820887590453,0.08530820887590453,0.4329053913235066,0.513208733326463,True,62
228.365275,87,142.925377,0.43023229787292444,0.43023229787292444,0.4529570086360836,0.4090044248242902,True,87
160.351547,53,142.98155,0.20854885034405862,0.20854885034405862,0.46473537386920427,0.39790659859416105,True,53
153.606194,57,143.041596,0.2613753933568384,0.2613753933568384,0.613638202344128,0.43790032857813077,True,57
162.07257,62,143.091604,0.23678449959490377,0.23678449959490377,0.41874526051415994,0.6284103765875232,True,62
116.595816,50,143.134413,0.20013941853862297,0.20013941853862297,0.5205543235595115,0.4474730592266339,True,50
69.743913,55,143.172787,0.25467595162594686,0.25467595162594686,0.5573918706530879,0.4138246989597457,True,55
74.050209,62,143.217835,0.30047647670281497,0.30047647670281497,0.4336978771352939,0.729042232779142,True,62
142.55162,88,143.285344,0.147335995296191,0.147335995296191,0.4270341671739326,0.9776579860596954,True,88
44.00487,83,143.346368,-0.061195924423738106,-0.061195924423738106,0.6708486235192828,0.4244205619000884,True,83
121.73532,74,143.404115,0.1828397929681385,0.1828397929681385,0.43391961099962856,0.574798873984627,True,74
88.694137,49,143.44097,0.16395112295840725,0.16395112295840725,0.631456397123781,0.4285710092366775,True,49
118.398496,55,143.478608,0.16430186857151416,0.16430186857151416,0.6362471913150092,0.41439005422915776,True,55
159.268702,56,143.518685,0.20295571843578225,0.20295571843578225,0.44663037431788477,0.44313755805750865,True,56
123.192497,60,143.562317,0.18159824964484717,0.18159824964484717,0.4320060257636288,0.8885294756323916,True,60
143.944203,52,143.602403,0.2219493134326226,0.2219493134326226,0.6007186167500569,0.4307283488259263,True,52
148.633409,56,143.642076,0.25419467648053695,0.25419467648053695,0.5494358172259053,0.41106107134354714,True,56
128.589203,52,143.680751,0.24361124138148219,0.24361124138148219,0.624193440127292,0.42136687984947935,True,52
27.263574,54,143.718041,0.27951417836137277,0.27951417836137277,0.45787222863376853,0.42894260487060726,True,54
124.587649,62,143.763047,0.2840948913155289,0.2840948913155289,0.5390569266511358,0.44004571007758464,True,62
120.928097,70,143.817158,0.4123561823167487,0.4123561823167487,0.4270478658343151,0.49301590426204533,True,70
134.781982,57,143.86104,0.15950536215802033,0.15950536215802033,0.6470572107130323,0.42443656783660716,True,57
161.11122,56,143.902915,0.23623779689777136,0.23623779689777136,0.6497960035029817,0.4258632449981228,True,56
185.061392,69,143.959582,0.22802408592433732,0.22802408592433732,0.4360815735519308,0.7994597373826361,True,69
68.234564,42,143.988625,0.07457306039392944,0.07457306039392944,0.4183027565935206,0.9816029226852792,True,42
88.984726,54,144.031804,0.315751286131549,0.315751286131549,0.41750875414465055,0.44592646197148905,True,54
130.993672,57,144.077035,0.26244464531068085,0.26244464531068085,0.4322385761323189,0.5683102216535364,True,57
94.726463,64,144.123269,0.16837790741206884,0.16837790741206884,0.7086920917089474,0.4295437816199089,True,64
148.430106,60,144.168454,0.17731416317270104,0.17731416317270104,0.43134493205780955,0.9260473556085962,True,60
71.743014,50,144.201236,0.12568553364499807,0.12568553364499807,0.7157702105081156,0.430406911126184,True,50
50.80737,75,144.258042,0.12041359370372132,0.12041359370372132,0.4194445608670133,0.46333337226929516,True,75
218.887137,74,144.311002,0.2986037494471764,0.2986037494471764,0.42291699211138667,0.6932515865342344,True,74
43.90822,58,144.349423,0.05759044448509206,0.05759044448509206,0.4307886261249402,0.8850936599035384,True,58
45.004164,62,144.393781,0.024992655985056123,0.024992655985056123,0.7019093104031363,0.40375509805312126,True,62
107.607336,56,144.955834,0.2694023560093319,0.2694023560093319,0.5415010552054166,0.41958863793630385,True,56
72.938529,50,145.016356,0.10143662378503512,0.10143662378503512,0.565560479847572,0.44609254970920337,True,50
121.095336,53,145.062619,0.21891491756290782,0.21891491756290782,0.6855850225631578,0.4359229265987723,True,53
133.896949,58,145.11532,0.25592346943169325,0.25592346943169325,0.5705815495853055,0.43616441075298285,True,58
163.732758,58,145.167349,0.2385839705002304,0.2385839705002304,0.43355898076025584,0.5000122583692552,True,58
109.395287,57,145.212095,0.3019593135023263,0.3019593135023263,0.548985795987917,0.42715266256302736,True,57
74.873571,57,145.255139,0.28067599795076265,0.28067599795076265,0.5683395992881176,0.44858177529799914,True,57
-5.137158,52,145.293751,-0.06448067748605812,-0.06448067748605812,0.5791277596708685,0.4478261416349975,True,52
206.12239,97,145.369653,0.35439947871558847,0.35439947871558847,0.4278683704404793,0.7765990406286909,True,97
137.283102,59,145.41076,0.22343500105436373,0.22343500105436373,0.42283023603989667,0.7122456385643523,True,59
205.375706,73,145.472336,0.295842965251494,0.295842965251494,0.419093768190815,0.6180894478702151,True,73
187.607367,69,145.528672,0.2220586769541455,0.2220586769541455,0.4171568162615023,0.8686910244726931,True,69
178.258237,101,145.606472,0.5041290484970885,0.5041290484970885,0.41828170356440064,0.7557008593317083,True,101
192.160927,91,145.67502,0.26597642641752467,0.26597642641752467,0.42378571743313087,0.503185607257415,True,91
95.703047,62,145.719571,0.3545744577383875,0.3545744577383875,0.4912980248601067,0.4183340385387838,True,62
117.151887,53,145.761557,0.14925648754598173,0.14925648754598173,0.6186368605878672,0.44178979687819786,True,53
234.891118,75,145.819404,0.2935389382310534,0.2935389382310534,0.42988892935812945,0.507139815546681,True,75
188.347024,120,145.912784,0.2454533404050266,0.2454533404050266,0.5196767532389255,0.4122948158942281,True,120
96.072997,54,145.952256,0.284882270119937,0.284882270119937,0.6377609269296429,0.44663176367439145,True,54
199.280137,84,146.010985,0.28587083908197536,0.28587083908197536,0.43408830328904713,0.6395234083037727,True,84
144.669904,64,146.058411,0.17925927472315129,0.17925927472315129,0.4248565302808696,0.6711543335657301,True,64
28.471533,62,146.105324,0.013406244420055384,0.013406244420055384,0.6731088491050113,0.44054640603259887,True,62
115.262618,64,146.155447,0.36963890495782586,0.36963890495782586,0.42777151374804145,0.540327684081173,True,64
86.339996,61,146.200835,0.3500972612471676,0.3500972612471676,0.4386055654775188,0.4215257623257511,True,61
163.6226,69,146.246914,0.33476548432053743,0.33476548432053743,0.42890008584810324,0.42728351165233464,True,69
194.226085,67,146.291016,0.3315805584825866,0.3315805584825866,0.42237639346984207,0.583317264228683,True,67
149.976085,74,146.342668,0.3622935764817942,0.3622935764817942,0.5113009868195572,0.4081489393564473,True,74
89.443812,47,146.376617,0.2406842523709703,0.2406842523709703,0.6546711418305482,0.43104225327171825,True,47
159.410337,62,146.420074,0.2888405196252843,0.2888405196252843,0.4703243170774699,0.447054665018806,True,62
104.182394,80,146.483781,0.38995309511904613,0.38995309511904613,0.4356427629067302,0.5115754903490368,True,80
130.480902,79,147.218869,0.1537807056410144,0.1537807056410144,0.48168444260710097,0.4066419460941453,True,79
189.046659,66,147.276629,0.26162788221136163,0.26162788221136163,0.666164298431296,0.43287436398178036,True,66
129.515542,70,147.336806,0.1587736205144597,0.1587736205144597,0.6269685335429096,0.44886198165905367,True,70
175.924842,75,147.402877,0.3453837416638032,0.3453837416638032,0.4331431050292579,0.6482069405077268,True,75
184.165626,97,147.477143,0.460320560021166,0.460320560021166,0.42898442485734994,0.5994959152794662,True,97
165.977351,53,147.518912,0.1961303969037859,0.1961303969037859,0.6975530069727622,0.4321388320997243,True,53
179.289971,69,147.566541,0.22494590626284378,0.22494590626284378,0.46089358767791233,0.439632728230944,True,69
121.525191,49,147.603267,0.23714308123855188,0.23714308123855188,0.5876647570862433,0.4250161056703331,True,49
133.705143,61,147.646706,0.23387364329078264,0.23387364329078264,0.5362173343521895,0.446142517221694,True,61
187.300604,79,147.707371,0.3024813128084666,0.3024813128084666,0.5058891480941837,0.43199198994141497,True,79
152.243352,77,147.759964,0.3061823671502335,0.3061823671502335,0.41740045229244593,0.9416609441450834,True,77
153.1973,68,147.805229,0.18197192215829078,0.18197192215829078,0.4160771004478882,0.48947137807151175,True,68
202.268936,79,147.855964,0.35682340528174794,0.35682340528174794,0.4266672832710363,0.45107964443673665,True,79
90.556647,62,147.897962,0.3665442348929222,0.3665442348929222,0.447009471536328,0.4450737950683616,True,62
125.194179,74,147.956548,0.26420783876061193,0.26420783876061193,0.43324840079611493,0.818460091709369,True,74
87.659804,57,147.996794,0.30942125916748775,0.30942125916748775,0.4944078201450185,0.4220139765999802,True,57
103.239119,51,148.037299,0.2732009722014766,0.2732009722014766,0.5694750569007814,0.41617901121237766,True,51
177.030423,59,148.076968,0.23549061565824,0.23549061565824,0.42664701274480255,0.45132980291534713,True,59
169.857386,62,148.123456,0.26118070577050545,0.26118070577050545,0.5118894268240448,0.44048895069967975,True,62
52.378166,45,148.155189,0.20833995518128595,0.20833995518128595,0.5850028375471658,0.4053674668068864,True,45
144.908022,56,148.195491,0.16913527359001368,0.16913527359001368,0.6110405047027648,0.4003594462012399,True,56
167.209022,72,148.250004,0.3091681151759041,0.3091681151759041,0.4335906032809555,0.6187744987168889,True,72
56.914247,53,148.28962,0.13217276586333432,0.13217276586333432,0.48028020143817723,0.4468739975585344,True,53
161.812169,65,148.335059,0.32275896202952487,0.32275896202952487,0.4294595469708945,0.5841146378969976,True,65
142.250282,67,148.385971,0.19762312643597924,0.19762312643597924,0.6440646033560633,0.44669063454195257,True,67
158.60953,62,148.433875,0.30616920784752927,0.30616920784752927,0.42535974902252727,0.6443936783968672,True,62
94.938349,65,148.484593,0.31682838739612407,0.31682838739612407,0.4244459386297775,0.9554080659687723,True,65
155.308432,60,148.530457,0.25426675470913845,0.25426675470913845,0.4894599097195244,0.39603434697928297,True,60
132.21153,63,148.57581,0.164590612608338,0.164590612608338,0.42300744818931524,0.4794913155108002,True,63
75.684698,51,148.613195,0.24758919285417794,0.24758919285417794,0.5299167470715798,0.359450820673838,True,51
137.435137,74,148.66634,0.3986243163330202,0.3986243163330202,0.4136150682757007,0.7875019839316115,True,74
120.138005,49,148.706031,0.1726176006568621,0.1726176006568621,0.6743101905636674,0.4284209459241343,True,49
135.629452,52,149.228375,0.22469536315487035,0.22469536315487035,0.4356061850055489,0.8184904460617051,True,52
184.532847,57,149.280027,0.2279383432733133,0.2279383432733133,0.6199750334847524,0.4395967168630365,True,57
70.083187,59,149.325028,0.27548603815113326,0.27548603815113326,0.5347113832386647,0.4221236164203705,True,59
99.691493,54,149.367536,0.30552566516121826,0.30552566516121826,0.5071740809837816,0.4369926482705191,True,54
164.431643,60,149.419869,0.2632979951302153,0.2632979951302153,0.49214492167017837,0.448169036782456,True,60
156.332266,70,149.472848,0.22752633170534672,0.22752633170534672,0.4305645687456433,0.46447854364108976,True,70
124.595546,55,149.516989,0.28357329695943667,0.28357329695943667,0.65007868566093,0.44879196497513363,True,55
199.836543,81,149.573459,0.263821126837179,0.263821126837179,0.7070017634924233,0.42579058692868693,True,81
75.134097,53,149.612578,0.25472812432159814,0.25472812432159814,0.502459818579542,0.4268896342836289,True,53
153.117393,65,149.664264,0.2246578419956086,0.2246578419956086,0.5582514372107856,0.44439159971962433,True,65
53.756677,46,149.694986,0.08072124015012098,0.08072124015012098,0.42722112427981557,0.8744897846841129,True,46
104.509608,59,149.736585,0.3185662140847143,0.3185662140847143,0.4278585956203915,0.5619613363345942,True,59
208.092811,96,149.805842,0.45126996941865094,0.45126996941865094,0.4209991873217642,0.8698487484732644,True,96
97.208357,60,149.849826,0.1239200060081043,0.1239200060081043,0.6975237785969227,0.3988357465489125,True,60
88.314801,68,149.899904,0.34248096763020885,0.34248096763020885,0.4357284328627399,0.9585487821324341,True,68
159.386241,67,149.954393,0.322615081292323,0.322615081292323,0.4350775523550267,0.4239433979777003,True,67
174.942294,67,150.006452,0.2589714445049869,0.2589714445049869,0.429662522030139,0.8570790012099638,True,67
119.542414,51,150.042977,0.22768277511079554,0.22768277511079554,0.6717275671767639,0.4112732272480463,True,51
122.843132,55,150.082356,0.19259519992727012,0.19259519992727012,0.6416690727039676,0.4491292659117956,True,55
90.684034,51,150.12089,0.18249264439178634,0.18249264439178634,0.5146031181987193,0.4471684707106568,True,51
146.248831,72,150.177917,0.37730298569710596,0.37730298569710596,0.4315953845864664,0.8369658182011884,True,72
157.716508,64,150.223829,0.27368826714436895,0.27368826714436895,0.5013771597809266,0.44740660652359854,True,64
211.367792,81,150.27857,0.28916700306675164,0.28916700306675164,0.42930101105234747,0.6058262893644805,True,81
157.213968,65,150.329922,0.25453935380111364,0.25453935380111364,0.514267119693146,0.4431033418111313,True,65
109.818571,65,150.372632,0.3877085764153504,0.3877085764153504,0.43611377814367996,0.38612213362906966,True,65
163.924418,71,150.422643,0.37146960725094863,0.37146960725094863,0.46523576054825233,0.4432495580899317,True,71
199.478446,64,150.467295,0.2809203830306634,0.2809203830306634,0.4241464895356513,0.5633674591744854,True,64
114.840019,59,150.511421,0.2509942415518713,0.2509942415518713,0.5230732450440656,0.4007157134792683,True,59
197.978804,71,150.560755,0.23914935079707145,0.23914935079707145,0.4221033337286067,0.8505515068474336,True,71
132.487398,71,150.608669,0.4080699468561542,0.4080699468561542,0.42203987826601824,0.8887518173940361,True,71
98.368918,65,150.652212,0.23526498400912405,0.23526498400912405,0.42559996278345813,0.9539363554738569,True,65
91.737607,59,150.693949,0.20448441862761457,0.20448441862761457,0.5624183474945663,0.4264975406511392,True,59
125.331992,67,151.318376,0.33788383751817636,0.33788383751817636,0.4259691067690233,0.6255385415208671,True,67
154.990141,55,151.380073,0.1762290532826056,0.1762290532826056,0.424152800124762,0.6552570739198325,True,55
184.826096,75,151.444923,0.3919385712501382,0.3919385712501382,0.4392168053320994,0.43325125497189615,True,75
181.490531,70,151.502707,0.31317893444531236,0.31317893444531236,0.4230326344344163,0.6681759348411478,True,70
98.130102,53,151.535953,0.2772154620530439,0.2772154620530439,0.43030408829813377,0.45750036856515963,True,53
118.27915,47,151.565511,0.16353723186083707,0.16353723186083707,0.4122176534465827,0.9442759688228237,True,47
106.208447,60,151.606575,0.27951261656875614,0.27951261656875614,0.4231330981225677,0.5320955482667966,True,60
114.157592,61,151.650687,0.317141454564131,0.317141454564131,0.4335997567439641,0.4363995951845385,True,61
188.002956,70,151.703877,0.2550822498343499,0.2550822498343499,0.42973846125036863,0.48923318920841197,True,70
187.854581,78,151.769316,0.35593396308292613,0.35593396308292613,0.42333146450237263,0.9636475336391497,True,78
200.191092,71,151.819581,0.29755256364186067,0.29755256364186067,0.42504733293337843,0.6641024037544329,True,71
117.07975,69,151.869344,0.292461724550612,0.292461724550612,0.4307601250170373,0.46174304350954654,True,69
101.8201,50,151.901753,0.20315178095115827,0.20315178095115827,0.6213581690127508,0.44232668766088046,True,50
181.575131,86,151.990619,0.4141224364475329,0.4141224364475329,0.43283968948119433,0.5107486369552532,True,86
100.172354,87,152.05325,0.41514680489113964,0.41514680489113964,0.434659817093435,0.7456601628026942,True,87
190.93626,70,152.103763,0.2266934344823311,0.2266934344823311,0.47016081223344075,0.4439511981104967,True,70
175.053582,65,152.14929,0.23286615299411922,0.23286615299411922,0.5641250568792578,0.4337074119642886,True,65
151.745629,68,152.199884,0.2220697150978025,0.2220697150978025,0.42127053080066484,0.5488678785547007,True,68
189.718457,64,152.245741,0.28677043259822144,0.28677043259822144,0.496870414138126,0.3996562337899839,True,64
171.529997,63,152.293134,0.1944755694327475,0.1944755694327475,0.4244731949260817,0.6606646199452273,True,63
185.655688,68,152.342748,0.3285676327357252,0.3285676327357252,0.42893872808202493,0.5782420035915253,True,68
143.691369,83,152.402303,0.1489024705581117,0.1489024705581117,0.6591931720669398,0.4055637693373892,True,83
192.077905,74,152.461696,0.3161319696708787,0.3161319696708787,0.4358004799038482,0.9165184139241225,True,74
82.32587,64,152.50903,0.10416729718045747,0.10416729718045747,0.4333202789744091,0.5251715126418914,True,64
193.113508,75,152.578193,0.21249480069125765,0.21249480069125765,0.6293895501600846,0.44770768148605744,True,75
161.262074,56,152.618959,0.17929839393006936,0.17929839393006936,0.579314145113643,0.4283959323256474,True,56
95.038428,49,152.656303,0.18716631748178408,0.18716631748178408,0.4209097636144238,0.8573193928991393,True,49
120.297072,54,152.698081,0.2568672044085988,0.2568672044085988,0.6205824785486146,0.40243389613171204,True,54
166.392873,56,152.741502,0.18882736215549878,0.18882736215549878,0.4219656645506423,0.8339452642598086,True,56
139.862039,58,152.782564,0.29119218678107034,0.29119218678107034,0.4299098325056341,0.8161593443694346,True,58
160.879214,64,152.832208,0.22322433342338394,0.22322433342338394,0.41667100828035236,0.7636461633620844,True,64
117.177509,47,152.866776,0.23550373876446773,0.23550373876446773,0.6032954910407629,0.4191582536873181,True,47
183.298562,64,153.454846,0.2738225982244656,0.2738225982244656,0.606344485060716,0.4003645810931434,True,64
104.798889,77,153.531503,0.12791566129608298,0.12791566129608298,0.6519063011346985,0.4388428023992606,True,77
144.429235,77,153.604198,0.2830937855941816,0.2830937855941816,0.4254358819684628,0.7731915477368749,True,77
128.661389,48,153.639532,0.23266811832830936,0.23266811832830936,0.42369764231841534,0.7359414469338987,True,48
171.411663,72,153.691427,0.2940016470796828,0.2940016470796828,0.41293680093185087,0.5928297538000571,True,72
151.532046,56,153.732276,0.21425096256330484,0.21425096256330484,0.5867909902499978,0.44778727864463264,True,56
161.397572,61,153.774708,0.20819031334186475,0.20819031334186475,0.5634790454413757,0.3844898418561527,True,61
150.270284,61,153.817734,0.18986131705865247,0.18986131705865247,0.4445692751491083,0.4377344003701608,True,61
123.803836,69,153.868201,0.2593770390680297,0.2593770390680297,0.5696473595587711,0.4396193472777596,True,69
208.536056,65,153.913374,0.27353925589867145,0.27353925589867145,0.49382637627899123,0.4337263470635838,True,65
108.524813,67,153.960512,0.22554609276671247,0.22554609276671247,0.47102945280967623,0.4315060681014051,True,67
131.098898,70,154.014834,0.16461911414299737,0.16461911414299737,0.5544159348496986,0.4100690820863164,True,70
110.372955,57,154.055285,0.3155364448482926,0.3155364448482926,0.5319885086720975,0.42389483983271636,True,57
113.305419,64,154.102643,0.12836840914761707,0.12836840914761707,0.42221331462621586,0.8507461453835333,True,64
216.874453,88,154.16825,0.23982358707829157,0.23982358707829157,0.4288764855374179,0.8134259822288024,True,88
153.513862,57,154.210622,0.23910253127471018,0.23910253127471018,0.6330156315523223,0.4446015425829858,True,57
89.855676,40,154.2423,0.14515059716617365,0.14515059716617365,0.6946786914256559,0.4432114710539519,True,40
187.664648,71,154.297355,0.26358726300262436,0.26358726300262436,0.6153454107971159,0.43348914449159676,True,71
110.232155,78,154.354906,0.1476489528664766,0.1476489528664766,0.4354147614794239,0.6385977526319027,True,78
149.625834,56,154.396728,0.21549908914553007,0.21549908914553007,0.5691203756423576,0.44951766122489145,True,56
172.365011,66,154.444914,0.32211706682887636,0.32211706682887636,0.5100140217135565,0.43282896609618005,True,66
176.764888,77,154.503458,0.3594468170223701,0.3594468170223701,0.43254070948469614,0.5731447823594669,True,77
182.238521,61,154.549757,0.24233497522727618,0.24233497522727618,0.4322656612010523,0.5755876883943294,True,61
111.334252,48,154.591123,0.17707944677154278,0.17707944677154278,0.6648325594231348,0.44057161553561275,True,48
166.061594,61,154.63616,0.2204468961680656,0.2204468961680656,0.4671761977735175,0.4275524780903499,True,61
136.513666,58,154.681215,0.22448960704696053,0.22448960704696053,0.4276382146123421,0.7639049529396358,True,58
113.975067,51,154.720517,0.24069818811092977,0.24069818811092977,0.5638693830187383,0.4219058389452146,True,51
98.756692,66,154.770434,0.4395421107256575,0.4395421107256575,0.4247395893341733,0.8185335975097133,True,66
108.274502,73,154.821678,0.12532311907852334,0.12532311907852334,0.41252718867843796,0.69829545973243,True,73
174.092617,66,154.866956,0.26852432303064333,0.26852432303064333,0.422134976528301,0.5399390525640355,True,66
182.931305,69,154.915781,0.2429360648618125,0.2429360648618125,0.6726226179308368,0.427690360962009,True,69
125.999947,60,154.960684,0.1500312956083266,0.1500312956083266,0.47429002127682424,0.4412440346636888,True,60
156.340422,66,155.519808,0.3039239349302655,0.3039239349302655,0.4329373584885796,0.5641140216702893,True,66
127.039328,68,155.578319,0.31936954535607476,0.31936954535607476,0.4172147175449008,0.5197966526449058,True,68
153.570078,61,155.624445,0.2588050367701251,0.2588050367701251,0.42383233134022613,0.4132892986224408,True,61
138.044215,52,155.681218,0.18459658321970795,0.18459658321970795,0.5310212576093715,0.44914405906379345,True,52
137.120348,69,155.726152,0.36706174491578314,0.36706174491578314,0.45261723442289664,0.42680777867796177,True,69
206.152473,81,155.782323,0.2933690032556169,0.2933690032556169,0.43134577697416115,0.541489091791405,True,81
60.321151,53,155.820518,0.12129168476252736,0.12129168476252736,0.6885102549605286,0.42477973366654315,True,53
143.042423,67,155.870494,0.16787876560590909,0.16787876560590909,0.6552600302988366,0.4497185236129944,True,67
93.753637,49,155.905531,0.24581402110020786,0.24581402110020786,0.4358509400047064,0.8679370984973221,True,49
153.059367,63,155.952011,0.19233056081141273,0.19233056081141273,0.4266642888203354,0.7822728672468569,True,63
136.594409,63,156.001814,0.15782595839877425,0.15782595839877425,0.5663770919015061,0.4437025476578551,True,63
135.9814,74,156.055694,0.3754808710085631,0.3754808710085631,0.41732198842794954,0.5605853756834629,True,74
97.477815,87,156.116145,0.14580531545797284,0.14580531545797284,0.423292182059575,0.6124531679006368,True,87
149.393396,62,156.1598,0.31484740469474587,0.31484740469474587,0.4355822829564988,0.574307854011745,True,62
157.878503,52,156.197412,0.21290010055752762,0.21290010055752762,0.6328012976945083,0.41644736309008934,True,52
149.570757,55,156.238678,0.2127688442052786,0.2127688442052786,0.5301123894495492,0.43765773852926343,True,55
197.394709,92,156.310675,0.49132390428147193,0.49132390428147193,0.42407069860095126,0.944321541155895,True,92
109.716461,66,156.355246,0.13572358027818418,0.13572358027818418,0.5323018975456283,0.4435064765832812,True,66
105.504409,80,156.409268,0.0669596815907027,0.0669596815907027,0.6021118777210446,0.4497220514314027,True,80
37.641484,74,156.461487,-0.03382046459463259,-0.03382046459463259,0.6726077766593342,0.4236227470100412,True,74
157.026553,79,156.514335,0.2245173996603291,0.2245173996603291,0.4153928005766737,0.9032390132186954,True,79
159.557948,68,156.563165,0.25653274679089305,0.25653274679089305,0.4409350142877429,0.43808115790498325,True,68
167.734543,58,156.603109,0.2332261874987679,0.2332261874987679,0.4324360651732577,0.9868694911451912,True,58
227.902762,74,156.656097,0.27893845621861624,0.27893845621861624,0.42813334563810107,0.8099716288087305,True,74
130.660085,65,156.704648,0.26186557641225183,0.26186557641225183,0.46735408404272993,0.44862721189521587,True,65
94.984843,65,156.752804,0.10578979992365381,0.10578979992365381,0.43526482454513576,0.5161313115795166,True,65
178.497925,67,156.801838,0.20557247420939637,0.20557247420939637,0.6493845065538545,0.43859669581987276,True,67
122.960782,93,156.86896,0.11745151355294547,0.11745151355294547,0.43055356337699124,0.500296878054828,True,93
119.573956,54,156.908653,0.21754884333516092,0.21754884333516092,0.6584649000312378,0.441297228055343,True,54
108.405949,66,156.957595,0.33519067861785923,0.33519067861785923,0.5183784426643205,0.43671291544411617,True,66
137.372138,65,157.756859,0.31992274706669327,0.31992274706669327,0.42825679531932287,0.7882759665147597,True,65
171.106816,81,157.839879,0.2851026062904874,0.2851026062904874,0.4679532892681303,0.4423277326093838,True,81
191.686606,75,157.927266,0.24698355080020776,0.24698355080020776,0.4920746880546072,0.42227455770161826,True,75
138.557841,56,157.976661,0.21908520945069748,0.21908520945069748,0.6266963528840173,0.38963199405764254,True,56
102.540769,51,158.024217,0.1969799469817316,0.1969799469817316,0.4293716452751868,0.8839949118451054,True,51
181.14138,74,158.094822,0.28918035860105695,0.28918035860105695,0.42819752459812804,0.8078713150337148,True,74
190.828321,95,158.177035,0.4253277951055783,0.4253277951055783,0.4217504831647593,0.8331939311645847,True,95
128.017845,59,158.218284,0.2422838849039664,0.2422838849039664,0.5212114257555944,0.4229406270767454,True,59
172.96268,72,158.272407,0.20843746302522403,0.20843746302522403,0.4315956212901797,0.7004563097115479,True,72
190.324969,68,158.322588,0.2571337605936198,0.2571337605936198,0.6428111026558082,0.41927006732515715,True,68
195.399861,68,158.38437,0.29994966160508013,0.29994966160508013,0.42910830520547905,0.6678019110891212,True,68
164.254788,67,158.436652,0.2929461343288954,0.2929461343288954,0.5261007663219812,0.41258798531898894,True,67
75.510275,69,158.496085,0.2532030639730099,0.2532030639730099,0.5976029021500903,0.42090496505047365,True,69
116.657818,64,158.547943,0.35971035529787104,0.35971035529787104,0.5251677315867236,0.43147760098351495,True,64
150.727179,68,158.600935,0.34564752880641597,0.34564752880641597,0.4346794277978659,0.4774370186411841,True,68
176.725504,64,158.651679,0.25783731815013905,0.25783731815013905,0.516389572278349,0.44901679752342927,True,64
187.066736,74,158.704432,0.36334466260705955,0.36334466260705955,0.42845611905629044,0.7520648052077601,True,74
90.812258,51,158.761053,0.25513134597498077,0.25513134597498077,0.5985040636260557,0.4314414732737796,True,51
10.361495,67,158.828298,-0.06283661854274172,-0.06283661854274172,0.7207659749517258,0.4212244790308256,True,67
237.133096,79,158.903766,0.27197744196414964,0.27197744196414964,0.47806682891435665,0.43838702087941306,True,79
105.776582,103,158.987605,0.13248283911558356,0.13248283911558356,0.633491948323953,0.416052408396118,True,103
105.591861,50,159.024397,0.24685537788011203,0.24685537788011203,0.5918577785629767,0.4041751454812712,True,50
166.811636,67,159.070122,0.28498938634501436,0.28498938634501436,0.6337603452977146,0.44394104533776557,True,67
176.48845,60,159.111369,0.21672190228557076,0.21672190228557076,0.4229972655197677,0.5568853707181146,True,60
193.746184,73,159.159982,0.25449399634160336,0.25449399634160336,0.43609638371813686,0.7747759106979349,True,73
145.139577,60,159.202977,0.21392247423792973,0.21392247423792973,0.6275409920042161,0.43791231277155757,True,60
149.762017,55,159.245883,0.18981959426867803,0.18981959426867803,0.5245170971590597,0.44020875767204193,True,55
140.803736,59,159.287281,0.23956353897138813,0.23956353897138813,0.5540422594382389,0.39683920791361743,True,59
134.661004,68,159.338247,0.21655455869689713,0.21655455869689713,0.41954918902721977,0.5341869473794996,True,68
159.768069,61,159.381685,0.25946244115870093,0.25946244115870093,0.4291758795249043,0.5441229576260014,True,61
151.566793,57,159.419089,0.255034747323106,0.255034747323106,0.6692821698562335,0.42563172097001967,True,57
79.065872,75,160.106219,0.09274240008503296,0.09274240008503296,0.6950752212464741,0.435418133609936,True,75
194.818043,63,160.171753,0.2875532276004413,0.2875532276004413,0.43992182584451467,0.4464238405373995,True,63
163.697216,64,160.224652,0.2975393469385485,0.2975393469385485,0.5488444148681138,0.39571234103852393,True,64
27.027543,66,160.281261,-0.05614126037983015,-0.05614126037983015,0.4224712563381328,0.9586563024747242,True,66
117.651332,62,160.322575,0.20783798692660155,0.20783798692660155,0.42796833337368595,0.9975669672536566,True,62
119.045808,60,160.363051,0.3058078209171417,0.3058078209171417,0.596343152611263,0.4238755060099161,True,60
205.253743,74,160.415911,0.3317842312954287,0.3317842312954287,0.4319016865236894,0.44815645889614447,True,74
133.151619,51,160.448342,0.16847621565356882,0.16847621565356882,0.6609528160551662,0.4490507777629419,True,51
66.755105,57,160.487725,0.04861132095741373,0.04861132095741373,0.6880961587854152,0.4100545761697989,True,57
179.631668,68,160.533602,0.27455821059152125,0.27455821059152125,0.4247479881284858,0.8831076566119455,True,68
171.856742,61,160.575714,0.244283679429638,0.244283679429638,0.4971621740060708,0.4214137555703089,True,61
152.10688,59,160.617491,0.21157756551108942,0.21157756551108942,0.5134126052134601,0.4264082764688723,True,59
83.90916,49,160.650733,0.2584830470156182,0.2584830470156182,0.6420879476487636,0.4442885168668421,True,49
63.902669,94,160.713001,-0.07998599156323513,-0.07998599156323513,0.6057687330311953,0.42177078798641887,True,94
102.888613,54,160.751849,0.28264212318400556,0.28264212318400556,0.5140840463108082,0.44211265341596595,True,54
186.813327,60,160.791788,0.21281448835706956,0.21281448835706956,0.5437000031160133,0.4426216507741806,True,60
251.484755,80,160.843264,0.33161371449162513,0.33161371449162513,0.41826690222249396,0.7458845886275134,True,80
123.061625,49,160.876239,0.24255794560782595,0.24255794560782595,0.6236520944530736,0.43262502876727243,True,49
124.513211,59,160.916466,0.13771053594763252,0.13771053594763252,0.5689165408129327,0.4439137869141912,True,59
143.198999,58,160.957847,0.2923910528449043,0.2923910528449043,0.4268170268230227,0.6438853707368781,True,58
127.243349,61,161.000664,0.29750933482378705,0.29750933482378705,0.5179605461259219,0.43990502042344337,True,61
51.678294,98,161.070018,-0.18693277255692153,-0.18693277255692153,0.46687110094948436,0.4069069354918503,True,98
123.680194,50,161.105071,0.21156656106578767,0.21156656106578767,0.5957547331065066,0.42175109877756345,True,50
253.15012,83,161.159442,0.2859410852956335,0.2859410852956335,0.4327274226393906,0.5153970424854272,True,83
107.698182,47,161.19365,0.22463339830903703,0.22463339830903703,0.6346728322497092,0.4446406909973023,True,47
92.154802,60,161.237301,0.29782691233547604,0.29782691233547604,0.42337143855975756,0.644908411630014,True,60
154.635209,64,161.27928,0.21154346453460146,0.21154346453460146,0.425545920326144,0.4753595882051742,True,64
186.898799,69,161.332691,0.3142121660749028,0.3142121660749028,0.4339589076006303,0.9113746117700027,True,69
111.01583,68,161.378945,0.30702041399568336,0.30702041399568336,0.43139985382993074,0.7192159214651993,True,68
165.879945,59,161.418671,0.2620204762392842,0.2620204762392842,0.46659369596683753,0.4279240223541083,True,59
188.121316,69,161.468676,0.2515834972812548,0.2515834972812548,0.4172322258775143,0.8255563999556148,True,69
155.164178,55,161.50809,0.18888410489886537,0.18888410489886537,0.6092826362634097,0.43202498042012283,True,55
169.43645,63,162.148158,0.26263506256498825,0.26263506256498825,0.4178013921157715,0.5598916383855385,True,63
202.229792,72,162.227042,0.28120813873763745,0.28120813873763745,0.4348380979848886,0.5213530214563762,True,72
220.183177,90,162.310954,0.41538168679850723,0.41538168679850723,0.4358294609636351,0.6150186237322481,True,90
93.268506,52,162.346211,0.28766879563943076,0.28766879563943076,0.42541237859022935,0.5441041178677648,True,52
98.73217,65,162.3891,0.3625736859948715,0.3625736859948715,0.5249596218578507,0.4240933915128432,True,65
152.230946,68,162.440136,0.3470540185476809,0.3470540185476809,0.42221921247671307,0.7895553381236622,True,68
150.539459,67,162.485561,0.3525656777541401,0.3525656777541401,0.4338097801637347,0.5881083236749682,True,67
123.822747,71,162.53399,0.16179277588741664,0.16179277588741664,0.6733375222340662,0.42107433630116253,True,71
162.147253,60,162.577737,0.2427506683035098,0.2427506683035098,0.5401184058960207,0.4474376482312077,True,60
184.989194,64,162.627112,0.24965012984003,0.24965012984003,0.4282679920030526,0.49648083010080807,True,64
157.69005,72,162.674821,0.18711691072362763,0.18711691072362763,0.427655348752975,0.7395759495818087,True,72
173.626259,72,162.722541,0.2999215218316187,0.2999215218316187,0.42543065605459013,0.830696642120587,True,72
136.169535,69,162.767698,0.3595637308631751,0.3595637308631751,0.42490069793281415,0.7641971852718903,True,69
171.263157,81,162.821654,0.31315858718754747,0.31315858718754747,0.4341450835274622,0.9404084825853218,True,81
111.974681,60,162.861273,0.13423522622849468,0.13423522622849468,0.7003929111064764,0.4410394043540167,True,60
167.048867,75,162.915795,0.3503456803637969,0.3503456803637969,0.4321156755800906,0.5819451728657331,True,75
185.661373,64,162.958056,0.2500961123746741,0.2500961123746741,0.427183797809683,0.4425482958431372,True,64
178.441479,79,163.012724,0.31051619344392034,0.31051619344392034,0.4202310086107977,0.643841782047253,True,79
101.731392,48,163.043956,0.21161445771616114,0.21161445771616114,0.6764607652052773,0.43405406961515625,True,48
187.12651,72,163.091354,0.3604877643158265,0.3604877643158265,0.4535639749947297,0.43761325861300615,True,72
136.282493,75,163.14369,0.3291124683260521,0.3291124683260521,0.4260909138175575,0.7806080592161185,True,75
169.16334,67,163.197334,0.33960403720449406,0.33960403720449406,0.4330685500769845,0.4233081436339815,True,67
156.91,81,163.25564,0.3960838888018265,0.3960838888018265,0.4269211712774815,0.616012953122959,True,81
75.496726,62,163.296073,0.08322235721707463,0.08322235721707463,0.6381762954464086,0.4454666198464328,True,62
212.486689,68,163.343829,0.28675083767442644,0.28675083767442644,0.45323133818906275,0.41008291668201086,True,68
156.153774,63,163.386413,0.23790351510724528,0.23790351510724528,0.44553276746857334,0.41733042677663423,True,63
95.048896,69,163.434808,0.31795383787944764,0.31795383787944764,0.42105776185112387,0.8146425672012957,True,69
117.084963,52,163.471768,0.19421567956194777,0.19421567956194777,0.6773781407535403,0.44905093449964917,True,52
126.736778,49,163.504966,0.20941621323432844,0.20941621323432844,0.5951186240058891,0.3807939326347536,True,49
140.827373,81,163.561262,0.39445825082014585,0.39445825082014585,0.5129575205428545,0.41606031572574986,True,81
143.65102,58,164.132564,0.2619044144819142,0.2619044144819142,0.6064910626534659,0.4278498588828687,True,58
153.047565,63,164.184226,0.17610874956825912,0.17610874956825912,0.6168743123313136,0.4352558734275517,True,63
162.56072,57,164.25069,0.2461063086551894,0.2461063086551894,0.6030468678990695,0.43967902751584326,True,57
175.733923,67,164.319993,0.33606368608287807,0.33606368608287807,0.4394477672196781,0.40782301071619154,True,67
75.693401,56,164.355228,0.30389275372932173,0.30389275372932173,0.5931781204797874,0.43376199281438704,True,56
320.168907,105,164.429564,0.35223957530989336,0.35223957530989336,0.4210928777019248,0.7587508280840647,True,105
188.67446,69,164.479377,0.2518174563904991,0.2518174563904991,0.4909232853544534,0.39948992571378156,True,69
80.635758,46,164.51188,0.15285066885696508,0.15285066885696508,0.6607110730394345,0.424843866629673,True,46
165.219131,72,164.564562,0.18939841304029675,0.18939841304029675,0.47826188873264763,0.443330906201004,True,72
137.162004,54,164.602691,0.22414354372541517,0.22414354372541517,0.6334899044508435,0.41455868203701884,True,54
180.638599,61,164.646362,0.18686256094884546,0.18686256094884546,0.4389397976412032,0.4088818370537226,True,61
140.814158,59,164.689246,0.2841144948895244,0.2841144948895244,0.45096018267709737,0.43572409168984383,True,59
91.920604,58,164.73447,0.19580374279811755,0.19580374279811755,0.5526910326963959,0.4420696210007649,True,58
166.303416,79,164.792612,0.33890431286678807,0.33890431286678807,0.4336627589467635,0.8305969986989582,True,79
141.873209,53,164.830487,0.226692346762614,0.226692346762614,0.5791576878274353,0.42381047792947596,True,53
98.13602,59,164.86973,0.3434151947160934,0.3434151947160934,0.4118471668202281,0.6219981613051542,True,59
69.823721,65,164.914206,0.0769149028735236,0.0769149028735236,0.6983627432471669,0.43243811493814244,True,65
129.051555,59,164.957091,0.32851377514561125,0.32851377514561125,0.6421154881671037,0.4242860372609869,True,59
142.46904,76,165.012572,0.34084187189177445,0.34084187189177445,0.5422675811782034,0.4379937664678725,True,76
238.948272,84,165.075354,0.3645871595481782,0.3645871595481782,0.5832292402743048,0.4117410852203236,True,84
179.22548,66,165.123228,0.21776620771691077,0.21776620771691077,0.42187153514263726,0.742570370815056,True,66
264.432203,99,165.192946,0.3071592171897386,0.3071592171897386,0.41948605593822513,0.5962093241964027,True,99
254.393653,91,165.254774,0.29987572473269636,0.29987572473269636,0.41282991237892847,0.7567774357927227,True,91
180.216488,70,165.301472,0.20912456254333037,0.20912456254333037,0.4156201438788548,0.7551483990991941,True,70
108.126088,49,165.336672,0.17068889640980997,0.17068889640980997,0.4308178606665534,0.7508011334581705,True,49
169.504196,70,165.386998,0.348668460454312,0.348668460454312,0.41622505716084035,0.5593523034627499,True,70
121.620953,59,165.429867,0.2741053536457928,0.2741053536457928,0.5788945140637581,0.4251152204246724,True,59
179.122624,72,165.480936,0.29407704230983917,0.29407704230983917,0.4485320204320842,0.4308081857635235,True,72
57.833208,84,165.541989,-0.0011096052722445603,-0.0011096052722445603,0.6766583835243842,0.40145573513383614,True,84
159.532279,66,165.585654,0.20758430754664933,0.20758430754664933,0.4254737084737627,0.9075264465138639,True,66
187.450948,79,166.299234,0.25457232875199315,0.25457232875199315,0.4308081603528627,0.9685417347444034,True,79
123.32969,56,166.353484,0.2220876841083039,0.2220876841083039,0.42144097935263325,0.9203954021598395,True,56
167.391672,63,166.407797,0.24875379936703895,0.24875379936703895,0.4210617128050472,0.45471366997517526,True,63
155.743993,62,166.478146,0.3045154170616803,0.3045154170616803,0.4189532054678916,0.6082775151789274,True,62
172.263135,70,166.525976,0.19782448564048835,0.19782448564048835,0.42137557948673476,0.7088888841952692,True,70
211.985368,74,166.579349,0.28800627313872007,0.28800627313872007,0.42667939631048185,0.6550959355916764,True,74
162.506453,64,166.626157,0.2868329522483027,0.2868329522483027,0.4310461121369619,0.5618831908554687,True,64
191.477804,73,166.681489,0.3671896522649746,0.3671896522649746,0.428799177371264,0.4581944747797368,True,73
88.33228,65,166.726087,0.3909745769156409,0.3909745769156409,0.42223803047319175,0.716879541566167,True,65
125.5229,70,166.773504,0.23057789297956394,0.23057789297956394,0.43500957850455296,0.4322961914499709,True,70
145.367642,60,166.81423,0.30711806993044505,0.30711806993044505,0.42575136569239963,0.44823933505003677,True,60
129.778306,64,166.860284,0.28488826808784534,0.28488826808784534,0.4186295417680891,0.6902630906624219,True,64
147.933493,72,166.911968,0.18276585409472565,0.18276585409472565,0.4237182625008618,0.8603219453728528,True,72
160.738449,74,166.981673,0.2890037045176638,0.2890037045176638,0.4242292284292901,0.8433364429984804,True,74
139.8431,73,167.034941,0.21299551065600691,0.21299551065600691,0.41970955877407007,0.8629258591219048,True,73
142.453947,78,167.09093,0.2580226318281744,0.2580226318281744,0.4348938320562901,0.5206673467739679,True,78
28.856947,94,167.161047,-0.03553643729016823,-0.03553643729016823,0.42586035962017055,0.840770404947376,True,94
112.254523,65,167.206933,0.3380571705570578,0.3380571705570578,0.5218467838566655,0.4333308483161553,True,65
159.998093,69,167.258295,0.29441010192103184,0.29441010192103184,0.43471212416389565,0.7218505366816922,True,69
159.440513,63,167.302778,0.2473540929324795,0.2473540929324795,0.43344656206388354,0.8338785494483846,True,63
174.305102,91,167.370673,0.3009595490087506,0.3009595490087506,0.4244474282582137,0.6590870159142822,True,91
156.760676,59,167.414209,0.25536591761681143,0.25536591761681143,0.5783996189750836,0.4424280708916526,True,59
147.579907,70,167.461053,0.3189427619607625,0.3189427619607625,0.417650934191644,0.4371161573667834,True,70
145.687122,54,167.501571,0.2550622341469964,0.2550622341469964,0.5965392726879615,0.4258937036606786,True,54
146.764265,58,167.544407,0.17771712670590362,0.17771712670590362,0.5959191895842786,0.4490300493275638,True,58
131.712234,57,167.585065,0.29413147258679817,0.29413147258679817,0.5768743426714338,0.4326177379374483,True,57
124.025116,60,167.628935,0.28188042230210475,0.28188042230210475,0.4333265034855694,0.7029921623508336,True,60
166.434139,61,167.673604,0.23203901098043397,0.23203901098043397,0.42755418666189565,0.8851142826047009,True,61
131.55403,53,167.710447,0.2668255811001465,0.2668255811001465,0.6416438142763626,0.4386728297309984,True,53
176.078375,62,167.75387,0.24710625359012908,0.24710625359012908,0.4220664725107253,0.8886582289096205,True,62
137.887285,62,167.795853,0.17787026292553454,0.17787026292553454,0.4315086720468496,0.5151766466888164,True,62
160.25897,61,168.268928,0.2886091838842419,0.2886091838842419,0.42605593232255773,0.7661121409493912,True,61
183.302173,67,168.334146,0.2910778448374683,0.2910778448374683,0.4127952138538767,0.7744653620366213,True,67
217.74766,71,168.404296,0.24412101914312218,0.24412101914312218,0.4383089268400819,0.44497381932445806,True,71
73.397436,66,168.459625,0.09237832616077744,0.09237832616077744,0.6964845617209687,0.4487891237850713,True,66
101.1882,70,168.506093,0.29639090978357346,0.29639090978357346,0.4326156560855882,0.9718871042688149,True,70
117.342966,71,168.559551,0.14791534785571736,0.14791534785571736,0.4290587472472905,0.865812159573088,True,71
103.255408,57,168.603741,0.28401714618276813,0.28401714618276813,0.42526230709435775,0.9300115581448705,True,57
93.8374,67,168.651085,0.1583117023894681,0.1583117023894681,0.5900065361387145,0.42508128738125045,True,67
208.315934,71,168.703512,0.3282515138656477,0.3282515138656477,0.43008430371543993,0.4469914973571592,True,71
116.176599,53,168.741445,0.2586894726555637,0.2586894726555637,0.42175967152239335,0.6585887043021753,True,53
147.912296,56,168.78127,0.19475196145161108,0.19475196145161108,0.6999563771061305,0.4098539211435678,True,56
247.354172,96,168.854037,0.3614769162049111,0.3614769162049111,0.4235797235392638,0.9206323213520289,True,96
219.6198,77,168.910053,0.3184510206627158,0.3184510206627158,0.42963649949360266,0.6923409610685817,True,77
221.602495,83,168.969658,0.24850922908950596,0.24850922908950596,0.42223030922926463,0.5745973929966832,True,83
122.347406,53,169.007096,0.24900294418137667,0.24900294418137667,0.55351584545307,0.44973590205344705,True,53
155.697427,56,169.046901,0.21601297018627275,0.21601297018627275,0.6378293871561186,0.4075660337658395,True,56
107.942492,69,169.100357,0.336927086542073,0.336927086542073,0.42732535431643803,0.7112229956455869,True,69
206.209629,73,169.152978,0.2662424014235869,0.2662424014235869,0.41562776665168044,0.5626113198754821,True,73
108.60071,61,169.198735,0.2860566384120917,0.2860566384120917,0.6133446704687503,0.43430101508831176,True,61
169.377628,67,169.246542,0.2954244077381711,0.2954244077381711,0.4652683354758878,0.4231007898447143,True,67
168.85897,63,169.290255,0.22061726614873123,0.22061726614873123,0.42273799560065445,0.6414035527399287,True,63
132.593459,79,169.347815,0.08546693731850907,0.08546693731850907,0.43602538186125156,0.8410298596795642,True,79
50.670967,61,169.391614,0.2696186983582149,0.2696186983582149,0.42170239864084447,0.9998609884539902,True,61
149.326643,84,169.450195,0.48490044693424394,0.48490044693424394,0.4311111334083211,0.6367745384669621,True,84
121.107647,51,169.490231,0.2423591329200313,0.2423591329200313,0.6155565914132339,0.434117460564313,True,51
169.127354,65,169.536994,0.2800360692647174,0.2800360692647174,0.4269799030582118,0.7757541410212276,True,65
27.355501,81,169.595478,-0.08541169341970405,-0.08541169341970405,0.4177413566252023,0.9967905361578254,True,81
166.482106,58,169.637267,0.21435852764716168,0.21435852764716168,0.5963188431208619,0.4474023116622702,True,58
126.281029,65,169.68491,0.33994842605276576,0.33994842605276576,0.42896234589988635,0.4956469596209789,True,65
132.613818,59,169.726341,0.29416165237876246,0.29416165237876246,0.5428680167034692,0.44608446789102096,True,59
138.677697,67,170.391437,0.17625542231488014,0.17625542231488014,0.6044729929460615,0.44791851671645483,True,67
119.359531,68,170.452704,0.34844047248918975,0.34844047248918975,0.42998052924484687,0.4804213319801159,True,68
194.644099,71,170.519461,0.2927184401693329,0.2927184401693329,0.45760755324744884,0.4488003232210936,True,71
198.066198,64,170.588459,0.2330593426069123,0.2330593426069123,0.4559411527499224,0.42689214591006575,True,64
167.760705,67,170.634148,0.30441290442821095,0.30441290442821095,0.6295294730533155,0.41378059120509403,True,67
198.056488,82,170.691883,0.2859586519231207,0.2859586519231207,0.5208958286542281,0.43821205549827674,True,82
200.563126,78,170.74496,0.34553811627593495,0.34553811627593495,0.42321064231065025,0.9209011654468147,True,78
51.086597,64,170.790907,0.07417311003693704,0.07417311003693704,0.6392920628927876,0.4188201008615391,True,64
117.627963,47,170.822389,0.17344495403390014,0.17344495403390014,0.6406906272492682,0.4378915195126721,True,47
154.161898,62,170.865108,0.21787081067378303,0.21787081067378303,0.5692618715291426,0.42474171371736247,True,62
133.707955,66,170.91202,0.29026117507968807,0.29026117507968807,0.41529871850695443,0.5864187076274677,True,66
199.873608,87,170.973253,0.43731454537570347,0.43731454537570347,0.4247675687893125,0.4782877813360602,True,87
205.551242,66,171.022101,0.2573924017562234,0.2573924017562234,0.4281339902567489,0.4899643462258159,True,66
144.55921,54,171.059539,0.21318783573144243,0.21318783573144243,0.6628332050662752,0.409423558997214,True,54
181.897549,71,171.107503,0.351901256450399,0.351901256450399,0.5857052289609694,0.39785435844947115,True,71
143.330779,61,171.149056,0.23224376629380983,0.23224376629380983,0.5670872776739729,0.4273164060785052,True,61
174.255421,65,171.195212,0.2529761410800221,0.2529761410800221,0.42816031479895744,0.9383048794808985,True,65
199.519572,63,171.24175,0.2590444970563205,0.2590444970563205,0.49383680842895583,0.4274829320090411,True,63
223.935705,68,171.29063,0.25295013934769744,0.25295013934769744,0.5440840219957302,0.4490060883577402,True,68
152.62568,74,171.340166,0.34975222817888896,0.34975222817888896,0.4299446897158533,0.7476074610560852,True,74
206.331923,76,171.39269,0.23001167327612662,0.23001167327612662,0.4360766999765848,0.9826721601484941,True,76
153.416326,71,171.438185,0.28392694264304374,0.28392694264304374,0.5441813913099284,0.4215340950950046,True,71
185.2753,70,171.489703,0.19947982486328342,0.19947982486328342,0.47628234856472024,0.40222844721925727,True,70
163.092723,69,171.535572,0.33692610988702365,0.33692610988702365,0.5658924187845855,0.4355318378416202,True,69
167.182551,68,171.583981,0.18821595830412002,0.18821595830412002,0.4298105244315714,0.9309003077901097,True,68
154.776663,63,171.628124,0.17296540309023448,0.17296540309023448,0.4234639242314837,0.833573315436755,True,63
59.422056,74,171.677927,-0.10870978660536913,-0.10870978660536913,0.6554696428856274,0.4302875665239762,True,74
150.433285,74,171.738515,0.20240822317585608,0.20240822317585608,0.4140766405478484,0.8800561125026991,True,74
258.943833,88,171.805066,0.28397321924582003,0.28397321924582003,0.42849238522667826,0.4337599707081721,True,88
170.638291,67,171.855801,0.2103121529215617,0.2103121529215617,0.6799311653878033,0.43230753457744114,True,67
127.831657,65,172.4425,0.3513454597069335,0.3513454597069335,0.49958620378106255,0.4077534794697979,True,65
128.441125,79,172.522928,0.1929713600369821,0.1929713600369821,0.6312946213618201,0.4485075813719803,True,79
107.993498,76,172.607965,0.39047258903313753,0.39047258903313753,0.41779762982169355,0.43259681573490577,True,76
67.943675,97,172.675938,-0.22997355605235612,-0.22997355605235612,0.424117708695814,0.8378822823097877,True,97
103.581894,70,172.722157,0.30718196555038446,0.30718196555038446,0.5627571358556279,0.4150186087978791,True,70
184.462394,66,172.766566,0.2855285235726478,0.2855285235726478,0.432983064807316,0.555436372083938,True,66
152.173141,66,172.815027,0.20291011530451702,0.20291011530451702,0.42670035898201825,0.4676181415807755,True,66
89.104079,48,172.848413,0.193859411244742,0.193859411244742,0.42251080983658124,0.9211301515885308,True,48
148.21287,55,172.889725,0.19765566715576846,0.19765566715576846,0.43561863209401175,0.45966118343651907,True,55
106.45925,58,172.931656,0.1524736457705831,0.1524736457705831,0.4333635150874303,0.5958301260939622,True,58
131.910535,74,172.988762,0.3818246718110139,0.3818246718110139,0.42782172152894815,0.7172514848896938,True,74
196.053557,76,173.043728,0.3435514429470545,0.3435514429470545,0.4320764170140917,0.6309393100291628,True,76
225.653155,73,173.094015,0.3007344772865129,0.3007344772865129,0.41680276923058623,0.5256501655829239,True,73
196.319953,74,173.14599,0.2559261450225603,0.2559261450225603,0.6005808221414228,0.4410423431458635,True,74
142.769895,61,173.187321,0.275372901436581,0.275372901436581,0.4201568800565991,0.6918418612161271,True,61
168.878722,62,173.230125,0.2619544737847936,0.2619544737847936,0.6501227238593427,0.4202981575488218,True,62
204.191451,74,173.284343,0.2613536502677159,0.2613536502677159,0.4135534017294479,0.48320707111721684,True,74
116.359793,48,173.316994,0.19530519376826438,0.19530519376826438,0.4185820085943099,0.6374598505772057,True,48
240.6326,75,173.370823,0.29854214804424856,0.29854214804424856,0.42119320296314217,0.7337860140026582,True,75
150.793836,58,173.411692,0.20076729209968694,0.20076729209968694,0.5304647048401926,0.42199883006046135,True,58
185.892956,89,173.474092,0.42767600063843864,0.42767600063843864,0.46616216987615244,0.4342115747510773,True,89
239.54419,80,173.529614,0.2509166682351431,0.2509166682351431,0.43288799817873436,0.5214122173022857,True,80
189.585337,70,173.577339,0.24729137676895807,0.24729137676895807,0.49501240786420614,0.38894150499361047,True,70
210.912242,81,173.637746,0.35807681552114423,0.35807681552114423,0.44820268509711136,0.42259224137881624,True,81
173.32083,87,173.702513,0.4091946173841512,0.4091946173841512,0.42603195607284433,0.8233890018690876,True,87
158.766654,61,173.74676,0.2644698336004293,0.2644698336004293,0.5635366752294859,0.43406518677547146,True,61
139.687381,61,173.788039,0.28771158072162223,0.28771158072162223,0.4188277306725008,0.5689179495954375,True,61
153.571809,92,173.851848,0.4645429143755933,0.4645429143755933,0.43389361756758843,0.6503746522293217,True,92
152.007589,58,173.89251,0.29555051425518325,0.29555051425518325,0.43068922786257147,0.7057870575233114,True,58
170.527738,67,174.542967,0.32742320280396797,0.32742320280396797,0.563389156168985,0.43164975437870057,True,67
132.509608,55,174.599898,0.22602621175446602,0.22602621175446602,0.6467270308634718,0.44714434395668623,True,55
239.097398,95,174.68256,0.4412406888172053,0.4412406888172053,0.4249448894191409,0.47371344569304413,True,95
12.77226,81,174.751251,-0.23062748157572827,-0.23062748157572827,0.648870323255137,0.42499930911929723,True,81
206.500431,70,174.799226,0.2198149758104934,0.2198149758104934,0.42932968137919203,0.4973386067607772,True,70
164.315531,64,174.840377,0.22809114387315751,0.22809114387315751,0.5020649797032863,0.4365718217395186,True,64
130.793621,57,174.878283,0.29325800010322756,0.29325800010322756,0.5833371177560376,0.43430553580842113,True,57
208.929264,77,174.928691,0.2938164875853207,0.2938164875853207,0.5511947420083559,0.44406974315238973,True,77
65.122148,56,174.975659,0.30867808362947924,0.30867808362947924,0.4209216621657024,0.9072306869548521,True,56
163.494771,67,175.031471,0.2100994775727745,0.2100994775727745,0.51932671981305,0.4408294446814057,True,67
159.446439,64,175.074751,0.21979781311216834,0.21979781311216834,0.579650057946069,0.4299597473780754,True,64
170.263569,74,175.131283,0.33819452513173626,0.33819452513173626,0.4338573432338354,0.6078842853579531,True,74
102.333542,62,175.18222,0.36208258937236626,0.36208258937236626,0.43298441231080464,0.5456909742146967,True,62
117.675173,64,175.231321,0.11854319227999786,0.11854319227999786,0.42547717547527325,0.6426494446440836,True,64
135.533538,65,175.273987,0.3252851614587095,0.3252851614587095,0.6041320917527087,0.4375080222574984,True,65
135.154792,68,175.320298,0.3680467731398945,0.3680467731398945,0.4450489458502761,0.40342975950617666,True,68
160.912603,101,175.393544,0.19561959471550225,0.19561959471550225,0.42388449798937317,0.5294473906069863,True,101
143.735889,62,175.43742,0.18745106044077053,0.18745106044077053,0.41678460002807977,0.5509607801627198,True,62
120.430655,63,175.479745,0.3045836754217044,0.3045836754217044,0.5472835903125736,0.4494091232222406,True,63
175.550179,89,175.544109,0.3941663693052989,0.3941663693052989,0.4835448373793818,0.4230594747736483,True,89
250.019673,99,175.613378,0.39112339849001804,0.39112339849001804,0.4277318092186537,0.7891438610903438,True,99
210.513454,79,175.666367,0.25450882386480955,0.25450882386480955,0.42037841052518954,0.7609645239644977,True,79
213.814053,82,175.725466,0.29890422928621396,0.29890422928621396,0.4303997027012153,0.44475682414769285,True,82
119.103294,64,175.76984,0.228369769849843,0.228369769849843,0.42679240158684484,0.8143655580506053,True,64
129.312219,61,175.807194,0.32513730050040246,0.32513730050040246,0.4417290887861669,0.43117932349764954,True,61
137.84577,61,175.853208,0.22000239593199528,0.22000239593199528,0.4341688122647397,0.5092867061758019,True,61
119.249873,74,175.904767,0.36956696608932094,0.36956696608932094,0.4552623859756403,0.4396033370918207,True,74
156.124511,66,175.949389,0.29210096869742713,0.29210096869742713,0.48115305822365817,0.43958673160183337,True,66
160.690277,74,176.00069,0.275910936547239,0.275910936547239,0.49446579337925906,0.4278897430700016,True,74
145.287374,61,176.788262,0.27272371282106167,0.27272371282106167,0.6402280071000638,0.4360320679397462,True,61
179.928726,71,176.864544,0.20162765203151894,0.20162765203151894,0.4338598759081675,0.5984012747201554,True,71
218.518079,73,176.942812,0.2820788033082306,0.2820788033082306,0.4179846246485141,0.7821031126255736,True,73
84.865567,48,176.979199,0.19835856963409706,0.19835856963409706,0.7023879982795357,0.44837873718421634,True,48
185.954687,71,177.030006,0.33626617597477326,0.33626617597477326,0.42737967700301527,0.6266284013232253,True,71
260.933513,79,177.081804,0.33926078992244757,0.33926078992244757,0.5536796135592617,0.4435160288996686,True,79
180.615915,80,177.136032,0.19958733372858264,0.19958733372858264,0.5394203676995589,0.4364264468897503,True,80
143.187451,72,177.186346,0.3793221899408519,0.3793221899408519,0.4261006602463602,0.6836937885174443,True,72
185.55574,94,177.246459,0.5144024226323601,0.5144024226323601,0.4344978985533055,0.7423213446321644,True,94
203.534759,86,177.306322,0.3682423678828006,0.3682423678828006,0.43172124453044475,0.5059665120672024,True,86
146.847691,57,177.342582,0.20800604286015162,0.20800604286015162,0.4126902602026776,0.6987605854491832,True,57
99.07918,75,177.398201,0.31951019898355837,0.31951019898355837,0.4237800981485536,0.8045372619966088,True,75
150.829835,62,177.440531,0.29196039301037835,0.29196039301037835,0.4303317851267313,0.4477954186226449,True,62
123.547046,69,177.487724,0.3159892565976958,0.3159892565976958,0.581786022982747,0.44763733610255724,True,69
170.04711,69,177.535645,0.27619825098617795,0.27619825098617795,0.46434390598456315,0.43152628616381855,True,69
219.015467,75,177.585456,0.29783290095087545,0.29783290095087545,0.41889094224717005,0.8023811241276317,True,75
231.746557,78,177.638546,0.2881324792931683,0.2881324792931683,0.41728442565046425,0.6269878580654553,True,78
151.259483,58,177.675478,0.2694905825421121,0.2694905825421121,0.41911424082304527,0.49342244128930557,True,58
186.072276,86,177.733726,0.4420180257381572,0.4420180257381572,0.42784125090273706,0.5827967363622439,True,86
161.820258,74,177.782309,0.3506622478011592,0.3506622478011592,0.4359429708514266,0.8617917478591667,True,74
122.470443,71,177.831569,0.33377087415250933,0.33377087415250933,0.4790393136843779,0.429290200784409,True,71
174.0315,76,177.881921,0.21354375219720906,0.21354375219720906,0.41460082738841275,0.6584311326036373,True,76
164.441014,61,177.92315,0.2953726858443389,0.2953726858443389,0.4290765545792133,0.8804594832200052,True,61
172.023052,65,177.971003,0.26630332103044685,0.26630332103044685,0.6147538855972331,0.43286614020246106,True,65
231.518142,78,178.024092,0.29512634867623844,0.29512634867623844,0.41918904515005134,0.8841986784133622,True,78
145.139388,54,178.062352,0.17846759737356904,0.17846759737356904,0.43410271139570755,0.7991862537924934,True,54
172.018804,91,178.122009,0.472562911337223,0.472562911337223,0.4259012035013214,0.5581081474106123,True,91
266.497221,78,178.180201,0.2802246152790955,0.2802246152790955,0.43093763464698215,0.6322955129415392,True,78
190.753957,77,178.236987,0.32650798852606316,0.32650798852606316,0.4332600120495658,0.8236950340508986,True,77
106.207105,66,178.7592,0.3980913950635618,0.3980913950635618,0.4364660464366886,0.41672985779693344,True,66
211.474901,95,178.8552,0.38053844282921695,0.38053844282921695,0.430555675336876,0.8888976677270506,True,95
180.371498,70,178.914028,0.2066791040352715,0.2066791040352715,0.6667475389030585,0.4471333894002477,True,70
108.394514,50,178.945879,0.1788378515162294,0.1788378515162294,0.43003387999377185,0.8821620094232389,True,50
187.593391,73,178.993144,0.3035702899078567,0.3035702899078567,0.6052079481080487,0.4377717340864976,True,73
148.683991,71,179.04364,0.32942933100040617,0.32942933100040617,0.4195997664827015,0.4870980043950439,True,71
115.06254,92,179.108858,0.15398017614017961,0.15398017614017961,0.7058139962417308,0.4443423699414303,True,92
183.184948,68,179.153039,0.26554802615217465,0.26554802615217465,0.6562635256298195,0.4494151214920632,True,68
142.956017,70,179.203472,0.3811294104136974,0.3811294104136974,0.43212308336542626,0.7511499769454802,True,70
229.873624,84,179.258044,0.3219952985742876,0.3219952985742876,0.5159090450180238,0.4120764115444458,True,84
171.837003,78,179.311252,0.3838729578966185,0.3838729578966185,0.43449825414473753,0.5373454765646746,True,78
157.946163,80,179.365117,0.18729698793504634,0.18729698793504634,0.493871992111608,0.4179200595406297,True,80
244.757883,84,179.426927,0.3146174718518513,0.3146174718518513,0.43234757860997475,0.5875066155738622,True,84
145.148033,62,179.470595,0.22131809822126475,0.22131809822126475,0.47324029235607135,0.43919649020628393,True,62
157.08283,55,179.507788,0.2261160115882163,0.2261160115882163,0.5062474556898948,0.417458455149903,True,55
194.266925,95,179.573728,0.29960777626771656,0.29960777626771656,0.43480799284498906,0.6128626627613305,True,95
135.4973,80,179.634278,0.4175161100897491,0.4175161100897491,0.43583004231468814,0.46355860799070786,True,80
142.741864,76,179.684701,0.4036121724732697,0.4036121724732697,0.4343622261057994,0.5240206639134087,True,76
192.714813,68,179.729869,0.29544202595581076,0.29544202595581076,0.4224968144097504,0.9798657689582188,True,68
135.62558,58,179.769393,0.26241208115439807,0.26241208115439807,0.6719353520437501,0.4427841609797864,True,58
140.152995,61,179.810918,0.3199193415637242,0.3199193415637242,0.4970133812365066,0.42921971499524014,True,61
227.860221,73,179.861447,0.2647490767374162,0.2647490767374162,0.42631209035661166,0.5550755149942201,True,73
172.344137,69,179.911308,0.29600075361349715,0.29600075361349715,0.41909632742747005,0.8167387539951276,True,69
176.685389,71,179.961946,0.22351362672852707,0.22351362672852707,0.6100256205076295,0.41686345455854484,True,71
227.444344,77,180.01344,0.24899201707832777,0.24899201707832777,0.5785414710598729,0.44341591893549265,True,77
98.05094,62,180.058657,0.2174725246014608,0.2174725246014608,0.6063831425276343,0.4480621391774064,True,62
146.648996,65,180.103502,0.18431026788949734,0.18431026788949734,0.6431555110779986,0.42657807849200957,True,65
123.50028,64,180.143907,0.3440407443268844,0.3440407443268844,0.5829066398314594,0.44588357344010965,True,64
165.438872,68,180.812302,0.3466390752873902,0.3466390752873902,0.42455738442668234,0.45572063395219,True,68
125.411495,60,180.863188,0.2348939877317238,0.2348939877317238,0.611356003973441,0.44301732284037115,True,60
200.969886,85,180.953236,0.3432814604458645,0.3432814604458645,0.42410205194400385,0.55514091027145,True,85
206.663329,86,181.018982,0.3593635467570048,0.3593635467570048,0.42852580413079644,0.6979758674850509,True,86
140.023738,67,181.064511,0.3195990986924492,0.3195990986924492,0.431536572374271,0.8879381642911484,True,67
127.790392,66,181.110444,0.3335515310851801,0.3335515310851801,0.43224396392486636,0.6569080000479222,True,66
99.103424,71,181.163019,0.30174621303535054,0.30174621303535054,0.4316663408730738,0.6590549857204654,True,71
77.940677,55,181.205746,0.17053376479655438,0.17053376479655438,0.4196318540209702,0.7746315810588486,True,55
125.458258,49,181.240738,0.22378808758290264,0.22378808758290264,0.503436155171488,0.4175450457351128,True,49
171.067389,71,181.289902,0.2698312172717849,0.2698312172717849,0.426194122110245,0.7227649576500974,True,71
190.333108,87,181.350581,0.20733760834824597,0.20733760834824597,0.6719587494663183,0.4317382164589979,True,87
164.873799,69,181.399114,0.3217783547315452,0.3217783547315452,0.428480612354347,0.7616608841470148,True,69
103.673448,69,181.448674,0.36401196997777274,0.36401196997777274,0.49296124895441257,0.4408580791298736,True,69
132.963972,67,181.49474,0.3306988406479481,0.3306988406479481,0.5214498478410361,0.4365902765556721,True,67
117.672006,50,181.528527,0.24021642254650857,0.24021642254650857,0.5322880472526934,0.4459516163455852,True,50
113.978986,97,181.595309,0.08998028043171662,0.08998028043171662,0.42688477772200994,0.4348822507278155,True,97
177.766241,95,181.660371,0.3860223775031955,0.3860223775031955,0.42942071216081035,0.94594155289913,True,95
172.933316,66,181.704652,0.21801027845639043,0.21801027845639043,0.5574727647131922,0.4491522584277361,True,66
210.030139,72,181.756447,0.2993745373345788,0.2993745373345788,0.5922136445837332,0.44952913087683033,True,72
187.336885,63,181.800096,0.25688041165127207,0.25688041165127207,0.4299793785760154,0.521647885602271,True,63
196.697623,68,181.847085,0.28605484861281105,0.28605484861281105,0.596772850567312,0.4399121813410117,True,68
230.978618,74,181.898403,0.3027489596852073,0.3027489596852073,0.5279668427251619,0.4329915935882824,True,74
154.125049,57,181.939992,0.272570359628573,0.272570359628573,0.487379178879266,0.41286613564267466,True,57
173.832548,69,181.985936,0.31208338377020456,0.31208338377020456,0.523288293814772,0.44818751336288154,True,69
74.066223,66,182.029289,0.1388208224215787,0.1388208224215787,0.5405307362072774,0.44805095705724224,True,66
63.855143,65,182.072622,0.061450972698203946,0.061450972698203946,0.6518123078462243,0.4019098418506175,True,65
136.112286,53,182.109924,0.20426715741356236,0.20426715741356236,0.5929671936397998,0.40311032004143377,True,53
164.10056,69,182.156768,0.20738929392444846,0.20738929392444846,0.4294980775400004,0.6089664976227448,True,69
180.680595,75,182.211432,0.3140341012199935,0.3140341012199935,0.43101301785558993,0.6513026497941129,True,75
228.699908,89,182.807188,0.36098018759333605,0.36098018759333605,0.414788689075121,0.5054894392269166,True,89
155.427127,79,182.867713,0.4417057907036625,0.4417057907036625,0.42318400453859034,0.4523132420924987,True,79
183.844791,85,182.947754,0.1536403031039876,0.1536403031039876,0.4511967309186624,0.4429827641065354,True,85
143.905454,70,183.003207,0.3019704497591905,0.3019704497591905,0.43105158716807307,0.4552489549841454,True,70
129.648318,83,183.05759,0.527423480805621,0.527423480805621,0.4201001085073741,0.7659813607953756,True,83
200.604782,75,183.110657,0.3182866153736622,0.3182866153736622,0.4317326423426587,0.48821466775496747,True,75
169.538997,60,183.14917,0.2529596843399769,0.2529596843399769,0.4312632607565895,0.6383033057039191,True,60
188.366695,85,183.212192,0.38225984034799987,0.38225984034799987,0.431903637852532,0.8004680347109668,True,85
160.716351,70,183.261751,0.30270042489867494,0.30270042489867494,0.42984995744469684,0.8914939516565157,True,70
131.760635,54,183.298545,0.23769415288165252,0.23769415288165252,0.5050862853949639,0.437057893510306,True,54
233.416647,76,183.351933,0.333823592732235,0.333823592732235,0.4590350390888157,0.4371962288166461,True,76
147.243394,62,183.394849,0.2610441374144604,0.2610441374144604,0.422294029961055,0.9097886086774538,True,62
177.670483,76,183.448612,0.3004158658107372,0.3004158658107372,0.43374380405411667,0.5192318366251565,True,76
157.098661,78,183.503158,0.41938670536602246,0.41938670536602246,0.42149451694279444,0.5318234316908647,True,78
162.212151,58,183.541509,0.22632994039211854,0.22632994039211854,0.4191738666673915,0.8611994120677473,True,58
268.769429,97,183.610871,0.32726934287795456,0.32726934287795456,0.42348356225144007,0.4616200799231318,True,97
167.123901,67,183.658042,0.21662255038246292,0.21662255038246292,0.43218903936791886,0.8135278133145585,True,67
159.826118,73,183.706978,0.3941806469193668,0.3941806469193668,0.42358881115968106,0.5518342147647755,True,73
146.566189,52,183.744808,0.19364224452564585,0.19364224452564585,0.6188990602502841,0.44914615887789566,True,52
137.6678,71,183.792816,0.1839510809869998,0.1839510809869998,0.5041620775172149,0.44543610441185466,True,71
167.037443,63,183.834924,0.24702721212592219,0.24702721212592219,0.4264387976081429,0.4667666455120034,True,63
164.211202,66,183.88587,0.20185686276749046,0.20185686276749046,0.5468549234910648,0.4385977735737321,True,66
166.945352,64,183.925931,0.24576061598443674,0.24576061598443674,0.4227444351269047,0.8379166817094431,True,64
169.047562,60,183.96579,0.2546568448732421,0.2546568448732421,0.6178927340577263,0.4430707545412751,True,60
154.787682,85,184.029499,0.30177142773721183,0.30177142773721183,0.4206772930796261,0.6310391828568618,True,85
195.763565,72,184.07919,0.3054764803202523,0.3054764803202523,0.42800229490612324,0.9877377924986293,True,72
154.992735,74,184.131792,0.38041820511292673,0.38041820511292673,0.42057025120202235,0.6737761625013607,True,74
128.398533,47,184.162176,0.2206461143715926,0.2206461143715926,0.6888423524052653,0.4394989875153542,True,47
168.563782,84,184.226725,0.41725755209488813,0.41725755209488813,0.43533987843907285,0.893999266571087,True,84
148.544887,69,184.670432,0.3483419198341227,0.3483419198341227,0.5487370569038503,0.44991715056765286,True,69
200.637327,77,184.73154,0.23069863296114182,0.23069863296114182,0.6371076113912483,0.4447702413753829,True,77
133.650377,76,184.792541,0.16005256527778627,0.16005256527778627,0.48841201804863255,0.40970207659074215,True,76
135.997482,51,184.846832,0.20002886323781555,0.20002886323781555,0.5125280798077321,0.4257439412210785,True,51
184.41556,76,184.896429,0.2831218545446298,0.2831218545446298,0.4315563585814259,0.9897284026413825,True,76
195.062231,60,184.93595,0.23176309000334946,0.23176309000334946,0.4338862199267368,0.9531112375658827,True,60
192.903855,84,184.990101,0.2623259752013151,0.2623259752013151,0.6054785006908138,0.44638316578479664,True,84
159.149987,74,185.038685,0.37139875084402385,0.37139875084402385,0.43491500647074405,0.7183549807484458,True,74
177.803983,65,185.082738,0.2603132862652934,0.2603132862652934,0.4232689767272688,0.6404643733087347,True,65
204.980432,66,185.126587,0.2760147104023322,0.2760147104023322,0.45697765319895717,0.42822785619679754,True,66
139.156868,65,185.171124,0.2567656943750644,0.2567656943750644,0.42616269103798904,0.5408750400936893,True,65
244.84677,90,185.235161,0.30777773953481086,0.30777773953481086,0.41854784001537365,0.49647459573410324,True,90
156.858607,72,185.286103,0.20900921157097477,0.20900921157097477,0.42237468542331874,0.6012372540939688,True,72
152.145379,76,185.338577,0.24092158815853434,0.24092158815853434,0.4202504657878872,0.6342034606669139,True,76
154.397529,56,185.375678,0.1839408428612673,0.1839408428612673,0.6517228918761011,0.44057589320771084,True,56
126.899847,66,185.419769,0.13145864397779017,0.13145864397779017,0.5919052746139737,0.4435636816104449,True,66
7.750157,62,185.461641,-0.10718393289861262,-0.10718393289861262,0.6970141646916193,0.4391635117920997,True,62
164.18671,76,185.514942,0.1962185237926717,0.1962185237926717,0.4256548983249116,0.9307912735638626,True,76
132.810419,81,185.571196,0.3276075040559202,0.3276075040559202,0.44151294310215605,0.4436279093890242,True,81
195.277806,77,185.62883,0.310043415982097,0.310043415982097,0.5458924447751087,0.4438722023426805,True,77
170.292851,63,185.674717,0.2537533394578941,0.2537533394578941,0.42965459266296474,0.8360023474083662,True,63
220.262884,75,185.730593,0.2790306296715911,0.2790306296715911,0.42651047799666136,0.501672651052246,True,75
157.208719,62,185.773183,0.29246865943445327,0.29246865943445327,0.42123851668986345,0.8775231445914117,True,62
128.6312,68,185.822181,0.19037549347174473,0.19037549347174473,0.4341533676008722,0.9763997753246694,True,68
215.407552,86,185.883749,0.2854610465072684,0.2854610465072684,0.43444085556992806,0.6060407209573151,True,86
185.708202,79,185.940682,0.20564600982452474,0.20564600982452474,0.5202964662899655,0.4149436376941615,True,79
205.573506,75,185.994277,0.24220958993749495,0.24220958993749495,0.42104082001937765,0.7058854839248272,True,75
171.806393,67,186.039251,0.337439775572419,0.337439775572419,0.42359303910104157,0.7825076223115508,True,67
175.655163,70,186.086964,0.2550467069993634,0.2550467069993634,0.6319660165631695,0.43905273539685075,True,70
221.576594,69,186.711732,0.2695972630240633,0.2695972630240633,0.4386132148721153,0.43918444574819193,True,69
163.330323,90,186.797672,0.48406789586933135,0.48406789586933135,0.4194688250368657,0.7163697232035726,True,90
117.699726,72,186.872715,0.3346461148872819,0.3346461148872819,0.42855393719565466,0.6070234086260005,True,72
174.752819,66,186.916145,0.25383790347365204,0.25383790347365204,0.5211143918445561,0.42341164440856793,True,66
123.177927,78,186.96897,0.4009040697393741,0.4009040697393741,0.4313298761266645,0.4981619040030567,True,78
90.602159,71,187.018677,0.08954459858330266,0.08954459858330266,0.6442481368865595,0.4411300885394338,True,71
211.516796,81,187.078099,0.34732695671622676,0.34732695671622676,0.4245460986289675,0.4742248678262787,True,81
195.794868,71,187.125956,0.2865645928492007,0.2865645928492007,0.4240501470128178,0.6668863384403432,True,71
85.019508,47,187.156813,0.25124145441472545,0.25124145441472545,0.6290562589789179,0.4277278617905959,True,47
139.168496,71,187.206236,0.27589691237496006,0.27589691237496006,0.5855534279503865,0.4233697367777055,True,71
187.818576,68,187.253332,0.2940729520169123,0.2940729520169123,0.42696923365795064,0.5011943558570696,True,68
163.615602,63,187.297142,0.30963852617808607,0.30963852617808607,0.49745084525032646,0.42238381266381775,True,63
118.960794,61,187.336859,0.3336185045628905,0.3336185045628905,0.4216491809597729,0.8932494164365091,True,61
147.815497,60,187.377443,0.27522266202354956,0.27522266202354956,0.5022187765010827,0.4161594729429084,True,60
155.440635,54,187.416023,0.21778273322471953,0.21778273322471953,0.6151305669200805,0.42136336510125866,True,54
283.419005,87,187.475818,0.34355614702620524,0.34355614702620524,0.43038957431957475,0.9177326243582061,True,87
194.337511,73,187.546076,0.35763721655618086,0.35763721655618086,0.41857887353361967,0.7671206887101318,True,73
218.830513,82,187.606799,0.2448204443693352,0.2448204443693352,0.4234038762131368,0.6628567668482789,True,82
207.962376,67,187.651326,0.3077003200228461,0.3077003200228461,0.4147511711057695,0.8768380385867537,True,67
252.092902,91,187.712999,0.32408272382048264,0.32408272382048264,0.4238949661530441,0.5485068272119239,True,91
216.395695,68,187.762463,0.2864131561691468,0.2864131561691468,0.6118447565187026,0.4190277462494238,True,68
180.48632,68,187.808159,0.25094089981633316,0.25094089981633316,0.4153501942365213,0.8008023744130273,True,68
180.289699,65,187.853466,0.2639547856745612,0.2639547856745612,0.42836866941656376,0.9076213760631963,True,65
162.894357,67,187.898401,0.18881546222109302,0.18881546222109302,0.6890893551575739,0.40930482318839245,True,67
211.181492,100,187.969352,0.42518088649262065,0.42518088649262065,0.4217689241282099,0.7672733204089726,True,100
184.242013,77,188.021903,0.39566381633246583,0.39566381633246583,0.42329045712571234,0.9212661030724134,True,77
165.280531,56,188.059741,0.24993911702723373,0.24993911702723373,0.609260597077597,0.4294418576348136,True,56
242.639092,92,188.129242,0.3675540872436538,0.3675540872436538,0.44781004138467423,0.4406169740134883,True,92
159.567653,86,188.659686,0.49950222000531597,0.49950222000531597,0.43054972515367346,0.5012081415821218,True,86
228.232144,69,188.712806,0.2899075689169654,0.2899075689169654,0.42977037980157,0.8401264634536739,True,69
187.851544,73,188.780046,0.21157586607410678,0.21157586607410678,0.5948858349975252,0.41692516218800135,True,73
157.670452,61,188.842521,0.278103432893077,0.278103432893077,0.4647586961103353,0.41891771646995357,True,61
96.520149,64,188.88399,0.06321624770727417,0.06321624770727417,0.65203739923276,0.42386711631056806,True,64
144.390406,63,188.924439,0.3294858859039848,0.3294858859039848,0.564112322698985,0.43136907645986644,True,63
209.754481,71,188.973473,0.2543456929651925,0.2543456929651925,0.647179608060889,0.4350997086583462,True,71
170.634428,76,189.031561,0.32660672426469217,0.32660672426469217,0.538423583963737,0.4287231772401078,True,76
198.220324,77,189.087417,0.3490538857665566,0.3490538857665566,0.4303057106586671,0.9091695710576753,True,77
154.402074,52,189.123439,0.23710210528163062,0.23710210528163062,0.5934342473606649,0.3886520687776396,True,52
225.22162,70,189.170392,0.24727653380942452,0.24727653380942452,0.6071133966709981,0.43082685169466717,True,70
186.470931,64,189.213515,0.242314815246566,0.242314815246566,0.6727183765229504,0.4377840784178968,True,64
134.487148,72,189.263186,0.1632518462945017,0.1632518462945017,0.6960162371300168,0.439504311210497,True,72
299.504341,88,189.322843,0.37436969512571144,0.37436969512571144,0.4254568138829406,0.5405438086049811,True,88
130.03318,59,189.367042,0.23289415060973936,0.23289415060973936,0.4282043741274015,0.9054842301525668,True,59
222.322641,72,189.418994,0.2603533214856118,0.2603533214856118,0.4375417592847365,0.4485742113792518,True,72
171.549301,110,189.49001,0.2610786208097926,0.2610786208097926,0.5468984073181677,0.4481887899720687,True,110
120.58764,53,189.529331,0.2540525157899323,0.2540525157899323,0.43510483817242024,0.6207492999892155,True,53
171.328522,65,189.575508,0.29476840035961893,0.29476840035961893,0.5879336239475638,0.4346960146300219,True,65
246.851024,103,189.647744,0.3937863932367628,0.3937863932367628,0.41599859860554317,0.9411287328034122,True,103
203.573958,66,189.696169,0.2948659541490975,0.2948659541490975,0.5417116021163508,0.421188878696057,True,66
168.649846,65,189.743813,0.26493634930819976,0.26493634930819976,0.49188900400348273,0.43953006628903774,True,65
184.268579,63,189.785767,0.2840354072150655,0.2840354072150655,0.4985834064961993,0.4347685234141182,True,63
190.022894,86,189.847261,0.43045269200855707,0.43045269200855707,0.4309346615343156,0.8785687415268255,True,86
132.323783,64,189.89235,0.31921631059108607,0.31921631059108607,0.561130038264597,0.4295098001743961,True,64
195.482259,62,189.934533,0.23573239658452488,0.23573239658452488,0.493059855246579,0.4477152797191826,True,62
120.461038,66,189.983278,0.15388958621915233,0.15388958621915233,0.43225189927601343,0.8628115348377592,True,66
128.093658,60,190.024796,0.2316925005808382,0.2316925005808382,0.5566038116974775,0.40592207168312255,True,60
190.638991,76,190.079573,0.21820311665570355,0.21820311665570355,0.5341626178663382,0.4151056439292204,True,76
166.534882,65,190.610131,0.25010302312717414,0.25010302312717414,0.527683596013195,0.4464552752867778,True,65
190.385377,65,190.679659,0.21176971104500408,0.21176971104500408,0.43134614943231475,0.7123619651433207,True,65
297.386685,117,190.800364,0.4426963341653671,0.4426963341653671,0.5175556073358757,0.43148249979427067,True,117
141.172511,54,190.836211,0.19301111662459178,0.19301111662459178,0.6822132094097053,0.4320993839790061,True,54
127.925305,57,190.875184,0.16550054459071933,0.16550054459071933,0.6885419732377089,0.4359919293686337,True,57
160.797072,62,190.917243,0.2629095529401333,0.2629095529401333,0.5938845162159575,0.446723897776749,True,62
86.937408,77,190.970681,0.005900853453729157,0.005900853453729157,0.6701926054247351,0.42085041954536995,True,77
233.410377,73,191.020749,0.2722811316021566,0.2722811316021566,0.42600133321472605,0.635091021609523,True,73
119.999833,74,191.075424,0.14177727568514636,0.14177727568514636,0.676916155977136,0.4278419147138551,True,74
199.78142,88,191.135247,0.48509828527156085,0.48509828527156085,0.434954264254701,0.532632292752718,True,88
179.00784,60,191.176976,0.2613708482560589,0.2613708482560589,0.6572322357681177,0.44989238336625426,True,60
127.595747,62,191.220677,0.30699612090781514,0.30699612090781514,0.43120468381838806,0.8665162428526585,True,62
218.92709,82,191.281532,0.2592506396700453,0.2592506396700453,0.6278552176452639,0.4462704482411559,True,82
154.723897,58,191.321973,0.25731061656908216,0.25731061656908216,0.4273634999079134,0.6146399460053119,True,58
146.12259,51,191.359567,0.21638920420527388,0.21638920420527388,0.5976469009641471,0.4073585189647782,True,51
180.719195,78,191.413677,0.3932861146599235,0.3932861146599235,0.4249948325920028,0.5781529347488036,True,78
182.701045,71,191.463126,0.3154707032933153,0.3154707032933153,0.5382861357957442,0.42519309693773283,True,71
141.879563,75,191.514588,0.44821215200197184,0.44821215200197184,0.42185468022324857,0.4478800570600425,True,75
113.194216,60,191.555802,0.35493942618796454,0.35493942618796454,0.42385137246235827,0.47366848011078455,True,60
239.349726,89,191.62043,0.3198611986730376,0.3198611986730376,0.4245189376291245,0.6005948249091421,True,89
182.818269,74,191.67361,0.23736789839927802,0.23736789839927802,0.5892206975059842,0.44760674155061286,True,74
143.226178,64,191.719081,0.3581779211840759,0.3581779211840759,0.518915604844226,0.43726020367675694,True,64
164.953851,57,191.761669,0.2524823498496631,0.2524823498496631,0.5099442814614848,0.4410048687370971,True,57
117.825203,60,191.801891,0.33706157984388574,0.33706157984388574,0.541868369735148,0.40823115166873775,True,60
94.092714,94,191.867236,0.03836400061154605,0.03836400061154605,0.648604717700375,0.39819347829796536,True,94
136.769732,75,191.924521,0.371674194983589,0.371674194983589,0.42227211235145573,0.6771775324970103,True,75
161.159435,59,191.965803,0.26912461170750973,0.26912461170750973,0.6262230190607017,0.4385407752206083,True,59
186.375149,74,192.023141,0.3394043411100322,0.3394043411100322,0.434957671153427,0.5429852899040518,True,74
204.494723,75,192.075593,0.25011900187507674,0.25011900187507674,0.4339802228718032,0.6791528113623465,True,75
214.856428,84,192.762439,0.28851380628747453,0.28851380628747453,0.5997640356680066,0.44759379290096735,True,84
249.033769,90,192.836618,0.45091213045253487,0.45091213045253487,0.43026125744776533,0.9908454061059879,True,90
171.41206,76,192.915094,0.2016416813814387,0.2016416813814387,0.6756385452390089,0.4314979438653294,True,76
200.297108,74,192.975379,0.24835955745632274,0.24835955745632274,0.4217354849894574,0.6511139613878762,True,74
179.645283,73,193.022865,0.3122206637463849,0.3122206637463849,0.4232690270814739,0.49087150423953635,True,73
224.037112,71,193.070341,0.3034052973160023,0.3034052973160023,0.42221541441259675,0.7386458259768165,True,71
210.991432,94,193.141598,0.4519914341915281,0.4519914341915281,0.43389040444339766,0.7650926543189828,True,94
205.425823,76,193.198779,0.30964215906655984,0.30964215906655984,0.42730139668141975,0.6466305143691045,True,76
268.935133,93,193.267616,0.31986533546744217,0.31986533546744217,0.428090560032647,0.4958034087816407,True,93
117.11389,69,193.319305,0.26818286685870607,0.26818286685870607,0.4280019317743887,0.7337292009212966,True,69
188.445215,77,193.374346,0.3759876805947724,0.3759876805947724,0.42069856844496323,0.7513937459564796,True,77
150.742237,78,193.429345,0.4334537379114611,0.4334537379114611,0.5477782781393824,0.42536725421337834,True,78
142.736725,87,193.491387,0.15395010626594785,0.15395010626594785,0.6401487954862495,0.4405531872201327,True,87
131.243571,50,193.525951,0.23823189076128384,0.23823189076128384,0.6632804697830715,0.4045640398778223,True,50
167.692831,64,193.571432,0.27273324853478126,0.27273324853478126,0.428199945379381,0.4882713334429072,True,64
244.607859,76,193.625727,0.27607149944206644,0.27607149944206644,0.45207659202254646,0.4123022552246635,True,76
182.37363,64,193.67066,0.2233507801419285,0.2233507801419285,0.6373374683668536,0.405676449806457,True,64
182.296742,58,193.712401,0.2442441173588172,0.2442441173588172,0.48461524282407953,0.3911717245413171,True,58
181.209547,78,193.772043,0.3136645145309853,0.3136645145309853,0.42415242793951813,0.8848420827105998,True,78
207.00312,73,193.824949,0.28067258259660643,0.28067258259660643,0.43485817266121224,0.8168830440476859,True,73
132.673143,70,193.874328,0.35884088681688586,0.35884088681688586,0.5676098012790664,0.4068975281204414,True,70
176.00229,62,193.917056,0.25538120857832236,0.25538120857832236,0.5125128150287336,0.40510802520716477,True,62
91.370536,46,193.950648,0.25463239815873456,0.25463239815873456,0.5607631960625138,0.4496863319285838,True,46
126.44842,55,193.990352,0.26594063114817684,0.26594063114817684,0.4688499172561973,0.4382725557628309,True,55
190.758686,73,194.041162,0.23355702307244078,0.23355702307244078,0.4307009257520108,0.6216670420927989,True,73
231.118949,78,194.097499,0.2679922861112415,0.2679922861112415,0.5215895676826999,0.4241954445231624,True,78
248.260257,84,194.15678,0.2896222941710673,0.2896222941710673,0.421568638379032,0.9084710063797528,True,84
202.38392,62,194.204983,0.22197136188976002,0.22197136188976002,0.5276021989071797,0.42164320110055686,True,62
202.920632,69,194.69837,0.23278513004085188,0.23278513004085188,0.42657361996894605,0.5831501281678437,True,69
94.979261,84,194.783288,0.11134613050673421,0.11134613050673421,0.4253550702367159,0.8001728561153465,True,84
150.636075,69,194.86216,0.1784507671557142,0.1784507671557142,0.6526917121350418,0.40332662478436376,True,69
154.606049,62,194.91638,0.29091368807974527,0.29091368807974527,0.4897112021021432,0.4451242558888007,True,62
168.323022,62,194.956737,0.2006358601293685,0.2006358601293685,0.43767417762123445,0.44691433865935437,True,62
175.972516,66,195.005054,0.3033048044918384,0.3033048044918384,0.42882810010067896,0.8339336131982062,True,66
183.093886,83,195.062801,0.39752679729262086,0.39752679729262086,0.42620202370520754,0.6612281593033125,True,83
127.142846,72,195.111253,0.41842150692720503,0.41842150692720503,0.517356246628645,0.41970018601301146,True,72
182.763581,73,195.163485,0.2906175532908586,0.2906175532908586,0.4844981689753447,0.435640722445346,True,73
217.075978,79,195.215326,0.25371551434887424,0.25371551434887424,0.62319496341281,0.4243817469512171,True,79
214.425168,65,195.258499,0.26557796158834235,0.26557796158834235,0.6096145844892127,0.42991493875400194,True,65
183.512234,67,195.304313,0.30402703276040693,0.30402703276040693,0.5626594302294131,0.41143350620275687,True,67
159.723485,63,195.344268,0.31326393310180317,0.31326393310180317,0.6312343221698647,0.4059026103827919,True,63
144.477658,68,195.38931,0.37544885259344113,0.37544885259344113,0.42658377101768336,0.7217018374293634,True,68
155.014994,71,195.440014,0.17058818928873784,0.17058818928873784,0.47653297722984955,0.41343476997590634,True,71
133.069157,60,195.479085,0.29465565340482897,0.29465565340482897,0.6491747996924059,0.42040934238179645,True,60
238.9926,89,195.538737,0.3381242030103704,0.3381242030103704,0.42832896174510876,0.9718118146061194,True,89
136.899228,66,195.582906,0.22956383158096935,0.22956383158096935,0.428781189032334,0.6077721813252634,True,66
229.475878,73,195.633603,0.24325298288167727,0.24325298288167727,0.42710642325309545,0.44816907317932664,True,73
147.089469,64,195.67635,0.17390357121015665,0.17390357121015665,0.5546480714926896,0.42545996268367725,True,64
145.560101,74,195.727501,0.4254090617995372,0.4254090617995372,0.42411681405452595,0.6525435013137493,True,74
156.474262,67,195.774441,0.2817585680819907,0.2817585680819907,0.4326481972079259,0.5183989937508366,True,67
158.696609,55,195.810823,0.2596661178483661,0.2596661178483661,0.5883914061923975,0.432010003763912,True,55
225.910591,72,195.858809,0.2865715873294694,0.2865715873294694,0.42720620628752354,0.7140896363969624,True,72
146.424349,63,195.90163,0.30115774438978093,0.30115774438978093,0.42321588134884564,0.8431576011397569,True,63
169.509614,74,195.953943,0.31214949216036364,0.31214949216036364,0.4236703928160239,0.7672735374831657,True,74
227.724621,82,196.008284,0.3661896712599345,0.3661896712599345,0.42382015885734864,0.8109832928296543,True,82
165.762723,62,196.052344,0.2897850834326215,0.2897850834326215,0.48488462747285277,0.42435145997571316,True,62
128.291508,55,196.088896,0.2773999967917615,0.2773999967917615,0.6298058470675374,0.4359228092022266,True,55
230.991978,80,196.144007,0.29304869077066203,0.29304869077066203,0.4259337873048378,0.7437887720467475,True,80
227.563979,82,196.670591,0.3113022034470574,0.3113022034470574,0.43589622108734416,0.737176930517887,True,82
239.808354,86,196.755039,0.3376994169790085,0.3376994169790085,0.4265873611429801,0.7733160823132731,True,86
120.354304,67,196.822032,0.3249480790368164,0.3249480790368164,0.5972051204125902,0.44224939677157316,True,67
156.122429,57,196.860656,0.23849455413756748,0.23849455413756748,0.6000279294597054,0.4454641358761271,True,57
239.617661,82,196.91694,0.3470083023740368,0.3470083023740368,0.46118243165856354,0.40465111991472025,True,82
166.730631,62,196.958515,0.24475854565151975,0.24475854565151975,0.4208078810273454,0.906221075521424,True,62
212.931627,71,197.006546,0.27396925757948276,0.27396925757948276,0.4315425024718912,0.6931482732158931,True,71
169.178249,55,197.044516,0.2224477661306009,0.2224477661306009,0.48800323130227474,0.43491062673372094,True,55
177.298624,57,197.085703,0.23857837245770916,0.23857837245770916,0.6526036906462735,0.4220282811811203,True,57
157.253598,58,197.125692,0.2677636226850127,0.2677636226850127,0.4289985530564165,0.4434058182317694,True,58
148.409265,74,197.179702,0.3551009424961988,0.3551009424961988,0.4264499821452747,0.787135342841305,True,74
163.858859,71,197.231324,0.31086125452940855,0.31086125452940855,0.4230274206762125,0.7822049181481431,True,71
95.571704,78,197.283424,0.3918716205853527,0.3918716205853527,0.417526260435758,0.6431286235724565,True,78
131.24571,83,197.343524,0.32865699487987965,0.32865699487987965,0.4252197267067784,0.7297440991525702,True,83
160.312778,69,197.388977,0.22186038889657209,0.22186038889657209,0.42348903233856927,0.9060268021587743,True,69
150.724992,72,197.439954,0.34024235101279476,0.34024235101279476,0.4308007607739267,0.7928615278812381,True,72
173.808094,83,197.496101,0.3338898068753697,0.3338898068753697,0.42256018604499074,0.8049840853107427,True,83
223.958005,81,197.551025,0.33236093284053986,0.33236093284053986,0.41939347490327883,0.9339996247936642,True,81
185.358493,70,197.597317,0.34544204469714135,0.34544204469714135,0.414831269620534,0.5405523081605935,True,70
175.342378,74,197.648913,0.3249495662374186,0.3249495662374186,0.5607747112418373,0.44891955043653814,True,74
237.065267,77,197.701203,0.3208364131288216,0.3208364131288216,0.5516400991262553,0.42283841427974606,True,77
228.345346,75,197.759456,0.3067392971571485,0.3067392971571485,0.4269006954522147,0.5878012148457373,True,75
174.516366,69,197.8067,0.3026897410318243,0.3026897410318243,0.42999319720516355,0.47835218853671546,True,69
249.179914,87,197.86672,0.3587435937624449,0.3587435937624449,0.4214888107567344,0.5378053922292573,True,87
175.016343,58,197.907827,0.2675455063647703,0.2675455063647703,0.6411549163992043,0.43300206694990817,True,58
171.406509,82,197.965548,0.3610306312419398,0.3610306312419398,0.43389581379672304,0.9506818913733794,True,82
247.458686,78,198.022572,0.26012507010788355,0.26012507010788355,0.4334014189292752,0.6958201344992598,True,78
188.0459,76,198.076784,0.21748387297481778,0.21748387297481778,0.4169793795519939,0.518964465152663,True,76
136.84833,73,198.577952,0.14645198425033626,0.14645198425033626,0.652582058805342,0.4348558927754682,True,73
259.907589,82,198.663665,0.2870765518421553,0.2870765518421553,0.4301352638173757,0.5890678281292843,True,82
134.122102,83,198.734437,0.45361923557974204,0.45361923557974204,0.42052536559020237,0.9174884054311659,True,83
152.904472,91,198.796776,0.5043243837981094,0.5043243837981094,0.4347295990347407,0.91279995327075,True,91
268.804493,92,198.857443,0.4383501763161422,0.4383501763161422,0.4571698204017811,0.44869788124307897,True,92
238.431077,78,198.914952,0.31046569101751265,0.31046569101751265,0.4717707316488718,0.44376485124714377,True,78
155.223792,67,198.962131,0.1812343657273179,0.1812343657273179,0.43177311885632785,0.7428337073327225,True,67
118.183971,55,198.999514,0.28638737604142617,0.28638737604142617,0.60925181176069,0.4442034979928101,True,55
180.843828,66,199.042798,0.3212934267877289,0.3212934267877289,0.5060642151691562,0.443490733946448,True,66
117.229789,55,199.079965,0.27532337208034025,0.27532337208034025,0.6026864174957045,0.4065937677137012,True,55
170.48597,60,199.119916,0.2518704819002998,0.2518704819002998,0.5415321758864003,0.43922408699650034,True,60
188.22383,78,199.174004,0.20356367500446654,0.20356367500446654,0.42634499298437306,0.8326285101865827,True,78
69.583219,51,199.209021,0.31399878118584873,0.31399878118584873,0.6135014986412439,0.44410122104940286,True,51
204.568882,65,199.250394,0.2651798101712694,0.2651798101712694,0.5189821600223326,0.4407926584799436,True,65
96.675122,65,199.296209,0.11569204970095057,0.11569204970095057,0.533557301873035,0.44845266322707844,True,65
76.528971,57,199.337483,0.1139309026558942,0.1139309026558942,0.6961019871504484,0.43527015806879726,True,57
139.147969,93,199.398743,0.18178473899304726,0.18178473899304726,0.4234835086573813,0.5285488938700142,True,93
140.702276,69,199.444797,0.3586759530545638,0.3586759530545638,0.5182451017485571,0.43348822738175546,True,69
167.196723,65,199.490269,0.28443743187339204,0.28443743187339204,0.4325956599634132,0.7953776400077398,True,65
203.542764,106,199.561107,0.31419552813676027,0.31419552813676027,0.605610991858514,0.4022814790165803,True,106
9.646764,81,199.617396,-0.20190273032860606,-0.20190273032860606,0.5712460315407132,0.44609933443725763,True,81
150.596515,61,199.658097,0.30807341493508283,0.30807341493508283,0.5016445340779729,0.42339006166253423,True,61
183.749655,65,199.705105,0.221548596914077,0.221548596914077,0.6546916954365058,0.42058569511214966,True,65
195.061458,69,199.75701,0.29492919774961573,0.29492919774961573,0.435733681632171,0.819610104533296,True,69
218.362997,72,199.807838,0.32497603045416473,0.32497603045416473,0.5047842771011317,0.42881048412882244,True,72
187.284101,83,199.868174,0.4143546280956112,0.4143546280956112,0.43229451530846924,0.5832570656258349,True,83
166.141997,63,199.912161,0.29536656768285013,0.29536656768285013,0.5111774817350322,0.4366842788384605,True,63
215.627732,68,199.963646,0.2924258739769042,0.2924258739769042,0.42149020733536224,0.6376796080965323,True,68
219.598491,78,200.535157,0.32021026561620586,0.32021026561620586,0.41825800638120003,0.9843543378951801,True,78
182.988518,74,200.599333,0.3445338442686868,0.3445338442686868,0.42624267227240764,0.7783344757701834,True,74
145.506781,58,200.663707,0.2813456624357969,0.2813456624357969,0.6565496426704589,0.3960992107499496,True,58
182.447252,72,200.725469,0.3511864149209565,0.3511864149209565,0.4250931757381933,0.7107394723979563,True,72
196.380862,67,200.772171,0.23322974787555364,0.23322974787555364,0.5926651030919545,0.40937156386155943,True,67
259.643407,84,200.831453,0.31297936642868496,0.31297936642868496,0.4185019019103622,0.7490246138291332,True,84
204.436894,78,200.887424,0.30644298174915346,0.30644298174915346,0.42718582209048683,0.7581154083371313,True,78
138.147319,47,200.921045,0.2202592179844734,0.2202592179844734,0.6778692150342751,0.4421784852028394,True,47
163.671282,67,200.967969,0.2638205674702837,0.2638205674702837,0.4339143501927819,0.8758742926626039,True,67
134.070006,68,201.018138,0.24540732347931876,0.24540732347931876,0.42304777595735693,0.8926502091823565,True,68
213.459453,98,201.090331,0.32348948698868,0.32348948698868,0.6179574905637877,0.4408087699115702,True,98
165.445478,68,201.140728,0.22474881490276397,0.22474881490276397,0.6252595613866039,0.41718249913557504,True,68
173.098222,77,201.199747,0.24780066306273507,0.24780066306273507,0.43446337355738823,0.7148919913099321,True,77
173.361106,66,201.244776,0.3026892548246972,0.3026892548246972,0.5735520369538216,0.43910144060445105,True,66
194.278269,79,201.301476,0.3541299635672413,0.3541299635672413,0.41952176362016147,0.7806505323372772,True,79
150.546809,66,201.349724,0.34075515447352306,0.34075515447352306,0.5693772466865382,0.41709339639524606,True,66
233.136873,81,201.410117,0.3120053921225928,0.3120053921225928,0.42957678458808174,0.7233603576320949,True,81
186.885484,69,201.463171,0.3280842627004241,0.3280842627004241,0.4353145320158059,0.8820435632662844,True,69
186.155942,73,201.517065,0.20561307015513114,0.20561307015513114,0.5505235241644962,0.4353915890984759,True,73
257.201041,94,201.586881,0.3252374885879246,0.3252374885879246,0.5702628122819796,0.4336947478552403,True,94
200.587663,82,201.648463,0.2127371900819411,0.2127371900819411,0.42480231505533295,0.638127939724816,True,82
148.9147,78,201.705156,0.29795810568209025,0.29795810568209025,0.4880093550422639,0.4409687385909291,True,78
196.627504,68,201.754198,0.2931547460938204,0.2931547460938204,0.42899926176359865,0.7729125268277576,True,68
222.601456,69,201.801747,0.2731293878551331,0.2731293878551331,0.6249107288289169,0.4310232308607186,True,69
264.169438,93,201.870831,0.316723849921861,0.316723849921861,0.4348157786740508,0.48485914083574916,True,93
209.461991,73,201.922605,0.3178165528797008,0.3178165528797008,0.5190639375287923,0.4426479983128741,True,73
146.160254,65,201.970317,0.34598927763419907,0.34598927763419907,0.4280363090189139,0.5653987064958261,True,65
234.251783,93,202.037493,0.41271139024377496,0.41271139024377496,0.42316892398219186,0.5512626044542102,True,93
203.36519,89,202.52725,0.3100811694376694,0.3100811694376694,0.4348439182106103,0.7831749562963761,True,89
164.056515,69,202.589531,0.34843424160287306,0.34843424160287306,0.5348207100715466,0.422763920405197,True,69
227.091965,77,202.672763,0.23631418575031166,0.23631418575031166,0.6007549424544841,0.4258786553345436,True,77
231.948969,81,202.725521,0.260234488560563,0.260234488560563,0.4320993683210924,0.5542304804587841,True,81
200.589984,69,202.770814,0.22337390128844262,0.22337390128844262,0.4218585003510176,0.7228607410079644,True,69
179.768821,74,202.821148,0.29693698679685326,0.29693698679685326,0.4277859699262004,0.5402995610110958,True,74
140.697346,69,202.870369,0.3560183887410933,0.3560183887410933,0.5142743603329154,0.42163756442143774,True,69
180.785999,74,202.924361,0.36057087896952217,0.36057087896952217,0.4311351126435076,0.5372486634749856,True,74
149.420861,77,202.982205,0.30796502207177373,0.30796502207177373,0.42834146360199543,0.8839856499766634,True,77
182.097573,74,203.036417,0.2201514558149051,0.2201514558149051,0.4278019425759614,0.5124716002510089,True,74
147.126948,71,203.084671,0.31949914251385253,0.31949914251385253,0.4480741073009631,0.4013549843750885,True,71
141.376798,68,203.134222,0.33752042841435514,0.33752042841435514,0.4356982810987686,0.5328659991272744,True,68
156.525718,68,203.181531,0.3075238343293754,0.3075238343293754,0.43360107581444135,0.46707865968642426,True,68
111.469188,63,203.225707,0.2668642487204068,0.2668642487204068,0.4328715484348284,0.9949043998140934,True,63
199.604761,76,203.281285,0.3681252432180645,0.3681252432180645,0.42824535519279605,0.9177395407693005,True,76
141.504728,67,203.329478,0.2404985493109447,0.2404985493109447,0.42981121194549365,0.45881181286025796,True,67
231.492143,76,203.384447,0.2854147750648165,0.2854147750648165,0.5175290238985036,0.4428567545798359,True,76
165.801148,83,203.44373,0.20441763250584505,0.20441763250584505,0.47498716938067703,0.42545945299313653,True,83
213.540669,68,203.493958,0.25961997374577234,0.25961997374577234,0.5672572635994817,0.43134794024696266,True,68
200.773728,68,203.543927,0.22580634291070595,0.22580634291070595,0.5499238346741561,0.4419255888602832,True,68
154.267434,73,203.594003,0.3622554966394837,0.3622554966394837,0.4236078634862853,0.8829435042933822,True,73
253.661412,112,203.675137,0.4336906448225541,0.4336906448225541,0.43017698209562066,0.4599378477448602,True,112
282.556451,85,203.73939,0.3007013657470076,0.3007013657470076,0.42989840674296426,0.7850407150315962,True,85
200.841437,73,203.78975,0.3030875629925248,0.3030875629925248,0.4804102918683625,0.4476895754440737,True,73
170.060766,81,203.85277,0.444255050970285,0.444255050970285,0.4267988018508853,0.5533427528963918,True,81
147.479528,57,203.893554,0.19187032846818897,0.19187032846818897,0.5447031539232406,0.44871107866455323,True,57
218.08025,85,203.953536,0.38545817053398185,0.38545817053398185,0.41584256106911444,0.7778639629933068,True,85
108.716073,70,204.431568,0.37909492998886174,0.37909492998886174,0.42951439169284655,0.9590109629090183,True,70
112.333933,57,204.477567,0.18209996644630133,0.18209996644630133,0.5577248747875546,0.4468175190724474,True,57
213.971221,76,204.542451,0.3647237417607675,0.3647237417607675,0.5444857225326233,0.44015605667858054,True,76
160.340766,66,204.61774,0.17655660553460148,0.17655660553460148,0.42514821515961226,0.6257357838849192,True,66
187.526721,60,204.658541,0.24617914146171432,0.24617914146171432,0.4266931573418537,0.8030229805469633,True,60
182.787938,76,204.711864,0.2980223022784331,0.2980223022784331,0.48988033480837967,0.44628980569288756,True,76
167.356966,74,204.764977,0.3486135115537896,0.3486135115537896,0.5050148193650434,0.4234552578891578,True,74
163.373216,69,204.812041,0.3202891572570251,0.3202891572570251,0.43379673987501977,0.7985124642622394,True,69
198.482772,73,204.863342,0.2716904136273937,0.2716904136273937,0.43078005847955547,0.58477077348426,True,73
164.881014,64,204.908653,0.2502064382362346,0.2502064382362346,0.4176783083877685,0.8438014812845234,True,64
226.128992,75,204.958783,0.2664005692343503,0.2664005692343503,0.548548733088563,0.44662756892128963,True,75
154.136009,84,205.019032,0.33501881339813866,0.33501881339813866,0.42855759191432125,0.9267578901716438,True,84
213.043171,84,205.078219,0.2571146071993529,0.2571146071993529,0.4295029532650183,0.6651953371387559,True,84
222.937495,73,205.130788,0.30347503434945367,0.30347503434945367,0.4663264373233875,0.4319839896088019,True,73
217.705432,77,205.189076,0.31207920290578867,0.31207920290578867,0.43172559377222314,0.5772234667634,True,77
185.112315,76,205.247829,0.22301369387919553,0.22301369387919553,0.4239408633905629,0.6067326532096176,True,76
118.756675,71,205.296621,0.41184350602067565,0.41184350602067565,0.434070515939453,0.5509913547970474,True,71
102.830881,66,205.343575,0.1507870691068034,0.1507870691068034,0.45734722213730616,0.4344749421618619,True,66
136.96214,62,205.387532,0.1813427684763482,0.1813427684763482,0.5324530938471673,0.4287589938732702,True,62
163.035151,75,205.440827,0.18459096950612683,0.18459096950612683,0.45382720566438045,0.4391453535198343,True,75
197.269339,78,205.498376,0.3162636805770078,0.3162636805770078,0.43074128874952944,0.7003130900529382,True,78
213.284799,90,205.560096,0.2361589357619493,0.2361589357619493,0.6656752786418377,0.4352346355728753,True,90
174.584593,82,205.618436,0.4054479258386244,0.4054479258386244,0.42244480650683164,0.6726043087384272,True,82
182.917229,91,205.682707,0.48183841324507537,0.48183841324507537,0.42542460910198837,0.939481226683602,True,91
217.751902,71,205.731318,0.24716546776550283,0.24716546776550283,0.6070483307408556,0.4020506110209651,True,71
111.994493,81,205.788998,0.12949234461027365,0.12949234461027365,0.7263179062987264,0.4303924235735774,True,81
172.970972,74,205.841222,0.32966979684718034,0.32966979684718034,0.4285909344476496,0.9456393801023097,True,74
244.075722,79,205.896675,0.36024590533960615,0.36024590533960615,0.4347212349499118,0.7140943424088614,True,79
239.862189,85,206.445089,0.2735119878650133,0.2735119878650133,0.4236872944131031,0.6605493376680277,True,85
128.23091,77,206.524199,0.4831783602453397,0.4831783602453397,0.43438093829853575,0.5470227601899502,True,77
169.750741,65,206.598401,0.31499114734522926,0.31499114734522926,0.41740688650964924,0.6387429388782754,True,65
100.527235,73,206.646324,0.09949810283293967,0.09949810283293967,0.7063736349767424,0.4472728353081985,True,73
160.633155,82,206.700971,0.17353639134312698,0.17353639134312698,0.4290054469095116,0.6951069705058978,True,82
258.692713,80,206.759011,0.3305198539485092,0.3305198539485092,0.4211963177238222,0.672675505883988,True,80
200.180848,64,206.804153,0.2738679116246166,0.2738679116246166,0.41874659196411657,0.7976310581357405,True,64
170.909753,79,206.858812,0.4518353552952695,0.4518353552952695,0.4316484240270221,0.9494683706860413,True,79
240.942132,75,206.917614,0.305085425682164,0.305085425682164,0.44913696842401174,0.4226755291782379,True,75
152.661911,78,206.971301,0.17938570006408835,0.17938570006408835,0.5887326056377977,0.3670734166292968,True,78
151.285241,76,207.024062,0.362680630906292,0.362680630906292,0.42994241525247706,0.7407825769838227,True,76
157.341456,60,207.069042,0.254027432931511,0.254027432931511,0.6082208616435257,0.4362347104704574,True,60
157.124764,59,207.111724,0.2586921481402233,0.2586921481402233,0.6059700292092424,0.44696125711057505,True,59
200.037353,86,207.17387,0.23629257959257527,0.23629257959257527,0.5800411002068433,0.4360968526482712,True,86
110.938388,79,207.234962,0.4167976548784186,0.4167976548784186,0.4315195284662665,0.5774475267968231,True,79
259.434474,88,207.30619,0.32027094828029623,0.32027094828029623,0.42047895527878953,0.5845821129427982,True,88
131.382706,106,207.381563,0.12134413329520842,0.12134413329520842,0.5966544477041121,0.43593968800474586,True,106
156.510692,73,207.435047,0.3923783948153492,0.3923783948153492,0.42293827269492684,0.7939158294196683,True,73
190.162323,79,207.492485,0.2643030196580958,0.2643030196580958,0.5177806307413352,0.42066851867874416,True,79
181.054983,79,207.549864,0.3220651817236927,0.3220651817236927,0.42820076790894634,0.9437227209026848,True,79
202.579483,67,207.593149,0.30690412793994987,0.30690412793994987,0.6102765904769795,0.3996803648737966,True,67
157.458967,56,207.631712,0.2666919134622323,0.2666919134622323,0.5875496457012124,0.4335436259772715,True,56
140.291434,94,207.700695,0.23582549181791518,0.23582549181791518,0.4255249205384675,0.9076801882360129,True,94
167.973391,62,207.745989,0.22170076016584006,0.22170076016584006,0.4216146401471475,0.47132461807018783,True,62
139.682315,66,207.798037,0.1771097242711638,0.1771097242711638,0.5341149583297201,0.448491124963345,True,66
157.031755,70,207.845073,0.34089866152838605,0.34089866152838605,0.4201860870309956,0.4880490885115431,True,70
128.703282,63,207.886722,0.33070653173164655,0.33070653173164655,0.5897138202897437,0.4421052222863281,True,63
191.492118,74,208.572394,0.37798063535301124,0.37798063535301124,0.43505259344839914,0.5964482483939069,True,74
172.221129,62,208.625967,0.28702268527876645,0.28702268527876645,0.43905226596216296,0.4306331626295017,True,62
206.25326,76,208.68935,0.2675607487751466,0.2675607487751466,0.42567148061005866,0.9157237620778289,True,76
179.911774,81,208.759407,0.25807327519064066,0.25807327519064066,0.42043834597443397,0.43909765557702707,True,81
194.520522,64,208.801378,0.2811147090114302,0.2811147090114302,0.41950602765464484,0.7359654935537665,True,64
192.23049,94,208.865527,0.5319071026989891,0.5319071026989891,0.41434736739400985,0.6060348903621925,True,94
256.245661,93,208.932269,0.38494590127334255,0.38494590127334255,0.42815293294191936,0.7285057989737301,True,93
171.001505,68,208.982945,0.3233865340882305,0.3233865340882305,0.42102370403190564,0.5495332513648653,True,68
170.351182,62,209.02874,0.21530567363642084,0.21530567363642084,0.43471778329005273,0.5339832454649938,True,62
154.95471,81,209.085858,0.42473943045940543,0.42473943045940543,0.4323370876032475,0.5846377614343572,True,81
162.346073,79,209.142463,0.44327491357161053,0.44327491357161053,0.4254159194338814,0.6983579415647316,True,79
209.637627,67,209.186576,0.2654804493396411,0.2654804493396411,0.6392504465925904,0.4449603409521233,True,67
194.282966,73,209.234375,0.31106590993121686,0.31106590993121686,0.4228785349125054,0.5136014120560742,True,73
174.172456,63,209.280577,0.266983771014986,0.266983771014986,0.42638801370320933,0.903614794324628,True,63
190.896103,68,209.32643,0.2903659719766292,0.2903659719766292,0.5355573878372629,0.4277552444033312,True,68
131.88707,58,209.368325,0.2299614933704292,0.2299614933704292,0.4191811361897337,0.9295193990857036,True,58
227.390061,69,209.416339,0.24690045345747358,0.24690045345747358,0.6089532328994727,0.3851918891997295,True,69
161.065833,64,209.458581,0.21167907597278438,0.21167907597278438,0.5931161259819724,0.4215590494494684,True,64
216.435612,73,209.50933,0.27224135259278726,0.27224135259278726,0.5214138189244103,0.4420312908542735,True,73
143.131307,56,209.548263,0.2691719231127062,0.2691719231127062,0.6476161548936604,0.4331684504119561,True,56
190.839174,71,209.595379,0.33180710580569056,0.33180710580569056,0.6201939541632281,0.4449007881997076,True,71
193.146096,84,209.65507,0.2259741602963834,0.2259741602963834,0.4203706983441399,0.6431746503140535,True,84
236.2734,89,209.723294,0.40360624088678,0.40360624088678,0.43065833956425303,0.5614476253284854,True,89
215.180978,90,209.786378,0.420588329287986,0.420588329287986,0.42849550278509363,0.9381908901034837,True,90
175.532044,77,209.840009,0.3162474927300365,0.3162474927300365,0.4356468963905407,0.959340530984887,True,77
144.232733,82,209.895534,0.40422774399425754,0.40422774399425754,0.42243113834743784,0.4861900734675446,True,82
162.420182,87,209.959469,0.4786999571657283,0.4786999571657283,0.42691734311550383,0.6100184057319021,True,87
217.342055,82,210.018021,0.2991915064939831,0.2991915064939831,0.4295059573234144,0.9185489351189007,True,82
168.396524,76,210.546016,0.3140571317290177,0.3140571317290177,0.42671706019473915,0.6864299778606934,True,76
184.165297,68,210.620929,0.3334531446196763,0.3334531446196763,0.4265670089785371,0.5014799283602478,True,68
164.878615,58,210.680587,0.27329732857757943,0.27329732857757943,0.5935502208672623,0.40529479277952235,True,58
158.000855,71,210.734155,0.3471193611524717,0.3471193611524717,0.42360763773353505,0.7621337710102702,True,71
138.410085,58,210.775076,0.256921351159417,0.256921351159417,0.42420894318208385,0.8623300224699109,True,58
172.932034,80,210.832137,0.4177140576416989,0.4177140576416989,0.4825882759450268,0.4438595193334105,True,80
172.734481,75,210.882761,0.36218635052945203,0.36218635052945203,0.43244014310826684,0.4762582201295239,True,75
238.144275,72,210.933107,0.2983578555090568,0.2983578555090568,0.5900996759763915,0.43841749145612297,True,72
203.135123,72,210.9872,0.25553273787710346,0.25553273787710346,0.4935827913386341,0.4485464487649764,True,72
251.583757,100,211.056324,0.26993110571088524,0.26993110571088524,0.6448309595069954,0.4113019205936902,True,100
154.881586,80,211.1099,0.43691174762360785,0.43691174762360785,0.41747066362000523,0.466477642833099,True,80
171.923108,60,211.151638,0.26292282194071204,0.26292282194071204,0.6076998301748825,0.4351057857431103,True,60
180.103876,64,211.193509,0.25013327890077414,0.25013327890077414,0.5391691749581886,0.4324548835931018,True,64
238.209136,94,211.261091,0.2472746868205201,0.2472746868205201,0.42278202803590426,0.691181092499509,True,94
188.646383,85,211.323941,0.4092408442847378,0.4092408442847378,0.43194718633877394,0.7303278377845716,True,85
167.323639,84,211.380167,0.41921281970041735,0.41921281970041735,0.42598053706103495,0.8718757678364104,True,84
208.774547,80,211.435999,0.3654759354102513,0.3654759354102513,0.43325616817037,0.7348486234012006,True,80
254.644085,78,211.489987,0.27862681957900787,0.27862681957900787,0.42422319275292636,0.5538867593856207,True,78
176.545006,62,211.534385,0.27605150987775645,0.27605150987775645,0.42562402253998516,0.4356169930029986,True,62
179.868171,76,211.586452,0.29756476571878976,0.29756476571878976,0.42653604575030485,0.8475669464764245,True,76
214.744559,80,211.64544,0.35515109424561214,0.35515109424561214,0.46818280370519183,0.4387013084541521,True,80
192.19645,88,211.704986,0.29264936309424366,0.29264936309424366,0.4896912594637034,0.4436255969933934,True,88
91.618042,79,211.760593,0.11684616880311322,0.11684616880311322,0.4237224978058654,0.5424632537150345,True,79
181.077966,90,211.822196,0.4385725512198184,0.4385725512198184,0.4354123299100742,0.9827637635617791,True,90
229.446089,90,211.883331,0.2714792619734541,0.2714792619734541,0.5030162379949652,0.43512134645609424,True,90
254.961885,95,211.948027,0.33106463814195775,0.33106463814195775,0.41854464424034565,0.7644166217887315,True,95
141.45789,72,212.330575,0.3354812410702233,0.3354812410702233,0.43043390153653277,0.7880494309270255,True,72
224.488422,81,212.418177,0.3491263621958953,0.3491263621958953,0.43331095505202133,0.7050595529165141,True,81
215.592522,69,212.500365,0.3212982627521346,0.3212982627521346,0.41950445925151336,0.6331651680000161,True,69
204.16569,79,212.558248,0.2875765114483155,0.2875765114483155,0.5203656122337827,0.43894553962640914,True,79
172.068795,66,212.603946,0.2927229498239614,0.2927229498239614,0.5022127827940149,0.4288038885263844,True,66
154.689873,69,212.651939,0.18352538036298027,0.18352538036298027,0.6633800373153861,0.42341006243173995,True,69
176.070481,85,212.714419,0.44728329454570576,0.44728329454570576,0.4316633766555939,0.7948060758568445,True,85
229.013973,69,212.761517,0.24821235896104285,0.24821235896104285,0.5209061828537838,0.43949636542290055,True,69
215.12538,73,212.814008,0.3164317769560998,0.3164317769560998,0.5096167836243335,0.43002506658257234,True,73
234.516193,78,212.871632,0.35896053318519944,0.35896053318519944,0.4329862473630644,0.5682086044981224,True,78
191.674303,74,212.921656,0.31182458225573895,0.31182458225573895,0.41253521655207553,0.8218179279785509,True,74
207.731745,86,212.981092,0.3331684125456551,0.3331684125456551,0.4187100671187862,0.8408618691651344,True,86
211.526781,88,213.038599,0.3265895773031394,0.3265895773031394,0.4146611108981727,0.8619557070113696,True,88
151.646481,55,213.07828,0.25693516234719255,0.25693516234719255,0.5042450115564422,0.4396921137459018,True,55
252.783646,93,213.144906,0.36941305800643875,0.36941305800643875,0.42081832786348633,0.5438166867052203,True,93
220.612265,71,213.195282,0.3025538746672527,0.3025538746672527,0.43542979327464953,0.8382124448507479,True,71
214.383477,91,213.257698,0.21980727925058552,0.21980727925058552,0.4295538035055571,0.44436293294718776,True,91
167.311873,86,213.318773,0.39515569906123915,0.39515569906123915,0.42732044691905036,0.8433241397813531,True,86
205.644431,81,213.375862,0.22918264500409338,0.22918264500409338,0.631442381578441,0.4286363072027126,True,81
190.696956,63,213.419502,0.2693386614834681,0.2693386614834681,0.43562023228766966,0.43856523959389326,True,63
207.21536,85,213.481419,0.2266644691953429,0.2266644691953429,0.6790922364588722,0.4414493986416201,True,85
175.641869,91,213.544266,0.19165798590258956,0.19165798590258956,0.42594722067194907,0.8288963864902993,True,91
160.685641,87,213.605752,0.3911306957232876,0.3911306957232876,0.5787996104705893,0.4440999303096781,True,87
261.091794,81,213.661703,0.33589422143666176,0.33589422143666176,0.4221970543631983,0.818353855667949,True,81
164.459232,61,213.702173,0.2886675802621041,0.2886675802621041,0.5877663534904817,0.40777627856298587,True,61
165.136526,65,213.747299,0.2111797818396522,0.2111797818396522,0.5181666955382952,0.4383630221784801,True,65
97.793711,45,213.778154,0.22480467552447725,0.22480467552447725,0.5676592669022716,0.4418474351526813,True,45
130.64865,66,214.263328,0.3505641690923217,0.3505641690923217,0.5884739301138636,0.44088114119572547,True,66
133.668376,55,214.325506,0.18966743193644636,0.18966743193644636,0.6752589442085561,0.4206823051066238,True,55
105.078548,79,214.403346,0.13205821041244747,0.13205821041244747,0.42434866254514897,0.45257776727244,True,79
136.994379,66,214.454925,0.34396350588547175,0.34396350588547175,0.43376951706833955,0.7239575714060995,True,66
218.444741,68,214.501355,0.26499767916171535,0.26499767916171535,0.5428205558060439,0.44885708391184137,True,68
148.98911,69,214.548211,0.17862304822239353,0.17862304822239353,0.5960254048750002,0.44751193753589874,True,69
205.77763,72,214.598896,0.2864254398181727,0.2864254398181727,0.5642795983174946,0.42683715339886347,True,72
208.596794,82,214.658463,0.3871981152580035,0.3871981152580035,0.489613021544677,0.4388523108391937,True,82
219.30002,73,214.716177,0.3005973940786009,0.3005973940786009,0.42291609202802916,0.6897589604461636,True,73
93.867298,77,214.771603,0.08349670540884742,0.08349670540884742,0.6951641241660149,0.425326625738219,True,77
172.374072,73,214.826332,0.3440813327539604,0.3440813327539604,0.4321829475439819,0.8207518573944758,True,73
41.897846,69,214.877754,0.019066143272783942,0.019066143272783942,0.6647856746887449,0.3853490309547643,True,69
180.757179,89,214.942478,0.5033323614043801,0.5033323614043801,0.43319275419917935,0.9242371818388471,True,89
220.630517,67,214.990064,0.2811887267839888,0.2811887267839888,0.6449070125954101,0.40858963698689,True,67
184.270686,89,215.054924,0.4204171281214786,0.4204171281214786,0.41695609927414634,0.6613707384481424,True,89
205.579607,71,215.108808,0.22445241963931195,0.22445241963931195,0.5833189590629184,0.4296420668235137,True,71
194.66198,81,215.169077,0.38501168302177335,0.38501168302177335,0.43050966169230653,0.5887616456664257,True,81
138.247642,59,215.212677,0.25834577839431766,0.25834577839431766,0.5070824051944357,0.4381470753904612,True,59
177.73198,73,215.264132,0.37981385490503206,0.37981385490503206,0.41317832874448907,0.4870235167172842,True,73
146.040559,73,215.317899,0.3867298695199948,0.3867298695199948,0.4230231358552484,0.6066223615892982,True,73
203.827983,73,215.370086,0.331641618277253,0.331641618277253,0.4185800859941894,0.8120232834237335,True,73
130.320919,68,215.418034,0.37510728293435464,0.37510728293435464,0.43489232559837626,0.5508344217372495,True,68
251.745648,82,215.481823,0.28323168132871074,0.28323168132871074,0.4277530507462064,0.7509688359155202,True,82
238.847523,90,215.544719,0.29880648036548324,0.29880648036548324,0.5625051742832681,0.4338323739071929,True,90
178.771475,59,215.586376,0.2658865692671742,0.2658865692671742,0.5940419590054922,0.4144736053322914,True,59
267.080226,86,215.652594,0.2846357468063804,0.2846357468063804,0.49317865642031455,0.43380635742465934,True,86
202.973977,76,215.70942,0.32784717417523435,0.32784717417523435,0.4329626131095078,0.6896515756751089,True,76
160.491081,69,215.756263,0.3627050283157415,0.3627050283157415,0.5510658509983631,0.43631336997714903,True,69
173.43875,67,216.556484,0.31132113021643193,0.31132113021643193,0.4301247880454828,0.918276514914601,True,67
192.037996,97,216.648191,0.20963171400645922,0.20963171400645922,0.42508161803729455,0.711594468069605,True,97
167.89476,99,216.737666,0.4633182502154351,0.4633182502154351,0.4349412084401622,0.6013883144442136,True,99
288.97345,88,216.795924,0.34588599312837537,0.34588599312837537,0.4348674016446598,0.7107320503256106,True,88
115.596581,76,216.847535,0.1665298874156711,0.1665298874156711,0.6981877323477822,0.3956031898307174,True,76
202.422281,78,216.902839,0.2629471722871988,0.2629471722871988,0.4298300697213972,0.6594707700697788,True,78
195.464532,82,216.960223,0.21946281675641438,0.21946281675641438,0.6861576270879832,0.43394954566485366,True,82
155.233318,63,217.004205,0.285151798342214,0.285151798342214,0.4987606164371349,0.44749548120025884,True,63
191.699747,72,217.0563,0.325114854964157,0.325114854964157,0.4316536311679059,0.550600499364212,True,72
172.358378,61,217.100503,0.24158155892118194,0.24158155892118194,0.6328946985038693,0.4273519672171097,True,61
185.550258,73,217.152478,0.3325007492562394,0.3325007492562394,0.4295724603249211,0.7653047258069383,True,73
167.539801,82,217.210736,0.17769300846625172,0.17769300846625172,0.6012173320120048,0.44697921611108876,True,82
212.544338,72,217.259103,0.23755027297030723,0.23755027297030723,0.6678466450817642,0.41614950061220335,True,72
216.902829,86,217.321599,0.35846903481886866,0.35846903481886866,0.4242160338683296,0.8494659981108301,True,86
225.381122,70,217.372511,0.26624617644857046,0.26624617644857046,0.42049181670547736,0.860563614143049,True,70
143.422358,89,217.43334,0.18293390423103958,0.18293390423103958,0.4233093902993644,0.6366607987516493,True,89
132.120407,73,217.483855,0.3935233999429532,0.3935233999429532,0.5361658849897672,0.43884034805000566,True,73
159.3848,76,217.537956,0.38312912036665814,0.38312912036665814,0.4230194300354284,0.4574239172558466,True,76
248.102306,87,217.600118,0.26596384059725936,0.26596384059725936,0.421848622036379,0.9825973658942135,True,87
111.393095,52,217.639543,0.23046631002928647,0.23046631002928647,0.6583588479982128,0.44271027285141185,True,52
182.927403,70,217.687017,0.23448652507638856,0.23448652507638856,0.673931965973583,0.4263265494680274,True,70
185.398925,73,217.736409,0.25402417185831416,0.25402417185831416,0.612201263913832,0.41850739074376325,True,73
222.071206,70,217.787842,0.28076463109027566,0.28076463109027566,0.6249523589026902,0.4052706810139244,True,70
225.783384,76,217.844355,0.2575027248101754,0.2575027248101754,0.4142132655943849,0.8139840961973435,True,76
99.378439,93,217.910237,-0.03278709392809982,-0.03278709392809982,0.5483544509904148,0.4370395378246354,True,93
279.269722,89,217.975024,0.3153254795924524,0.3153254795924524,0.41660197979161284,0.6609920238008331,True,89
235.00257,77,218.026484,0.26770849054113827,0.26770849054113827,0.4926793810073519,0.39756462264306425,True,77
127.039356,76,218.637776,0.3359734226578652,0.3359734226578652,0.42801535265461654,0.8180565943371347,True,76
164.177426,85,218.725849,0.24900186598202736,0.24900186598202736,0.62572669386449,0.4261933461088414,True,85
233.724797,96,218.800122,0.508744426280553,0.508744426280553,0.41867585397266577,0.8867018360820214,True,96
156.379237,55,218.8368,0.22761771132701736,0.22761771132701736,0.616132331849827,0.43359001734446057,True,55
234.052658,73,218.892459,0.28346974085810017,0.28346974085810017,0.4397347414345439,0.41176316638549737,True,73
140.082619,68,218.943047,0.3678698270869999,0.3678698270869999,0.4291221133214531,0.46525957513293387,True,68
184.100441,82,219.003188,0.23512613034470797,0.23512613034470797,0.4261001820305396,0.697532211527275,True,82
147.699448,68,219.049192,0.3211447736473943,0.3211447736473943,0.4224063140744467,0.6368634920200883,True,68
173.824266,86,219.106796,0.18169711152673873,0.18169711152673873,0.5866606383039231,0.43611247688348986,True,86
116.584919,64,219.151299,0.17183242700424034,0.17183242700424034,0.4234115506323712,0.7124366682448997,True,64
133.526387,66,219.195899,0.3308273664671096,0.3308273664671096,0.4356737004842438,0.6086810886618821,True,66
146.292237,62,219.241926,0.26946751336589314,0.26946751336589314,0.47604333185841397,0.4419444385766298,True,62
289.493493,82,219.30038,0.33778726057353425,0.33778726057353425,0.43022317765089113,0.6808717520834081,True,82
182.673615,64,219.341318,0.24041582496771718,0.24041582496771718,0.622759079713381,0.4359509644655173,True,64
176.420402,86,219.39823,0.4327579413212837,0.4327579413212837,0.41504797532521065,0.8137326998347555,True,86
133.676242,74,219.447799,0.4295890672113084,0.4295890672113084,0.4331628235404785,0.8992205822160593,True,74
153.506032,65,219.490622,0.3348189626986581,0.3348189626986581,0.4360376784277374,0.8161049329396259,True,65
59.070325,57,219.52906,0.04473572204453175,0.04473572204453175,0.6819077347204371,0.4424420627962073,True,57
172.551969,92,219.597032,0.5450519431967237,0.5450519431967237,0.4248234180408854,0.7112469678709851,True,92
270.306691,82,219.657715,0.30697842498975814,0.30697842498975814,0.42328719328328457,0.7671091014172073,True,82
206.407202,72,219.711328,0.3365756347317399,0.3365756347317399,0.43580853273894726,0.43539829098607746,True,72
206.194066,71,219.764588,0.29634538722403925,0.29634538722403925,0.5947671102246073,0.43177403267267694,True,71
193.694424,88,219.82304,0.2755366775430285,0.2755366775430285,0.5795227925977892,0.4156939113440339,True,88
214.36015,93,219.889642,0.3422750472638955,0.3422750472638955,0.4339498296814061,0.8774647947101764,True,93
217.597304,71,219.938943,0.2508446364334172,0.2508446364334172,0.5824350792031455,0.44838173227779304,True,71
154.054036,76,219.995653,0.3384854377671404,0.3384854377671404,0.43612823460137085,0.8423117671513863,True,76
199.112517,66,220.040812,0.26482499091686984,0.26482499091686984,0.5599904818314011,0.41221424172401466,True,66
174.719182,68,220.607457,0.3343532856290521,0.3343532856290521,0.5394370097605913,0.44150530046900305,True,68
233.530682,71,220.692641,0.25527257548751764,0.25527257548751764,0.4236475923431126,0.5722786921690107,True,71
186.029895,80,220.751818,0.41865127281696773,0.41865127281696773,0.468292210227468,0.44570155154094093,True,80
270.661748,90,220.820507,0.3146374022026747,0.3146374022026747,0.567370254784997,0.4317037664971911,True,90
226.568728,70,220.865645,0.28973697976953594,0.28973697976953594,0.6102562497619675,0.4390670811522494,True,70
203.28445,96,220.933942,0.33359417151232823,0.33359417151232823,0.4284633289837324,0.9046897036509666,True,96
174.553947,101,221.008751,0.5879029241094244,0.5879029241094244,0.4276576309720405,0.9261384064926772,True,101
200.469014,81,221.062092,0.314767951668382,0.314767951668382,0.5099572138081122,0.43843432453542164,True,81
193.038984,87,221.125956,0.4067320034511383,0.4067320034511383,0.43254785513494387,0.6181666360948943,True,87
223.061351,76,221.181565,0.2351186942845062,0.2351186942845062,0.45529263972758116,0.4334365476380184,True,76
160.083254,68,221.233016,0.3176351752474245,0.3176351752474245,0.43466920053210634,0.4762622524677751,True,68
195.478629,72,221.279294,0.3178357727223542,0.3178357727223542,0.6027662139730576,0.43723970510092275,True,72
143.402396,103,221.355647,0.16343214008770007,0.16343214008770007,0.42427266836663224,0.6748890890551643,True,103
132.167466,61,221.400851,0.18720476387311455,0.18720476387311455,0.43141846900908554,0.9562989870858524,True,61
95.370572,62,221.446122,0.3353163802911763,0.3353163802911763,0.4158964332769684,0.8673130807188851,True,62
195.91498,90,221.513011,0.345386456290541,0.345386456290541,0.42747124829216965,0.8951699391391598,True,90
195.693895,62,221.558348,0.23988133811933973,0.23988133811933973,0.4228441029480563,0.5961731819968077,True,62
167.518851,63,221.601576,0.2827211311465067,0.2827211311465067,0.5685201118518929,0.4463395416239906,True,63
181.015922,97,221.676372,0.3217396659791876,0.3217396659791876,0.42413502655708596,0.9477824041491087,True,97
268.870233,95,221.74517,0.393718963946304,0.393718963946304,0.4335687586862307,0.7474036596352382,True,95
197.017383,92,221.814508,0.3892461606758568,0.3892461606758568,0.4470170888639825,0.4371472624093625,True,92
197.586305,71,221.862158,0.3465670557220415,0.3465670557220415,0.41491785292917804,0.6486301403684019,True,71
271.166811,101,221.937943,0.2882510958404129,0.2882510958404129,0.42683149315823815,0.49059089732685,True,101
258.257507,101,222.012693,0.3649888902065508,0.3649888902065508,0.42877376248318055,0.7606004014236517,True,101
183.936612,85,222.070007,0.19380119782875946,0.19380119782875946,0.43347539778015837,0.5378813977002606,True,85
238.270087,74,222.563184,0.3248188917292094,0.3248188917292094,0.42380242528184997,0.5214380358179078,True,74
170.50555,80,222.62765,0.3353561777705163,0.3353561777705163,0.4311531176461535,0.884890128403877,True,80
226.133967,87,222.706105,0.31222722949859705,0.31222722949859705,0.4216516150198043,0.9922620662494228,True,87
143.413122,67,222.7631,0.34027520847240916,0.34027520847240916,0.5669842213282165,0.4276487510558752,True,67
223.640957,77,222.812161,0.3065456267171476,0.3065456267171476,0.614609748415789,0.43081003840311866,True,77
212.438871,81,222.870593,0.2353859537977307,0.2353859537977307,0.4318074596034073,0.4415599364526726,True,81
183.766426,72,222.923774,0.20861815988978158,0.20861815988978158,0.4312368334216221,0.8451086122872586,True,72
259.536247,82,222.984865,0.35176303422469823,0.35176303422469823,0.5918251796263058,0.444511198660048,True,82
187.606141,62,223.026257,0.23492117869044574,0.23492117869044574,0.42908157732848534,0.4979278681772651,True,62
179.330312,71,223.075282,0.318534561911136,0.318534561911136,0.43020288590460765,0.8923841857632616,True,71
234.11452,74,223.122843,0.30743161988969386,0.30743161988969386,0.42030950502363085,0.8764616702561089,True,74
149.236876,63,223.167844,0.3065910180990029,0.3065910180990029,0.5760783597876519,0.4114044858120234,True,63
106.332784,61,223.208703,0.13024398383586402,0.13024398383586402,0.6908225437742077,0.44853849043819194,True,61
144.824444,76,223.263775,0.1498260184006284,0.1498260184006284,0.4892757501260892,0.4337569710742622,True,76
240.887032,97,223.330609,0.31612314118772317,0.31612314118772317,0.5467256761738176,0.425195424471296,True,97
228.864532,70,223.381532,0.25836781968092487,0.25836781968092487,0.5796688005053711,0.41883354854896,True,70
162.363848,60,223.421359,0.2885620336189792,0.2885620336189792,0.5489310667954427,0.4401427146707071,True,60
128.245491,55,223.460693,0.2785047607417284,0.2785047607417284,0.6227922452009652,0.42185581785710424,True,55
224.573654,88,223.527662,0.38603302219657915,0.38603302219657915,0.4181104683909399,0.5528793124034836,True,88
171.487249,93,223.595389,0.40070602937130084,0.40070602937130084,0.4337059823337752,0.9696513482886907,True,93
197.498906,75,223.647136,0.21120243942165143,0.21120243942165143,0.6854793475462365,0.44572429563278937,True,75
292.659433,106,223.721641,0.4493123104216893,0.4493123104216893,0.42192925156159833,0.5243041710924427,True,106
200.906494,74,223.771955,0.25362733929134945,0.25362733929134945,0.6380053305887184,0.43458420124543834,True,74
196.29671,82,223.830642,0.32726236445297974,0.32726236445297974,0.4259881952092349,0.5375040715467049,True,82
241.197293,78,223.885884,0.33951465983763934,0.33951465983763934,0.4311669058822505,0.9788754993134261,True,78
189.837932,75,223.941693,0.2121615019886354,0.2121615019886354,0.4318266778608704,0.7968154445355076,True,75
206.693578,76,223.996401,0.21808704042455374,0.21808704042455374,0.6887389347911923,0.4352221875926344,True,76
210.868687,85,224.467213,0.4019850601745697,0.4019850601745697,0.43121714925373594,0.5857967154196644,True,85
203.0916,81,224.538264,0.4167676390816201,0.4167676390816201,0.4361157547268731,0.7201845991894306,True,81
180.045662,74,224.613558,0.3165125395702809,0.3165125395702809,0.4947247328024848,0.4108892276943474,True,74
121.836473,71,224.658481,0.4385126466606535,0.4385126466606535,0.42239705682888795,0.7137899043989594,True,71
225.768588,78,224.711756,0.2634082560436482,0.2634082560436482,0.5791843344509136,0.44406221764653553,True,78
179.326923,82,224.768138,0.3163333346193196,0.3163333346193196,0.455546980190173,0.4477106206545625,True,82
190.806035,78,224.819659,0.2097969042159807,0.2097969042159807,0.4304509296564648,0.9566881181981359,True,78
189.546512,83,224.880836,0.37479730611571666,0.37479730611571666,0.4302180870007189,0.6531957036496319,True,83
167.35841,56,224.918762,0.2240556037494879,0.2240556037494879,0.542663179096876,0.4417336757788522,True,56
152.972876,83,224.976755,0.15219341283879062,0.15219341283879062,0.44351180560677245,0.4473452202706394,True,83
162.071125,69,225.02477,0.3680518003469744,0.3680518003469744,0.42915796640812737,0.9745249519401477,True,69
148.461571,60,225.064685,0.2921177809005715,0.2921177809005715,0.6352964373394281,0.4344338486439323,True,60
208.036029,80,225.122527,0.37302626110802534,0.37302626110802534,0.4238042631090961,0.5992143239399342,True,80
265.834631,101,225.191133,0.4577950684365265,0.4577950684365265,0.42258543487099226,0.6130834118872942,True,101
143.254463,62,225.235829,0.2773751541961853,0.2773751541961853,0.43087072452571357,0.7431679226019409,True,62
230.127462,96,225.302153,0.39672674328158786,0.39672674328158786,0.4230223497080905,0.8727686495504899,True,96
82.228631,77,225.357312,-0.1267200659218894,-0.1267200659218894,0.6601295777706897,0.3984362402957956,True,77
127.31094,71,225.404894,0.40210944045046193,0.40210944045046193,0.43416716103551717,0.47902766997952206,True,71
196.943824,68,225.454712,0.23343170287929146,0.23343170287929146,0.5897344155802186,0.4340416140847631,True,68
231.615527,79,225.515121,0.3584412330917043,0.3584412330917043,0.4276827692479972,0.8051382203260802,True,79
189.139997,75,225.56864,0.36990183456731934,0.36990183456731934,0.4216793075861749,0.7126710163341079,True,75
204.646151,82,225.62679,0.3186232722870512,0.3186232722870512,0.43038432761128015,0.7141689743173009,True,82
262.629534,87,225.685787,0.3335804443275148,0.3335804443275148,0.42511572038527684,0.4103728195367201,True,87
245.783376,112,225.766618,0.47265349739213136,0.47265349739213136,0.43198026200619233,0.519359906896252,True,112
186.65628,79,225.821923,0.3731701005592935,0.3731701005592935,0.4302657354033619,0.6947341421818372,True,79
200.628682,67,225.870423,0.29296799178654553,0.29296799178654553,0.42368958255876754,0.839534547142754,True,67
186.090245,89,226.468729,0.30571275030849016,0.30571275030849016,0.427431976629904,0.9056146848382332,True,89
203.34649,96,226.571821,0.228141469274823,0.228141469274823,0.5641375730554821,0.436704048818466,True,96
211.110994,76,226.645975,0.34005822478431635,0.34005822478431635,0.43015376550526935,0.6880501399759897,True,76
218.674872,87,226.704195,0.3407348567692836,0.3407348567692836,0.5748964892572246,0.44186641699425666,True,87
296.289454,110,226.782141,0.30592020517355056,0.30592020517355056,0.4164397852651016,0.7136673838570069,True,110
231.886424,77,226.837805,0.3079792363961736,0.3079792363961736,0.5322954756171523,0.43269899004096385,True,77
220.494941,98,226.909162,0.39328381794670214,0.39328381794670214,0.42722321158506277,0.4544918565238009,True,98
192.345097,67,226.955153,0.2679416473332164,0.2679416473332164,0.5285610066373506,0.4359528462553344,True,67
214.582573,71,227.004398,0.296361335398416,0.296361335398416,0.4313426044546816,0.5500705617571429,True,71
184.502767,85,227.063736,0.43375244285409403,0.43375244285409403,0.42506594565185646,0.7462304780893424,True,85
174.04012,65,227.111044,0.29879934168590494,0.29879934168590494,0.42635422596049094,0.8759618739089103,True,65
203.124179,74,227.158849,0.24071702342798146,0.24071702342798146,0.48200557249448783,0.4437972825237007,True,74
199.923916,68,227.207791,0.28048821749440417,0.28048821749440417,0.5831472858425312,0.44873895268885533,True,68
218.286551,72,227.256224,0.2687247764801818,0.2687247764801818,0.6606151289549684,0.4410254805616955,True,72
80.328486,94,227.323572,0.07568874516977855,0.07568874516977855,0.42842918469522884,0.4325846649433617,True,94
168.456548,63,227.366069,0.30728213071898575,0.30728213071898575,0.6003375188014368,0.42440714160343407,True,63
138.074222,58,227.406382,0.30209550900327153,0.30209550900327153,0.6340268766883045,0.44682270800574214,True,58
225.916253,74,227.456765,0.2814253629846787,0.2814253629846787,0.5572552224909791,0.44345289074398375,True,74
239.368226,106,227.532195,0.4919277966264895,0.4919277966264895,0.42166275858671587,0.7806783801186343,True,106
220.888316,76,227.586334,0.3547746678181003,0.3547746678181003,0.41867260418351354,0.7591744890103824,True,76
209.244729,77,227.639613,0.343532406703414,0.343532406703414,0.6402138793824562,0.44578921463956966,True,77
142.110887,70,227.687663,0.375289630194996,0.375289630194996,0.5744698339796469,0.43550126339313183,True,70
145.41828,81,227.743242,0.5089154265661974,0.5089154265661974,0.4192444558049477,0.7203270348579486,True,81
249.859999,103,227.817698,0.4320379012171253,0.4320379012171253,0.4145963861379111,0.4903384245538664,True,103
180.512198,90,227.882026,0.4047504587885993,0.4047504587885993,0.4783589072347665,0.42172253164935,True,90
222.635095,75,228.47506,0.25742903114674615,0.25742903114674615,0.575075163743349,0.44237108432669,True,75
193.097665,116,228.586469,0.5207785402397015,0.5207785402397015,0.43356905768721676,0.785517456810229,True,116
129.519857,70,228.66802,0.3704649795681413,0.3704649795681413,0.500278131384378,0.4347618464236863,True,70
179.411235,64,228.710003,0.2796531175938598,0.2796531175938598,0.434029421888007,0.7737087856356515,True,64
231.403872,105,228.78173,0.4033153196126428,0.4033153196126428,0.4324205926121789,0.7593306988272273,True,105
235.434873,73,228.835368,0.2932340394619899,0.2932340394619899,0.4999447201634511,0.4177091525290989,True,73
165.147567,76,228.890434,0.4054999972285027,0.4054999972285027,0.4820387466505833,0.43330010004258757,True,76
195.586224,74,228.944454,0.31111162380707325,0.31111162380707325,0.5147895098486818,0.4450402877216016,True,74
187.73558,80,229.00073,0.4143067658567892,0.4143067658567892,0.45525437896129606,0.44246646409371954,True,80
198.325902,65,229.04706,0.2954583840437945,0.2954583840437945,0.5712285456948237,0.4284796319562464,True,65
214.497217,74,229.097815,0.244126023286977,0.244126023286977,0.6448395476749098,0.41384808380154503,True,74
220.551907,100,229.168046,0.4937931812904966,0.4937931812904966,0.4194195320136509,0.9152658059217371,True,100
145.751378,92,229.236631,0.5475331456808051,0.5475331456808051,0.4187016154028668,0.8998049257662425,True,92
211.409399,87,229.30073,0.40678603009025843,0.40678603009025843,0.41868752549714094,0.7212590980997295,True,87
143.576159,49,229.338806,0.20765488996939435,0.20765488996939435,0.6082308127554877,0.43229392184677884,True,49
138.764178,80,229.394646,0.5063696104984692,0.5063696104984692,0.42858564743583705,0.8511527787982472,True,80
203.003907,74,229.444874,0.20912014062119388,0.20912014062119388,0.6909543388433484,0.4488239953047092,True,74
193.551657,92,229.508069,0.4340861604867745,0.4340861604867745,0.41551768233676134,0.6316363366834538,True,92
206.634195,80,229.565835,0.257807290987914,0.257807290987914,0.4503316162399391,0.42753403827392544,True,80
275.915553,94,229.632813,0.27803357068147366,0.27803357068147366,0.625913968871445,0.4205014082513493,True,94
251.79509,89,229.693965,0.4147931096707747,0.4147931096707747,0.43529062766392684,0.7909724460647456,True,89
128.333208,83,229.755891,0.15281233200419464,0.15281233200419464,0.5710476431713006,0.44160598380287974,True,83
211.271389,74,229.80794,0.2719045007998745,0.2719045007998745,0.6508122831190325,0.4393533546679894,True,74
184.050188,82,229.863741,0.41554307634575066,0.41554307634575066,0.495816313376626,0.4290072440949207,True,82
221.378596,78,229.91695,0.3260898333312093,0.3260898333312093,0.5690934805679974,0.4108645601456536,True,78
135.06243,83,229.977361,0.18625519073680116,0.18625519073680116,0.6609567818612692,0.4399287806316763,True,83
145.715878,84,230.617925,0.4718192293719257,0.4718192293719257,0.4265112476117697,0.6279235873672129,True,84
213.370771,78,230.698919,0.3736404518053169,0.3736404518053169,0.4332619216586876,0.8556102187797561,True,78
206.633867,82,230.7759,0.3425203291803821,0.3425203291803821,0.4250009240437761,0.7755722184978986,True,82
202.591154,67,230.822044,0.29121316450063756,0.29121316450063756,0.5128319547882587,0.4341255434632325,True,67
126.138634,71,230.877064,0.3434003328215372,0.3434003328215372,0.42486523096785506,0.7278361457917973,True,71
152.949276,71,230.928725,0.17608610875235092,0.17608610875235092,0.6047259228709694,0.43863533982792524,True,71
98.22032,65,230.978581,0.098417902405754,0.098417902405754,0.6354442922355,0.43014050112213875,True,65
110.958924,73,231.031419,0.11354898957916253,0.11354898957916253,0.7034067372911481,0.4309371273773209,True,73
167.952003,74,231.090711,0.3737261720908544,0.3737261720908544,0.43208984921134297,0.5759601757225923,True,74
256.238877,102,231.166833,0.3979404812319794,0.3979404812319794,0.4279508219593889,0.881831052181595,True,102
260.171818,86,231.229643,0.3911138695519687,0.3911138695519687,0.4338741292003343,0.741116090864801,True,86
188.319521,63,231.276703,0.2790247170206339,0.2790247170206339,0.4313791679708498,0.8694085705344825,True,63
232.005558,80,231.330804,0.26085871386850956,0.26085871386850956,0.5001446436881788,0.4323434129247056,True,80
164.804573,65,231.377712,0.3201598209227648,0.3201598209227648,0.5833237834066471,0.43613836170352577,True,65
196.183458,86,231.441179,0.2861591457293593,0.2861591457293593,0.4291886353477836,0.5787034160367632,True,86
239.547118,81,231.501308,0.35812375981930133,0.35812375981930133,0.5349871715273775,0.4301548432075312,True,81
199.499505,70,231.551842,0.2662587894809712,0.2662587894809712,0.42709674318701557,0.7914990540827592,True,70
231.979834,94,231.619235,0.42713832596610285,0.42713832596610285,0.43024229169962974,0.5002846126522837,True,94
170.174953,70,231.671456,0.3257271255307663,0.3257271255307663,0.43266713046577077,0.6407507366963875,True,70
213.331316,90,231.737798,0.31629315609610736,0.31629315609610736,0.4265734796624837,0.7476406149329861,True,90
293.067311,90,231.806119,0.3315058155047378,0.3315058155047378,0.42879498020914786,0.8017645289151889,True,90
119.765929,85,231.867311,0.16262636646768597,0.16262636646768597,0.4199155809525902,0.891377326740113,True,85
250.770065,108,231.948305,0.2661367427984193,0.2661367427984193,0.4172435783779296,0.8072381373800241,True,108
201.611782,90,232.013035,0.30369860765294904,0.30369860765294904,0.4296477249924256,0.813855351569069,True,90
170.200382,67,232.061422,0.2828179860755228,0.2828179860755228,0.5420011310979665,0.44783354499300304,True,67
167.334298,81,232.606933,0.38627978900446247,0.38627978900446247,0.4233360519169446,0.6716709079080599,True,81
250.491848,74,232.676966,0.28599520353816815,0.28599520353816815,0.42238519279631076,0.8715824649349757,True,74
222.639883,78,232.757934,0.3509396106351465,0.3509396106351465,0.4281296665875102,0.8402993502871206,True,78
129.161144,98,232.829822,0.1134976768192764,0.1134976768192764,0.6769523464971676,0.4070924230303806,True,98
231.30079,78,232.88676,0.3086796035528857,0.3086796035528857,0.4226562203989017,0.9973498787871077,True,78
195.24506,65,232.934623,0.26687109237454815,0.26687109237454815,0.5592899890760407,0.4429610795117824,True,65
224.774179,98,233.007536,0.44919183055099837,0.44919183055099837,0.42078120147956527,0.6837303424916256,True,98
156.005076,85,233.068343,0.5066704941731838,0.5066704941731838,0.4435600094483677,0.4450763132763759,True,85
254.782179,93,233.137005,0.40665902249842134,0.40665902249842134,0.4352568557281367,0.8373068087907541,True,93
223.823421,77,233.188471,0.2609516461898469,0.2609516461898469,0.5224444712481668,0.42629377516236705,True,77
279.75884,94,233.257466,0.35954777470974747,0.35954777470974747,0.4438740544284438,0.4210107451269757,True,94
174.164731,83,233.315968,0.21441455476166182,0.21441455476166182,0.43461292038677934,0.5333578887516952,True,83
238.549491,100,233.38918,0.4699776365483052,0.4699776365483052,0.43179614970581887,0.8486572299299965,True,100
120.325512,70,233.438047,0.40396321017473796,0.40396321017473796,0.503432393293038,0.43589989770635457,True,70
175.386235,78,233.494817,0.41116519985824285,0.41116519985824285,0.4324179064573051,0.7323220057710758,True,78
187.372229,86,233.556052,0.2821751955969791,0.2821751955969791,0.4510174164256451,0.4119751790497452,True,86
232.00192,75,233.614835,0.2617582093426909,0.2617582093426909,0.5634768649921628,0.4453300628469599,True,75
250.537227,89,233.679421,0.3647109395533175,0.3647109395533175,0.4304688286543804,0.7960848190549342,True,89
249.876459,116,233.76253,0.3703471330892727,0.3703471330892727,0.4244808947826083,0.7426257122093107,True,116
188.574623,68,233.811858,0.24971562922358048,0.24971562922358048,0.5254522832052709,0.4269067313544702,True,68
227.064044,89,233.87275,0.32948474045396686,0.32948474045396686,0.5488014500166057,0.439522617474256,True,89
186.72259,71,233.92415,0.2701627203300296,0.2701627203300296,0.41796480014595655,0.49940754153006905,True,71
196.664036,79,233.984002,0.38072377716428324,0.38072377716428324,0.4332200988682344,0.6033378101493072,True,79
190.094289,62,234.028593,0.23538975907371842,0.23538975907371842,0.6369921612738723,0.42823820942196095,True,62
215.258843,83,234.085712,0.3785646466525888,0.3785646466525888,0.5052487941547932,0.42515886795879154,True,83
220.864747,85,234.577938,0.4216405302955798,0.4216405302955798,0.4801500828663578,0.44867930912426623,True,85
204.185663,68,234.654423,0.252941544877515,0.252941544877515,0.43478138903549685,0.8567863168070529,True,68
129.673063,77,234.723983,0.4970628384222698,0.4970628384222698,0.4271745010981752,0.5508962730687481,True,77
97.828589,94,234.790924,0.10819206922287528,0.10819206922287528,0.6409470380326487,0.4354742972640171,True,94
259.891605,88,234.855902,0.3568503133590479,0.3568503133590479,0.43219913219032724,0.7984919117474115,True,88
185.005564,64,234.900532,0.30682333124241956,0.30682333124241956,0.42817257479640103,0.7072494205196882,True,64
186.790455,76,234.956836,0.31026531947749153,0.31026531947749153,0.5581316369353154,0.4357712044175793,True,76
121.349159,71,235.00752,0.13573724312815025,0.13573724312815025,0.6878365107855606,0.44202354518713177,True,71
236.846009,92,235.078717,0.3993471401026426,0.3993471401026426,0.4244552457187203,0.8328861149447008,True,92
137.243024,68,235.128969,0.16057347214036974,0.16057347214036974,0.6467851413448552,0.44718612295507554,True,68
165.153938,72,235.180373,0.354777668977551,0.354777668977551,0.4361453220523186,0.9422141320187132,True,72
214.318113,76,235.234942,0.26394277793513904,0.26394277793513904,0.4288700079129917,0.8419163250690793,True,76
165.842547,82,235.295942,0.1818466954685235,0.1818466954685235,0.42778405974188954,0.4832508960151643,True,82
127.313448,59,235.340384,0.3000534454687928,0.3000534454687928,0.4277406273495158,0.8223480286973612,True,59
213.675685,90,235.406601,0.3092195950062581,0.3092195950062581,0.5184462374634071,0.4475561050165815,True,90
177.509113,57,235.447892,0.25903739642785667,0.25903739642785667,0.6301672501322746,0.4454138002198242,True,57
187.08372,62,235.493052,0.26319538873929693,0.26319538873929693,0.6172100347870836,0.42047243160155096,True,62
242.308865,103,235.566308,0.41023619989158455,0.41023619989158455,0.42888658248346806,0.8504937973453148,True,103
204.502025,62,235.607962,0.22585494250251853,0.22585494250251853,0.6006495144080001,0.4254965564194404,True,62
206.199111,78,235.668004,0.3125813556650176,0.3125813556650176,0.42805257517380335,0.781273116464387,True,78
143.204868,84,235.731504,0.46283245718202287,0.46283245718202287,0.4309570010836914,0.9313945923338657,True,84
202.228889,76,235.786238,0.2601374994744289,0.2601374994744289,0.4197931931156308,0.8699875257082208,True,76
220.361865,67,235.834741,0.2860306039436376,0.2860306039436376,0.4300304657423995,0.7152445769501387,True,67
228.623207,90,235.898599,0.4754715682591731,0.4754715682591731,0.42721245680049924,0.6065600070076398,True,90
203.780135,65,235.945536,0.23316419694831286,0.23316419694831286,0.43431784453440936,0.7279041815578906,True,65
251.588732,85,236.005017,0.2869767224572122,0.2869767224572122,0.47532103688641597,0.4407937628361716,True,85
227.329368,86,236.06569,0.3960371071355486,0.3960371071355486,0.432446972496505,0.7425489611005986,True,86
185.299755,70,236.723441,0.29731692775352,0.29731692775352,0.4210200198705446,0.639952822301897,True,70
288.827096,107,236.822555,0.30733948729337407,0.30733948729337407,0.4430062636041678,0.4488803913332177,True,107
75.575937,75,236.894834,0.12775711708431278,0.12775711708431278,0.5537245430996469,0.4426324346279934,True,75
202.910789,81,236.950401,0.3205312105893144,0.3205312105893144,0.5373906886290392,0.4486145475795126,True,81
208.22143,68,237.001286,0.29895794480145954,0.29895794480145954,0.5594189457237214,0.4365419158476231,True,68
243.982573,86,237.065745,0.3818189604703678,0.3818189604703678,0.4294468719047402,0.9202131946747283,True,86
176.700317,75,237.125535,0.2461950801360409,0.2461950801360409,0.42508004255172044,0.42766344600640477,True,75
266.204508,89,237.194266,0.34410221074540764,0.34410221074540764,0.46493425916090664,0.4439119199533904,True,89
183.222697,82,237.25251,0.19726457054578042,0.19726457054578042,0.5249154849310053,0.39356757484658567,True,82
234.185913,101,237.322309,0.5601482778263578,0.5601482778263578,0.43258041179540824,0.4202450392480783,True,101
163.433813,73,237.373227,0.3680021640877077,0.3680021640877077,0.420221624293981,0.9078332967867877,True,73
120.58544,97,237.438489,0.04166183464316418,0.04166183464316418,0.613114888710828,0.41472111860621264,True,97
201.041325,100,237.507864,0.4289282195736888,0.4289282195736888,0.4328908644122732,0.7942250012421693,True,100
174.862995,74,237.558009,0.2771142700730817,0.2771142700730817,0.43533779216368207,0.8496076179916551,True,74
187.14343,85,237.617132,0.20417900557824073,0.20417900557824073,0.5231685292195937,0.43434722901890965,True,85
201.693257,79,237.668972,0.29480470325253527,0.29480470325253527,0.4344321742368401,0.46580734230252113,True,79
236.474907,78,237.724562,0.2608136038060829,0.2608136038060829,0.5252928908624348,0.4333951943893496,True,78
102.818155,73,237.777916,0.21632686106520546,0.21632686106520546,0.5680290171096769,0.4433561712338386,True,73
205.706057,99,237.845953,0.5515211810641137,0.5515211810641137,0.4258178438124126,0.8673510837662547,True,99
271.241807,86,237.90325,0.3224070549168441,0.3224070549168441,0.4205240353430922,0.6957415301120757,True,86
103.073106,123,237.984891,-0.30135070523117846,-0.30135070523117846,0.42162799080081853,0.5878142942163254,True,123
154.699211,79,238.037499,0.3875867102227426,0.3875867102227426,0.4319826175536586,0.9890797446398464,True,79
187.840874,88,238.097412,0.199470120804971,0.199470120804971,0.6856541779355625,0.438507319282888,True,88
192.076955,82,238.151984,0.2494658821853662,0.2494658821853662,0.41968175159070037,0.9580816121298025,True,82
36.20088,93,238.635108,-0.018005722742380575,-0.018005722742380575,0.6087218103351495,0.44902440661242915,True,93
208.049817,79,238.715322,0.3870186022980987,0.3870186022980987,0.5040766573491331,0.43925410746022503,True,79
179.151048,81,238.789663,0.38521951634687984,0.38521951634687984,0.4295324408131227,0.7257110575095942,True,81
232.942968,83,238.846819,0.4097839752504132,0.4097839752504132,0.43243221080226524,0.59641354460121,True,83
248.768493,77,238.903487,0.2862112813334993,0.2862112813334993,0.509624806699556,0.4388451922285922,True,77
212.76931,91,238.974001,0.4515997477493178,0.4515997477493178,0.4337483308167122,0.8758245357560284,True,91
214.048931,74,239.026127,0.27094910258134086,0.27094910258134086,0.5931097631147967,0.4426199772817775,True,74
194.335322,81,239.079989,0.29045934009260826,0.29045934009260826,0.6073393145691415,0.43400100101385125,True,81
225.776593,83,239.142596,0.3677779478074951,0.3677779478074951,0.4214506004394146,0.5516578886378091,True,83
244.231963,76,239.192731,0.2990403930897064,0.2990403930897064,0.6299346917397701,0.43408590889539045,True,76
199.148932,75,239.245541,0.28979736451124466,0.28979736451124466,0.41946063453913796,0.7163892395609409,True,75
198.61319,78,239.300288,0.39023247249298476,0.39023247249298476,0.4228309561258028,0.6606086974425924,True,78
71.274647,109,239.377661,0.02540490804096155,0.02540490804096155,0.4202253211987505,0.4624194902263391,True,109
263.573139,96,239.444511,0.409201178310202,0.409201178310202,0.5536539304860443,0.43137193347255237,True,96
166.922411,77,239.496324,0.40713336010141693,0.40713336010141693,0.46060484855131845,0.436095492838288,True,77
192.949276,87,239.552938,0.4650174131739392,0.4650174131739392,0.4219362795385364,0.5456845000027282,True,87
180.391215,66,239.600456,0.26078330936279237,0.26078330936279237,0.42079041386453037,0.761081680738746,True,66
230.881159,76,239.649119,0.32213460028543967,0.32213460028543967,0.42096670696277283,0.6753135764866371,True,76
154.892242,85,239.709902,0.48764713421743444,0.48764713421743444,0.42514610536446606,0.476176786224119,True,85
201.200996,83,239.76685,0.4244511705392716,0.4244511705392716,0.42206060039473126,0.6545174204050159,True,83
194.886095,68,239.814966,0.2878616124119122,0.2878616124119122,0.42899783178860734,0.45858171468441666,True,68
127.495167,55,239.850789,0.2725201156004002,0.2725201156004002,0.6140701746294852,0.4343136210515886,True,55
235.161249,91,239.914101,0.42607208630594,0.42607208630594,0.4194974474577551,0.9957155097253342,True,91
183.144527,69,239.961673,0.2506793824679791,0.2506793824679791,0.5915336357090005,0.4282948669445599,True,69
186.037948,92,240.028105,0.5080609447563826,0.5080609447563826,0.4281779184289261,0.9663089170569295,True,92
260.073705,84,240.614662,0.308012323012993,0.308012323012993,0.5718590251305117,0.41721663499260436,True,84
274.698104,96,240.715602,0.338391693778123,0.338391693778123,0.42566212509206725,0.7540948956652375,True,96
208.889196,96,240.791908,0.48249782412189446,0.48249782412189446,0.4288371424857102,0.5441256065089128,True,96
216.248846,80,240.856742,0.41723959970124536,0.41723959970124536,0.42797540432743253,0.8298511570828072,True,80
203.800522,73,240.903973,0.30424971923408906,0.30424971923408906,0.508822152228374,0.4453419075542348,True,73
198.332271,62,240.948044,0.2678522140071614,0.2678522140071614,0.511806809429788,0.4182289559885829,True,62
225.393738,81,241.004047,0.35085974151784755,0.35085974151784755,0.43597675760956595,0.72100756147975,True,81
218.13772,94,241.071797,0.4593710237853458,0.4593710237853458,0.433817601140744,0.9149762433742212,True,94
159.051668,90,241.132812,0.5146276437095556,0.5146276437095556,0.4318812330454515,0.998731793160125,True,90
222.145707,78,241.188814,0.32713453494729317,0.32713453494729317,0.42707283638710436,0.7180228052807484,True,78
217.074646,84,241.244643,0.31690777779713036,0.31690777779713036,0.420172174936443,0.8587315849995644,True,84
207.749496,98,241.31355,0.3072145116701932,0.3072145116701932,0.43024249396932496,0.7550967880355719,True,98
249.360565,90,241.379446,0.43131475411610193,0.43131475411610193,0.4335850943305281,0.6298823791778914,True,90
192.678492,91,241.441867,0.4619157293211989,0.4619157293211989,0.42153745838525647,0.7245505715787731,True,91
164.177799,82,241.501441,0.36089456400320236,0.36089456400320236,0.4273052966550725,0.4940107764240749,True,82
115.366369,60,241.542485,0.331561960096401,0.331561960096401,0.5922712523826921,0.4379180271022426,True,60
207.240773,89,241.603033,0.43708709994420053,0.43708709994420053,0.42258816570668595,0.9086917047161864,True,89
272.707763,85,241.662204,0.3173960534882618,0.3173960534882618,0.42007437492686994,0.5328989789711588,True,85
149.152022,92,241.72463,0.5251280819495528,0.5251280819495528,0.43182625542295233,0.7363064432612694,True,92
257.026237,86,241.781781,0.3809355002764734,0.3809355002764734,0.4266624046392103,0.4763656679528902,True,86
185.991651,109,241.85778,0.44936288852710743,0.44936288852710743,0.4374375387749355,0.42471809321141085,True,109
225.179301,70,241.908827,0.31748837979074984,0.31748837979074984,0.4233136962294451,0.47767312083426505,True,70
216.181692,88,241.972944,0.40165539428381586,0.40165539428381586,0.44534049268034764,0.4439289003655675,True,88
247.607882,88,242.031806,0.273888666977953,0.273888666977953,0.43374397878679266,0.7197420092660964,True,88
193.451397,64,242.488106,0.2608015072659644,0.2608015072659644,0.6628263198794053,0.4322969332293594,True,64
241.219552,95,242.563734,0.31366601271343697,0.31366601271343697,0.5881400744679959,0.4485354875428811,True,95
120.572534,84,242.64688,0.2734918673549209,0.2734918673549209,0.4313024860656866,0.6872470892907119,True,84
238.912717,78,242.710131,0.2853165112967622,0.2853165112967622,0.469320553919767,0.4261195320370687,True,78
102.201086,55,242.74835,0.15462560726435381,0.15462560726435381,0.6410790172642462,0.4423308558556523,True,55
260.111981,82,242.801888,0.3146199304145479,0.3146199304145479,0.4223106582774786,0.6852486112545879,True,82
213.565362,88,242.863841,0.2644347479834277,0.2644347479834277,0.418791450915414,0.7512111814559923,True,88
180.95505,84,242.920727,0.45471942704134183,0.45471942704134183,0.4340752901527599,0.6818758410741926,True,84
135.908839,73,242.971251,0.4331233852130289,0.4331233852130289,0.4722614697878657,0.44133253831210995,True,73
153.310979,75,243.022887,0.3638085743512262,0.3638085743512262,0.48180622606561846,0.44463383820194496,True,75
127.184959,104,243.094166,0.27884209434476515,0.27884209434476515,0.5819300300930226,0.4296402054095859,True,104
187.924444,70,243.142742,0.30699334660605043,0.30699334660605043,0.4756962234838763,0.4259941469352446,True,70
194.569354,88,243.203214,0.43526377431689556,0.43526377431689556,0.43034106191668814,0.8307432713433227,True,88
245.288931,96,243.270202,0.2763058834186873,0.2763058834186873,0.42896043747934864,0.8713255977883094,True,96
235.104185,74,243.322562,0.24930644508825836,0.24930644508825836,0.4321497129270013,0.7758979323001296,True,74
146.833099,83,243.384187,0.4356186956460328,0.4356186956460328,0.42584281678379304,0.4791826988593526,True,83
241.525062,84,243.438355,0.39276267163148415,0.39276267163148415,0.42337760333417446,0.8650195933972431,True,84
211.25164,80,243.493917,0.33360000591667416,0.33360000591667416,0.4350787774494393,0.6046304219943343,True,80
180.876566,78,243.550524,0.3632674921110782,0.3632674921110782,0.4277616391565166,0.9443444128242952,True,78
218.617847,83,243.605352,0.24333354590882775,0.24333354590882775,0.6395360370105561,0.43361368598617545,True,83
113.595592,70,243.651407,0.14903634032265417,0.14903634032265417,0.45142974132233726,0.43959404061480145,True,70
200.319282,80,243.711367,0.21735061023557975,0.21735061023557975,0.5852326019148995,0.43847138146408676,True,80
185.687701,87,243.771534,0.42050576620034835,0.42050576620034835,0.43107611972097,0.6646080909163558,True,87
263.482373,84,243.82589,0.31099309212443577,0.31099309212443577,0.41913507672207023,0.7680480726475318,True,84
225.676899,101,243.906274,0.5229253168533048,0.5229253168533048,0.42173759287553414,0.6754502841964234,True,101
170.053452,65,244.429428,0.22401754898676454,0.22401754898676454,0.6088354736650768,0.44866247002038007,True,65
154.167248,85,244.511807,0.4259618073005953,0.4259618073005953,0.43289206738929825,0.8606155353930813,True,85
197.559813,75,244.587911,0.2810657965809496,0.2810657965809496,0.43598578511242164,0.9501507880088662,True,75
132.724613,79,244.649455,0.4986322754878905,0.4986322754878905,0.42293328829430726,0.9123239315928128,True,79
215.459885,98,244.715626,0.23738105666296397,0.23738105666296397,0.43071673316944986,0.542536389920044,True,98
178.516526,64,244.759438,0.3043987686326333,0.3043987686326333,0.5370384078021659,0.4490330087553349,True,64
277.494673,106,244.834533,0.39066814674959954,0.39066814674959954,0.41875860847322804,0.8508267088725816,True,106
280.640959,92,244.902704,0.3167300931052783,0.3167300931052783,0.4350024595283557,0.8341193550488881,True,92
156.300937,87,244.968916,0.17195894176122498,0.17195894176122498,0.5854275780868654,0.4265271675029638,True,87
196.873892,84,245.029743,0.3586904636023747,0.3586904636023747,0.5048444127412542,0.43851505427922954,True,84
155.038044,81,245.086483,0.45840185562632,0.45840185562632,0.43065149380799533,0.61482228143538,True,81
290.671679,112,245.163378,0.48912562490611067,0.48912562490611067,0.41905747040974023,0.5209002319232963,True,112
161.578359,90,245.223185,0.2057309318847216,0.2057309318847216,0.5431787016893864,0.41947742175670216,True,90
123.630492,66,245.26807,0.19008807458546234,0.19008807458546234,0.4266724949221514,0.5250209642223757,True,66
179.397877,88,245.326862,0.5150165132740251,0.5150165132740251,0.43067463230196706,0.7150742160164754,True,88
172.501608,80,245.384234,0.24675440065725912,0.24675440065725912,0.42582641898441387,0.9425997149705256,True,80
229.469199,102,245.458127,0.4676256405066311,0.4676256405066311,0.4312438002830365,0.8987153567286447,True,102
175.398142,76,245.511024,0.3799105517256657,0.3799105517256657,0.4586994475117366,0.43938222990375886,True,76
130.327133,82,245.565297,0.4706132664710215,0.4706132664710215,0.42844438634072324,0.702602735336388,True,82
205.046428,67,245.610612,0.29355405289049413,0.29355405289049413,0.6161084827216281,0.4097274380383456,True,67
234.041103,79,245.665066,0.2770119721111589,0.2770119721111589,0.4293395272194404,0.9738778791044814,True,79
281.700203,112,245.74438,0.48580514748381476,0.48580514748381476,0.42003168951980124,0.6681148667440208,True,112
159.376249,81,245.799535,0.32889921378535053,0.32889921378535053,0.43225309028369713,0.6976781843065167,True,81
194.960642,80,245.857475,0.3213818333987856,0.3213818333987856,0.5600400263701169,0.4383260211736662,True,80
248.495709,94,246.447708,0.40093355009494,0.40093355009494,0.43086297526075285,0.9226966795751046,True,94
94.568502,81,246.541558,0.11684096440090593,0.11684096440090593,0.4340198385389747,0.6584233763541275,True,81
178.860166,78,246.613391,0.4195910236124562,0.4195910236124562,0.42554048335706046,0.5070137503380567,True,78
264.882623,89,246.673134,0.3162262614150486,0.3162262614150486,0.49214806409476974,0.4467769770271501,True,89
170.081186,81,246.728629,0.45912456235568594,0.45912456235568594,0.43016594218211535,0.5802315673961623,True,81
189.040038,78,246.783966,0.22512646496311517,0.22512646496311517,0.6878530738860766,0.44568612287910153,True,78
189.053341,75,246.833052,0.2213086600879418,0.2213086600879418,0.5825154558610215,0.41315480287104106,True,75
168.884541,62,246.876503,0.2287274100249749,0.2287274100249749,0.6393841338434115,0.4022494613305259,True,62
249.185625,85,246.933383,0.38283020521640904,0.38283020521640904,0.4359973615170974,0.8112847597774574,True,85
146.169861,80,246.994176,0.3923450542013192,0.3923450542013192,0.42599043299687545,0.8441680243281894,True,80
206.246064,90,247.05914,0.5416288813002136,0.5416288813002136,0.4241504391000659,0.8184305400488671,True,90
276.854903,83,247.113698,0.3361338601839456,0.3361338601839456,0.4330718304736561,0.5458677503186912,True,83
276.647748,90,247.17469,0.40185512224457004,0.40185512224457004,0.4180340769922414,0.8260021022105402,True,90
191.99353,87,247.240143,0.4698114326020683,0.4698114326020683,0.42423922666198266,0.8223154465132302,True,87
120.520292,66,247.285693,0.3789336987547027,0.3789336987547027,0.5014468917066123,0.43037004601985124,True,66
191.428528,68,247.334011,0.2854583095959085,0.2854583095959085,0.49491528732378326,0.43870875382250807,True,68
187.698578,64,247.37696,0.2999899095081155,0.2999899095081155,0.56539390262961,0.44410991195736316,True,64
184.776587,75,247.427434,0.33584484036017975,0.33584484036017975,0.5813312386476116,0.4263263290865611,True,75
244.705946,85,247.486145,0.3046611023351861,0.3046611023351861,0.43086471083799116,0.7910166337252079,True,85
147.225469,105,247.55793,0.13195202856128305,0.13195202856128305,0.6237754102611813,0.40171783388157284,True,105
266.305724,97,247.627506,0.4294715244175369,0.4294715244175369,0.4245699554201646,0.9222103859132182,True,97
270.026534,121,247.717191,0.5220764661043608,0.5220764661043608,0.42295643418891204,0.5668580012102045,True,121
251.072819,80,247.768326,0.2953755987901231,0.2953755987901231,0.42864615593857724,0.7905915703125279,True,80
120.316108,68,247.814512,0.41742864505954747,0.41742864505954747,0.5226016892450198,0.4401955209413055,True,68
147.470973,86,247.877528,0.37407824207056223,0.37407824207056223,0.43044677366662565,0.9487048042491053,True,86
160.729743,76,248.360277,0.3877766216932634,0.3877766216932634,0.5397246684369083,0.4457674664186176,True,76
258.811482,89,248.445391,0.41676890416389034,0.41676890416389034,0.417825799053232,0.8468555583469481,True,89
235.444661,88,248.531319,0.3203853942369838,0.3203853942369838,0.5631340481010154,0.41861962986053514,True,88
168.195067,68,248.577514,0.32845198845246804,0.32845198845246804,0.43228568963937514,0.5356662432723732,True,68
246.748678,95,248.643268,0.3123724792234909,0.3123724792234909,0.6067072740774088,0.43209431969356615,True,95
231.855843,100,248.712875,0.24257052812496696,0.24257052812496696,0.5959714378216214,0.44316390246740545,True,100
178.62766,88,248.774188,0.4641629817507328,0.4641629817507328,0.43558892900007884,0.8510652797472584,True,88
218.740351,84,248.833337,0.39918690022661807,0.39918690022661807,0.425633057686872,0.6774709999934776,True,84
130.350125,111,248.909941,-0.013665376769378559,-0.013665376769378559,0.6862342940841597,0.44069466757632036,True,111
249.531421,85,248.972017,0.34397969368714415,0.34397969368714415,0.42199305212095767,0.6191694822771682,True,85
216.593262,87,249.032946,0.43512113351389436,0.43512113351389436,0.43419595931800764,0.6225626868957297,True,87
231.081105,89,249.096122,0.4277150809135968,0.4277150809135968,0.4244508778988383,0.853022395026928,True,89
194.031493,94,249.160728,0.21211946136950632,0.21211946136950632,0.42227588801628446,0.5444277926076674,True,94
177.204834,78,249.213953,0.3943327305975818,0.3943327305975818,0.5047676688799608,0.4377933583570344,True,78
253.042827,79,249.265029,0.2600803570525931,0.2600803570525931,0.4198335588955764,0.6207130210861108,True,79
199.889963,78,249.318699,0.27642750582328096,0.27642750582328096,0.4610797682583317,0.4490586383476116,True,78
189.788708,81,249.372309,0.4347393462907582,0.4347393462907582,0.4883384261039888,0.44964768416161727,True,81
252.479474,99,249.440822,0.365134548771619,0.365134548771619,0.5854028065638555,0.44668761791432193,True,99
179.12683,58,249.480178,0.23784262745362766,0.23784262745362766,0.43114917965881855,0.6452415845536776,True,58
192.028277,94,249.54518,0.4299265984591393,0.4299265984591393,0.49268633852193855,0.4386209008282621,True,94
180.170259,92,249.611275,0.49389339953657413,0.49389339953657413,0.4852066258959388,0.42464537199719155,True,92
226.37959,80,249.667811,0.37620732816175506,0.37620732816175506,0.42974452413424985,0.740785757332147,True,80
172.781336,81,249.725541,0.3142175281710637,0.3142175281710637,0.4261595312619374,0.7822279943221031,True,81
281.989198,125,250.255315,0.2842124750346157,0.2842124750346157,0.43400164874677155,0.4338349062976709,True,125
208.366518,77,250.33104,0.36696845210401247,0.36696845210401247,0.4169620808509669,0.8174741705139107,True,77
157.664148,82,250.40923,0.47072486119204443,0.47072486119204443,0.41535464100536884,0.5148943525315304,True,82
130.111537,109,250.485461,0.14010479204509974,0.14010479204509974,0.42447380330185885,0.512728216356579,True,109
208.556625,75,250.535809,0.2853951701373889,0.2853951701373889,0.42073014874702713,0.5156784926269282,True,75
187.455024,86,250.594806,0.22941919679717054,0.22941919679717054,0.4829960029756899,0.41308476411700934,True,86
230.160359,89,250.65216,0.42097099093755336,0.42097099093755336,0.4825511286669549,0.4255755191245363,True,89
161.9137,60,250.696479,0.24843579592425272,0.24843579592425272,0.5073246710673323,0.4461091141489495,True,60
177.259117,79,250.753756,0.4022304265305618,0.4022304265305618,0.42586789185580165,0.7038893443234936,True,79
204.49362,89,250.814571,0.40021989098868405,0.40021989098868405,0.4326137771558255,0.5004287681015451,True,89
186.312476,66,250.857126,0.25501921833049135,0.25501921833049135,0.6141044101928748,0.4296758031839788,True,66
230.233098,83,250.913136,0.29346621440444054,0.29346621440444054,0.4236697019634943,0.8331597950756472,True,83
254.52031,102,250.987395,0.4466863614918395,0.4466863614918395,0.43550985068363235,0.7614166080271867,True,102
263.747859,93,251.050227,0.442855896602426,0.442855896602426,0.42622305252073966,0.876494639207967,True,93
189.905026,74,251.104375,0.36507277218459183,0.36507277218459183,0.42431587774966184,0.5035621219637805,True,74
240.10762,74,251.156701,0.3169065607178334,0.3169065607178334,0.42561569983901437,0.5083679271273154,True,74
185.378178,65,251.200243,0.26808397985780896,0.26808397985780896,0.5444691513593386,0.41542220522902473,True,65
145.511699,84,251.260987,0.16608529760254412,0.16608529760254412,0.4266060473542274,0.610350012629023,True,84
256.495401,79,251.314642,0.35247772431900765,0.35247772431900765,0.49263803230294984,0.4262825490978822,True,79
193.73397,94,251.380904,0.2135560084645272,0.2135560084645272,0.4250204516038067,0.66816644506459,True,94
128.848272,74,251.430684,0.14054157212974802,0.14054157212974802,0.6793732717385029,0.4323331782973129,True,74
219.690558,85,251.489887,0.3502168206762122,0.3502168206762122,0.42977276652935603,0.759428195567287,True,85
153.405085,75,251.543961,0.35223987252788647,0.35223987252788647,0.43401039497205823,0.8841564805320432,True,75
208.078613,102,251.614066,0.3142033140213992,0.3142033140213992,0.45224755976543257,0.43460172155050963,True,102
183.327741,80,251.672467,0.3521606407594349,0.3521606407594349,0.534098354288534,0.4154944770628032,True,80
194.897471,67,252.03844,0.20785716596784268,0.20785716596784268,0.6449875827961965,0.4129176370771959,True,67
139.170356,79,252.121793,0.16688829584494566,0.16688829584494566,0.4297761697426385,0.7171259213558524,True,79
152.454741,57,252.174741,0.2872727298583187,0.2872727298583187,0.5687594868948952,0.4141518555233722,True,57
199.484387,72,252.239077,0.29889995314277784,0.29889995314277784,0.42387312621024464,0.929521848616,True,72
269.959078,83,252.294865,0.29775885580739964,0.29775885580739964,0.42419833422087516,0.9351769119111798,True,83
244.951741,86,252.350887,0.36635215817882016,0.36635215817882016,0.42673019038647275,0.5782623970705096,True,86
239.170601,95,252.420295,0.44392677906963557,0.44392677906963557,0.425804435986017,0.7548109335768604,True,95
229.423269,94,252.482953,0.45006387390090813,0.45006387390090813,0.4309396406067417,0.6495069446595061,True,94
227.694563,99,252.553269,0.4532281298560989,0.4532281298560989,0.43305465272556726,0.45030579488066536,True,99
205.37518,76,252.604099,0.2257748330603391,0.2257748330603391,0.41918226485981136,0.8197548296939057,True,76
191.615475,88,252.663268,0.40648071530019003,0.40648071530019003,0.4191205332475928,0.46602658368754585,True,88
198.935675,80,252.719121,0.3499755596129973,0.3499755596129973,0.4317126253609289,0.8004773072837584,True,80
139.423114,80,252.774661,0.49784919354440815,0.49784919354440815,0.4209256829310653,0.7217578904276304,True,80
279.210855,98,252.842313,0.2922428082377149,0.2922428082377149,0.50107026413879,0.4341440431370031,True,98
199.370113,116,252.927825,0.5489709834717448,0.5489709834717448,0.4254037086010977,0.815944194426032,True,116
127.650017,76,252.982911,0.4896776733785014,0.4896776733785014,0.4252497205560945,0.9339667090947066,True,76
198.693683,75,253.037617,0.3641299529931383,0.3641299529931383,0.43390989555539816,0.5246527750821979,True,75
216.831099,104,253.115383,0.33807456830087107,0.33807456830087107,0.4313767932943476,0.677984560147745,True,104
229.580275,75,253.169329,0.2658831196620628,0.2658831196620628,0.43514658342010987,0.8598547388482561,True,75
138.460747,82,253.226671,0.14356541000892595,0.14356541000892595,0.5230019957493142,0.43260827515872613,True,82
272.865753,105,253.299141,0.469783078771635,0.469783078771635,0.42935673703593874,0.6575833524946602,True,105
161.149868,83,253.358161,0.1883151960942543,0.1883151960942543,0.4350250812061973,0.9566897327006385,True,83
147.698309,116,253.441135,0.4670799810307374,0.4670799810307374,0.42779933880083393,0.5817609497967837,True,116
221.164831,91,253.508797,0.3867557492787886,0.3867557492787886,0.4348276864238005,0.8474546042827719,True,91
269.674865,81,253.934661,0.3473675965357552,0.3473675965357552,0.42542325886446003,0.7008557796911474,True,81
182.068985,89,254.006288,0.5389346500750306,0.5389346500750306,0.4285758483681559,0.9274270039552064,True,89
237.807346,85,254.09669,0.37525399594218484,0.37525399594218484,0.44876742234530487,0.4342284486454787,True,85
187.713856,82,254.150733,0.40995081052735,0.40995081052735,0.47368528980089014,0.4462688111862091,True,82
272.010394,94,254.214595,0.34982820104986007,0.34982820104986007,0.4253043006059725,0.7290034191399005,True,94
176.277873,80,254.268549,0.43311056855078145,0.43311056855078145,0.4324098648350656,0.9086650064498754,True,80
217.753243,69,254.315766,0.2402730779976083,0.2402730779976083,0.6222736745678699,0.4283743173359672,True,69
204.322567,70,254.364911,0.2789125039760595,0.2789125039760595,0.5531539900930491,0.439967096041321,True,70
233.566768,80,254.42602,0.328237111336256,0.328237111336256,0.41989276827898947,0.4746803860311577,True,80
243.72306,90,254.487387,0.2917521008679304,0.2917521008679304,0.43557969505063554,0.6436999540156649,True,90
153.199101,67,254.534396,0.3299678014377729,0.3299678014377729,0.43407272374919864,0.8630920056405789,True,67
207.864344,80,254.592191,0.2437902107859086,0.2437902107859086,0.5335586573993362,0.4478482529284581,True,80
197.092311,83,254.647779,0.39822174804980287,0.39822174804980287,0.4217161216380546,0.6931385129447255,True,83
147.76594,90,254.712122,0.5152241870577473,0.5152241870577473,0.43546691429399587,0.9940979951455191,True,90
210.576745,63,254.755441,0.2528363417908338,0.2528363417908338,0.6623257806061337,0.4298801409466423,True,63
158.390653,90,254.818679,0.5459474908472303,0.5459474908472303,0.4262388361394928,0.9458341060018913,True,90
213.889187,81,254.875619,0.234223004595718,0.234223004595718,0.6319475315689248,0.4096700900069733,True,81
209.923897,87,254.9398,0.364512114847947,0.364512114847947,0.4338741947638953,0.96875161783371,True,87
229.608024,96,255.004603,0.2535238988110835,0.2535238988110835,0.43318979279913766,0.6385053807525348,True,96
215.432489,101,255.076833,0.6415579199515207,0.6415579199515207,0.4201325790158732,0.799204986836916,True,101
169.501748,82,255.134663,0.4284501761191883,0.4284501761191883,0.43548588271722977,0.8513768384479437,True,82
260.456677,90,255.201964,0.29274643972140646,0.29274643972140646,0.423805318514776,0.6546289475735373,True,90
83.00526,81,255.259566,0.06619841685225422,0.06619841685225422,0.6828792815939722,0.4380032666357145,True,81
219.786963,73,255.308766,0.2627019056869558,0.2627019056869558,0.5759499393752726,0.4365985838411346,True,73
235.956411,73,255.361641,0.27388517505252674,0.27388517505252674,0.4208468809067775,0.6731337255553734,True,73
102.008912,80,255.886475,0.14078346396303956,0.14078346396303956,0.5281694466526878,0.41519885918369714,True,80
236.522012,82,255.950147,0.3742307837507219,0.3742307837507219,0.43159754160394903,0.673608876680344,True,82
200.904029,78,256.022297,0.2847103860161237,0.2847103860161237,0.433553968803298,0.8092358970089744,True,78
267.037518,84,256.082318,0.3426037313554666,0.3426037313554666,0.4224470173663594,0.9762519411389723,True,84
226.480269,86,256.1384,0.43243504156326124,0.43243504156326124,0.43000748711185965,0.6634516866424784,True,86
233.957339,94,256.199838,0.4298306563734314,0.4298306563734314,0.42541792802929407,0.6667353471406261,True,94
142.558904,80,256.255107,0.32788079188942626,0.32788079188942626,0.5009878869879196,0.43531041519488156,True,80
175.339684,86,256.315334,0.49025138565819304,0.49025138565819304,0.43335020690992726,0.7631904923741056,True,86
252.355185,84,256.372618,0.3418398380829485,0.3418398380829485,0.6401565769318129,0.408153004017602,True,84
231.171229,88,256.433856,0.35179344231770593,0.35179344231770593,0.43316678320717794,0.8075322697841368,True,88
89.657988,87,256.492594,0.008582404687539215,0.008582404687539215,0.6944309324249421,0.42379679242071944,True,87
185.631044,86,256.551344,0.41998359795404544,0.41998359795404544,0.41645203230765304,0.7210685811974252,True,86
183.937943,82,256.60975,0.42818705252601946,0.42818705252601946,0.43422259094823223,0.8056039536956556,True,82
243.846239,88,256.670136,0.32578770468226087,0.32578770468226087,0.424670974704282,0.5378237615523948,True,88
161.31049,80,256.726133,0.32329005520823995,0.32329005520823995,0.5410098219966009,0.42837176693889145,True,80
233.621922,77,256.778248,0.34208475556130036,0.34208475556130036,0.42785159825915653,0.5803639563753701,True,77
215.193801,71,256.825702,0.3120597600926903,0.3120597600926903,0.5351505225308311,0.44031729514574636,True,71
233.989319,81,256.883845,0.28023181843991507,0.28023181843991507,0.43475246489433356,0.8403157365534679,True,81
166.011197,74,256.938152,0.232923633453311,0.232923633453311,0.42730482703229417,0.7545867426147215,True,74
147.906532,57,256.978521,0.27301937304443064,0.27301937304443064,0.6540807843057588,0.4430117395990339,True,57
172.925076,90,257.042944,0.545324329862869,0.545324329862869,0.4355240295273226,0.6521608883524604,True,90
166.021969,76,257.096531,0.3464620517251666,0.3464620517251666,0.5058835727752384,0.4229114851673196,True,76
170.125834,70,257.145205,0.33514207502070614,0.33514207502070614,0.4659693628102124,0.4194548466742732,True,70
186.876831,79,257.200291,0.2671925297905358,0.2671925297905358,0.6470086190845881,0.43793379191897774,True,79
189.791932,83,257.256818,0.331353467280308,0.331353467280308,0.4397985794261749,0.43616166240162163,True,83
249.13343,82,257.88426,0.33185477340644814,0.33185477340644814,0.4330786395346617,0.5668637388227196,True,82
237.054081,84,257.978532,0.3783774579413906,0.3783774579413906,0.4248817451943915,0.4634365060596523,True,84
248.468786,84,258.055622,0.3006744531581575,0.3006744531581575,0.4353127318135119,0.9124830438211813,True,84
252.114355,92,258.114718,0.2888763649091348,0.2888763649091348,0.5280798549888699,0.42832489778890986,True,92
162.593511,73,258.163771,0.3548594749693163,0.3548594749693163,0.49056619918073463,0.43555310853798324,True,73
97.331866,74,258.213261,0.14563894352532247,0.14563894352532247,0.577852681722018,0.44112195311958474,True,74
243.601046,97,258.279349,0.5524876269528379,0.5524876269528379,0.4285482232715237,0.7804957053443959,True,97
297.74005,102,258.348506,0.34263583115168,0.34263583115168,0.5980343494697654,0.4273314157188536,True,102
175.925234,90,258.409617,0.37658081132390075,0.37658081132390075,0.4322759659821314,0.6554056411232848,True,90
162.604198,81,258.465937,0.4411200621038342,0.4411200621038342,0.4615161530031732,0.43757436390996907,True,81
181.995359,77,258.516512,0.3600584123797596,0.3600584123797596,0.5709357551964561,0.43883003517643693,True,77
100.022078,105,258.594225,0.44890788571620077,0.44890788571620077,0.4291447790057981,0.8208093711053625,True,105
303.811193,100,258.664384,0.39480489764709614,0.39480489764709614,0.42088007140727984,0.808442605227669,True,100
236.921162,110,258.742681,0.4608984789310396,0.4608984789310396,0.43356666586787795,0.8679915676273088,True,110
165.110366,87,258.800305,0.17755786803960785,0.17755786803960785,0.6536619831365741,0.42742666685094355,True,87
176.978675,71,258.848626,0.2018580249438467,0.2018580249438467,0.6842161632115512,0.4232406535348397,True,71
78.929934,80,258.903723,-0.01567001427462778,-0.01567001427462778,0.4365384223549764,0.43898814850466605,True,80
222.141408,97,258.970848,0.4601543655923963,0.4601543655923963,0.4337522132768776,0.5859104997598292,True,97
210.925515,88,259.032346,0.3130171984843448,0.3130171984843448,0.4218318236478063,0.9514090484117923,True,88
248.963118,94,259.107386,0.3840127251459475,0.3840127251459475,0.43312674809028395,0.7243901784693143,True,94
130.613756,68,259.154381,0.379316925037731,0.379316925037731,0.5267951509653607,0.42177307003567366,True,68
209.954551,75,259.206701,0.28140185177350313,0.28140185177350313,0.43611685882776013,0.725428287967366,True,75
176.346528,82,259.269319,0.21578515439635437,0.21578515439635437,0.6641479677244693,0.43048474966190464,True,82
210.952015,96,259.337855,0.6114558703368477,0.6114558703368477,0.42818742717853564,0.9125410685447997,True,96
129.371912,62,259.864234,0.31390921769999275,0.31390921769999275,0.6215948924675537,0.4189550079063764,True,62
229.795608,82,259.932679,0.3129099197069084,0.3129099197069084,0.4326684750193597,0.8505544312340478,True,82
206.626574,75,259.992978,0.33830227193594886,0.33830227193594886,0.5452053037870771,0.41626532369064817,True,75
231.016211,80,260.049085,0.340070848613876,0.340070848613876,0.4275789976908012,0.8216943837160158,True,80
219.776462,73,260.097275,0.24712799722526754,0.24712799722526754,0.5887749591608983,0.41321670493277374,True,73
198.824106,99,260.165956,0.22765193895735733,0.22765193895735733,0.41921346867856635,0.9538691624811564,True,99
155.405496,58,260.203954,0.2490914012340502,0.2490914012340502,0.6260444183346602,0.4297760747181082,True,58
172.137577,79,260.259738,0.430350055346983,0.430350055346983,0.4228153056093076,0.7865876588344537,True,79
229.510896,107,260.331533,0.502162239701651,0.502162239701651,0.43073171994027326,0.6900454722111057,True,107
227.98528,79,260.385851,0.2686519927646002,0.2686519927646002,0.41796698789057185,0.7171491771677794,True,79
140.96839,95,260.453067,0.142622856979065,0.142622856979065,0.63930523760032,0.44150231439268584,True,95
219.919317,72,260.506025,0.31096209070668296,0.31096209070668296,0.42509507520051154,0.803756948835188,True,72
169.041257,85,260.569297,0.3455218472394746,0.3455218472394746,0.4306994181883176,0.6673601700234448,True,85
240.18057,98,260.63364,0.26067409554649784,0.26067409554649784,0.43351866566468195,0.596322716229857,True,98
108.395781,73,260.683178,0.41840419605442997,0.41840419605442997,0.42820516089272936,0.5057618093715956,True,73
176.853368,85,260.739889,0.5096601406221443,0.5096601406221443,0.41980335529844925,0.9296316799026809,True,85
170.117454,72,260.788698,0.316837818464506,0.316837818464506,0.5923526017902754,0.43344946422599456,True,72
217.429566,80,260.850092,0.32562673695735,0.32562673695735,0.4355066444528026,0.7908253490506046,True,80
195.409506,66,260.898903,0.2795297465174634,0.2795297465174634,0.644499734583038,0.4141995449164555,True,66
214.765833,83,260.958251,0.4341125068685485,0.4341125068685485,0.42008774700709606,0.6120271005770584,True,83
247.82353,113,261.038872,0.47255276117922124,0.47255276117922124,0.5394580245383873,0.4362627769669086,True,113
216.06423,107,261.113226,0.5940884954235786,0.5940884954235786,0.43322321205313186,0.9322990388319957,True,107
201.579082,92,261.176805,0.35848704448887486,0.35848704448887486,0.4300375900057883,0.9161424899759997,True,92
153.750653,62,261.218855,0.2742816822746027,0.2742816822746027,0.46875140406531257,0.43905148408748934,True,62
140.001875,62,261.263242,0.1693516733094713,0.1693516733094713,0.5810279695236296,0.4401013144859193,True,62
217.643266,74,261.725973,0.24415308655109136,0.24415308655109136,0.6400158357297245,0.44264058680162516,True,74
252.319491,91,261.790473,0.4483447500200725,0.4483447500200725,0.43929117528880063,0.4346342721357402,True,91
245.314474,90,261.865394,0.36467662252211464,0.36467662252211464,0.42753427836506663,0.9781137377012458,True,90
189.859925,73,261.917042,0.31850369055439554,0.31850369055439554,0.43307858687091416,0.9120614088586002,True,73
246.464198,97,261.986768,0.4987689275365429,0.4987689275365429,0.4259691194620244,0.8392167214985992,True,97
176.279334,91,262.050128,0.5186081891766566,0.5186081891766566,0.4347733352312539,0.7249324620717952,True,91
197.701155,85,262.105995,0.41178455096276406,0.41178455096276406,0.4259937650376521,0.8026831401742863,True,85
118.492017,84,262.161093,0.21591641149035554,0.21591641149035554,0.6453268586957333,0.4486415690964724,True,84
234.349857,84,262.217429,0.2617144976008029,0.2617144976008029,0.4270479784120559,0.6125991281526818,True,84
204.589908,73,262.266855,0.3438592237596049,0.3438592237596049,0.5212323581443618,0.42127339717423984,True,73
174.953354,77,262.320984,0.46826587669891606,0.46826587669891606,0.431096502733725,0.7415166117935074,True,77
221.617156,86,262.378076,0.4118165452268519,0.4118165452268519,0.5266412285896466,0.42683454616022487,True,86
257.992753,88,262.437772,0.2968128945986147,0.2968128945986147,0.41546068292039345,0.7141687666664895,True,88
185.504847,69,262.48453,0.21129545053934679,0.21129545053934679,0.6432212501316473,0.44709688647145324,True,69
146.136934,83,262.54072,0.4678754897083004,0.4678754897083004,0.44351142290869994,0.43211836355648947,True,83
203.50512,83,262.598776,0.3764047769078225,0.3764047769078225,0.5261920677078665,0.4299931390311852,True,83
151.938749,81,262.65608,0.46585273298930974,0.46585273298930974,0.42548966960433154,0.7062790855846991,True,81
215.145521,74,262.705685,0.2713362528660101,0.2713362528660101,0.5491380161408664,0.4423675736110408,True,74
151.045964,88,262.768523,0.19578253931367157,0.19578253931367157,0.4336018157131781,0.8155830801142494,True,88
223.501115,110,262.848489,0.2350856246922007,0.2350856246922007,0.43336232658689405,0.6938780936178381,True,110
225.058085,79,262.906424,0.29807020015979596,0.29807020015979596,0.4248062584345541,0.5854895988160072,True,79
201.138441,91,262.966486,0.4970453532966125,0.4970453532966125,0.41659917787898293,0.46130247040389716,True,91
219.705729,70,263.014466,0.2964019511961285,0.2964019511961285,0.4285680275353674,0.5195908827201927,True,70
143.626705,63,263.058676,0.297379377205271,0.297379377205271,0.43605535956575414,0.8238449270958974,True,63
181.327337,84,263.585576,0.47687184231564056,0.47687184231564056,0.41928151771566025,0.7893661946010466,True,84
119.700312,73,263.653052,0.41906293899088864,0.41906293899088864,0.42244743800096435,0.8658648448902364,True,73
222.235428,97,263.757769,0.5346941318953191,0.5346941318953191,0.420332731744932,0.6778032414462403,True,97
185.541022,88,263.829741,0.19678905403703328,0.19678905403703328,0.43390359871927076,0.8793758725508775,True,88
87.063401,87,263.890969,0.27558159654753295,0.27558159654753295,0.43100788803809076,0.6946788889624345,True,87
245.460208,97,263.96129,0.3541601474128758,0.3541601474128758,0.43418009522493073,0.8269222089356408,True,97
235.66622,84,264.015887,0.3433309201946854,0.3433309201946854,0.43448738718003255,0.8173997922209212,True,84
237.469408,113,264.097434,0.5271974286341427,0.5271974286341427,0.42609458091123226,0.5074180364926985,True,113
216.251089,76,264.14775,0.25557410314441803,0.25557410314441803,0.42922048205133967,0.9590580407636207,True,76
276.963245,100,264.214207,0.36110060969483143,0.36110060969483143,0.4235032278940186,0.8387516384776365,True,100
195.1423,93,264.279664,0.4424285893388353,0.4424285893388353,0.4270580103656139,0.9118796024999811,True,93
163.591562,72,264.329434,0.35030837020321237,0.35030837020321237,0.4301500718997467,0.9237941639325062,True,72
188.48971,85,264.390071,0.4278447724698428,0.4278447724698428,0.42771319977876854,0.8155598205768398,True,85
270.964514,114,264.475844,0.5872447783376212,0.5872447783376212,0.43250869229027006,0.6697236761352751,True,114
249.591977,84,264.53262,0.3558635754970496,0.3558635754970496,0.426791276308206,0.6633136006725686,True,84
251.90304,101,264.602156,0.264979067498488,0.264979067498488,0.45378226350962536,0.44106519789638143,True,101
223.127808,94,264.667513,0.4463396723288965,0.4463396723288965,0.430692167576452,0.8648959053399826,True,94
197.638921,74,264.719305,0.36684582105628716,0.36684582105628716,0.4305261898243411,0.676509347529818,True,74
191.26532,66,264.764041,0.28845734171426674,0.28845734171426674,0.649683157997118,0.4455164770327379,True,66
175.628727,78,264.819921,0.3780979360941817,0.3780979360941817,0.5645293067441981,0.42836078580252834,True,78
179.537871,63,264.865915,0.24178225786990365,0.24178225786990365,0.429035865962706,0.780425565899378,True,63
181.563561,85,264.926371,0.40776849972793955,0.40776849972793955,0.43039585492501775,0.7620250057706562,True,85
217.960648,90,264.991714,0.44258994110910155,0.44258994110910155,0.418421427718701,0.9674704687388852,True,90
150.768399,81,265.045554,0.45790935103406993,0.45790935103406993,0.4305269615114842,0.8071251802145321,True,81
250.455377,81,265.606019,0.32977432043288646,0.32977432043288646,0.4235290597560395,0.7860541034404425,True,81
163.772684,87,265.702681,0.28156992602398323,0.28156992602398323,0.42341381078380635,0.9671534010006874,True,87
183.832723,81,265.777058,0.3687599512501543,0.3687599512501543,0.43560948153511203,0.8477775727491682,True,81
229.155301,86,265.836802,0.4071595400363801,0.4071595400363801,0.43501763957754963,0.9372720454512516,True,86
254.930897,112,265.917982,0.2546735271757949,0.2546735271757949,0.42234619216875185,0.811730928847825,True,112
179.074762,121,266.003291,0.4535221371229871,0.4535221371229871,0.42049512812148326,0.7122930697985521,True,121
176.739393,83,266.061178,0.2213448521825046,0.2213448521825046,0.5884576182308393,0.4425745582194188,True,83
192.398019,74,266.11465,0.34056729664301194,0.34056729664301194,0.434278655208278,0.7510523824913717,True,74
237.814942,95,266.184568,0.40749480889603606,0.40749480889603606,0.4348151332512854,0.6082785025074456,True,95
253.031356,85,266.245567,0.3455233598528965,0.3455233598528965,0.4178609728429855,0.8539662072799725,True,85
174.082793,81,266.304852,0.42010223659871837,0.42010223659871837,0.43290367226735066,0.44875609673427735,True,81
166.65622,99,266.37801,0.46533101238863883,0.46533101238863883,0.4300449185256591,0.7465462253032241,True,99
178.379696,88,266.439496,0.3954282633120381,0.3954282633120381,0.421868562615363,0.7501844463418269,True,88
199.180089,85,266.497967,0.30616264270588883,0.30616264270588883,0.4239045977179738,0.978812803543968,True,85
182.099793,73,266.551586,0.33309126484945634,0.33309126484945634,0.43245340092568013,0.6349206029109669,True,73
232.944155,96,266.620156,0.27450583656606914,0.27450583656606914,0.42740144667467284,0.9808234179778677,True,96
190.814786,98,266.689232,0.4724717670885526,0.4724717670885526,0.46490306075289856,0.4419026535261246,True,98
203.595918,94,266.759289,0.48997369326028856,0.48997369326028856,0.4253166193325293,0.8976008540152188,True,94
222.726684,77,266.816381,0.3012731401938389,0.3012731401938389,0.4208982335267458,0.8458654712875032,True,77
178.276649,82,266.873857,0.3382725033146117,0.3382725033146117,0.4347855623088565,0.9919115639140151,True,82
129.141193,84,266.931048,0.12629954787883924,0.12629954787883924,0.6931731648016835,0.44211978808891444,True,84
196.886824,96,266.99717,0.5521522023181106,0.5521522023181106,0.4277006566845176,0.7207907552689321,True,96
160.43567,85,267.05652,0.5124391031545038,0.5124391031545038,0.4206339820402672,0.7404330890658695,True,85
229.86698,96,267.561331,0.4279023646393872,0.4279023646393872,0.4315413697507051,0.43086463815050025,True,96
129.869008,78,267.647928,0.4700415789576294,0.4700415789576294,0.4759915224032805,0.43841745071238164,True,78
220.255382,70,267.719745,0.27596378952729395,0.27596378952729395,0.5217792290559946,0.4418717561235823,True,70
139.292355,80,267.775791,0.48315959100548744,0.48315959100548744,0.43497703591115594,0.9138888167331131,True,80
74.51773,101,267.843997,-0.12963224707708687,-0.12963224707708687,0.6247057984450823,0.43392604630149234,True,101
186.292304,76,267.900833,0.20938788005241246,0.20938788005241246,0.5543944621436493,0.44196996531650257,True,76
212.752578,92,267.966608,0.5262924833762128,0.5262924833762128,0.433104218041644,0.9631071509627882,True,92
208.585869,77,268.021879,0.32625599890353435,0.32625599890353435,0.42822336742060907,0.7717054125726746,True,77
191.078742,96,268.091758,0.5523381136736875,0.5523381136736875,0.4206155401296362,0.5833651927917521,True,96
204.786529,83,268.153285,0.3952411987600066,0.3952411987600066,0.5186293741382696,0.4403509648056609,True,83
182.662056,72,268.20202,0.33039130335977784,0.33039130335977784,0.6001748982559315,0.40978638126427935,True,72
238.561003,84,268.262907,0.28250491542645984,0.28250491542645984,0.42528976942301727,0.645939867403776,True,84
227.784086,96,268.333899,0.5061805195410638,0.5061805195410638,0.4296369362612414,0.807436257134658,True,96
265.749891,80,268.389774,0.28928914152961493,0.28928914152961493,0.43584609807127594,0.7023963675622592,True,80
272.399549,97,268.460058,0.43731547487446987,0.43731547487446987,0.43176639004190537,0.8057854449715266,True,97
190.460758,80,268.516864,0.40127705783276635,0.40127705783276635,0.43436717150389204,0.7174357145600722,True,80
146.998273,78,268.571314,0.31350254319025095,0.31350254319025095,0.6071507348966518,0.44712601939164953,True,78
206.064188,82,268.629549,0.3325114519702054,0.3325114519702054,0.43289037730359714,0.6664259470369766,True,82
215.030804,91,268.701274,0.37351981332630685,0.37351981332630685,0.43510473873287436,0.9628224643304177,True,91
232.313488,85,268.76534,0.32701262060165964,0.32701262060165964,0.4242045195763317,0.6706241223852158,True,85
214.389279,95,268.830246,0.5250996919569552,0.5250996919569552,0.4262082415514042,0.9766013955962678,True,95
190.881873,71,268.878239,0.3510197455711603,0.3510197455711603,0.49739770737875605,0.42092770388569273,True,71
99.302362,75,268.928383,0.44925216146968894,0.44925216146968894,0.4204726283162829,0.7756356505761527,True,75
230.854428,76,268.980942,0.3484715440223274,0.3484715440223274,0.4201865087508634,0.46558980850507997,True,76
232.330046,95,269.529626,0.5385341907587878,0.5385341907587878,0.42642629948961214,0.9888922475242407,True,95
237.052863,87,269.610885,0.4331124739415105,0.4331124739415105,0.43148231401336246,0.5706156294453009,True,87
104.13062,88,269.704307,0.12271901158422929,0.12271901158422929,0.6512922319012852,0.4314752632379535,True,88
242.664993,86,269.764213,0.34477025548632445,0.34477025548632445,0.42254677542977764,0.6686460699345798,True,86
324.017388,108,269.845946,0.4285702962546243,0.4285702962546243,0.4297246696792754,0.5525033700349241,True,108
160.598861,76,269.900277,0.4045585295750579,0.4045585295750579,0.4266617355508074,0.9152334456625578,True,76
220.556487,96,269.967577,0.3962623494727491,0.3962623494727491,0.41950940450786645,0.8472200021118218,True,96
212.18139,94,270.034763,0.5115687815071821,0.5115687815071821,0.4311653498724258,0.8249114280340097,True,94
208.571834,85,270.093982,0.35421897954198295,0.35421897954198295,0.4902877663954623,0.4470470227688267,True,85
185.180359,80,270.147143,0.41514403050648707,0.41514403050648707,0.483831571955759,0.4124048124976175,True,80
204.322573,70,270.194889,0.24946446030036182,0.24946446030036182,0.42579470879654147,0.7914083427389232,True,70
225.876765,76,270.248312,0.26496471202524846,0.26496471202524846,0.42742383901510256,0.950314693150451,True,76
242.969741,88,270.308559,0.27967449929854676,0.27967449929854676,0.4557158472541254,0.4498946304258782,True,88
281.647348,112,270.394716,0.2959783475259668,0.2959783475259668,0.48729213530473947,0.4498989520739871,True,112
224.724872,90,270.457969,0.29853092322986413,0.29853092322986413,0.43337179745090265,0.7151560908039617,True,90
257.745978,107,270.544101,0.4102898814451911,0.4102898814451911,0.42630023415476875,0.97941730684235,True,107
192.089138,76,270.592774,0.35040723838466575,0.35040723838466575,0.4200521759402811,0.9636484209506835,True,76
190.797706,95,270.662671,0.43076812715012575,0.43076812715012575,0.4471328754402026,0.4445427493368526,True,95
184.06003,76,270.720537,0.3881070263351218,0.3881070263351218,0.42997386025856205,0.5467841611165369,True,76
229.724269,106,270.795993,0.4579257821943258,0.4579257821943258,0.5389021958218497,0.41527903268446525,True,106
220.890086,95,270.866445,0.4619697738776287,0.4619697738776287,0.4259516036621002,0.6455726527091652,True,95
188.815172,92,270.932679,0.4664487580531308,0.4664487580531308,0.42989721124257557,0.8126436905659453,True,92
273.321699,92,270.999525,0.30901936664561946,0.30901936664561946,0.4216283607457078,0.9460221334802843,True,92
208.253545,84,271.519763,0.2863648982387206,0.2863648982387206,0.4275858731608461,0.658555433217566,True,84
256.48978,81,271.595914,0.34344162819490304,0.34344162819490304,0.5280739691588054,0.42675287759374597,True,81
199.361256,74,271.661182,0.36979382488336104,0.36979382488336104,0.4180657187463142,0.7250235847866084,True,74
166.0259,81,271.718945,0.4618349050834779,0.4618349050834779,0.4308661233634078,0.5521448494888632,True,81
219.211268,98,271.789655,0.43514053314324375,0.43514053314324375,0.4293488121058029,0.4999884104123298,True,98
135.091922,72,271.843109,0.3932426800511825,0.3932426800511825,0.42836622544214453,0.6084849945634353,True,72
244.515691,96,271.913372,0.47745294152115714,0.47745294152115714,0.4325316011340883,0.9683086400860672,True,96
262.8251,88,271.974073,0.3968039763018333,0.3968039763018333,0.4296043075950677,0.8433387704301722,True,88
172.967522,82,272.029778,0.4223480050312547,0.4223480050312547,0.42251065039688424,0.9636202677468872,True,82
211.785575,86,272.091991,0.23781130145785923,0.23781130145785923,0.4452166711992219,0.41508552742612337,True,86
157.868928,78,272.148467,0.2504514726009188,0.2504514726009188,0.4316616432564534,0.7386139008933403,True,78
184.252123,73,272.202498,0.32626898542449567,0.32626898542449567,0.42571455031841776,0.8760051510620264,True,73
171.656751,67,272.252624,0.3295167063541316,0.3295167063541316,0.42660718724429814,0.9441289264143518,True,67
155.433231,74,272.302135,0.4088615484816982,0.4088615484816982,0.42699006100097886,0.6365316135898904,True,74
212.498426,72,272.352442,0.31782823572307933,0.31782823572307933,0.42702929086860725,0.54699301947898,True,72
232.284153,107,272.433329,0.4378091753135201,0.4378091753135201,0.43556281094506893,0.4105309346033351,True,107
259.64654,88,272.499392,0.29295286283767014,0.29295286283767014,0.42478155651858646,0.7881625604273563,True,88
193.053629,82,272.558725,0.38166636004071913,0.38166636004071913,0.4846207755728823,0.4297620468554525,True,82
173.401793,69,272.606983,0.2417671847393733,0.2417671847393733,0.4351362493189827,0.8245379969820443,True,69
238.065745,105,272.685797,0.44381250386307053,0.44381250386307053,0.4299069253254129,0.8928614956092421,True,105
213.2629,83,272.742577,0.37973270088078714,0.37973270088078714,0.4232273441731293,0.5652948231297572,True,83
192.52726,84,272.8002,0.36765653199803694,0.36765653199803694,0.4243471787066815,0.8613450275965986,True,84
191.587474,83,272.860067,0.4044132692713546,0.4044132692713546,0.4312401108642465,0.922059690589196,True,83
186.905139,90,272.930335,0.4560218900092018,0.4560218900092018,0.4331639257538655,0.46777019285238436,True,90
186.868001,91,272.995476,0.4360629353758177,0.4360629353758177,0.42711019358264063,0.8805563401200821,True,91
247.50132,81,273.503931,0.28635059854621703,0.28635059854621703,0.4152009153399765,0.6757372120521099,True,81
195.01879,84,273.59446,0.42928877306021035,0.42928877306021035,0.43382141326038176,0.8398554551201883,True,84
176.627439,91,273.678489,0.43443173742040664,0.43443173742040664,0.42325483413977033,0.9345071980380938,True,91
264.886576,87,273.738854,0.3586594024524796,0.3586594024524796,0.4212880886082516,0.72737908587593,True,87
89.856338,110,273.823058,-0.046798123889490964,-0.046798123889490964,0.4751678017498272,0.4294810737822371,True,110
228.418496,73,273.883898,0.27562179452598734,0.27562179452598734,0.4264747449750398,0.9199235606153209,True,73
181.006037,64,273.931056,0.2107899295681238,0.2107899295681238,0.6828863168527763,0.4273036154541838,True,64
206.724277,86,273.99136,0.4047020619634846,0.4047020619634846,0.4297541167613675,0.7204860887831426,True,86
133.903112,91,274.057189,0.146599787647871,0.146599787647871,0.6379544672797782,0.42319879465068194,True,91
204.95464,75,274.108901,0.21570908230987682,0.21570908230987682,0.6680819793917268,0.41671561331167306,True,75
182.183047,85,274.170443,0.3333575212570204,0.3333575212570204,0.42423926364950126,0.5707371228979238,True,85
203.05663,81,274.225789,0.3472112942674973,0.3472112942674973,0.5444149887925013,0.43502060909947793,True,81
218.62453,75,274.277637,0.23718996655572896,0.23718996655572896,0.4212367301711922,0.9362857045840931,True,75
204.144128,76,274.329453,0.2125658807408529,0.2125658807408529,0.41643644128142226,0.5499471244968084,True,76
178.79691,87,274.389917,0.4219492244131664,0.4219492244131664,0.433685877669837,0.7468117945286556,True,87
177.955271,91,274.452264,0.4949893793191818,0.4949893793191818,0.4333412354517349,0.7733353312656107,True,91
193.09565,79,274.504847,0.3609347327893787,0.3609347327893787,0.4317486993964948,0.7313116943025801,True,79
180.884667,98,274.580332,0.19054606570676025,0.19054606570676025,0.595770834326822,0.4390994625365806,True,98
130.692577,80,274.63652,0.36381541982871596,0.36381541982871596,0.43157580909750193,0.9238381790992802,True,80
228.290636,91,274.70004,0.41382452926862745,0.41382452926862745,0.4337630300371795,0.9304077888749172,True,91
143.945424,82,274.760552,0.4111826262093423,0.4111826262093423,0.4273710552582761,0.6361701085052487,True,82
244.813317,101,274.837303,0.49667326891391805,0.49667326891391805,0.4229532316585231,0.7959887347540948,True,101
273.228231,85,274.897805,0.28578388674142097,0.28578388674142097,0.42668885496817066,0.8995838937521795,True,85
231.3599,89,274.960173,0.46277403578392706,0.46277403578392706,0.4337753147106685,0.6497898232406935,True,89
225.745936,74,275.370012,0.3153146701439604,0.3153146701439604,0.42378233544628763,0.7733697145254371,True,74
184.047096,65,275.427966,0.24084151790583785,0.24084151790583785,0.6103312033412783,0.4348908713951082,True,65
231.330382,98,275.533581,0.30226876640179773,0.30226876640179773,0.4248672322283992,0.45731131367997124,True,98
222.132146,80,275.587613,0.31137047405609847,0.31137047405609847,0.4248704060669087,0.8200299605268518,True,80
210.553163,75,275.639961,0.24347370222865047,0.24347370222865047,0.4248474133352081,0.7682671689510231,True,75
201.26331,87,275.700461,0.46871905927538443,0.46871905927538443,0.4242761839988403,0.8749476161149612,True,87
235.950935,92,275.763001,0.367873879358063,0.367873879358063,0.5630166336763149,0.4339829471798872,True,92
183.654288,92,275.825222,0.46043246468150145,0.46043246468150145,0.4137645504325974,0.7302797695013719,True,92
207.171209,81,275.879739,0.36636245520693217,0.36636245520693217,0.4261555200657638,0.5308932911386108,True,81
146.976477,85,275.940283,0.39120712147232783,0.39120712147232783,0.4277463936168957,0.6826525784060647,True,85
263.965028,88,275.998999,0.34559539444284687,0.34559539444284687,0.4203860312203471,0.628360164117322,True,88
298.277645,96,276.070214,0.33342743848811623,0.33342743848811623,0.43403105150132004,0.8534071037635355,True,96
161.373832,74,276.139888,0.3587880947537338,0.3587880947537338,0.42112454873818,0.8811295550180838,True,74
164.566942,69,276.207178,0.3522425992019258,0.3522425992019258,0.4211131484598867,0.8326761973778402,True,69
207.950624,70,276.256424,0.33574642962404133,0.33574642962404133,0.45931639379293415,0.42354136631336226,True,70
222.943995,87,276.319616,0.44490617556498435,0.44490617556498435,0.43144431594674176,0.9586889417962488,True,87
182.108977,92,276.389928,0.5217369632007162,0.5217369632007162,0.4280647220710262,0.9138177638500344,True,92
218.689443,89,276.458544,0.45123880551358087,0.45123880551358087,0.43232386506650117,0.8647975062153206,True,89
176.862763,82,276.520632,0.44412307059372264,0.44412307059372264,0.4304191174933302,0.8160807884640933,True,82
171.453959,80,276.590265,0.3689848197288933,0.3689848197288933,0.418479246268621,0.8689309670797258,True,80
167.357732,84,276.651262,0.47166482429105056,0.47166482429105056,0.43174268036561697,0.6913109818855518,True,84
219.736254,81,276.712599,0.32736590345713007,0.32736590345713007,0.42204048026320795,0.6302007492653511,True,81
189.114248,87,276.77677,0.41280937004128854,0.41280937004128854,0.42587875649773993,0.5153469402287942,True,87
217.506961,84,276.834159,0.2255992002387954,0.2255992002387954,0.6497936197426701,0.43901193725191917,True,84
311.183468,98,277.364827,0.43994737704951764,0.43994737704951764,0.4291411263743949,0.5004190898429841,True,98
259.380512,95,277.461354,0.38491560007713294,0.38491560007713294,0.42431335625610905,0.9479169592924819,True,95
221.235996,104,277.56039,0.3448522829560732,0.3448522829560732,0.5910602873773944,0.4429992888535629,True,104
169.884739,77,277.614232,0.35619849326347774,0.35619849326347774,0.4319218789291189,0.6110310736901057,True,77
212.669237,85,277.672359,0.34382893975963524,0.34382893975963524,0.4263217296355507,0.7988195407359328,True,85
234.138154,87,277.73519,0.3144634840963197,0.3144634840963197,0.4361158190383559,0.8518758622760045,True,87
212.68146,81,277.79143,0.38267611904965854,0.38267611904965854,0.42724641140992636,0.7863350638412541,True,81
227.996887,97,277.863057,0.3866044022976815,0.3866044022976815,0.4345316891704993,0.5464324470971416,True,97
245.963467,97,277.931333,0.39636880262626306,0.39636880262626306,0.42373746634837817,0.7079334453572994,True,97
179.08865,81,277.988156,0.4036367697336271,0.4036367697336271,0.44716154903944866,0.4463322436792812,True,81
269.430588,88,278.047484,0.35627306119574853,0.35627306119574853,0.43507021197470114,0.8898693738525711,True,88
198.9781,69,278.096825,0.27566857592954086,0.27566857592954086,0.41938742875005985,0.681331888574908,True,69
219.185373,71,278.146711,0.3171507945237772,0.3171507945237772,0.4305095511200537,0.47188142908002584,True,71
274.612085,85,278.205585,0.3315020139088864,0.3315020139088864,0.41812115586643506,0.6393765133063867,True,85
200.37257,75,278.256985,0.24099542657274325,0.24099542657274325,0.42586442761295157,0.8701119830045735,True,75
243.161662,91,278.321266,0.3826439352215686,0.3826439352215686,0.47686148941661305,0.4159755414362955,True,91
192.238936,79,278.374375,0.29516367981382546,0.29516367981382546,0.4273493384784253,0.8762174124801511,True,79
243.930627,84,278.434314,0.35477515798829506,0.35477515798829506,0.43307863842792255,0.7831950857176404,True,84
230.295297,76,278.486355,0.30178329396162257,0.30178329396162257,0.5568932398499732,0.41313292812991664,True,76
229.733968,71,278.535921,0.2647975056084686,0.2647975056084686,0.6475370160909635,0.43825587601408067,True,71
193.090341,94,278.605967,0.5368291306842758,0.5368291306842758,0.42695052196110006,0.6010237466075355,True,94
171.331949,90,278.672542,0.19418661586833666,0.19418661586833666,0.43106958593488326,0.535412545567263,True,90
188.550581,68,278.722538,0.2725803192608723,0.2725803192608723,0.42635397149351667,0.663846468701046,True,68
217.299769,77,278.777552,0.35964898369444537,0.35964898369444537,0.4250471370414376,0.9574867180782447,True,77
252.097114,93,278.844098,0.46410045769434854,0.46410045769434854,0.43355902924326445,0.8916705497260751,True,93
204.865214,79,279.139899,0.34611323282760464,0.34611323282760464,0.43445603586515147,0.765479347811423,True,79
255.018095,99,279.235215,0.42543750145429704,0.42543750145429704,0.4463152035206422,0.4394091668138887,True,99
245.949766,78,279.311981,0.3376704992610208,0.3376704992610208,0.5702433001027151,0.43826482689163077,True,78
215.396819,65,279.354333,0.2877200002243398,0.2877200002243398,0.6912321971514003,0.4453891470984468,True,65
203.7022,75,279.406819,0.29056000210375094,0.29056000210375094,0.43180533347882055,0.8266987986761173,True,75
221.379928,80,279.461926,0.36024589927326683,0.36024589927326683,0.4231144156830373,0.688136870399217,True,80
201.310081,85,279.523346,0.39763096708041584,0.39763096708041584,0.4150910121532541,0.8517829683582095,True,85
226.448831,76,279.576563,0.3333154705665827,0.3333154705665827,0.5973269574721851,0.42027261027439256,True,76
189.429078,100,279.653043,0.30291282815134474,0.30291282815134474,0.43045945367739297,0.9425465210866519,True,100
210.485785,71,279.70605,0.331035975228069,0.331035975228069,0.42612630957321723,0.4757079573478606,True,71
189.868079,87,279.770404,0.20793750487412122,0.20793750487412122,0.4992548615016143,0.42688719139486264,True,87
169.406049,76,279.825347,0.3581964865071316,0.3581964865071316,0.4323248458148654,0.488756506169618,True,76
181.191619,90,279.890924,0.46409623895066243,0.46409623895066243,0.43472326584324283,0.6290445706924646,True,90
171.793946,104,279.968592,0.20406321981052075,0.20406321981052075,0.4327596185727392,0.6736725223142523,True,104
199.00028,96,280.0384,0.4312531835450809,0.4312531835450809,0.4192776934235201,0.6378632773985986,True,96
197.848019,94,280.102503,0.4604477729895902,0.4604477729895902,0.43122661612914925,0.44047063501256567,True,94
238.619992,77,280.155805,0.2887316772943931,0.2887316772943931,0.42098224587483274,0.6038770423187921,True,77
163.882214,87,280.21676,0.485821266448819,0.485821266448819,0.4290496648908109,0.9120990375923829,True,87
237.63841,71,280.268003,0.2922468364175625,0.2922468364175625,0.5682894824924319,0.4374063279097354,True,71
245.551607,85,280.332759,0.33583565486833356,0.33583565486833356,0.43270415248127525,0.8674881494562644,True,85
202.341382,70,280.384731,0.2791210913572162,0.2791210913572162,0.5493701716380415,0.4312076389831737,True,70
262.375715,83,280.441611,0.34372736893414113,0.34372736893414113,0.4267169316285695,0.9635794288940387,True,83
161.270645,60,280.483269,0.28609544792530295,0.28609544792530295,0.6444016810828591,0.42162074810028555,True,60
187.474134,94,280.553077,0.48310880768977277,0.48310880768977277,0.4208612717179392,0.9510606339276066,True,94
160.870408,62,280.596484,0.22801484657164833,0.22801484657164833,0.583195218149396,0.44770960839287244,True,62
164.971874,75,281.076131,0.33420772014713684,0.33420772014713684,0.4350644120153607,0.9151955999529654,True,75
185.475024,77,281.152467,0.3618825410341588,0.3618825410341588,0.4299338795032044,0.7887095656794991,True,77
226.533302,69,281.207806,0.2721080139882301,0.2721080139882301,0.6493739645175682,0.42616200257176357,True,69
223.143937,125,281.298351,0.5379117132918101,0.5379117132918101,0.43565353930858086,0.6099930490051332,True,125
216.231158,74,281.356926,0.25141267895988845,0.25141267895988845,0.4994757392107282,0.4421056426144021,True,74
198.799424,82,281.418357,0.22732153695269589,0.22732153695269589,0.6819002545260239,0.4434765174115763,True,82
164.547747,80,281.4768,0.4068951951310123,0.4068951951310123,0.4303160113243224,0.4742132706487602,True,80
192.196609,69,281.526391,0.3234988519277329,0.3234988519277329,0.43362173532418724,0.7953454121884221,True,69
154.727479,79,281.587739,0.3476334285330996,0.3476334285330996,0.42997998995590503,0.8760582138526318,True,79
198.889566,70,281.640881,0.31287454417794186,0.31287454417794186,0.5613087577190389,0.4194701559889831,True,70
215.603744,76,281.695691,0.23681722067068814,0.23681722067068814,0.4241706373166614,0.8983566840909194,True,76
202.382503,69,281.746351,0.24064948947235365,0.24064948947235365,0.415427182616739,0.7610118887828047,True,69
199.696694,74,281.802745,0.3078402954576056,0.3078402954576056,0.4298676043482052,0.9073591536332208,True,74
123.848682,71,281.853124,0.41625511801733495,0.41625511801733495,0.4221718490986507,0.7680834944001833,True,71
210.079533,84,281.916404,0.46440856635384703,0.46440856635384703,0.4310394166377271,0.6062850002761505,True,84
194.130144,87,281.983087,0.4099728716905134,0.4099728716905134,0.4206248197266302,0.6530234182705533,True,87
202.221328,90,282.04972,0.4151022836793267,0.4151022836793267,0.4343578654951017,0.6894165936808282,True,90
194.054961,81,282.108607,0.35537852048356516,0.35537852048356516,0.42057468982231544,0.8283430459494268,True,81
218.424028,101,282.178733,0.4938370312555538,0.4938370312555538,0.42987274200170833,0.7022533060712056,True,101
206.003445,70,282.230008,0.25043501060464,0.25043501060464,0.5058858284335397,0.43441768789050805,True,70
290.757408,91,282.297173,0.30075605646919734,0.30075605646919734,0.43068368289989706,0.5720089550851497,True,91
197.647818,100,282.368211,0.5361666806403488,0.5361666806403488,0.4214375502294771,0.6433334808489286,True,100
281.775789,89,282.43128,0.3385409970353287,0.3385409970353287,0.42451468755875166,0.5563708375577271,True,89
244.020154,78,282.487924,0.30757564861451925,0.30757564861451925,0.4248224576426442,0.5710297633314314,True,78
220.875877,82,282.546749,0.30097911633683616,0.30097911633683616,0.5762387172177041,0.44492018892061,True,82
225.908059,70,283.12122,0.3178142235135319,0.3178142235135319,0.6085788207987268,0.40970740960383256,True,70
221.842991,74,283.203382,0.31809461432676955,0.31809461432676955,0.5695151481529481,0.4348731906301194,True,74
150.124709,65,283.267968,0.24677424950870203,0.24677424950870203,0.5357816766877,0.4250355893531556,True,65
205.936545,98,283.335172,0.49270812584762946,0.49270812584762946,0.41541913907993644,0.9369867246607956,True,98
225.65901,81,283.391337,0.3575665798834478,0.3575665798834478,0.4625379847247736,0.40678498682567105,True,81
280.165185,95,283.458027,0.33949117241334725,0.33949117241334725,0.4346605283826176,0.9162090817022106,True,95
121.172396,80,283.513913,0.4522967946026965,0.4522967946026965,0.42223714330638495,0.583244856402404,True,80
222.081328,81,283.571246,0.3580801406537602,0.3580801406537602,0.42831283940173337,0.698748949709829,True,81
227.729617,77,283.625153,0.24697808473448152,0.24697808473448152,0.6041695389505746,0.4400531704372339,True,77
254.463154,95,283.692768,0.40179942266974567,0.40179942266974567,0.4344959595357015,0.9205590841528839,True,95
218.913028,74,283.746569,0.3323806213453109,0.3323806213453109,0.6119958606481427,0.4283247621138239,True,74
173.872857,77,283.801934,0.37306233855008075,0.37306233855008075,0.4281185080934407,0.8272914858085153,True,77
166.399357,84,283.86015,0.45251642265843756,0.45251642265843756,0.4325880739979968,0.48348287993644823,True,84
218.841401,87,283.92898,0.38255309056780135,0.38255309056780135,0.42898026625460056,0.6385529701958432,True,87
257.816666,87,283.996932,0.3566905377179026,0.3566905377179026,0.41228250402306016,0.5937741059582253,True,87
226.045783,74,284.045507,0.27158201162573253,0.27158201162573253,0.42671893153140217,0.6978099320834515,True,74
235.198404,104,284.118936,0.5014184056758096,0.5014184056758096,0.4256729911302083,0.9856810666579428,True,104
267.76841,77,284.17433,0.2988640654208551,0.2988640654208551,0.42933411376313374,0.8048189908994544,True,77
271.768411,90,284.235445,0.34277103124373415,0.34277103124373415,0.5625870545883982,0.43267277289046246,True,90
287.468403,90,284.298445,0.30738230906393404,0.30738230906393404,0.4181060550535629,0.5497370070242509,True,90
178.311225,77,284.353307,0.3919330709071556,0.3919330709071556,0.42375982335612555,0.7137829595153133,True,77
202.628998,72,284.402636,0.3072486160750876,0.3072486160750876,0.5901764182716975,0.4456636207337671,True,72
237.308029,80,284.457258,0.2775570559525735,0.2775570559525735,0.4351307278224113,0.799716355217835,True,80
234.177663,80,284.513888,0.31444597327107116,0.31444597327107116,0.43529924445373813,0.9356157947640699,True,80
251.006471,81,284.568138,0.3376627073388261,0.3376627073388261,0.42141372682203754,0.9200313731294292,True,81
228.827995,101,284.9893,0.44312925743112525,0.44312925743112525,0.43249256577148554,0.6574915894090704,True,101
213.571215,84,285.072322,0.3385487927224092,0.3385487927224092,0.4229770884030394,0.9207846141400217,True,84
218.132468,107,285.164203,0.23242704794580604,0.23242704794580604,0.41917688304282685,0.5124608500233871,True,107
205.550556,80,285.21821,0.24514183868689018,0.24514183868689018,0.5439288647639264,0.43041998827731115,True,80
241.937385,98,285.288311,0.37483312728175366,0.37483312728175366,0.43530305810669606,0.45841594458702023,True,98
141.92273,78,285.342892,0.4732903366460678,0.4732903366460678,0.5087967710653758,0.4358517442504192,True,78
189.695294,98,285.417556,0.47753806247440467,0.47753806247440467,0.42934484403044226,0.6710141457268806,True,98
223.807958,87,285.479433,0.3437743128091113,0.3437743128091113,0.43130738631562615,0.9540486995187287,True,87
286.969081,89,285.542918,0.34859787398338454,0.34859787398338454,0.41578443338834153,0.7525266983057222,True,89
221.702396,105,285.616959,0.5287716574673168,0.5287716574673168,0.43027935426439473,0.8986016798847182,True,105
177.614839,79,285.671544,0.4170202146676707,0.4170202146676707,0.5252732070746845,0.4427431148357175,True,79
206.906507,82,285.732517,0.3365536866377012,0.3365536866377012,0.43087305370079576,0.9330298964887617,True,82
135.172707,84,285.790786,0.4737206479475474,0.4737206479475474,0.42467787227144926,0.606827170166295,True,84
210.55447,98,285.864402,0.5083022363794638,0.5083022363794638,0.42772932763820587,0.8528823133768252,True,98
288.523282,89,285.927147,0.3330561599511756,0.3330561599511756,0.4288063072499251,0.483540918283433,True,89
278.174749,90,285.990968,0.2721252771374952,0.2721252771374952,0.43397870142358635,0.8158755490406968,True,90
224.97941,99,286.062046,0.5040294269457826,0.5040294269457826,0.41849171895280257,0.4627712691594603,True,99
144.893807,96,286.131063,0.14020577340507084,0.14020577340507084,0.6580862973846007,0.4188313074891182,True,96
191.167812,76,286.184249,0.3504579525574754,0.3504579525574754,0.4261269521645856,0.8973370074413336,True,76
206.681904,90,286.251037,0.5342052652489976,0.5342052652489976,0.42568370739350103,0.7529556376212081,True,90
206.442413,68,286.298574,0.3075347414048388,0.3075347414048388,0.5342771837881113,0.4373843429160952,True,68
153.881536,79,286.354177,0.39562843107127904,0.39562843107127904,0.43243270621453556,0.8904387409718963,True,79
253.033512,86,286.415276,0.3088874759259385,0.3088874759259385,0.42914113133338594,0.5565977385719497,True,86
213.986193,79,286.9261,0.2800480912533613,0.2800480912533613,0.43535215302127395,0.8938204081617263,True,79
267.384327,90,287.015013,0.2992961525862733,0.2992961525862733,0.4248952658118686,0.6447537975050848,True,90
238.342773,96,287.103488,0.43549008480110635,0.43549008480110635,0.41367320370146216,0.9449959843131216,True,96
213.438844,83,287.161012,0.31548978740676265,0.31548978740676265,0.42999072124413756,0.8583286743368144,True,83
246.10302,81,287.218278,0.26027186360219984,0.26027186360219984,0.42758991480782127,0.47823475510897073,True,81
191.103975,102,287.293849,0.4601820083102322,0.4601820083102322,0.42126338333610336,0.5446578839183306,True,102
133.555948,74,287.350102,0.17287327596337498,0.17287327596337498,0.6668781830002856,0.43241602845777344,True,74
203.127198,87,287.412919,0.4562737163344869,0.4562737163344869,0.42807692502366756,0.6932966213274586,True,87
204.15049,73,287.461967,0.30329403482591205,0.30329403482591205,0.433467118620982,0.8683314486581168,True,73
279.1618,85,287.524342,0.3020196090513336,0.3020196090513336,0.4347966240142466,0.5462725183602916,True,85
284.478512,90,287.586587,0.3568903199190606,0.3568903199190606,0.47979075211074784,0.41624802052045334,True,90
225.6337,85,287.649864,0.3016611454732141,0.3016611454732141,0.41933032274272847,0.7673646983595753,True,85
234.507886,92,287.714396,0.449971031925924,0.449971031925924,0.47208669544180004,0.4426333253409161,True,92
120.333376,83,287.774012,0.13979027447759565,0.13979027447759565,0.6878543117942743,0.4437435323899964,True,83
296.139624,83,287.834957,0.3075344392477422,0.3075344392477422,0.4229132764877918,0.8846702685087353,True,83
176.920432,87,287.896997,0.41375479055485886,0.41375479055485886,0.43602509029702197,0.8089976563549078,True,87
254.249942,86,287.959642,0.374613962735981,0.374613962735981,0.4338675372363259,0.5792638176159446,True,86
184.9855,69,288.006689,0.3199795782200837,0.3199795782200837,0.5888390978021601,0.4497308762505145,True,69
294.049822,109,288.077308,0.4449639210044196,0.4449639210044196,0.43226835144272713,0.4351007394853033,True,109
262.73648,85,288.135599,0.29506903534104534,0.29506903534104534,0.4346312559955181,0.990884691262534,True,85
225.160318,84,288.193533,0.3934385414672937,0.3934385414672937,0.42825496127144386,0.8955460757921865,True,84
130.400598,71,288.242923,0.3961441425534659,0.3961441425534659,0.4914476818658943,0.4435119314374404,True,71
242.453764,77,288.297924,0.2875987361652748,0.2875987361652748,0.42126750574506155,0.7734660694127123,True,77
248.100663,96,288.366577,0.30260498130769486,0.30260498130769486,0.6196100465781569,0.42663803527689087,True,96
204.739226,80,289.07525,0.36839989073379237,0.36839989073379237,0.43133176367506526,0.43645637973167445,True,80
242.549048,105,289.189009,0.5364709701904373,0.5364709701904373,0.4194762095900127,0.45198887563473744,True,105
168.987759,67,289.257166,0.26728645290842823,0.26728645290842823,0.5010714675045426,0.4317531095094015,True,67
256.801816,113,289.337586,0.47770022130552126,0.47770022130552126,0.43404871178341525,0.4894111937050435,True,113
207.281283,85,289.399021,0.4722891196780334,0.4722891196780334,0.4197508619632377,0.9863298218606846,True,85
210.973142,100,289.47239,0.3486289863339289,0.3486289863339289,0.4334041211120741,0.8407985267111933,True,100
197.77482,84,289.535395,0.21644465345184036,0.21644465345184036,0.5652252953247292,0.4452037067239735,True,84
193.543456,119,289.624943,0.2427675615048916,0.2427675615048916,0.5639064818337829,0.4384782514734592,True,119
235.154165,89,289.688086,0.3927131090331288,0.3927131090331288,0.4211358091586381,0.4424090126633308,True,89
254.674396,102,289.762962,0.4027359795536342,0.4027359795536342,0.43367453358643454,0.5391262767914176,True,102
223.230739,76,289.821733,0.3392306584878549,0.3392306584878549,0.4280452985161478,0.917905141631413,True,76
230.49934,84,289.879968,0.31940190354130343,0.31940190354130343,0.4126714066536932,0.9831348566064977,True,84
204.841124,97,289.949374,0.555866383373974,0.555866383373974,0.4258668811199651,0.6959218563590212,True,97
219.815527,75,289.999526,0.33064891255736156,0.33064891255736156,0.429246099888845,0.6840274461204897,True,75
173.430329,103,290.0719,0.3851608504022156,0.3851608504022156,0.4323738613336694,0.9401375298742236,True,103
288.347551,136,290.180156,0.5162604138214278,0.5162604138214278,0.42680724113869845,0.7750703204853872,True,136
180.421467,78,290.236956,0.27125657533774505,0.27125657533774505,0.5025073432640903,0.44272569959826624,True,78
192.389331,87,290.294615,0.4554998450342979,0.4554998450342979,0.42534186130416335,0.7746945883505835,True,87
225.291336,88,290.358252,0.2988218642151465,0.2988218642151465,0.43397304946553394,0.926559153481856,True,88
206.313861,81,290.413787,0.40134423100662237,0.40134423100662237,0.5540817541419781,0.4233397620108279,True,81
218.125579,95,290.482381,0.4280361136108636,0.4280361136108636,0.42749144165131425,0.9303163331835334,True,95
205.968955,86,290.541525,0.47538244326531526,0.47538244326531526,0.43390024098426,0.7200727168353511,True,86
205.553381,80,291.031464,0.2875188355840913,0.2875188355840913,0.43289109429039124,0.6245630830007476,True,80
198.138084,85,291.122175,0.3994685814549494,0.3994685814549494,0.4963948184127639,0.4405815670662216,True,85
278.337742,139,291.232295,0.3136618216906007,0.3136618216906007,0.4238880231852229,0.42626652870601933,True,139
235.821955,81,291.286231,0.34229544712775056,0.34229544712775056,0.4296336445350196,0.8753672632494327,True,81
252.13167,106,291.3633,0.46295100539416595,0.46295100539416595,0.42369809767208494,0.4530192231002357,True,106
244.606944,85,291.422985,0.33284153086777835,0.33284153086777835,0.5571591577729347,0.44640409574517664,True,85
210.038291,87,291.488318,0.4461097201516036,0.4461097201516036,0.4310131156807409,0.8255319644038084,True,87
209.037977,72,291.538399,0.25943274100956,0.25943274100956,0.4273811544317824,0.9067807951291655,True,72
239.937189,83,291.597954,0.3289913915685374,0.3289913915685374,0.43376116592574027,0.6263879140150115,True,83
189.0721,87,291.660323,0.4820610571018297,0.4820610571018297,0.4320067293912713,0.5390406232062264,True,87
148.379525,86,291.716882,0.5156655070564212,0.5156655070564212,0.431393228578388,0.5971386375572096,True,86
227.984355,88,291.777303,0.4457143615182815,0.4457143615182815,0.4833375722121961,0.43894276535597027,True,88
251.220568,87,291.846705,0.33734812561297906,0.33734812561297906,0.4255482673480023,0.8109071801063484,True,87
280.064183,89,291.90775,0.31006153937069175,0.31006153937069175,0.6232584898243362,0.438410484519939,True,89
98.677801,70,291.960129,0.10679271245422133,0.10679271245422133,0.702250873913833,0.44714059983742893,True,70
232.264965,93,292.030657,0.3471868714453668,0.3471868714453668,0.5319901907701969,0.4374393498142978,True,93
249.172303,94,292.102845,0.4245220987287898,0.4245220987287898,0.4356410734958097,0.44210617487093307,True,94
240.620137,97,292.170709,0.3285204771274467,0.3285204771274467,0.4553614996717242,0.4437809435400189,True,97
176.804559,75,292.22378,0.21833967840600002,0.21833967840600002,0.43066993261794284,0.5928658257689436,True,75
170.183249,88,292.291368,0.43289849733420743,0.43289849733420743,0.43448829315073717,0.934710334523923,True,88
165.547289,82,292.349512,0.342022327304589,0.342022327304589,0.4214569822571626,0.7083077449641847,True,82
258.37574,86,292.411162,0.37217931501663565,0.37217931501663565,0.42640840496825955,0.861565409105959,True,86
239.917239,100,292.484918,0.4981396748805963,0.4981396748805963,0.42944934330416995,0.8213906448611347,True,100
183.02968,72,293.044444,0.33747232092394014,0.33747232092394014,0.5590198824522673,0.4286739957510541,True,72
254.213571,84,293.111931,0.3327397177825275,0.3327397177825275,0.4326247000084447,0.7523666484059647,True,84
235.733804,85,293.1915,0.33873855343693243,0.33873855343693243,0.43554761476376747,0.6876812266903365,True,85
247.34154,90,293.272686,0.3527038603659399,0.3527038603659399,0.49446247983975405,0.43801284517567685,True,90
244.68357,94,293.336102,0.311221229614603,0.311221229614603,0.5314852356076406,0.4229585530154676,True,94
172.150732,70,293.384887,0.24682582219031796,0.24682582219031796,0.5826931301912124,0.40678872417472606,True,70
234.610899,77,293.43748,0.2694937002137367,0.2694937002137367,0.4214285368469358,0.6640129565113969,True,77
134.719789,91,293.501593,0.5550988965758328,0.5550988965758328,0.43182802479804466,0.8950144740302693,True,91
188.831261,87,293.563476,0.29801065572254554,0.29801065572254554,0.4226976415496553,0.9157950482036773,True,87
215.378834,94,293.628439,0.3650094782363686,0.3650094782363686,0.424148626576711,0.6642194741414604,True,94
105.657724,78,293.682224,0.12345518584717508,0.12345518584717508,0.6852730720346751,0.4301391637719404,True,78
244.793955,77,293.73751,0.2867449641158668,0.2867449641158668,0.5427037741700584,0.4326397203089578,True,77
220.717736,85,293.794789,0.39216212978551734,0.39216212978551734,0.43565994556272203,0.9644380105709515,True,85
123.235279,78,293.851398,0.1419703846983892,0.1419703846983892,0.6510809234098328,0.44381509125833707,True,78
230.939734,92,293.913135,0.4494916226481727,0.4494916226481727,0.4235474511376928,0.6284305296852175,True,92
206.276358,79,293.970378,0.24067399463990652,0.24067399463990652,0.6179555861961488,0.4454524732441759,True,79
209.969729,78,294.023822,0.3465411436017754,0.3465411436017754,0.4116597443040425,0.5914119629697289,True,78
268.974581,83,294.083345,0.30496784945662087,0.30496784945662087,0.42810010022287487,0.8408492412801817,True,83
178.129477,83,294.142174,0.19328783831439192,0.19328783831439192,0.41267431144604444,0.5169223071801972,True,83
312.524745,104,294.214292,0.3201970490925292,0.3201970490925292,0.43375601359124283,0.4621447269605902,True,104
196.167104,73,294.265998,0.2736944784490009,0.2736944784490009,0.42799044931250263,0.8541422406964808,True,73
253.315319,116,294.354151,0.4979545596005173,0.4979545596005173,0.42568756356151455,0.4752342392845197,True,116
138.932787,85,294.412082,0.48457944017406146,0.48457944017406146,0.43252194932907057,0.9136160999425167,True,85
203.412084,89,294.472515,0.3595419227005542,0.3595419227005542,0.4298209359744579,0.4946414726100752,True,89
202.754385,91,295.048001,0.475075917763785,0.475075917763785,0.4294841748422291,0.902738339474837,True,91
232.443465,108,295.146313,0.41764918631480197,0.41764918631480197,0.42799840207001266,0.6504212649135285,True,108
59.15054,65,295.206875,0.05096372182594147,0.05096372182594147,0.7122120468208786,0.4422689528500924,True,65
186.133171,86,295.268506,0.43662097233593117,0.43662097233593117,0.42708199413531184,0.9108951527783614,True,86
190.806602,90,295.330895,0.5719554916185481,0.5719554916185481,0.43008577488040983,0.851488714448492,True,90
195.209195,75,295.383735,0.23789254394497436,0.23789254394497436,0.4254126492046271,0.6168291432337031,True,75
269.85039,108,295.460723,0.5099863579280443,0.5099863579280443,0.42678925235804477,0.6670116455961463,True,108
194.863748,69,295.509206,0.21898095114615224,0.21898095114615224,0.4336754017390272,0.6175132781904088,True,69
225.291265,96,295.575045,0.41317321514250965,0.41317321514250965,0.42772676104786533,0.6864247724052512,True,96
229.992454,96,295.642519,0.2848426494517406,0.2848426494517406,0.4265740807219089,0.7698867703220296,True,96
204.406056,101,295.713763,0.4032922998880231,0.4032922998880231,0.4291700184543943,0.8481943609504761,True,101
259.625607,81,295.772039,0.2680119528382212,0.2680119528382212,0.5772795205863087,0.44557226253360394,True,81
232.638606,101,295.842561,0.5204920743357252,0.5204920743357252,0.4202708736488665,0.8123069276010434,True,101
162.017055,94,295.911703,0.41196172340494497,0.41196172340494497,0.424714361415176,0.6744072699039529,True,94
209.322424,96,295.981673,0.4690928670297658,0.4690928670297658,0.42686847818239304,0.947230246384591,True,96
246.630756,88,296.045959,0.316069039322131,0.316069039322131,0.584197009967433,0.44115033131157033,True,88
112.665285,81,296.107622,0.29265278736970884,0.29265278736970884,0.560597543358952,0.4263292720834382,True,81
258.756717,93,296.175115,0.4147042710172205,0.4147042710172205,0.43256217548136816,0.6705207518961485,True,93
244.184643,80,296.230287,0.3616460943356854,0.3616460943356854,0.4255520516333553,0.8069870750005559,True,80
227.990697,68,296.278567,0.2906275460492665,0.2906275460492665,0.4295782552881222,0.6929345853476834,True,68
221.348005,77,296.330379,0.3097396619400477,0.3097396619400477,0.4266708398060707,0.7983651585617801,True,77
281.926228,99,296.399949,0.45539807401215254,0.45539807401215254,0.43105583381680657,0.9631318165803076,True,99
200.753494,109,296.474633,0.26058740095680716,0.26058740095680716,0.43342478293100517,0.7563675848351633,True,109
324.791749,95,297.096868,0.40257862250898335,0.40257862250898335,0.435934724882976,0.7830799394656521,True,95
208.774632,82,297.161504,0.399834261928831,0.399834261928831,0.42394167998626003,0.8279335674306255,True,82
129.011607,73,297.225674,0.14650940372114496,0.14650940372114496,0.42271808158794866,0.9647722936388077,True,73
251.636436,82,297.283483,0.3073411733131459,0.3073411733131459,0.4174353628409732,0.997024493729807,True,82
83.91957,74,297.332415,0.06223230164071082,0.06223230164071082,0.6313451696292982,0.4311109518090985,True,74
197.791038,82,297.388518,0.4171261134494798,0.4171261134494798,0.4299256976711241,0.7319627173630439,True,82
204.826901,75,297.440885,0.29812241919749943,0.29812241919749943,0.42935200169153326,0.7310757721313361,True,75
278.394857,114,297.528099,0.3101092400863006,0.3101092400863006,0.4340100166468803,0.6898160837308623,True,114
257.966491,87,297.592493,0.31874745931282245,0.31874745931282245,0.4219448919184252,0.640617410832464,True,87
218.596344,87,297.661856,0.28410707725308315,0.28410707725308315,0.4333682914524995,0.8818735592417611,True,87
185.295781,89,297.72246,0.46468103523947973,0.46468103523947973,0.424470455385343,0.9910739720846727,True,89
274.016338,91,297.784437,0.3939665130961661,0.3939665130961661,0.4247873467186655,0.9020450472910698,True,91
212.495259,103,297.855423,0.44969339590231433,0.44969339590231433,0.4334277310942611,0.6377707571269707,True,103
250.666013,96,297.926342,0.36152699978256186,0.36152699978256186,0.42324331443820673,0.6132557041170889,True,96
213.612661,96,297.992324,0.40537401056427214,0.40537401056427214,0.4330138608717538,0.9178352583557793,True,96
230.486605,78,298.043885,0.32692455876012616,0.32692455876012616,0.42243115415606763,0.959640354181847,True,78
251.633302,89,298.104315,0.36778070895300286,0.36778070895300286,0.4210798538869954,0.9964346507469837,True,89
197.542555,77,298.155518,0.3724021532676661,0.3724021532676661,0.43287353182612687,0.562962801600489,True,77
167.066136,82,298.209598,0.4681620020966981,0.4681620020966981,0.42697038711411983,0.7205565226053899,True,82
170.790462,78,298.262308,0.39516876426527875,0.39516876426527875,0.5273904765350783,0.44645692017391436,True,78
260.502524,79,298.319632,0.29444276752165566,0.29444276752165566,0.43355664205366673,0.8180722047228461,True,79
249.29929,73,298.373552,0.2640617966750028,0.2640617966750028,0.6518973639073864,0.4310371297392563,True,73
169.237719,67,298.420959,0.20353453101302083,0.20353453101302083,0.41600674274112404,0.5454392116075066,True,67
108.971887,114,298.50895,0.05449582493144399,0.05449582493144399,0.6169647070613936,0.4467095060860433,True,114
244.645973,79,299.035608,0.32552462627165574,0.32552462627165574,0.43265298775050237,0.828797591204463,True,79
174.670906,74,299.092334,0.24887419320022605,0.24887419320022605,0.4232326252672236,0.4783368642429433,True,74
206.267174,90,299.164054,0.43828724083044396,0.43828724083044396,0.42797044959344654,0.8239408467863462,True,90
259.634811,82,299.223468,0.3126351960319871,0.3126351960319871,0.4279211978104619,0.9221586178372788,True,82
267.937554,88,299.280907,0.35648484784797724,0.35648484784797724,0.42129415170271445,0.7175176958776929,True,88
200.660118,93,299.34726,0.4957830335884328,0.4957830335884328,0.4230141999291933,0.5423001595619386,True,93
129.564611,69,299.397579,0.24286278085740745,0.24286278085740745,0.5746486889030975,0.42193106171913985,True,69
204.880724,89,299.466415,0.2336477182680864,0.2336477182680864,0.4692824307186956,0.4402038336368943,True,89
214.290563,72,299.514536,0.2374202864681095,0.2374202864681095,0.6257658805852301,0.42721856828244986,True,72
202.841083,107,299.589603,0.5852642286366276,0.5852642286366276,0.43479761435045294,0.7526404585451348,True,107
212.23041,79,299.643226,0.24962767188204793,0.24962767188204793,0.43291001459210715,0.9173014880341579,True,79
189.214456,77,299.701956,0.3206526030841731,0.3206526030841731,0.42454233868189906,0.9593987115671339,True,77
262.249734,98,299.776767,0.44772797480692167,0.44772797480692167,0.4279330889152721,0.6995360814234655,True,98
272.752426,82,299.833988,0.3389086049154061,0.3389086049154061,0.42346635672371463,0.9034491564801825,True,82
242.255155,104,299.910644,0.4667510685336892,0.4667510685336892,0.43174007105407675,0.8110268706243584,True,104
178.720065,84,299.973495,0.4403998522934349,0.4403998522934349,0.4166929412905138,0.915815756787975,True,84
246.765949,72,300.022965,0.27402785727736995,0.27402785727736995,0.4236333713217408,0.5227468259983648,True,72
194.372429,73,300.073406,0.26782243533836697,0.26782243533836697,0.4252709389073683,0.9225616870941684,True,73
220.550008,75,300.123041,0.33633342995887133,0.33633342995887133,0.41517467002762504,0.9356661067973011,True,75
272.137827,83,300.180082,0.31445051697765986,0.31445051697765986,0.4190866239703237,0.7929564300420511,True,83
175.572521,65,300.225426,0.3243440315721305,0.3243440315721305,0.579225859929491,0.44255317050252985,True,65
220.244819,77,300.280519,0.32656995994582144,0.32656995994582144,0.42310401130670905,0.6490414224822572,True,77
243.06557,94,300.349619,0.43004258818644187,0.43004258818644187,0.5702118250204097,0.44450424533630783,True,94
185.293062,92,300.413929,0.426597483202431,0.426597483202431,0.4188456348079536,0.7329710771461393,True,92
252.775568,82,300.468558,0.3440218808273293,0.3440218808273293,0.42345388970861186,0.49507930683580625,True,82
224.058874,93,300.950326,0.4030755834719073,0.4030755834719073,0.43331174045191206,0.8217309566481694,True,93
198.144888,105,301.072169,0.4751954904369635,0.4751954904369635,0.43260241386396564,0.822305875738797,True,105
206.126679,90,301.137409,0.4402337988255544,0.4402337988255544,0.4267533065635114,0.7287444638329711,True,90
195.437425,79,301.198761,0.34081036028004935,0.34081036028004935,0.43453974528768413,0.9674184283204916,True,79
213.421652,70,301.248602,0.29287956675089266,0.29287956675089266,0.6617812869465053,0.4250125228965228,True,70
223.170866,92,301.312272,0.368065348462607,0.368065348462607,0.5128123882547772,0.4209404146121569,True,92
189.870651,84,301.369802,0.4239580481825287,0.4239580481825287,0.4400525117624684,0.44393585346035463,True,84
231.505028,97,301.439058,0.5525648604670779,0.5525648604670779,0.4223377881641679,0.7843248105629593,True,97
124.453202,82,301.492463,0.14190155340227317,0.14190155340227317,0.43541960359535575,0.500813508293769,True,82
213.150374,84,301.550716,0.4188160145295288,0.4188160145295288,0.5595223481906162,0.4253403053757979,True,84
220.412344,84,301.612273,0.37310661277916995,0.37310661277916995,0.4317429508400531,0.8074618810174037,True,84
266.860975,95,301.677589,0.4477740619693914,0.4477740619693914,0.4299864752714651,0.7482976091239345,True,95
186.138061,85,301.738011,0.34708109813160587,0.34708109813160587,0.43502996225528506,0.7460780249704013,True,85
248.475137,103,301.81094,0.4374027294659857,0.4374027294659857,0.43162392050498305,0.9544184531819668,True,103
203.52021,85,301.872026,0.3183836017511228,0.3183836017511228,0.43485600178314654,0.8150183734531047,True,85
184.458907,95,301.936607,0.2725734803958653,0.2725734803958653,0.419820467725596,0.8026800078726598,True,95
168.47209,84,301.997916,0.4198906772632607,0.4198906772632607,0.4328341246047435,0.723023106393196,True,84
218.469362,82,302.056805,0.33073146620038274,0.33073146620038274,0.4326768800907184,0.8857477946705408,True,82
204.991554,98,302.125175,0.4200528014861949,0.4200528014861949,0.42461547380631165,0.7914978606438462,True,98
238.314603,99,302.192791,0.4102125298958305,0.4102125298958305,0.4193504022964247,0.7132558945189369,True,99
244.90653,82,302.248669,0.31807404930937383,0.31807404930937383,0.4285665714991912,0.600278707459399,True,82
200.06252,85,302.309527,0.37243440351710333,0.37243440351710333,0.4332011000223403,0.6866943399685148,True,85
224.83244,89,302.373287,0.3801015497677988,0.3801015497677988,0.6041925148122321,0.4488515869736964,True,89
208.807831,92,302.715051,0.4155267913125056,0.4155267913125056,0.43333552109211154,0.8942950110592305,True,92
242.163784,79,302.780627,0.31063668428802177,0.31063668428802177,0.4343765171922684,0.8763884696450537,True,79
183.273059,85,302.851743,0.46899996964853863,0.46899996964853863,0.42604717600244274,0.9127138998121733,True,85
251.60443,85,302.907236,0.3684753997195243,0.3684753997195243,0.4213435456101027,0.984922217273294,True,85
274.477371,89,302.96774,0.32891410436726193,0.32891410436726193,0.43317353196010716,0.6140035092357903,True,89
199.54657,74,303.018994,0.358116378248567,0.358116378248567,0.550636811153836,0.44862322341604904,True,74
258.220889,87,303.080844,0.3220290932430402,0.3220290932430402,0.494986377719311,0.40965209879055664,True,87
218.655037,100,303.157591,0.4818756936655697,0.4818756936655697,0.42832764193582584,0.9998025303734147,True,100
160.926817,74,303.211482,0.3251370889780214,0.3251370889780214,0.42069978380440254,0.9497422591796144,True,74
158.546795,70,303.261404,0.3591371446748621,0.3591371446748621,0.5111151756681742,0.4418963629660813,True,70
145.319772,80,303.317548,0.5024378500754588,0.5024378500754588,0.4152742256693984,0.8667414245119078,True,80
243.507949,90,303.384573,0.3538587290497694,0.3538587290497694,0.4339222682621041,0.7534009679650173,True,90
143.248363,90,303.446442,0.3635274701317654,0.3635274701317654,0.4218370792609863,0.7515016443828341,True,90
222.845722,96,303.516478,0.4627697607254939,0.4627697607254939,0.4187526053875107,0.9622377051891389,True,96
116.238724,75,303.570314,0.43482548632086004,0.43482548632086004,0.42959837561776204,0.5257453046874448,True,75
239.217759,98,303.642156,0.45781003674267784,0.45781003674267784,0.43414607248757675,0.6010797778589638,True,98
164.764081,107,303.716311,0.5535978290459012,0.5535978290459012,0.4320778356501512,0.8357127424036905,True,107
249.330839,87,303.777933,0.28339498903369825,0.28339498903369825,0.4311278226501756,0.9924330177877214,True,87
237.319151,83,303.839315,0.3445954323909332,0.3445954323909332,0.43546043074637913,0.775153952298753,True,83
206.470241,90,303.903275,0.4453980933736311,0.4453980933736311,0.4272215167393135,0.8074661724086325,True,90
233.847987,74,303.956036,0.28335036468064145,0.28335036468064145,0.43134634718466774,0.877072232632893,True,74
238.592578,84,304.013772,0.28117504208230154,0.28117504208230154,0.4254695108098904,0.8521121007380547,True,84
195.694401,76,304.065819,0.3700946269777372,0.3700946269777372,0.4167536319062851,0.8765819506555286,True,76
230.160127,96,304.134091,0.3870045581575777,0.3870045581575777,0.4205732134011073,0.7131115739173775,True,96
149.643495,82,304.677158,0.42634187308991156,0.42634187308991156,0.41914287301004416,0.5270167781158952,True,82
173.947918,85,304.758934,0.3668939186799926,0.3668939186799926,0.4289914496472727,0.9346812661521439,True,85
220.133729,76,304.824841,0.3334933721796502,0.3334933721796502,0.42789563181201906,0.42605131330376095,True,76
228.364264,85,304.885849,0.38079719265846745,0.38079719265846745,0.5704847461422766,0.42910029902062674,True,85
90.411976,108,304.962781,0.07899259361874601,0.07899259361874601,0.6447126091490613,0.411141302819628,True,108
181.726709,90,305.025438,0.4531004682231196,0.4531004682231196,0.42530759759537085,0.5149344350542079,True,90
158.535617,81,305.085727,0.26507906414361265,0.26507906414361265,0.5168667806983431,0.4148127256187091,True,81
270.953549,117,305.168339,0.4971351751598587,0.4971351751598587,0.5581684754204567,0.4343019854106649,True,117
230.580199,77,305.224812,0.2652805639095966,0.2652805639095966,0.42021361651558825,0.6872388182370017,True,77
199.286419,95,305.291928,0.4710283264697274,0.4710283264697274,0.49926480002537554,0.43941837641546666,True,95
203.541724,113,305.37883,0.47680544654880463,0.47680544654880463,0.48582569237213286,0.4285190480260871,True,113
181.461247,80,305.436784,0.20575982364619638,0.20575982364619638,0.5873495851739625,0.4229114689794436,True,80
95.234404,113,305.523388,-0.11683088192576199,-0.11683088192576199,0.6500949358357031,0.4233389589276906,True,113
179.118475,78,305.578964,0.42241745269492487,0.42241745269492487,0.42433836406593645,0.7089508756299939,True,78
122.358163,80,305.635467,0.4898496991380033,0.4898496991380033,0.4211239983205039,0.9953788317185559,True,80
236.191628,80,305.692579,0.3483935731100315,0.3483935731100315,0.4330844864144043,0.5861757733035875,True,80
344.944057,99,305.763789,0.3844393858967796,0.3844393858967796,0.43576551846101846,0.5314188466412767,True,99
219.343189,94,305.831729,0.3730400776232009,0.3730400776232009,0.4220748617141502,0.8301134364489476,True,94
210.490259,89,305.895727,0.429263684553857,0.429263684553857,0.4245594310526095,0.8209905715180837,True,89
217.861139,89,305.959939,0.38572037910438717,0.38572037910438717,0.42570646970394255,0.935514887685871,True,89
191.181912,79,306.013858,0.38533945466420627,0.38533945466420627,0.4887566921532743,0.4415730978460223,True,79
273.077575,125,306.108293,0.5713881723766903,0.5713881723766903,0.4344694070053981,0.908299655325873,True,125
265.041957,94,306.577023,0.3178790292231083,0.3178790292231083,0.4286834544131985,0.8049504898085685,True,94
228.68162,98,306.668746,0.3883081525521463,0.3883081525521463,0.43164161265090994,0.783594173994978,True,98
157.746604,97,306.757094,0.33700093205544884,0.33700093205544884,0.4327806880760657,0.986914307413615,True,97
252.774626,88,306.816943,0.3462135161522584,0.3462135161522584,0.4251445075134805,0.49806819881806164,True,88
174.747902,82,306.880003,0.42756764579811635,0.42756764579811635,0.42331059871002835,0.7750562495003626,True,82
205.766513,116,306.962391,0.41904030017280847,0.41904030017280847,0.4224526699227366,0.4966743728034596,True,116
212.099017,87,307.030904,0.41183589635461026,0.41183589635461026,0.4318564021156913,0.5261021132210699,True,87
106.133473,96,307.099701,0.1272588157214895,0.1272588157214895,0.42781885923305674,0.5939704318777661,True,96
259.665091,81,307.160062,0.29725105819949427,0.29725105819949427,0.42610048889176927,0.9359609832428608,True,81
221.257953,79,307.214753,0.34705400723044644,0.34705400723044644,0.4244796714727903,0.5684731212259524,True,79
161.569728,101,307.285713,0.5070525317357293,0.5070525317357293,0.41932516846448853,0.8522893697315183,True,101
241.092801,104,307.359526,0.5052863796529781,0.5052863796529781,0.4438028684132506,0.42182676860916757,True,104
242.722201,98,307.433104,0.34156572639232563,0.34156572639232563,0.630700200698428,0.44393110110110634,True,98
236.040417,87,307.497388,0.2909797936428129,0.2909797936428129,0.4339487798678685,0.8308849825322724,True,87
241.281731,80,307.555727,0.3530273597868128,0.3530273597868128,0.42963183692707285,0.468552847147153,True,80
208.472857,86,307.616497,0.39207064993452895,0.39207064993452895,0.4280421159117742,0.9971595465830893,True,86
238.819158,78,307.672271,0.29425257996757087,0.29425257996757087,0.470923931070949,0.43581914574772024,True,78
202.504337,89,307.732893,0.4072190757206622,0.4072190757206622,0.41909507992114814,0.8486420360019906,True,89
206.236594,75,307.786391,0.35803425647597076,0.35803425647597076,0.42876883414753214,0.8941996017419501,True,75
161.171267,93,307.856618,0.4853161104384984,0.4853161104384984,0.43120592055574253,0.6096828790252782,True,93
222.839247,90,307.922831,0.30203199057494934,0.30203199057494934,0.4595750137345452,0.4322580526771902,True,90
250.697976,101,307.996462,0.2640335136742353,0.2640335136742353,0.644977562679356,0.44377534399774365,True,101
139.963746,79,308.054082,0.503062322097027,0.503062322097027,0.4289016872141045,0.7935400324092611,True,79
256.511612,98,308.713655,0.46841474849502085,0.46841474849502085,0.4270060607510659,0.821644474362071,True,98
228.380239,99,308.798359,0.4390329102112427,0.4390329102112427,0.587550141981398,0.4375071944716439,True,99
247.064677,103,308.882567,0.390984344103114,0.390984344103114,0.43264093756990346,0.751067050611414,True,103
250.814418,83,308.939764,0.2748757968950913,0.2748757968950913,0.4349135371692236,0.7973448785004844,True,83
213.114696,74,308.992163,0.22275890716023705,0.22275890716023705,0.42843287820155423,0.9576990594652193,True,74
255.27771,84,309.057105,0.3189604867816176,0.3189604867816176,0.4351448665223348,0.4904407676763942,True,84
261.613527,106,309.134288,0.4870028653023485,0.4870028653023485,0.4580490867866737,0.43012971021584695,True,106
194.354914,96,309.201752,0.4044805780894208,0.4044805780894208,0.4203024691313051,0.5186487610711623,True,96
257.497357,94,309.268772,0.27267276619972686,0.27267276619972686,0.4261660705859795,0.5494707949206155,True,94
262.734247,86,309.330175,0.3741199572380049,0.3741199572380049,0.5204970819994532,0.4221261674094943,True,86
204.282011,96,309.401056,0.487627734384565,0.487627734384565,0.42646771992683613,0.9485705351815987,True,96
273.805245,78,309.457302,0.28835461907273646,0.28835461907273646,0.6097876336781626,0.44623296765169457,True,78
201.547615,96,309.526666,0.5495696545028571,0.5495696545028571,0.4820014001030115,0.43232622890893224,True,96
178.772712,89,309.591612,0.47236773152276695,0.47236773152276695,0.4281515010913343,0.9229357390064865,True,89
263.710843,93,309.656548,0.4023011928985886,0.4023011928985886,0.43029860717385715,0.9542608812990682,True,93
239.601551,94,309.72286,0.42168524716098954,0.42168524716098954,0.42830791663595436,0.8979868008242398,True,94
248.953563,116,309.810231,0.4524953040188924,0.4524953040188924,0.42956174236305783,0.6549980992002982,True,116
167.613238,108,309.886759,0.4675815601014358,0.4675815601014358,0.48413630156160775,0.43190446266372795,True,108
196.672045,88,309.951457,0.38543066700757334,0.38543066700757334,0.48606984942993575,0.44946101572612257,True,88
202.123035,75,310.005972,0.2207400109414388,0.2207400109414388,0.4213263450970333,0.7337618044787215,True,75
242.801696,85,310.066985,0.32974366011829587,0.32974366011829587,0.4321028551560179,0.9372145580469673,True,85
203.89413,70,310.11461,0.270694924761023,0.270694924761023,0.5914016253943695,0.4344917307755792,True,70
190.46958,97,310.404296,0.5012025608958308,0.5012025608958308,0.4279701562407403,0.5399684212402183,True,97
210.26032,96,310.485864,0.3890046316336258,0.3890046316336258,0.4229201939632473,0.9724041795633567,True,96
243.06767,84,310.56962,0.2822302897853289,0.2822302897853289,0.4279051275134878,0.8775109088072093,True,84
254.947442,113,310.655633,0.42199664082732635,0.42199664082732635,0.4346985538962601,0.5965328759852637,True,113
192.796845,82,310.714617,0.392214238707307,0.392214238707307,0.42035819415873393,0.8031569633375177,True,82
221.022468,88,310.778118,0.43666954025096394,0.43666954025096394,0.4338081202662737,0.8980414566067872,True,88
150.797497,71,310.832298,0.33996247219291575,0.33996247219291575,0.42769668677916883,0.5116883190790369,True,71
223.309715,101,310.909178,0.3789840059925628,0.3789840059925628,0.4330082534932122,0.6992431162297486,True,101
270.400379,100,310.985469,0.3034352994789118,0.3034352994789118,0.4278315040752841,0.6878879234296001,True,100
142.441109,89,311.04602,0.5546095490192965,0.5546095490192965,0.43020964320508026,0.8944433251411292,True,89
254.818605,90,311.105627,0.28781317264318224,0.28781317264318224,0.43557848226454826,0.8042433787971643,True,90
154.89633,78,311.159836,0.4043929274041408,0.4043929274041408,0.4225002927889206,0.8645043966190453,True,78
188.723834,84,311.221377,0.20677567622666126,0.20677567622666126,0.43205099173787925,0.6602785422406364,True,84
168.233085,86,311.284139,0.3880107000255684,0.3880107000255684,0.426051115380899,0.8587342876239163,True,86
195.680249,78,311.336992,0.40338454618803066,0.40338454618803066,0.4268928549623619,0.6590749578095326,True,78
243.081579,85,311.396676,0.2661694100042635,0.2661694100042635,0.41840511503257355,0.7156858629157574,True,85
230.650546,90,311.459075,0.23807710282374292,0.23807710282374292,0.4225410237372629,0.7544323317590292,True,90
241.549965,90,311.523108,0.42199760209152565,0.42199760209152565,0.42621753864830314,0.5516908190055971,True,90
175.856104,92,311.589757,0.49013898611213746,0.49013898611213746,0.4245570806734404,0.699079382541777,True,92
248.968384,89,311.653292,0.2864290156271654,0.2864290156271654,0.4359734967182066,0.9350635913373141,True,89
195.205329,70,311.70282,0.23356171252809146,0.23356171252809146,0.42688824604915354,0.8281576040075745,True,70
228.589107,101,311.777477,0.5100107156766747,0.5100107156766747,0.42420179475639214,0.9586992001903543,True,101
207.907228,67,311.82471,0.30613185100772883,0.30613185100772883,0.48216547548070066,0.4334964447107013,True,67
233.568387,90,312.262965,0.34231688532223153,0.34231688532223153,0.42269173586268194,0.4485061912130782,True,90
187.351245,87,312.331453,0.36500443725431103,0.36500443725431103,0.42331478658346033,0.7828384067001276,True,87
196.812167,76,312.403994,0.2773930713032592,0.2773930713032592,0.41732089793203797,0.916658773657003,True,76
184.378372,92,312.481591,0.5013091024251212,0.5013091024251212,0.42024990575716653,0.8766399877493231,True,92
246.393576,122,312.573133,0.2595247966366908,0.2595247966366908,0.4299809979049692,0.581265765017644,True,122
235.792433,68,312.623549,0.28257509458593116,0.28257509458593116,0.6066564429113076,0.43050474367505676,True,68
220.816657,87,312.684979,0.27237122448989426,0.27237122448989426,0.4355165443096324,0.8548379341406498,True,87
206.731348,82,312.744081,0.3607370600316926,0.3607370600316926,0.42908500003907524,0.6020817615114995,True,82
152.115727,84,312.805667,0.49540131997756265,0.49540131997756265,0.4299494124323119,0.6226239939499304,True,84
152.004459,77,312.863345,0.45417104696702704,0.45417104696702704,0.43127277888827786,0.5641171205143066,True,77
279.594867,84,312.923214,0.32263898452556106,0.32263898452556106,0.4221131783056781,0.8815472170750249,True,84
220.294519,110,313.009027,0.5360417041077115,0.5360417041077115,0.42173349942178107,0.7091707492070506,True,110
235.928509,77,313.064545,0.266214928228984,0.266214928228984,0.422389226782971,0.6793491644883567,True,77
180.890562,84,313.126035,0.40245789229035905,0.40245789229035905,0.41923997785341677,0.7883588073890321,True,84
228.58614,82,313.182607,0.36956233818091483,0.36956233818091483,0.42974674174898053,0.4934851336103674,True,82
198.305409,91,313.249302,0.37948085822374567,0.37948085822374567,0.4238295709709599,0.7289271081045927,True,91
296.85415,97,313.317836,0.3967886979816105,0.3967886979816105,0.42373406393617236,0.9868542128882261,True,97
202.112131,100,313.390183,0.4789322561373066,0.4789322561373066,0.4240176875181689,0.9279518065034249,True,100
160.312008,72,313.440194,0.38624902658689536,0.38624902658689536,0.4282434155497909,0.49051696356948865,True,72
243.301905,82,313.499748,0.3220920750091578,0.3220920750091578,0.5666924209107246,0.4304788196349614,True,82
192.887796,77,313.554318,0.21385328165169612,0.21385328165169612,0.4212225943748251,0.9585645738483431,True,77
275.157087,103,313.630877,0.3999687558680897,0.3999687558680897,0.4283115711877235,0.5031757538796208,True,103
220.398676,72,313.683677,0.24413880261695609,0.24413880261695609,0.5410323697222079,0.4391614520552745,True,72
199.865793,91,313.74994,0.5285033528160502,0.5285033528160502,0.4305125469614215,0.6120183648742311,True,91
258.22756,100,314.311736,0.4315849790605575,0.4315849790605575,0.42737100360806274,0.7519630027115747,True,100
209.480888,81,314.404438,0.38929849505048375,0.38929849505048375,0.4231853856932279,0.8797028393369304,True,81
244.873723,106,314.490949,0.461784718797449,0.461784718797449,0.42349732507607646,0.8934838798358864,True,106
197.755856,93,314.553938,0.5274325057491958,0.5274325057491958,0.4201239817497244,0.5891372928327582,True,93
289.389546,90,314.615791,0.2953417361603363,0.2953417361603363,0.4282512986281148,0.905618432931398,True,90
214.626697,85,314.673887,0.2933534188230967,0.2933534188230967,0.41668809568090204,0.9944772499231258,True,85
229.807092,73,314.722431,0.3088855128010603,0.3088855128010603,0.4252795096469462,0.5580711425197107,True,73
202.496269,81,314.778896,0.42139775509442406,0.42139775509442406,0.42983498100512046,0.9326231727043154,True,81
194.029838,84,314.836683,0.4094681007876112,0.4094681007876112,0.49157135705651606,0.44343425104777057,True,84
148.15857,87,314.898012,0.4725197705124789,0.4725197705124789,0.43289361874098903,0.6239251318528798,True,87
239.615217,112,314.980057,0.47058760859677895,0.47058760859677895,0.43034423805736965,0.4650270648682583,True,112
209.730086,102,315.051786,0.3479947622247137,0.3479947622247137,0.5982838466222725,0.43246440974159944,True,102
212.406461,68,315.102769,0.26067904128678177,0.26067904128678177,0.43295469811699094,0.8068978039449931,True,68
257.558757,77,315.155937,0.30102195205194054,0.30102195205194054,0.42991226620129264,0.9752126445330337,True,77
172.525603,102,315.22977,0.5559635635991028,0.5559635635991028,0.4257166385555836,0.9811374596460585,True,102
201.358203,87,315.292436,0.3101990262111333,0.3101990262111333,0.5517985889882009,0.43610858582980316,True,87
108.294201,107,315.374203,0.0838058686638179,0.0838058686638179,0.6235442777013759,0.43827307618177136,True,107
197.941074,79,315.432194,0.21743957410431508,0.21743957410431508,0.41586659189871905,0.7961429024289057,True,79
151.666277,79,315.485055,0.4587113972452663,0.4587113972452663,0.4282433219684559,0.6344870991998524,True,79
218.783535,100,315.551505,0.4812297014783589,0.4812297014783589,0.42407987393163277,0.9400252381696631,True,100
218.398702,73,315.601523,0.257488496244378,0.257488496244378,0.43382850055501804,0.8398613100511805,True,73
274.634412,90,315.665212,0.36729396005713316,0.36729396005713316,0.42067660395049117,0.4898104720239765,True,90
161.283256,83,315.721029,0.44548274624574064,0.44548274624574064,0.4232024459883628,0.4499285909920958,True,83
220.433575,88,316.206327,0.3244142714518982,0.3244142714518982,0.433738769404805,0.6151787133402391,True,88
233.087663,82,316.274687,0.3036210975240207,0.3036210975240207,0.4360064942406702,0.8368596909406196,True,82
236.633207,92,316.363233,0.4062913727467962,0.4062913727467962,0.4268560200584341,0.835223538244624,True,92
184.145936,86,316.419988,0.4534568435195767,0.4534568435195767,0.4286433512286607,0.6630087361174195,True,86
167.356065,107,316.49578,0.49415754289428837,0.49415754289428837,0.42937637929853245,0.5723056138565435,True,107
175.584089,94,316.55882,0.5561552163745492,0.5561552163745492,0.42814401015281317,0.8686421580944484,True,94
189.5987,72,316.607678,0.21759907641591555,0.21759907641591555,0.43230291217569644,0.5070024670323684,True,72
249.713659,94,316.672207,0.4832317444784943,0.4832317444784943,0.4343298684674274,0.9960088538857049,True,94
194.936672,94,316.737974,0.4843607435492897,0.4843607435492897,0.42822062834248964,0.6516428683140977,True,94
233.75572,77,316.790084,0.2897466744333125,0.2897466744333125,0.4158675833634305,0.862128478244961,True,77
226.197148,105,316.866584,0.5016858313483286,0.5016858313483286,0.41929799027161646,0.9350909230152906,True,105
259.105721,85,316.928453,0.2949378597915343,0.2949378597915343,0.4243106289726905,0.8454542859161376,True,85
175.329671,64,316.971556,0.26503571060374886,0.26503571060374886,0.5263472948745881,0.43199927362995993,True,64
179.125184,83,317.028046,0.43267033847724357,0.43267033847724357,0.4335130739572831,0.9743275325178056,True,83
215.923295,86,317.084693,0.4135138408395938,0.4135138408395938,0.4320488468260975,0.5750083311948682,True,86
262.294247,92,317.149414,0.31992296874624787,0.31992296874624787,0.42934300358150984,0.6532400968707635,True,92
187.652352,80,317.203788,0.4094410604841718,0.4094410604841718,0.41905987095307023,0.8486337508086921,True,80
241.742738,85,317.260169,0.39572619624716004,0.39572619624716004,0.44991950611424963,0.4368239665578345,True,85
236.838578,94,317.328616,0.24976568367820623,0.24976568367820623,0.4263331212429163,0.48960415058206935,True,94
218.091436,91,317.395006,0.4595886153134868,0.4595886153134868,0.42087397030597223,0.9404887545276739,True,91
277.420659,96,317.463128,0.3614149055946062,0.3614149055946062,0.4222641168704247,0.4315473579129181,True,96
225.712239,100,317.533011,0.545551690149738,0.545551690149738,0.4329994106180535,0.6735194401800043,True,100
222.706055,131,317.627357,0.41432601147741627,0.41432601147741627,0.4264556865736203,0.8035312076130208,True,131
266.501839,101,317.989862,0.36904292204043543,0.36904292204043543,0.4357979680146553,0.7692872642897354,True,101
234.601946,99,318.08436,0.5255285130655478,0.5255285130655478,0.42284732958662213,0.8088352739282202,True,99
229.526057,74,318.140854,0.29376325863963887,0.29376325863963887,0.4331598574871471,0.6894911833051256,True,74
196.159064,73,318.187928,0.351586236153031,0.351586236153031,0.5458778799390619,0.43951874457830753,True,73
265.083024,94,318.25429,0.32207468315407434,0.32207468315407434,0.43190826041886143,0.7389326673210352,True,94
249.941851,106,318.328644,0.4538606281404617,0.4538606281404617,0.43051128204658484,0.9594646094480497,True,106
225.006491,76,318.385857,0.26306636397541466,0.26306636397541466,0.41666764126154376,0.875085975077379,True,76
132.139466,119,318.467312,0.4302905567023997,0.4302905567023997,0.42655769936037297,0.613481784230473,True,119
229.636621,88,318.530081,0.3476917293533829,0.3476917293533829,0.42196936852299644,0.8042039555117362,True,88
224.921116,98,318.604462,0.3947388389528378,0.3947388389528378,0.4355394659660613,0.5375246834329064,True,98
237.065886,92,318.669666,0.32456671627696404,0.32456671627696404,0.48859757374645807,0.43774603194833944,True,92
241.027552,95,318.736129,0.42585172269031196,0.42585172269031196,0.4190848630022362,0.8359075999895365,True,95
200.649027,94,318.803216,0.4096892507234416,0.4096892507234416,0.4270098274137082,0.8851225524071225,True,94
253.038034,101,318.875369,0.5323954422729962,0.5323954422729962,0.42630331224682466,0.882996739745512,True,101
218.352411,93,318.941312,0.5040124650184978,0.5040124650184978,0.43105027558535436,0.8357585823893449,True,93
204.269647,91,319.001468,0.3597331162176978,0.3597331162176978,0.5868166586183875,0.44963728595670815,True,91
210.956438,83,319.057307,0.3789004287910589,0.3789004287910589,0.4223547527560016,0.817303797172818,True,83
290.293099,89,319.120324,0.3463867633202421,0.3463867633202421,0.41693338614789305,0.8442835988121831,True,89
220.59395,101,319.194309,0.41378647524785933,0.41378647524785933,0.42962148285113727,0.8860216769223228,True,101
250.487837,106,319.268437,0.5414099264647378,0.5414099264647378,0.42905426384644,0.8755721181047439,True,106
228.851437,77,319.32346,0.32757819779565756,0.32757819779565756,0.42402846511548004,0.7403542074160253,True,77
245.655735,97,319.391069,0.25721513853380257,0.25721513853380257,0.4293632726214369,0.81651734125513,True,97
122.061729,78,319.834954,0.5011501947215738,0.5011501947215738,0.423563731047333,0.5491318220675869,True,78
202.823855,78,319.910868,0.22883656952948164,0.22883656952948164,0.42888401233984846,0.9261490469286053,True,78
232.951677,92,320.001059,0.45593705233286264,0.45593705233286264,0.42048292148281197,0.7997793572609564,True,92
172.309937,81,320.056729,0.45259675305868624,0.45259675305868624,0.42386132501229573,0.5048076861219783,True,81
201.943994,82,320.114215,0.2673963473778561,0.2673963473778561,0.4217165062480996,0.9056153961225802,True,82
189.847445,87,320.176843,0.42113096946586115,0.42113096946586115,0.42932188011501754,0.6841163791658186,True,87
280.842263,96,320.245585,0.35289007598856365,0.35289007598856365,0.4245213353020915,0.8755279907849117,True,96
179.273275,89,320.306933,0.5684007203197732,0.5684007203197732,0.41998489210655016,0.8572934483977952,True,89
183.214395,86,320.367398,0.44037007221462504,0.44037007221462504,0.42584616904099837,0.8231288436420393,True,86
230.463705,107,320.442226,0.5703768826772503,0.5703768826772503,0.42513840170645784,0.7589635671896435,True,107
227.353933,74,320.492226,0.239454595707043,0.239454595707043,0.43452570952599207,0.7928408033014611,True,74
206.333771,64,320.536469,0.2681386802596731,0.2681386802596731,0.5981805525158594,0.43420288066410795,True,64
246.333657,93,320.602607,0.2894924366724012,0.2894924366724012,0.42588049914435694,0.9524429524288434,True,93
146.571155,82,320.661397,0.4901614336320496,0.4901614336320496,0.4286784367736605,0.7425844771449309,True,82
172.40917,58,320.700575,0.25282491628247844,0.25282491628247844,0.5685635805241184,0.4067149878502946,True,58
228.28046,88,320.758629,0.40064197735456736,0.40064197735456736,0.4285881844587393,0.99121936306755,True,88
198.954885,83,320.817995,0.4429789990929642,0.4429789990929642,0.43200581588378256,0.8343622636145124,True,83
187.646166,98,320.89094,0.5952300369313244,0.5952300369313244,0.42698341459623806,0.997897988172255,True,98
238.292215,128,320.979921,0.49495842795510875,0.49495842795510875,0.4152453823687086,0.44815797259855905,True,128
230.142854,103,321.051535,0.5721453282603968,0.5721453282603968,0.43505962014199795,0.9054530015579809,True,103
186.326811,93,321.117636,0.25138924460884443,0.25138924460884443,0.4275253611955974,0.8182729153004034,True,93
143.281258,105,321.190418,0.5577154167056372,0.5577154167056372,0.42098852972713136,0.8774599325695428,True,105
271.07178,85,321.249177,0.36335151258799686,0.36335151258799686,0.42445238820621795,0.7484264502970152,True,85
209.411692,85,321.764478,0.38749332514330403,0.38749332514330403,0.43003450881559707,0.9361212713335613,True,85
149.581159,87,321.847989,0.39576926061279905,0.39576926061279905,0.4208385096915565,0.9706711073292669,True,87
199.127544,89,321.916398,0.4361787806484363,0.4361787806484363,0.4329126064585854,0.7410233098753277,True,89
180.209951,83,321.973041,0.19771124976497867,0.19771124976497867,0.6303862242493737,0.4401356909798817,True,83
187.874422,74,322.023206,0.2754863536485097,0.2754863536485097,0.48142537458320483,0.43024231344965796,True,74
220.219027,97,322.093503,0.5197002858990394,0.5197002858990394,0.42381487814356805,0.7597269666042519,True,97
21.25509,58,322.134861,0.022711845021722455,0.022711845021722455,0.6944973363338218,0.44027048250988454,True,58
192.968635,107,322.214068,0.4693706499180143,0.4693706499180143,0.424547001690867,0.5929282346899458,True,107
165.992432,90,322.281533,0.40356041799334946,0.40356041799334946,0.4318106540188782,0.8709474232310015,True,90
203.599939,89,322.341136,0.4483669959346057,0.4483669959346057,0.4277246553613396,0.8822787859561783,True,89
172.731894,97,322.415524,0.4753071348737477,0.4753071348737477,0.4136128953428482,0.7940014679858048,True,97
235.163693,77,322.471828,0.2850479992282458,0.2850479992282458,0.42815728796424496,0.45809884115085564,True,77
238.679784,97,322.537289,0.4855521714373423,0.4855521714373423,0.4156805451233552,0.8665725109087419,True,97
208.848219,112,322.62015,0.4220093528454858,0.4220093528454858,0.4226919372925653,0.6560086979265008,True,112
232.217594,88,322.684554,0.3629617028698253,0.3629617028698253,0.4266505543894535,0.7591378650579855,True,88
267.994477,85,322.745512,0.32285563383708094,0.32285563383708094,0.42951761146737755,0.9306088939377669,True,85
256.206705,81,322.800309,0.2892041545301455,0.2892041545301455,0.4272849789277442,0.9181284433756013,True,81
191.164846,89,322.867223,0.35970566697078865,0.35970566697078865,0.43231275998132,0.9254912460163904,True,89
200.485166,94,322.934462,0.44301159540449614,0.44301159540449614,0.424109227474569,0.5454195724310476,True,94
163.294243,82,322.993307,0.4169609451579347,0.4169609451579347,0.42365616913935145,0.6524243914003685,True,82
220.495974,108,323.072092,0.5228471122199828,0.5228471122199828,0.41923636406034526,0.6442155162624268,True,108
210.950441,102,323.146135,0.4176489663517777,0.4176489663517777,0.42475111371448543,0.9256885487298451,True,102
219.563777,76,323.197193,0.3203368475524608,0.3203368475524608,0.6189106339249733,0.42869804290382857,True,76
224.930316,112,323.752076,0.6977142672450378,0.6977142672450378,0.42583043155437084,0.9382857688179305,True,112
225.374662,72,323.826448,0.29955512037551274,0.29955512037551274,0.4326316334553836,0.711067650710409,True,72
140.266529,77,323.892142,0.4550834680039715,0.4550834680039715,0.4352552423919647,0.8305858726653725,True,77
178.222411,87,323.952701,0.5064459700154205,0.5064459700154205,0.4280309271086103,0.4726105968087282,True,87
243.892115,92,324.018313,0.3868340150259809,0.3868340150259809,0.423516379644468,0.9599591391273787,True,92
202.303817,84,324.080103,0.3496172541701769,0.3496172541701769,0.4162874077108971,0.9788362115469067,True,84
215.004562,106,324.152077,0.5690419676522641,0.5690419676522641,0.4175670118641444,0.9795602710225305,True,106
273.776312,87,324.215671,0.3452350908782992,0.3452350908782992,0.4290981032399569,0.8672371223448047,True,87
192.917491,96,324.284625,0.4992320371018085,0.4992320371018085,0.4169461913218004,0.599040774849894,True,96
257.824238,80,324.339943,0.3493071666013274,0.3493071666013274,0.4172130673652722,0.5150565359966983,True,80
196.388981,91,324.405056,0.506531416654886,0.506531416654886,0.42791758185625134,0.5251175159650747,True,91
143.121492,71,324.456005,0.3582738336959563,0.3582738336959563,0.5375659850593555,0.4400200673374332,True,71
210.429349,71,324.50655,0.3052391331416831,0.3052391331416831,0.4222655995034166,0.45509880835750227,True,71
217.900643,76,324.557637,0.22121547854035897,0.22121547854035897,0.6332394189720447,0.4475406207374009,True,76
271.478856,89,324.619391,0.39869536074699485,0.39869536074699485,0.5447937727565744,0.43893482534329253,True,89
184.226778,92,324.690089,0.30129095020107205,0.30129095020107205,0.4209671576250066,0.9513500732644256,True,92
156.410819,73,324.743914,0.3723595780347288,0.3723595780347288,0.5794583008097102,0.4240284653367682,True,73
192.814429,87,324.808,0.41786251255606977,0.41786251255606977,0.43473911121201275,0.7038358865122034,True,87
212.577238,86,324.868914,0.23122690717595765,0.23122690717595765,0.41882337905944456,0.9117806658995005,True,86
244.17624,85,324.930152,0.293591097297225,0.293591097297225,0.43164612800297025,0.5472367799830303,True,85
213.844672,77,324.981616,0.25413392224512793,0.25413392224512793,0.4322744886276667,0.8590252188421778,True,77
213.643955,74,325.031141,0.28649335556599886,0.28649335556599886,0.42413717366549203,0.7785689683414732,True,74
204.613543,85,325.089421,0.4130585540231027,0.4130585540231027,0.42968329156099905,0.9821462718289051,True,85
224.554028,100,325.160392,0.5061789523477235,0.5061789523477235,0.42587877551332165,0.8489567132379423,True,100
200.110003,92,325.591887,0.4838844578608023,0.4838844578608023,0.4207181568473449,0.9415020953445833,True,92
235.452656,100,325.701096,0.47558431560205916,0.47558431560205916,0.43501932909987345,0.833969003960315,True,100
153.11903,82,325.762422,0.4949588544492159,0.4949588544492159,0.4351379426195111,0.8077125530147347,True,82
281.595608,120,325.851666,0.3985649009783749,0.3985649009783749,0.4228239203133856,0.7889380164629509,True,120
254.369272,137,325.953231,0.6384408970607618,0.6384408970607618,0.4312825646583505,0.5472076651128925,True,137
244.609656,81,326.00875,0.3039233499911485,0.3039233499911485,0.5190986719633152,0.43609355650326775,True,81
213.553831,74,326.060718,0.3144205167211805,0.3144205167211805,0.42148845387243555,0.9376987387876504,True,74
214.67796,115,326.142616,0.25456017194182734,0.25456017194182734,0.4232935098477564,0.5047514506996239,True,115
186.31861,78,326.196252,0.24332365597827593,0.24332365597827593,0.42549583239640765,0.9700595773170516,True,78
210.730756,84,326.25683,0.39000292317741686,0.39000292317741686,0.42399869100828363,0.7554666354302755,True,84
148.836956,72,326.308727,0.34287878516292536,0.34287878516292536,0.42198628821820183,0.9791501942423888,True,72
195.680329,93,326.375464,0.487155490036544,0.487155490036544,0.4234933729734833,0.7153038849210794,True,93
191.563347,91,326.440303,0.23499837489081377,0.23499837489081377,0.6242505889420421,0.40688744778366687,True,91
275.105774,87,326.502888,0.30018655306055564,0.30018655306055564,0.4252567664430881,0.8690203551110647,True,87
210.52708,75,326.55517,0.24699869202909924,0.24699869202909924,0.4158970553690657,0.8142220283800592,True,75
207.002251,98,326.628761,0.4626251004712909,0.4626251004712909,0.4283202883780873,0.9668573740255563,True,98
248.246686,81,326.685199,0.27423016235721365,0.27423016235721365,0.6579820070885029,0.4483471930174414,True,81
194.960361,97,326.76284,0.5555318386477355,0.5555318386477355,0.4223554488932763,0.9534923904079815,True,97
167.864711,91,326.833259,0.5411727581084294,0.5411727581084294,0.43590749684756214,0.8377721260681019,True,91
169.908476,72,326.886437,0.20387349056165266,0.20387349056165266,0.4361204676196814,0.5080544806714606,True,72
227.946092,104,326.964513,0.5621537407926688,0.5621537407926688,0.4353754552354801,0.7834675591927803,True,104
160.809842,83,327.023061,0.21779969901279808,0.21779969901279808,0.4676630173014736,0.43066186535141054,True,83
167.236551,95,327.691834,0.3500462280108793,0.3500462280108793,0.4253703436932133,0.5291469476702604,True,95
225.496466,84,327.782801,0.27979952532690083,0.27979952532690083,0.4230580302736117,0.8959478081600595,True,84
211.213304,79,327.857802,0.36968676378624654,0.36968676378624654,0.42118206043847434,0.842574360186835,True,79
213.370979,80,327.91677,0.25075017857121695,0.25075017857121695,0.4199522164001326,0.9401317953009507,True,80
146.905043,83,327.97566,0.4645435039196674,0.4645435039196674,0.43325816502636294,0.5645013950886137,True,83
259.202347,84,328.040888,0.275581091862833,0.275581091862833,0.4337603792014121,0.45237034120000896,True,84
193.247568,94,328.108222,0.5163940911769156,0.5163940911769156,0.41803085071174617,0.9230325712134932,True,94
210.977656,71,328.158919,0.28369473475035895,0.28369473475035895,0.41578385634003173,0.7290750171052587,True,71
184.351783,86,328.223735,0.38035880522449544,0.38035880522449544,0.433515087878019,0.7831295951994308,True,86
221.828689,81,328.283462,0.2310811369554498,0.2310811369554498,0.4243526059820294,0.9283879897505193,True,81
238.32872,94,328.35334,0.451080047257263,0.451080047257263,0.4260961648435092,0.64456680331886,True,94
214.344805,75,328.407103,0.3430982634972745,0.3430982634972745,0.4295860535937977,0.9484243108936089,True,75
216.838844,85,328.468954,0.34305230110056373,0.34305230110056373,0.52055297562742,0.42211615623966003,True,85
195.372237,73,328.524342,0.21355496028145454,0.21355496028145454,0.4323700932162961,0.9553305308249612,True,73
191.913986,91,328.586622,0.5244708547455268,0.5244708547455268,0.4277451913024119,0.9501416142463018,True,91
232.216374,103,328.657233,0.4063322402939364,0.4063322402939364,0.4194460328324622,0.9653891475492051,True,103
220.555749,77,328.712054,0.32688379073086815,0.32688379073086815,0.5115648995298403,0.39902952302733397,True,77
154.170148,84,328.774581,0.3694263093907428,0.3694263093907428,0.42901622278381457,0.8990990752193877,True,84
243.432774,74,328.826076,0.298849141075992,0.298849141075992,0.42753399852662655,0.7672457747855117,True,74
224.036967,97,328.899918,0.26481848626504934,0.26481848626504934,0.43169354440006036,0.882231760381234,True,97
270.657013,107,328.979879,0.4652320658292352,0.4652320658292352,0.4227184302458618,0.780875804623655,True,107
251.255851,111,329.059566,0.480253436959083,0.480253436959083,0.4332036003758424,0.8399532639537004,True,111
193.043156,74,329.112896,0.38008408010519706,0.38008408010519706,0.5757054873883296,0.4263369696752241,True,74
192.374603,95,329.180903,0.4573029104432218,0.4573029104432218,0.41626922448743076,0.4933455413069881,True,95
285.488133,84,329.588041,0.32222829265731756,0.32222829265731756,0.41711376284936863,0.604173431393055,True,84
266.680291,97,329.686189,0.38982804790455516,0.38982804790455516,0.4230931767441311,0.7691869625444104,True,97
199.677589,83,329.768178,0.3230097949926102,0.3230097949926102,0.42358371739448675,0.6408653672254162,True,83
207.786863,84,329.823701,0.4055044069898568,0.4055044069898568,0.4185656739687331,0.8525762355253949,True,84
226.783061,91,329.887519,0.2904548903517096,0.2904548903517096,0.4340023144844678,0.8356568005468348,True,91
247.540511,101,329.962434,0.5217197980423989,0.5217197980423989,0.4289699608472799,0.7981137420049478,True,101
198.446082,84,330.027478,0.324712880504523,0.324712880504523,0.4322235237471742,0.9016967377925305,True,84
184.63292,103,330.099931,0.612790875996834,0.612790875996834,0.42775989792152574,0.9860248082327143,True,103
255.213746,101,330.173528,0.38661619624666904,0.38661619624666904,0.45133984078400874,0.43293761305651385,True,101
222.669843,84,330.236528,0.23076670751633352,0.23076670751633352,0.4346193189331999,0.7759059159056062,True,84
215.921458,89,330.306465,0.37969279309345766,0.37969279309345766,0.428805763555989,0.8956840515241333,True,89
233.663824,94,330.379735,0.3394849589086949,0.3394849589086949,0.431883374277124,0.971851267177681,True,94
173.59773,85,330.44373,0.4549014528454905,0.4549014528454905,0.43506607051133406,0.9007404021705187,True,85
203.271421,85,330.507521,0.3538194781300853,0.3538194781300853,0.4228063460828563,0.8552275206367483,True,85
207.961272,75,330.562522,0.3004013488032254,0.3004013488032254,0.43056754833677535,0.7795575797234537,True,75
205.053505,94,330.629321,0.4749348061211906,0.4749348061211906,0.4282182425207719,0.8093001436421905,True,94
280.310188,111,330.71641,0.48770402211267827,0.48770402211267827,0.4315182738645257,0.999134881154615,True,111
235.542476,95,330.785709,0.4181625949887933,0.4181625949887933,0.4352301448229918,0.8343968009681062,True,95
241.240682,83,330.846972,0.3226069904264279,0.3226069904264279,0.4446495343480686,0.4492580183244998,True,83
236.941697,80,330.907046,0.32569869321582323,0.32569869321582323,0.46341462844272624,0.4412501868819616,True,80
162.338823,88,330.980161,0.4519262696135713,0.4519262696135713,0.433416766196939,0.935534859694734,True,88
198.020104,101,331.053635,0.5276782898268163,0.5276782898268163,0.43019696110414496,0.7937837977992249,True,101
219.743794,77,331.111705,0.3474963449775941,0.3474963449775941,0.4341270584836164,0.5283505588500215,True,77
226.401409,97,331.591991,0.42645385069014974,0.42645385069014974,0.42247444195746703,0.6824361597524906,True,97
186.397081,72,331.665449,0.2284467034246241,0.2284467034246241,0.4159892081633626,0.756027130122639,True,72
197.864264,92,331.74704,0.38825851696002567,0.38825851696002567,0.43087512777149733,0.8506252097536586,True,92
293.00249,88,331.806165,0.3303736587825625,0.3303736587825625,0.42588440683298395,0.7779576579590036,True,88
204.840233,88,331.874644,0.3959751008056843,0.3959751008056843,0.4312416121624608,0.5274745083601436,True,88
221.223948,68,331.923888,0.2670316520011166,0.2670316520011166,0.625539577944334,0.40996018031685094,True,68
240.357532,103,332.003856,0.5942908679663365,0.5942908679663365,0.4245701295206007,0.8101591888032427,True,103
194.142245,82,332.066253,0.35556602360413275,0.35556602360413275,0.42677470520359306,0.9729097830344449,True,82
265.483891,96,332.139339,0.3032275009014231,0.3032275009014231,0.42187941611486407,0.5341275912929482,True,96
256.50683,81,332.201617,0.3524470398896856,0.3524470398896856,0.49053403964867864,0.40983976843304964,True,81
218.535413,86,332.265822,0.40134070717543957,0.40134070717543957,0.4184089198432663,0.9930539935622387,True,86
250.441994,106,332.342204,0.616092471640552,0.616092471640552,0.4328529810002735,0.9822574377862503,True,106
231.447758,110,332.423934,0.42080220282912073,0.42080220282912073,0.4693578182219821,0.4340833826439484,True,110
257.424087,101,332.497355,0.4000038432472541,0.4000038432472541,0.427364356389527,0.9430142620084527,True,101
174.570954,81,332.555076,0.443207296761824,0.443207296761824,0.42740210643874743,0.4776751357982342,True,81
256.685665,125,332.648053,0.5049158611298977,0.5049158611298977,0.435989561027934,0.701423092168899,True,125
186.314636,83,332.707995,0.48666004199007395,0.48666004199007395,0.4213732913655762,0.602994651217272,True,83
228.813118,97,332.776275,0.27536635689396,0.27536635689396,0.5966376419619404,0.4455993715616906,True,97
250.163732,86,332.836712,0.34733732986970545,0.34733732986970545,0.4202300077083134,0.8922692767011338,True,86
243.040083,98,332.91051,0.4448286040104413,0.4448286040104413,0.4296353028990471,0.48089766541739154,True,98
253.478226,95,332.983214,0.3426537635992477,0.3426537635992477,0.43576427275075985,0.8827728770937239,True,95
213.724009,103,333.056654,0.5558966436774236,0.5558966436774236,0.4250133551334715,0.7630638437714549,True,103
289.525751,99,333.373008,0.33656431833295686,0.33656431833295686,0.43120280331820665,0.8320494431869142,True,99
197.226792,71,333.439674,0.3299961709381899,0.3299961709381899,0.430766143953874,0.9172095979616096,True,71
244.092286,83,333.515297,0.321105737977174,0.321105737977174,0.43205079835914806,0.8962486369453044,True,83
247.075906,101,333.582955,0.5139946521283273,0.5139946521283273,0.4245499885400001,0.941599908175222,True,101
154.559752,78,333.643147,0.17002209120499112,0.17002209120499112,0.43251226419940325,0.6368193835851547,True,78
215.415003,89,333.713711,0.4269218125051994,0.4269218125051994,0.4296717763318522,0.6501241426951782,True,89
210.760891,104,333.79347,0.559502459876368,0.559502459876368,0.4340506966147207,0.9799517530517315,True,104
274.868558,84,333.853751,0.33148290359060617,0.33148290359060617,0.42963012690696595,0.8911026549162063,True,84
367.000549,106,333.930166,0.4377450561307283,0.4377450561307283,0.42997990755046084,0.7370197095482206,True,106
186.175212,71,333.981989,0.31328088155256184,0.31328088155256184,0.43245047609195986,0.8660615013954638,True,71
221.48064,103,334.059597,0.3977711444956077,0.3977711444956077,0.43237205035593756,0.5565629819915598,True,103
224.604132,144,334.169219,0.4021772895600734,0.4021772895600734,0.43565401043408497,0.6781573438750894,True,144
225.779393,82,334.23087,0.2896646370161981,0.2896646370161981,0.43474336164797595,0.9460188323184721,True,82
182.619468,70,334.281096,0.32166331978797336,0.32166331978797336,0.5831726147123018,0.4162069038688902,True,70
245.658593,98,334.352955,0.4191646057837977,0.4191646057837977,0.47817224398718966,0.44490010987392137,True,98
208.55814,84,334.413415,0.3893294550064178,0.3893294550064178,0.4241631408725566,0.7604293562912994,True,84
204.623303,81,334.473517,0.40027387144911974,0.40027387144911974,0.4162622642593433,0.8588587040913649,True,81
172.0172,72,334.524028,0.37524374523033116,0.37524374523033116,0.4229077329312132,0.844962195277209,True,72
276.471009,87,334.586048,0.31534008531905494,0.31534008531905494,0.4334407620409144,0.531588903380242,True,87
247.303647,85,334.646429,0.31389068122925956,0.31389068122925956,0.4334056567247357,0.852454054138597,True,85
252.416887,80,334.706002,0.347820469291302,0.347820469291302,0.4206194368224695,0.8397280344663112,True,80
201.825781,100,334.780205,0.400873877102009,0.400873877102009,0.43496688972274455,0.5546275207926871,True,100
115.102501,93,334.850518,0.1776957186227631,0.1776957186227631,0.428726685597209,0.5139184676755317,True,93
261.948845,103,335.296496,0.45760952405120914,0.45760952405120914,0.43032751065624314,0.9618745659962038,True,103
239.178589,108,335.405469,0.5885805541212956,0.5885805541212956,0.42933104486378854,0.9669008064108472,True,108
217.591159,98,335.469881,0.4720855964378591,0.4720855964378591,0.4271085761804976,0.7847846972215571,True,98
188.554985,80,335.524602,0.3760280048059407,0.3760280048059407,0.5112058343356883,0.44141081271793503,True,80
201.761548,76,335.580916,0.23758495704226762,0.23758495704226762,0.4268267883444512,0.8528896542093702,True,76
275.841483,99,335.652296,0.3496741789875659,0.3496741789875659,0.42313220319197475,0.9539012393257301,True,99
160.826424,110,335.732379,0.5206961096107425,0.5206961096107425,0.4201170023530516,0.9246788804296754,True,110
209.208115,93,335.799614,0.3820369559122026,0.3820369559122026,0.4305247141527748,0.6474074758379482,True,93
183.248714,82,335.858156,0.4312566030603685,0.4312566030603685,0.429819828506401,0.9225988395750623,True,82
244.306496,82,335.919921,0.38233290706144313,0.38233290706144313,0.42488568536538224,0.8549675741555753,True,82
137.610132,81,335.980659,0.14962636972245177,0.14962636972245177,0.42850545428330095,0.9455034528188582,True,81
203.75042,101,336.054316,0.52467097260924,0.52467097260924,0.43506119582087344,0.7325007250103062,True,101
235.319668,79,336.112861,0.34205980410923514,0.34205980410923514,0.6139440176938875,0.44487568337305516,True,79
268.646623,86,336.176641,0.3497143016266746,0.3497143016266746,0.4206194644541784,0.8978448689072569,True,86
216.880256,85,336.239184,0.42136166294433947,0.42136166294433947,0.4208491449988195,0.7546575213603387,True,85
180.294544,73,336.289537,0.37185939053206407,0.37185939053206407,0.4294084586564045,0.8711185943143214,True,73
299.335786,140,336.393362,0.39644566659451674,0.39644566659451674,0.4343343535992577,0.6977762080882914,True,140
173.773355,80,336.449261,0.41078396109618026,0.41078396109618026,0.4254038289540074,0.6427259156399626,True,80
193.164652,106,336.524806,0.43616780981416137,0.43616780981416137,0.43176916438742186,0.9474072138331046,True,106
191.813015,73,336.576705,0.3617894886567127,0.3617894886567127,0.42199786636109266,0.7433917501471172,True,73
180.066091,102,336.653311,0.5698239529462181,0.5698239529462181,0.4242918624309513,0.7532580530195414,True,102
185.321495,94,336.723753,0.47910626743280554,0.47910626743280554,0.471657524882594,0.4426896977279024,True,94
166.873354,77,337.265959,0.40686757236404847,0.40686757236404847,0.5020603479119974,0.43072536691784274,True,77
239.026292,77,337.323549,0.2582198734704737,0.2582198734704737,0.43307510805284155,0.8559484447472235,True,77
251.554566,80,337.395631,0.3185183014067686,0.3185183014067686,0.4315052957168222,0.5538202445901447,True,80
294.856937,87,337.465697,0.3114460632890126,0.3114460632890126,0.4321194721086335,0.6442152444268399,True,87
248.159521,84,337.524214,0.374176090527537,0.374176090527537,0.42105817452113864,0.9949363974034446,True,84
198.730575,77,337.585771,0.3291607323750305,0.3291607323750305,0.4157761803152117,0.7541814033714178,True,77
261.847384,79,337.641262,0.3169872268265154,0.3169872268265154,0.42626690871512424,0.5792831181891162,True,79
169.950223,71,337.693095,0.35285866199738825,0.35285866199738825,0.5447180300970292,0.44401180328195333,True,71
179.992263,102,337.773747,0.3968335918105078,0.3968335918105078,0.42844658602877134,0.8236563498284044,True,102
211.491205,81,337.834554,0.3856116124231685,0.3856116124231685,0.4305066608792757,0.7980179874263311,True,81
252.181056,85,337.899381,0.35197796070441806,0.35197796070441806,0.43241736168796935,0.9498985772352866,True,85
253.48644,86,337.961827,0.35464787501957945,0.35464787501957945,0.4317654118976253,0.749308730670068,True,86
209.336861,88,338.025198,0.3842640686551669,0.3842640686551669,0.4298659642625046,0.9129181252358288,True,88
90.778355,77,338.079418,0.08739444060506375,0.08739444060506375,0.4866175875950881,0.4427192235294827,True,77
293.457607,94,338.150185,0.2966333416541251,0.2966333416541251,0.4277845552500343,0.8407283741041565,True,94
233.439887,78,338.208213,0.3213103172694186,0.3213103172694186,0.42101940272319593,0.8212111136387443,True,78
237.837753,97,338.278805,0.46520162240648344,0.46520162240648344,0.427631635932911,0.9726359891846441,True,97
192.889464,72,338.330693,0.2070447952504694,0.2070447952504694,0.4135523092322733,0.8466623832792478,True,72
234.540363,74,338.388341,0.3013992202439434,0.3013992202439434,0.4155759292467372,0.974429992420004,True,74
187.417834,81,338.451754,0.35407864479439344,0.35407864479439344,0.42121104814707555,0.7306085401755988,True,81
242.557309,85,338.51409,0.3753018555242765,0.3753018555242765,0.41719857116988773,0.6858225541410576,True,85
271.613444,87,338.5799,0.3301463357101457,0.3301463357101457,0.42005802036622003,0.832940503872595,True,87
230.45134,72,338.632733,0.2607309059628409,0.2607309059628409,0.42818071441474154,0.6387590813191977,True,72
295.086651,90,338.698905,0.34076867569001545,0.34076867569001545,0.4231611016583928,0.9877495214832865,True,90
204.728076,92,338.76723,0.517190722327097,0.517190722327097,0.4299218292903592,0.8593597711582173,True,92
220.3879,76,339.220934,0.24265590524998484,0.24265590524998484,0.6389168568049708,0.4174061053515434,True,76
25.739579,80,339.299351,-0.0006780962333203315,-0.0006780962333203315,0.43502347465552277,0.6588876118168964,True,80
220.548208,87,339.37194,0.4105111049535044,0.4105111049535044,0.4216362087987335,0.9596031822218606,True,87
164.512545,86,339.430235,0.5268389783135607,0.5268389783135607,0.4248351497701948,0.902488245378015,True,86
242.294441,80,339.486685,0.2645407521791104,0.2645407521791104,0.4172277545528426,0.7658080142875536,True,80
256.870299,81,339.544496,0.3305244017088701,0.3305244017088701,0.4212735682308904,0.9421499497664771,True,81
161.575888,99,339.61481,0.6019047109277503,0.6019047109277503,0.41958095405297385,0.6970369353809163,True,99
246.221234,92,339.678287,0.3667706803430665,0.3667706803430665,0.4307656719996636,0.6030316241043344,True,92
264.176073,93,339.742506,0.3993467819793516,0.3993467819793516,0.42145976576751315,0.7285195816489355,True,93
204.498432,80,339.798054,0.3678398113907281,0.3678398113907281,0.4345984524837182,0.8552731430089061,True,80
213.763268,87,339.857159,0.37752225295693753,0.37752225295693753,0.4243181114451725,0.9495215141989031,True,87
145.25185,75,339.908303,0.1534828010190459,0.1534828010190459,0.4170317866798557,0.8673372962144111,True,75
165.647678,79,339.964375,0.4162467109336599,0.4162467109336599,0.4253286946076763,0.6812078891651572,True,79
167.913076,71,340.014172,0.38838443963884184,0.38838443963884184,0.43443646731925917,0.8514629773986642,True,71
237.106771,75,340.066453,0.26082863391993105,0.26082863391993105,0.4154973950805924,0.8968553695305543,True,75
191.748481,105,340.143484,0.48326697053612094,0.48326697053612094,0.4268714929263028,0.5602950918298875,True,105
197.187943,80,340.202669,0.390281328560749,0.390281328560749,0.4325901352003699,0.7005060907242853,True,80
237.593551,86,340.26415,0.27635898554333865,0.27635898554333865,0.432211823191064,0.7395387931993418,True,86
189.994416,105,340.33978,0.29349764471877365,0.29349764471877365,0.41486441005633384,0.71798508512035,True,105
229.266967,104,340.415698,0.45964686960533874,0.45964686960533874,0.4179821082801044,0.7347095378665184,True,104
185.709805,87,340.479117,0.4620006171166231,0.4620006171166231,0.4331567509354544,0.8931088360823207,True,87
111.631465,79,340.535367,0.36046634274426215,0.36046634274426215,0.42943341377611355,0.4221410227241946,True,79
179.712169,78,340.591204,0.3092083151890968,0.3092083151890968,0.4245563968485779,0.953963536603341,True,78
135.697504,76,340.646708,0.1579950956465324,0.1579950956465324,0.4252222697775341,0.939343203588397,True,76
225.269726,73,341.276132,0.3013933225940017,0.3013933225940017,0.6377638960744918,0.4473463732107812,True,73
192.175728,89,341.381708,0.41865738985574463,0.41865738985574463,0.4272996382885853,0.7225703744372515,True,89
180.526264,73,341.441029,0.20218289243104365,0.20218289243104365,0.41487321893425133,0.7376730290738354,True,73
211.695547,72,341.489521,0.2997122879600469,0.2997122879600469,0.4782901546011411,0.4003894290398522,True,72
236.695148,77,341.545166,0.2931535863075144,0.2931535863075144,0.4253464702821283,0.6472921316986437,True,77
133.088186,69,341.600557,0.3898883987281387,0.3898883987281387,0.42754211896238237,0.7652148559120362,True,69
272.894054,104,341.68392,0.3465098397856037,0.3465098397856037,0.4287831594174604,0.7741620308685196,True,104
211.446609,90,341.749365,0.4618616821460337,0.4618616821460337,0.424137933295326,0.9693621459240909,True,90
222.265609,92,341.8113,0.43773813031469555,0.43773813031469555,0.5199555010236553,0.44914927823931894,True,92
215.976991,96,341.879333,0.45607602670099284,0.45607602670099284,0.4191388297310344,0.7870401458730372,True,96
155.276594,79,341.937242,0.48200122711309756,0.48200122711309756,0.42625965896975565,0.6824859512893346,True,79
209.272829,95,342.011282,0.43088225680791703,0.43088225680791703,0.43141238255009706,0.5264840168646944,True,95
206.813988,98,342.081192,0.42120808707758306,0.42120808707758306,0.42830878215035795,0.8287379430989104,True,98
138.302273,79,342.137201,0.4753731742410081,0.4753731742410081,0.4246707836946791,0.8670937771227107,True,79
181.591299,80,342.19374,0.42173487370962903,0.42173487370962903,0.423219707683715,0.6857593432877782,True,80
274.331669,101,342.268792,0.3524722226829102,0.3524722226829102,0.4195856955049207,0.8511958883107758,True,101
175.004974,89,342.335642,0.39233558107488914,0.39233558107488914,0.41952389981262167,0.9787656889033927,True,89
282.047056,86,342.404081,0.32241937832880685,0.32241937832880685,0.43594161722938557,0.8271088372800381,True,86
272.407415,80,342.461628,0.2754687358624805,0.2754687358624805,0.5941043567845589,0.4379532949720555,True,80
304.271863,101,342.532992,0.3189567611119028,0.3189567611119028,0.4257463512287328,0.6013972540415516,True,101
282.669545,87,342.592949,0.3625697154166645,0.3625697154166645,0.4329902814253538,0.9021776983794925,True,87
285.929426,98,342.659527,0.4147181843976608,0.4147181843976608,0.4196540718356135,0.6713586287765546,True,98
243.285283,91,342.730617,0.342684948518566,0.342684948518566,0.4299985599157064,0.882613905025453,True,91
273.93476,88,343.356827,0.3670697260305762,0.3670697260305762,0.4248227839897716,0.9687089157222026,True,88
214.095731,100,343.463883,0.5172742312581915,0.5172742312581915,0.43435294380702205,0.8045307858711628,True,100
208.624408,87,343.546568,0.4347266548758931,0.4347266548758931,0.4274317917478515,0.8681445248578781,True,87
196.846877,84,343.605185,0.3984111601556089,0.3984111601556089,0.42884943852382207,0.9117069175775996,True,84
251.529376,92,343.668854,0.2702530578453119,0.2702530578453119,0.4297059557932114,0.8107743006309047,True,92
249.59751,95,343.738467,0.37991080930265725,0.37991080930265725,0.41965753340126144,0.7857605691990603,True,95
223.493452,91,343.801194,0.37238527932669724,0.37238527932669724,0.5064340468675308,0.432231885437472,True,91
171.966158,78,343.854959,0.40796380992696657,0.40796380992696657,0.4197892697488683,0.7660502756724125,True,78
203.778253,78,343.910271,0.3473634368824981,0.3473634368824981,0.4355368636791115,0.7966379522646045,True,78
170.56485,57,343.950388,0.21105530167286604,0.21105530167286604,0.5930276261252044,0.44059963855538303,True,57
215.76936,93,344.02358,0.39804001991679133,0.39804001991679133,0.42205397514553733,0.7738676363856805,True,93
220.609117,93,344.089713,0.43015976044992493,0.43015976044992493,0.52947262553786,0.4196031426428237,True,93
217.027191,103,344.160172,0.4691298660087181,0.4691298660087181,0.43589735825766035,0.9728793037822296,True,103
180.500522,65,344.203876,0.3031482733363311,0.3031482733363311,0.6141747847792869,0.4428600406431854,True,65
177.070423,80,344.260463,0.4670420466196202,0.4670420466196202,0.42877855586713703,0.6772494327250727,True,80
179.710237,101,344.330272,0.6345138844031498,0.6345138844031498,0.4327178147971377,0.9891919560279405,True,101
150.564654,53,344.36748,0.22928716428786902,0.22928716428786902,0.5792769363888162,0.4244263935943063,True,53
206.208921,74,344.418352,0.3089362898867765,0.3089362898867765,0.41655652680163263,0.48613496960824965,True,74
197.892277,89,344.482784,0.22161653986111662,0.22161653986111662,0.5702179844353636,0.44866564468049663,True,89
223.165933,74,344.534321,0.2450730440292351,0.2450730440292351,0.42339868611252923,0.7290983651954285,True,74
156.713826,94,344.601694,0.1695698395956421,0.1695698395956421,0.6561608960276052,0.4357108900033209,True,94
224.458491,79,344.657645,0.31475472157087014,0.31475472157087014,0.432671134821505,0.7944851855162596,True,79
248.01378,90,344.718935,0.2691543797371559,0.2691543797371559,0.43102305209721564,0.660368068743579,True,90
182.283416,105,344.797251,0.4690109621268175,0.4690109621268175,0.5492834646342057,0.4494190084883644,True,105
203.221156,72,345.261265,0.3469270390196166,0.3469270390196166,0.4255681407051679,0.7323924621334537,True,72
235.281933,91,345.339197,0.36090736022441744,0.36090736022441744,0.5867257573877716,0.4419019514944407,True,91
168.048253,82,345.429505,0.40435872728382843,0.40435872728382843,0.4617330094799085,0.4466745552559967,True,82
233.076966,84,345.492551,0.3940295373978202,0.3940295373978202,0.424532045738823,0.792508442595098,True,84
188.25575,85,345.551445,0.46246024788600476,0.46246024788600476,0.4299468793686517,0.969859734968162,True,85
257.467416,87,345.610046,0.37424141684741574,0.37424141684741574,0.4277649776320268,0.976978005876625,True,87
203.178143,90,345.676147,0.22797500786924352,0.22797500786924352,0.5416994555143431,0.41328685336754406,True,90
226.363656,67,345.724483,0.2516276832127597,0.2516276832127597,0.41348690543965233,0.674273124049604,True,67
238.17106,101,345.794458,0.36118361155068635,0.36118361155068635,0.41925182922007576,0.8198702388285797,True,101
254.266514,91,345.857326,0.40518465457418396,0.40518465457418396,0.4244299543285944,0.9419732584319866,True,91
167.343887,101,345.926916,0.22637819814533844,0.22637819814533844,0.6715215065617846,0.41714052415600794,True,101
256.780141,80,345.983563,0.26595912697301355,0.26595912697301355,0.4302167521420149,0.6144261779621812,True,80
213.279269,77,346.035245,0.333635014895848,0.333635014895848,0.4177614870315114,0.9971755823431431,True,77
192.135805,83,346.093898,0.44822977036248096,0.44822977036248096,0.421966035877334,0.8761786654644277,True,83
267.434588,84,346.150261,0.2998961350293166,0.2998961350293166,0.4146307104121456,0.6648201535916207,True,84
181.904988,73,346.199822,0.3722951628089425,0.3722951628089425,0.4951878104377114,0.42682324809268185,True,73
205.358893,68,346.24633,0.30728604530010734,0.30728604530010734,0.5647486761622527,0.4388659006996397,True,68
292.475978,110,346.321596,0.4101542331675668,0.4101542331675668,0.4167126290952101,0.7359104648451991,True,110
173.41944,84,346.383334,0.4387754328368696,0.4387754328368696,0.4278326255611722,0.5557478312968505,True,84
199.720732,81,346.443055,0.39611794706397535,0.39611794706397535,0.42454176214736505,0.9845022621649402,True,81
224.971462,73,346.493897,0.2746278551806932,0.2746278551806932,0.43225403767867726,0.8304141552542159,True,73
213.718869,80,346.546463,0.24011808879863308,0.24011808879863308,0.4274232071099831,0.8293641176693878,True,80
172.347794,80,346.60291,0.456938927664911,0.456938927664911,0.4283963852302779,0.8827094012842325,True,80
125.575032,71,346.65406,0.3043474350350129,0.3043474350350129,0.42774175008842114,0.9987143353826353,True,71
247.273024,74,346.703723,0.30621138825536237,0.30621138825536237,0.4192476658891446,0.7987779531706116,True,74
169.985963,84,347.135957,0.4688793322554674,0.4688793322554674,0.4333812396850042,0.9824595182217336,True,84
237.856827,100,347.236605,0.44776231704835745,0.44776231704835745,0.4340759185537776,0.44998640141271923,True,100
175.660459,94,347.312062,0.20468188114965216,0.20468188114965216,0.42592868461981803,0.524889720853571,True,94
189.99236,86,347.37986,0.5133491352762132,0.5133491352762132,0.43562565860523866,0.808111979160042,True,86
223.5175,95,347.452992,0.4103460840629493,0.4103460840629493,0.4246676425672716,0.885934513949102,True,95
280.435996,94,347.521603,0.2907182010729681,0.2907182010729681,0.43579869887440315,0.9728487077287205,True,94
276.6246,83,347.581012,0.2939216712523398,0.2939216712523398,0.4251792168578148,0.7443986012484282,True,83
170.274471,82,347.641118,0.43264506982231205,0.43264506982231205,0.4273008003655853,0.8910279509951055,True,82
165.550532,66,347.68776,0.3175943080594194,0.3175943080594194,0.42858889398939065,0.9136901096656713,True,66
158.771615,86,347.74594,0.4947690156832216,0.4947690156832216,0.42715182497307075,0.685965593289454,True,86
140.676503,80,347.801643,0.5023805882596294,0.5023805882596294,0.43274567694589694,0.45018746113109653,True,80
220.090353,87,347.864104,0.38810561328438886,0.38810561328438886,0.42872263744017086,0.7980077320497645,True,87
220.214295,82,347.921464,0.412659599338774,0.412659599338774,0.42232662140578253,0.6542919420865773,True,82
252.425156,97,347.99076,0.46356688855706185,0.46356688855706185,0.4472701873881223,0.43348211707621515,True,97
252.249869,109,348.069297,0.6016472917491631,0.6016472917491631,0.41498481147959754,0.8578752427356803,True,109
146.928519,86,348.129485,0.18112287190642695,0.18112287190642695,0.426740209077882,0.5809694097954541,True,86
227.344983,91,348.193564,0.34253629955608994,0.34253629955608994,0.5022050723245878,0.44798007734827416,True,91
268.198281,116,348.274283,0.4030168612904101,0.4030168612904101,0.43114495641283274,0.8030599256421338,True,116
216.164431,96,348.337645,0.5188040327114892,0.5188040327114892,0.43103927501273825,0.8892736448944865,True,96
247.651767,100,348.407137,0.4374985140019968,0.4374985140019968,0.42081284404535374,0.9965726630549598,True,100
267.425123,90,348.47205,0.33137584470112175,0.33137584470112175,0.42616260504434667,0.955159735705433,True,90
158.04891,78,348.52914,0.3906635729702891,0.3906635729702891,0.43217428919614315,0.5974492749730848,True,78
234.696609,75,348.580125,0.26901634554975407,0.26901634554975407,0.4244412448186934,0.9760459772898363,True,75
148.927755,77,349.196818,0.45864385712872685,0.45864385712872685,0.42282484666903836,0.6004030924405546,True,77
200.383372,74,349.260705,0.20664305649477638,0.20664305649477638,0.4226947212231814,0.9963655612163715,True,74
163.511717,93,349.354461,0.4932278052742373,0.4932278052742373,0.42830436255333854,0.9359570339043911,True,93
209.85145,78,349.409403,0.21892324006066588,0.21892324006066588,0.4246922562020958,0.7544231221379367,True,78
203.527553,91,349.476161,0.2300103890272127,0.2300103890272127,0.434421012875191,0.6202175063356173,True,91
247.402905,89,349.537246,0.35321578674927984,0.35321578674927984,0.4226558597997705,0.6342296960061357,True,89
218.296857,86,349.59497,0.3912640397912213,0.3912640397912213,0.4192523700903629,0.816794706073898,True,86
260.500343,107,349.666228,0.6288951527308915,0.6288951527308915,0.4352322134870416,0.968316427604735,True,107
253.207725,81,349.719201,0.3030710012448019,0.3030710012448019,0.43591207478076066,0.6852582685031554,True,81
185.225653,90,349.783142,0.4950096724817125,0.4950096724817125,0.42795737099570963,0.9333071861970743,True,90
209.601746,66,349.827915,0.2814361251727423,0.2814361251727423,0.6244584480696754,0.42020079110380437,True,66
202.990661,83,349.885405,0.35623176720791844,0.35623176720791844,0.43203091547052985,0.700768520166137,True,83
218.744687,88,349.943285,0.3582373638224043,0.3582373638224043,0.4322899089627037,0.9004131469948697,True,88
256.679307,99,350.013767,0.4798381502067602,0.4798381502067602,0.43591326818127657,0.5903038241554697,True,99
180.596038,84,350.073874,0.4992403762558788,0.4992403762558788,0.4284947520530829,0.8119967509644737,True,84
155.36485,89,350.151584,0.39079949309338063,0.39079949309338063,0.42601555326970714,0.6557408975251906,True,89
271.351796,107,350.248598,0.35077651936206117,0.35077651936206117,0.42258689209597317,0.7152247453189479,True,107
117.072127,81,350.310446,0.23832715175925026,0.23832715175925026,0.42352962066043415,0.6488428788978846,True,81
219.030543,78,350.364648,0.33241413926550945,0.33241413926550945,0.6072730265568358,0.44040953874813993,True,78
161.632243,84,350.424795,0.17873287339779143,0.17873287339779143,0.43409013270924574,0.8600493564752618,True,84
278.349686,104,350.497989,0.37904427169158955,0.37904427169158955,0.435037150936977,0.972835273822951,True,104
171.669239,88,350.558679,0.4929359919713539,0.4929359919713539,0.4248055506407694,0.6404017056991862,True,88
180.515885,110,350.635307,0.3270993493092035,0.3270993493092035,0.6158996979628459,0.433592432929431,True,110
233.163047,81,351.176905,0.3248264460776134,0.3248264460776134,0.4237795258884801,0.9057442476735986,True,81
220.574543,108,351.307301,0.5165018351962796,0.5165018351962796,0.5024441089051809,0.43531199370841916,True,108
253.01828,89,351.376259,0.28355231721156793,0.28355231721156793,0.43028150889887007,0.7810817322170622,True,89
209.654419,90,351.437966,0.44800919767292663,0.44800919767292663,0.4288771388002559,0.7374522680249864,True,90
220.489619,84,351.499121,0.3717734656002201,0.3717734656002201,0.42512111565998756,0.82147214782849,True,84
245.929404,87,351.567054,0.43747542994590893,0.43747542994590893,0.4257538253035183,0.9323729829661304,True,87
196.248067,62,351.613279,0.26094478495379486,0.26094478495379486,0.6064978376359478,0.4163053594988102,True,62
252.56519,93,351.680259,0.43269938882544745,0.43269938882544745,0.4177369690993333,0.7448348227628163,True,93
256.965399,86,351.744332,0.33190740233573757,0.33190740233573757,0.42775957668629094,0.9570178712353361,True,86
228.898016,85,351.808828,0.3822146915561845,0.3822146915561845,0.4247600939863576,0.9984600734137155,True,85
186.693413,70,351.860792,0.3316314023679179,0.3316314023679179,0.554512159074668,0.43502442528987845,True,70
247.150521,88,351.927424,0.26373644818413244,0.26373644818413244,0.42518672816991415,0.5543449541941381,True,88
245.483214,99,351.999278,0.25287968211928674,0.25287968211928674,0.4336473077639465,0.844074444311881,True,99
216.493716,96,352.071532,0.5459864418301708,0.5459864418301708,0.4202570529320576,0.8165985065886866,True,96
261.695033,86,352.135756,0.38622934622697197,0.38622934622697197,0.4322929462501456,0.4501618253819724,True,86
175.381338,81,352.195471,0.2828243373324075,0.2828243373324075,0.4326574821198594,0.49146420005702685,True,81
222.52131,90,352.260508,0.4350573005100174,0.4350573005100174,0.42794304953251,0.48964331962820856,True,90
295.783534,102,352.33472,0.3338893410336945,0.3338893410336945,0.4220271869394146,0.42881329738730073,True,102
193.886298,79,352.394267,0.400129056161356,0.400129056161356,0.4240207932469208,0.7164562705932256,True,79
250.517628,78,352.453925,0.3569330058059922,0.3569330058059922,0.42653529952491115,0.8124736866459894,True,78
301.073276,96,352.52322,0.35073403698213823,0.35073403698213823,0.4207696186848697,0.8727931839044217,True,96
306.997028,118,352.607306,0.4445440541050636,0.4445440541050636,0.4235085681446231,0.45684233960381687,True,118
187.788869,89,352.673543,0.4960523817109832,0.4960523817109832,0.429217563681983,0.807010297847389,True,89
249.910801,85,353.116098,0.313356356306085,0.313356356306085,0.4317986553538144,0.5183998256542529,True,85
235.511017,90,353.193035,0.28595031904514934,0.28595031904514934,0.4292733006589683,0.9897438645302834,True,90
188.188992,99,353.294722,0.5780998961128488,0.5780998961128488,0.42513352354035727,0.9586100644762877,True,99
245.543966,91,353.360658,0.3409420900399798,0.3409420900399798,0.4257194357466678,0.9597929649645094,True,91
180.592805,76,353.415809,0.2080600330625122,0.2080600330625122,0.5678245106817039,0.43382579918486197,True,76
306.136865,93,353.480184,0.33438322342060584,0.33438322342060584,0.41624718366290864,0.9900839255437236,True,93
269.768726,108,353.557882,0.5667980260387085,0.5667980260387085,0.4235310471540895,0.8880827114638848,True,108
235.476086,81,353.619198,0.3298695440645537,0.3298695440645537,0.4251012643017232,0.8020812097387511,True,81
230.582552,78,353.677425,0.371036554709768,0.371036554709768,0.5341973039540228,0.4499241176938435,True,78
186.054063,88,353.74423,0.5469746884967198,0.5469746884967198,0.421777072302834,0.9555870853730168,True,88
240.549429,79,353.802206,0.3315796925801804,0.3315796925801804,0.42847399241758716,0.5565844724527419,True,79
241.227164,103,353.877151,0.5414286395775927,0.5414286395775927,0.42173560441823893,0.9462779580248963,True,103
149.903456,88,353.940278,0.16687616996897883,0.16687616996897883,0.42784847611955434,0.8440686601398444,True,88
258.508541,78,353.995905,0.29082594653020155,0.29082594653020155,0.6102370491068702,0.43371393084526055,True,78
226.582697,82,354.056113,0.3595621372101749,0.3595621372101749,0.4360733623114561,0.983113102544541,True,82
300.377074,96,354.126841,0.3365304439914822,0.3365304439914822,0.42678781283843137,0.840808258407226,True,96
216.148249,98,354.202,0.5070783979441766,0.5070783979441766,0.4272501501493525,0.686421230609573,True,98
182.916329,79,354.261459,0.383741407465744,0.383741407465744,0.4154912954636929,0.8077355552150733,True,79
253.987712,90,354.329289,0.37453934256611526,0.37453934256611526,0.429134001643448,0.5735603345449276,True,90
198.944937,92,354.394623,0.4883621814241232,0.4883621814241232,0.4291599851964327,0.6559616326110465,True,92
214.689625,82,354.455458,0.3814717910412204,0.3814717910412204,0.4227259422186171,0.6045885712101674,True,82
216.210851,95,354.527763,0.5105306518439398,0.5105306518439398,0.43037068133408746,0.7160774699767972,True,95
203.090291,101,354.598725,0.4949036214166069,0.4949036214166069,0.42753976861035864,0.5977902410976137,True,101
271.327416,87,355.081147,0.3648572555342671,0.3648572555342671,0.4350497998454853,0.9548377395499982,True,87
307.356379,93,355.176767,0.37842278415746666,0.37842278415746666,0.4247255055427501,0.9232120000222789,True,93
255.024967,83,355.248821,0.37687056828424725,0.37687056828424725,0.4298805896489989,0.783233088440604,True,83
295.788021,106,355.321266,0.3398834424605807,0.3398834424605807,0.43465509868949875,0.8089050988700298,True,106
206.557132,92,355.391685,0.48741436167701113,0.48741436167701113,0.4263080620765872,0.59669223812458,True,92
251.104995,83,355.452824,0.3428651883182502,0.3428651883182502,0.42864044146566566,0.9775077453215595,True,83
218.564022,74,355.5084,0.2486593767170354,0.2486593767170354,0.6404899176089155,0.4377415672460304,True,74
259.93663,104,355.583988,0.33973178352133643,0.33973178352133643,0.4310602812284361,0.9854461341203284,True,104
262.115042,116,355.666126,0.5814921471496551,0.5814921471496551,0.42605235879582265,0.8490982684115059,True,116
160.216211,77,355.722448,0.45159747018587865,0.45159747018587865,0.42312825688321093,0.8062019942905002,True,77
238.009013,85,355.78045,0.2694845310059971,0.2694845310059971,0.426890335722273,0.7993087993190853,True,85
188.781324,90,355.84341,0.4931668349142167,0.4931668349142167,0.4300840528645919,0.953825408494232,True,90
215.820135,81,355.898387,0.3916990770688085,0.3916990770688085,0.434350926963579,0.8647001720998702,True,81
202.606066,88,355.960208,0.42761988721036664,0.42761988721036664,0.42823310838572237,0.894502596394816,True,88
245.82727,74,356.011084,0.31866978374433863,0.31866978374433863,0.4224849812323469,0.7120388621481429,True,74
176.544557,92,356.07927,0.5568293603572724,0.5568293603572724,0.41815577676111204,0.6559773608728957,True,92
229.235363,96,356.14563,0.44061275592131177,0.44061275592131177,0.4281584523345674,0.821019453863851,True,96
229.884932,71,356.193853,0.27582689591852866,0.27582689591852866,0.6327513996426478,0.4365212503657814,True,71
231.431089,85,356.252474,0.260955877432847,0.260955877432847,0.48921428188614735,0.44896144905486285,True,85
297.913774,102,356.323001,0.4257956253480906,0.4257956253480906,0.43155206244297384,0.6817843747104745,True,102
223.820745,100,356.394586,0.5477774600597105,0.5477774600597105,0.42665495001702575,0.7940835300462157,True,100
237.997686,108,356.473406,0.4704588637695909,0.4704588637695909,0.4284313264214073,0.7379754316365357,True,108
263.950195,113,356.550745,0.5785447673496267,0.5785447673496267,0.41989697048255703,0.9179698472560751,True,113
211.092449,81,357.052392,0.4084306137782397,0.4084306137782397,0.42464014174899817,0.6590254978438161,True,81
262.230501,84,357.139833,0.3604928878090848,0.3604928878090848,0.4328972801515826,0.489079443994634,True,84
146.960082,85,357.207208,0.5213105755488642,0.5213105755488642,0.4208371828534027,0.8304895842038034,True,85
221.519063,76,357.257066,0.28128194045140015,0.28128194045140015,0.4356543811704014,0.9539831949409332,True,76
273.775738,88,357.315455,0.3385340169430368,0.3385340169430368,0.43395810962373854,0.926164084526922,True,88
192.947212,91,357.37953,0.4788121332802065,0.4788121332802065,0.42507448682488014,0.9627058874026159,True,91
216.213,89,357.443411,0.45133719199768424,0.45133719199768424,0.5452527840099508,0.41576838651331227,True,89
282.047834,88,357.503194,0.40171694933188623,0.40171694933188623,0.43416295468813554,0.7643242039801514,True,88
279.212959,92,357.570701,0.38055185809697306,0.38055185809697306,0.43052268463300225,0.8774431400179896,True,92
281.538312,102,357.641686,0.42425561275993123,0.42425561275993123,0.4331924962994886,0.9294030552515311,True,102
175.023488,109,357.717973,0.1844428932899762,0.1844428932899762,0.6698273485375229,0.42793890927312606,True,109
211.178295,74,357.769128,0.35751056939138526,0.35751056939138526,0.42785379032011867,0.658013768135057,True,74
231.505518,84,357.826347,0.35072678096612286,0.35072678096612286,0.5426877180632965,0.4135607669848934,True,84
225.142257,87,357.883457,0.36925040174446916,0.36925040174446916,0.4322151442355636,0.6544663391694341,True,87
165.116733,81,357.940069,0.2056950714525359,0.2056950714525359,0.43434045724522075,0.9921108978906206,True,81
249.875123,87,358.00133,0.4197216205766572,0.4197216205766572,0.4215486456844294,0.4887351098562471,True,87
272.185255,82,358.055039,0.3161369041492789,0.3161369041492789,0.43054807271330714,0.8265694807214881,True,82
290.758077,87,358.118286,0.3324302589045172,0.3324302589045172,0.537811804405009,0.438779902801001,True,87
269.079408,95,358.184232,0.43919225227309605,0.43919225227309605,0.43021306476021537,0.46222956979754865,True,95
226.031826,75,358.23652,0.2632036006720204,0.2632036006720204,0.431249904905159,0.820746920033021,True,75
295.746798,101,358.306157,0.35525975976531654,0.35525975976531654,0.43390446901644264,0.9055113596948429,True,101
240.952123,111,358.383019,0.5811058732409894,0.5811058732409894,0.4335168422996021,0.9757869272329691,True,111
221.011203,90,358.445723,0.4325233327415316,0.4325233327415316,0.42271557076171473,0.5702911579747265,True,90
209.273649,88,358.970315,0.4776686055268257,0.4776686055268257,0.4226814241301551,0.9972504905314729,True,88
258.890855,128,359.099554,0.5205867996861872,0.5205867996861872,0.42946055898516694,0.7411673114564306,True,128
266.567478,94,359.163081,0.40450019763160977,0.40450019763160977,0.5025689648562299,0.43358015573158876,True,94
210.879252,96,359.230276,0.4960218408358714,0.4960218408358714,0.42637153998580285,0.9584393055266892,True,96
260.602759,87,359.294492,0.33414037582174927,0.33414037582174927,0.4274579245510306,0.9246206946862674,True,87
164.443925,92,359.358241,0.18318016113920532,0.18318016113920532,0.5914378885704946,0.433849607954317,True,92
139.247806,110,359.435699,0.3174163497545511,0.3174163497545511,0.4221014234191379,0.9388248415605877,True,110
207.506113,95,359.506075,0.45681704977591997,0.45681704977591997,0.4269475412741731,0.8302199143347291,True,95
198.204732,86,359.565707,0.413967138738923,0.413967138738923,0.42363017911058165,0.8389111853491203,True,86
210.582456,103,359.642248,0.36693818971214254,0.36693818971214254,0.4302225400164439,0.9048085114299116,True,103
235.789485,98,359.712081,0.5011668701058068,0.5011668701058068,0.4249759104955868,0.8584227411786591,True,98
184.14351,76,359.767738,0.3662975216565575,0.3662975216565575,0.4220043706709074,0.9126757838099352,True,76
282.675409,94,359.832994,0.3235459128249135,0.3235459128249135,0.4322493136115322,0.5584353508114184,True,94
227.449529,109,359.912318,0.5424145855612194,0.5424145855612194,0.4277205888772988,0.6722682960928135,True,109
294.179844,93,359.977375,0.3836605171027101,0.3836605171027101,0.49146385196701264,0.4283991337877818,True,93
174.485047,80,360.033538,0.4186149953004125,0.4186149953004125,0.4341734032400688,0.8261507541373375,True,80
294.940677,88,360.096251,0.34927019508449275,0.34927019508449275,0.4158035382887535,0.677772034377116,True,88
195.502377,95,360.162901,0.5695990882576807,0.5695990882576807,0.4212469753705319,0.6286136201545177,True,95
185.963979,86,360.226396,0.4236723830836108,0.4236723830836108,0.4248661153491182,0.9252117675002092,True,86
181.965087,99,360.298727,0.20841632205515154,0.20841632205515154,0.6249841657215973,0.4499261326504454,True,99
133.299969,84,360.357528,0.37381187000134136,0.37381187000134136,0.43415355994838545,0.877475909196627,True,84
239.524157,79,360.41442,0.26794272140342756,0.26794272140342756,0.4170225228636375,0.9254287118048751,True,79
219.457447,73,361.027821,0.3157528434467392,0.3157528434467392,0.42403203852104493,0.7380765989421902,True,73
212.546999,80,361.09908,0.2475636596147397,0.2475636596147397,0.4155927364985245,0.8570079764426262,True,80
269.700038,96,361.190919,0.35566707161680183,0.35566707161680183,0.420359810372524,0.7636157206460824,True,96
167.140042,102,361.259183,0.2711449707294706,0.2711449707294706,0.4350362187536227,0.8685249955926244,True,102
248.689334,91,361.323496,0.3680199333130395,0.3680199333130395,0.4310431873841275,0.9719276138647295,True,91
275.333382,109,361.401662,0.3804424648692201,0.3804424648692201,0.43208151249304433,0.8209416847517284,True,109
209.934537,97,361.472085,0.48220320450278353,0.48220320450278353,0.4298657880352081,0.917739677367278,True,97
315.268364,95,361.541929,0.3667711797762289,0.3667711797762289,0.42952833196490714,0.846552784226905,True,95
230.307741,106,361.61562,0.5302362146407991,0.5302362146407991,0.41824191419464724,0.9725691911613109,True,106
251.007518,121,361.706401,0.5495186796275356,0.5495186796275356,0.4251493273233475,0.6299060841468347,True,121
240.712456,78,361.75984,0.3461406613849964,0.3461406613849964,0.435732486049215,0.7554323749609677,True,78
249.363416,86,361.820244,0.2921340843060942,0.2921340843060942,0.4311591905323691,0.7191559056564905,True,86
266.150185,89,361.887725,0.3373760237775255,0.3373760237775255,0.5352662320359475,0.43316731109846013,True,89
175.375967,80,361.948918,0.4689999132363183,0.4689999132363183,0.42164559795864626,0.9234429942035907,True,80
245.590558,88,362.012968,0.4232654853226945,0.4232654853226945,0.4272719245585475,0.981124712925868,True,88
288.814076,90,362.074965,0.29803652227617494,0.29803652227617494,0.42626573070113993,0.8673227402322778,True,90
209.35962,100,362.143951,0.5529507833923687,0.5529507833923687,0.42415068606674167,0.8930835519106879,True,100
224.834132,81,362.199155,0.4025684442513721,0.4025684442513721,0.41979387009092983,0.6094115866524746,True,81
221.149439,110,362.278196,0.37521106173584856,0.37521106173584856,0.6041018115829099,0.4305478850092204,True,110
135.471933,75,362.327635,0.42435781954663254,0.42435781954663254,0.5181549016345369,0.44361373840213064,True,75
196.993625,85,362.386869,0.38973319568624853,0.38973319568624853,0.4296848414218405,0.7627643368126091,True,85
222.023881,91,362.454031,0.48226659477929784,0.48226659477929784,0.43455682887110714,0.8541469537890375,True,91
195.863839,93,362.877282,0.30172679813996517,0.30172679813996517,0.43229612721151,0.9628331171462539,True,93
196.441805,72,362.955436,0.34065138015920104,0.34065138015920104,0.5466483187387957,0.4397216713370633,True,72
235.936899,93,363.049202,0.4652855078760632,0.4652855078760632,0.42743610809917276,0.9501919804786136,True,93
245.340991,81,363.108082,0.3472499734319955,0.3472499734319955,0.43282578570714214,0.8611070286204043,True,81
310.677862,102,363.179529,0.3386287841559126,0.3386287841559126,0.42843447769751175,0.8716873850920047,True,102
246.364797,105,363.254516,0.5276494135812803,0.5276494135812803,0.42661457207441583,0.4931722371845809,True,105
263.661982,93,363.321969,0.2820540869972407,0.2820540869972407,0.4219776614324862,0.7684950292716728,True,93
266.546102,95,363.388854,0.32909659195403873,0.32909659195403873,0.5673487068562704,0.4305375221607797,True,95
246.136844,84,363.44487,0.36827366961549257,0.36827366961549257,0.41892027822761296,0.8911758226854597,True,84
213.404335,118,363.526894,0.2911281010468525,0.2911281010468525,0.42465340794470713,0.6447040459348092,True,118
130.821504,84,363.581887,0.4751813164206088,0.4751813164206088,0.42856343648438705,0.985746893543592,True,84
322.819514,121,363.669926,0.48503398739799064,0.48503398739799064,0.4243486476322187,0.9458133844292745,True,121
161.089131,84,363.728744,0.5231304329865599,0.5231304329865599,0.4345162271584835,0.6729962535741026,True,84
270.951414,84,363.784672,0.318001326826203,0.318001326826203,0.4504853080405337,0.43230610296705474,True,84
261.371269,90,363.849579,0.3178612458359306,0.3178612458359306,0.4187241351421755,0.845856739161024,True,90
223.606065,87,363.911931,0.4608555099603998,0.4608555099603998,0.43037136945380955,0.7940405646373297,True,87
237.139772,95,363.981919,0.4435651902774778,0.4435651902774778,0.4228603286592168,0.9764297519780798,True,95
213.745946,110,364.063335,0.5781964847654396,0.5781964847654396,0.4200200337538333,0.9695579201539866,True,110
175.32584,93,364.126249,0.20391096930902608,0.20391096930902608,0.599885819944433,0.4346526080628181,True,93
254.845616,114,364.205652,0.35278178175800234,0.35278178175800234,0.4223049312860428,0.8277388252199358,True,114
221.96947,89,364.272297,0.38339465133040235,0.38339465133040235,0.42362041992730054,0.5456969927393202,True,89
251.405167,127,364.836451,0.5568576839870305,0.5568576839870305,0.4284494019802704,0.5921083404026428,True,127
203.652256,98,364.928423,0.4836056050898602,0.4836056050898602,0.430053563467503,0.586108380754845,True,98
248.782397,117,365.045901,0.5665509898216422,0.5665509898216422,0.4944320421865714,0.4259806038513216,True,117
265.578428,93,365.11193,0.4907887810725128,0.4907887810725128,0.4268888885846039,0.9701964374736661,True,93
237.01754,81,365.169442,0.3739264787412232,0.3739264787412232,0.4186354295694178,0.6874029563759703,True,81
191.925639,104,365.244141,0.6370686790757997,0.6370686790757997,0.43490100560425726,0.9342239453485525,True,104
274.888838,115,365.326139,0.49848046677341756,0.49848046677341756,0.4270595757147213,0.8998800643336312,True,115
206.596655,96,365.393756,0.4455113953988245,0.4455113953988245,0.432842928723462,0.9809451054714591,True,96
239.119991,125,365.485652,0.5351151835941256,0.5351151835941256,0.43529055152210155,0.649341407777174,True,125
261.072946,96,365.555166,0.38960321862741276,0.38960321862741276,0.49115197562641094,0.44067433603146494,True,96
184.679824,82,365.61398,0.20251209177668994,0.20251209177668994,0.43187240715863073,0.9294091956899784,True,82
264.726229,91,365.677922,0.39347193208725234,0.39347193208725234,0.4232024050881415,0.9267300152680199,True,91
217.001093,98,365.748838,0.46855655655606054,0.46855655655606054,0.42702912141423577,0.8075866345611061,True,98
179.52074,107,365.827136,0.5665930895685641,0.5665930895685641,0.4214958315510568,0.6298485940145636,True,107
237.151284,95,365.899618,0.4029176941188752,0.4029176941188752,0.4212610047423036,0.8830407801669286,True,95
221.210852,79,365.955691,0.36181374760878154,0.36181374760878154,0.4334446403737454,0.8966489426818047,True,79
248.817285,121,366.044109,0.608049048605374,0.608049048605374,0.4288712793470424,0.7229611061490663,True,121
217.209374,79,366.097498,0.3623497871813487,0.3623497871813487,0.5353960436508547,0.44182963864731317,True,79
237.502778,84,366.156097,0.35321518047434275,0.35321518047434275,0.4834823513124258,0.4471872629893973,True,84
223.047349,93,366.223655,0.5344708191846765,0.5344708191846765,0.4229036767890784,0.6208961808352468,True,93
174.949302,92,366.293551,0.40752251794201527,0.40752251794201527,0.4267110086762723,0.8801794594933023,True,92
266.74058,120,366.966082,0.527840177085809,0.527840177085809,0.4157517509426079,0.9024158662233693,True,120
92.707397,95,367.052958,0.08307512242842814,0.08307512242842814,0.43139971004581323,0.8533091849858614,True,95
144.900364,79,367.13512,0.49702141918337006,0.49702141918337006,0.43417825881678607,0.9076275437809098,True,79
192.107229,82,367.190802,0.42545807319860895,0.42545807319860895,0.4251433379549644,0.6224533037859432,True,82
229.918588,86,367.250896,0.29355066265625845,0.29355066265625845,0.43496240544042053,0.9540441496687109,True,86
196.400361,108,367.330409,0.5077887333641983,0.5077887333641983,0.43331797399351735,0.6967411379534407,True,108
132.924853,65,367.376378,0.16792091747241272,0.16792091747241272,0.7257635059290438,0.4324987965103628,True,65
193.218817,102,367.45085,0.4740640340376767,0.4740640340376767,0.4237529247369307,0.8126529241952521,True,102
261.880848,94,367.521956,0.40619447280672055,0.40619447280672055,0.4338407022075267,0.837249789433709,True,94
252.49974,76,367.573387,0.32134530837392294,0.32134530837392294,0.42792206933771487,0.5813219177260619,True,76
139.569936,103,367.647882,0.11798120137704327,0.11798120137704327,0.423416449166731,0.9751862714436047,True,103
248.701551,77,367.701454,0.298001928049546,0.298001928049546,0.4294559226714887,0.8218071144469733,True,77
253.996743,90,367.763244,0.42845275917099507,0.42845275917099507,0.4257696317981203,0.5784030399693998,True,90
190.902935,101,367.836514,0.5257038506543407,0.5257038506543407,0.41765414950297375,0.7318989120843875,True,101
225.619892,106,367.9134,0.5235270371981469,0.5235270371981469,0.4334461043791307,0.8900900880307239,True,106
264.20338,104,367.988404,0.28691773241606655,0.28691773241606655,0.4268611396748724,0.9144141473896243,True,104
154.210913,102,368.060287,0.5627775164187695,0.5627775164187695,0.4228527462519789,0.7662907655704988,True,102
183.074265,67,368.106007,0.22944069237275655,0.22944069237275655,0.4341875956032387,0.7304776134206411,True,67
195.787913,80,368.163457,0.42048111112891357,0.42048111112891357,0.4154891794971247,0.5071191371089341,True,80
235.960408,105,368.236267,0.3718442481343107,0.3718442481343107,0.4277686575881925,0.9311783749253828,True,105
240.360168,82,368.290543,0.28106149077790465,0.28106149077790465,0.4256724022986041,0.6478508086014234,True,82
135.298029,91,368.354275,0.15755796426861915,0.15755796426861915,0.41461338579477736,0.6714474138002293,True,91
232.732575,84,368.418749,0.37822822918642784,0.37822822918642784,0.4215240839995504,0.8511136794298757,True,84
205.845184,85,369.119259,0.21325177009602778,0.21325177009602778,0.4268326303418801,0.7913423226076128,True,85
198.21313,88,369.189295,0.49795754243923374,0.49795754243923374,0.43372617242782224,0.7823974351987519,True,88
263.941438,91,369.260429,0.42101928428565416,0.42101928428565416,0.4204677654474822,0.8812346056494992,True,91
231.006061,82,369.315733,0.38724752085768704,0.38724752085768704,0.4298092562773553,0.8863678877286112,True,82
155.549907,86,369.375393,0.5322171422284643,0.5322171422284643,0.43601103298380245,0.9675103690481741,True,86
235.662506,123,369.468084,0.5409762715323442,0.5409762715323442,0.43013914606326115,0.7610718590301425,True,123
150.341908,69,369.517045,0.19659249741117021,0.19659249741117021,0.43347625312429905,0.6138267013100125,True,69
260.447348,112,369.608484,0.3530214374536638,0.3530214374536638,0.48837292877330496,0.43530101743766053,True,112
171.690452,94,369.695468,0.22929104058529898,0.22929104058529898,0.4689584453664855,0.4438740902082756,True,94
285.637922,104,369.76986,0.4429891162878254,0.4429891162878254,0.43442372786712175,0.6155669283237428,True,104
246.124183,98,369.837089,0.41046480752754405,0.41046480752754405,0.4242885689930385,0.9195746965005147,True,98
238.007742,92,369.901633,0.4550206969423783,0.4550206969423783,0.43452886067701146,0.9446209938697427,True,92
258.004738,77,369.953946,0.3168796723896535,0.3168796723896535,0.43246627604499,0.9472880309716571,True,77
233.456173,104,370.022171,0.5970046241704996,0.5970046241704996,0.4253409717464779,0.9163242093517535,True,104
181.659853,89,370.086683,0.3301835062108493,0.3301835062108493,0.43364428616396633,0.6968174951470797,True,89
187.028843,89,370.154185,0.1992995150783245,0.1992995150783245,0.6538824809240124,0.4263733524429174,True,89
198.50687,93,370.219763,0.5688607824512198,0.5688607824512198,0.4331195763387318,0.9310683524321774,True,93
252.40593,113,370.296458,0.5942327903001658,0.5942327903001658,0.4281031137196364,0.7755746777795784,True,113
239.861677,91,370.3645,0.3497169854722163,0.3497169854722163,0.4287078327805029,0.7603844864976314,True,91
185.808381,87,370.427846,0.5143786644130989,0.5143786644130989,0.4223902448634444,0.9680643552494098,True,87
192.606485,86,370.490528,0.4219038834460268,0.4219038834460268,0.42797190318035583,0.973141727803871,True,86
209.910055,104,370.56397,0.4357441562569942,0.4357441562569942,0.43598872918176107,0.5784288537372837,True,104
232.388174,83,371.061112,0.4020067761681108,0.4020067761681108,0.4197220004778211,0.6666528550752134,True,83
169.671544,88,371.165623,0.5471874052332772,0.5471874052332772,0.43104469843808124,0.7199935607914952,True,88
227.922206,97,371.241756,0.41520385816775596,0.41520385816775596,0.42541583874143385,0.5992507595429303,True,97
207.07707,75,371.294378,0.27147641920777116,0.27147641920777116,0.5733673892260857,0.43416516700470326,True,75
271.886057,97,371.360346,0.38509775302431676,0.38509775302431676,0.5869379270810713,0.4448973723393175,True,97
212.930378,89,371.419987,0.44344473630691306,0.44344473630691306,0.4248141420808225,0.6031486226121974,True,89
174.415703,94,371.48537,0.4452662156539388,0.4452662156539388,0.4280819640585986,0.9427035222429467,True,94
172.444629,90,371.54617,0.5330619501792545,0.5330619501792545,0.4332086915679554,0.9625749011141645,True,90
254.072613,94,371.613315,0.37161884150599533,0.37161884150599533,0.4185492526966377,0.8832631116035978,True,94
287.686344,86,371.674447,0.33601645032599164,0.33601645032599164,0.42866728608259386,0.5997689947635916,True,86
233.417701,79,371.731468,0.3674907515977296,0.3674907515977296,0.4205029566283996,0.5299238312265536,True,79
203.705261,88,371.801002,0.4321679573759607,0.4321679573759607,0.4218910052366376,0.8458662555593776,True,88
257.408085,85,371.86366,0.3721103055902044,0.3721103055902044,0.4311622018390847,0.8388426714192487,True,85
236.758839,87,371.931587,0.3671599786205254,0.3671599786205254,0.44473284948587394,0.438074545536437,True,87
236.445429,82,371.995147,0.32520998264412954,0.32520998264412954,0.5582431140566219,0.44268910028418323,True,82
222.340157,85,372.061579,0.24476187035734628,0.24476187035734628,0.6714416613420277,0.4356617002100017,True,85
261.276462,87,372.127482,0.3412780977692022,0.3412780977692022,0.4160531890710537,0.7142173252799654,True,87
197.645585,91,372.19543,0.4624427199310112,0.4624427199310112,0.4345866913509319,0.9302223100237799,True,91
169.025268,96,372.260698,0.5359780256066362,0.5359780256066362,0.4291035734450277,0.9572982560259078,True,96
166.678733,73,372.310441,0.3049907352931111,0.3049907352931111,0.430621659054759,0.4622950363541152,True,73
148.850173,68,372.356426,0.3306923570306171,0.3306923570306171,0.5333374670640596,0.43748592751628707,True,68
253.725907,120,372.444069,0.5671539553987536,0.5671539553987536,0.43411415549405447,0.8514346189986051,True,120
235.856479,142,372.988388,0.4437509140991694,0.4437509140991694,0.4206830802088435,0.5434892780383461,True,142
221.796582,107,373.09359,0.6185024405827949,0.6185024405827949,0.42884883615961017,0.9174875331507202,True,107
234.640654,84,373.176812,0.3738040503327193,0.3738040503327193,0.4141990237732514,0.7680464996460267,True,84
222.392117,91,373.237578,0.24407440918002768,0.24407440918002768,0.4168892112670079,0.8602974289705797,True,91
205.125195,76,373.288571,0.3881858194641867,0.3881858194641867,0.4316297878216014,0.9200745861501056,True,76
195.563652,90,373.352629,0.2132496132368995,0.2132496132368995,0.4353994894665328,0.6592399848104648,True,90
258.246354,98,373.42155,0.4680063241709453,0.4680063241709453,0.4232472673694654,0.9663503788511114,True,98
241.165078,105,373.492099,0.5653091538112471,0.5653091538112471,0.4262520795714401,0.6499973966247359,True,105
276.731221,82,373.548455,0.31168796916977765,0.31168796916977765,0.4327172798121932,0.88370284757813,True,82
214.256784,123,373.636416,0.31182106654740327,0.31182106654740327,0.4285998572145493,0.4772756870433199,True,123
235.392788,98,373.706079,0.5080925299179674,0.5080925299179674,0.43129659979456986,0.9784662922228711,True,98
293.521666,91,373.7685,0.35089491685422536,0.35089491685422536,0.43470864307312934,0.6846162291974207,True,91
236.453639,94,373.838148,0.4471910787534306,0.4471910787534306,0.42592779312342816,0.5091282490756879,True,94
221.709847,100,373.906607,0.5154680990769518,0.5154680990769518,0.43100513962347603,0.43806498619947004,True,100
254.790418,84,373.965312,0.3411733346489412,0.3411733346489412,0.4356482420487038,0.7867539929032048,True,84
268.828951,102,374.04182,0.49272989244821724,0.49272989244821724,0.4284888175050505,0.7993809805954075,True,102
196.045256,104,374.117115,0.31115945518108157,0.31115945518108157,0.4302573087613107,0.9940296460636129,True,104
233.750672,93,374.181705,0.30143564047451615,0.30143564047451615,0.4130464702951574,0.601832479456966,True,93
254.24003,88,374.242628,0.3042958071790167,0.3042958071790167,0.4308331463379903,0.9106959273464006,True,88
198.767969,82,374.300915,0.3837643023541314,0.3837643023541314,0.47558619925965956,0.44010020638206,True,82
231.747089,78,374.360581,0.33836162217295007,0.33836162217295007,0.4190411343199512,0.7681954063011933,True,78
242.969463,101,374.432006,0.5400821911108405,0.5400821911108405,0.4223739747025275,0.867098299237775,True,101
213.139587,101,374.99035,0.5220651331669848,0.5220651331669848,0.43148967378940867,0.7933790539248844,True,101
243.832815,80,375.066921,0.3706188179040984,0.3706188179040984,0.42559077199033163,0.7296694753940409,True,80
280.812274,86,375.165828,0.30658953924709104,0.30658953924709104,0.4347178227569101,0.9607476952673539,True,86
229.28529,89,375.225025,0.40923197406112083,0.40923197406112083,0.42179888028417734,0.9333386481777342,True,89
181.581424,75,375.280098,0.376456605838357,0.376456605838357,0.4202845564464124,0.780237591634886,True,75
250.513677,89,375.342606,0.3736348567822901,0.3736348567822901,0.46010427386700914,0.42802547994176077,True,89
206.210409,104,375.417669,0.5034883546344676,0.5034883546344676,0.4231899635114479,0.5369329969324363,True,104
271.068617,89,375.480714,0.35727515449140584,0.35727515449140584,0.4172619503939448,0.8048314068378296,True,89
168.806293,76,375.532831,0.41206022043881907,0.41206022043881907,0.42022278241329636,0.7835406218573842,True,76
220.494779,106,375.607201,0.6175215395753718,0.6175215395753718,0.426009489806977,0.7812960981615389,True,106
201.028865,89,375.668282,0.46115872526363394,0.46115872526363394,0.4350149768425751,0.9439630794683684,True,89
255.929384,75,375.721585,0.29136770654435235,0.29136770654435235,0.5753197751959621,0.4391572859093063,True,75
229.162629,88,375.781683,0.3885962322311084,0.3885962322311084,0.42822433703493157,0.9632859158257764,True,88
244.360594,101,375.849662,0.4988716267029807,0.4988716267029807,0.4255080663130223,0.9413764488787906,True,101
173.737365,83,375.906345,0.4057583135435858,0.4057583135435858,0.4358364275044858,0.43592449361884605,True,83
202.328426,106,375.984023,0.22056283562354786,0.22056283562354786,0.6333184836125358,0.424268967918362,True,106
234.714998,100,376.05645,0.5187289592319728,0.5187289592319728,0.434569049211238,0.7285338602169147,True,100
168.55537,88,376.118633,0.5302155376169283,0.5302155376169283,0.43087359573206335,0.7848963223376617,True,88
209.119842,95,376.183997,0.2257003320896997,0.2257003320896997,0.5669785835030963,0.4374371365831204,True,95
201.555713,81,376.245297,0.3282586501435782,0.3282586501435782,0.4358935854645248,0.9022425797612521,True,81
269.105755,96,376.314013,0.4073952460147435,0.4073952460147435,0.4190628083240049,0.7589340193771559,True,96
244.982507,94,376.378357,0.4317069115443373,0.4317069115443373,0.42477489410238345,0.6802233566886522,True,94
275.555863,86,376.437509,0.331031820564443,0.331031820564443,0.4331131527883261,0.9389197792815391,True,86
236.98652,81,376.912522,0.36670589987998314,0.36670589987998314,0.4305737395747806,0.5014197702361387,True,81
236.024796,91,376.993727,0.33731514548513203,0.33731514548513203,0.43478939577951164,0.6687899215780044,True,91
206.158719,96,377.067311,0.5254743690258699,0.5254743690258699,0.4266255409319497,0.886069350957937,True,96
223.348967,106,377.137395,0.6128224672467257,0.6128224672467257,0.43116423016837496,0.9878863811344696,True,106
193.388906,73,377.184864,0.3594612550561218,0.3594612550561218,0.4255571418614191,0.6294403530778168,True,73
187.468253,89,377.24539,0.4700107980067179,0.4700107980067179,0.4343028454687139,0.7257840725108565,True,89
317.610241,134,377.342479,0.4011906912522713,0.4011906912522713,0.43243430994263,0.7970419070719266,True,134
261.050696,100,377.413724,0.48286775896551515,0.48286775896551515,0.433215233387908,0.7447557197304229,True,100
290.81148,108,377.49228,0.32293392889152417,0.32293392889152417,0.4316530504601872,0.8724803250467149,True,108
242.25632,76,377.548548,0.2970912974430868,0.2970912974430868,0.5715821347057105,0.42559141364108155,True,76
238.71849,96,377.613602,0.46970539721402144,0.46970539721402144,0.42516833468494164,0.5995118067485766,True,96
245.454487,103,377.68855,0.46603937080409336,0.46603937080409336,0.4209202712525518,0.8296504600522218,True,103
177.23672,88,377.753696,0.2165306321661092,0.2165306321661092,0.6167778750936415,0.4326526016986494,True,88
249.796105,89,377.816676,0.3455057961858073,0.3455057961858073,0.4307851255738468,0.8074970286394781,True,89
178.229682,98,377.888168,0.4714211492415029,0.4714211492415029,0.421867372157579,0.7082177321685171,True,98
211.728689,92,377.950691,0.4313736341592264,0.4313736341592264,0.4199669721334196,0.6104580882404052,True,92
240.003013,101,378.023201,0.35583463009459787,0.35583463009459787,0.5712648119589184,0.4334678773899743,True,101
229.734807,91,378.087698,0.3817790389144021,0.3817790389144021,0.42456854826090223,0.9430049629247388,True,91
228.358336,85,378.149504,0.40585040319428256,0.40585040319428256,0.4225028649041266,0.7229753741332043,True,85
240.037084,83,378.205218,0.25953407404896084,0.25953407404896084,0.42036902003926224,0.8838583756753386,True,83
179.872943,88,378.267063,0.5573334736845088,0.5573334736845088,0.4299899260044717,0.9867961670448779,True,88
239.368285,87,378.328029,0.28372775956056506,0.28372775956056506,0.5598485662785969,0.44392270331552275,True,87
258.334355,100,378.744635,0.29108424853452564,0.29108424853452564,0.4337703958681621,0.8842607641893586,True,100
248.670872,95,378.821798,0.4962283659885669,0.4962283659885669,0.4262545020992301,0.5814051193269589,True,95
212.857551,84,378.891038,0.4046173399693029,0.4046173399693029,0.4226706117065063,0.7648097903457618,True,84
119.334351,95,378.955759,0.13363267361172138,0.13363267361172138,0.42091266443274955,0.6569440548066334,True,95
289.927882,91,379.01783,0.36441786259711484,0.36441786259711484,0.4226185137965551,0.9834480753148999,True,91
239.000523,84,379.074985,0.376251682160825,0.376251682160825,0.42238506285993777,0.8238765271159729,True,84
256.134124,94,379.13981,0.30208363300721053,0.30208363300721053,0.4316986847946367,0.8010457848861802,True,94
225.516095,97,379.209741,0.3767939939311937,0.3767939939311937,0.4183816167157349,0.8578470896753639,True,97
280.76565,86,379.267515,0.3559858876888353,0.3559858876888353,0.4155488164596291,0.7587796709612731,True,86
213.06018,102,379.339425,0.4834845247843388,0.4834845247843388,0.43333471736775653,0.4395256297641614,True,102
221.121521,80,379.393006,0.37775520156771486,0.37775520156771486,0.43520513341119055,0.8029998306919307,True,80
224.100355,76,379.445108,0.32696919933781876,0.32696919933781876,0.41630814613802986,0.5745184888227841,True,76
238.369377,103,379.516195,0.4847976606731915,0.4847976606731915,0.42797342000382094,0.6420504887776001,True,103
276.04166,103,379.585891,0.28381994352773743,0.28381994352773743,0.43890783903863406,0.4366573206868269,True,103
218.993434,74,379.635915,0.3357841087461461,0.3357841087461461,0.41493513150457184,0.7624800322402963,True,74
215.683846,83,379.696718,0.2986032423262623,0.2986032423262623,0.42183798885655566,0.9107565277353848,True,83
232.575151,80,379.752834,0.33187303362071124,0.33187303362071124,0.42450238616355274,0.9501660400739869,True,80
262.382407,79,379.807073,0.3186280772442473,0.3186280772442473,0.4358254052642468,0.5762558533466905,True,79
187.065696,70,379.855606,0.3504296713277781,0.3504296713277781,0.4171175286987412,0.9247654457177594,True,70
183.695475,82,379.911308,0.2067480168461738,0.2067480168461738,0.4353412580422578,0.8844600309348378,True,82
251.115565,90,379.974132,0.4269056517737177,0.4269056517737177,0.4291935979009502,0.5273626984832915,True,90
231.780951,92,380.041802,0.35867641918795196,0.35867641918795196,0.4274297755412294,0.9231460239967865,True,92
267.575336,90,380.107822,0.3037146817394018,0.3037146817394018,0.42721789108474806,0.6191993708205779,True,90
225.877312,101,380.504879,0.3492508218785824,0.3492508218785824,0.4240098105590786,0.9922784704045022,True,101
206.462013,89,380.587743,0.5037633696443691,0.5037633696443691,0.42962293030607274,0.9747098712263021,True,89
270.775413,93,380.681508,0.3130707142772166,0.3130707142772166,0.42989725465018347,0.8322940878956446,True,93
181.477286,78,380.737725,0.3150041041587483,0.3150041041587483,0.44844025821871625,0.4288383180862724,True,78
237.609584,101,380.808876,0.48553420266165254,0.48553420266165254,0.4291537785836702,0.8419001811458682,True,101
243.976217,77,380.865473,0.3096664357983776,0.3096664357983776,0.5298950175403954,0.445810216225204,True,77
217.997207,74,380.916327,0.31877563588440105,0.31877563588440105,0.45518174079430057,0.43609425803066276,True,74
215.320286,73,380.965923,0.3133399949020348,0.3133399949020348,0.4306285385796373,0.7861366913415154,True,73
173.503874,88,381.027259,0.3794220423058533,0.3794220423058533,0.42539609568452863,0.7764126037137145,True,88
173.82666,96,381.094754,0.19711262079259706,0.19711262079259706,0.4360048089975254,0.6606312202311158,True,96
250.935356,86,381.154696,0.3758708985383152,0.3758708985383152,0.4221454111363488,0.4429149596362164,True,86
247.362597,85,381.214219,0.3304976239766624,0.3304976239766624,0.4319758386205103,0.9791078742307601,True,85
231.244698,100,381.283422,0.5643188907499291,0.5643188907499291,0.4316741707482745,0.8103367995895361,True,100
237.763631,88,381.345152,0.41216282750805905,0.41216282750805905,0.43599226059325985,0.6267685201726206,True,88
160.656564,69,381.392957,0.19445438983115582,0.19445438983115582,0.43252149754018293,0.6440301073411041,True,69
229.886427,85,381.450738,0.37234790630681325,0.37234790630681325,0.418177700218764,0.632326506223343,True,85
298.468838,91,381.514398,0.34424038769896764,0.34424038769896764,0.4252493222313313,0.798036705506118,True,91
147.531877,93,381.579778,0.16581045672269792,0.16581045672269792,0.4231097942685443,0.6773261403212976,True,93
199.658884,82,381.637636,0.388126230173323,0.388126230173323,0.42848732000782114,0.7098120087591593,True,82
202.780381,86,381.6982,0.44926227171275634,0.44926227171275634,0.4314853631967322,0.5918133035445572,True,86
203.90992,83,381.755331,0.21687631445661534,0.21687631445661534,0.4351162786479535,0.8261534952346183,True,83
200.430568,92,381.820819,0.3544854399127752,0.3544854399127752,0.42813479063582016,0.9507907369515474,True,92
136.826565,104,381.892895,0.1421934138219865,0.1421934138219865,0.6032360724499135,0.43542017720860493,True,104
175.250966,91,382.338892,0.21209298666267004,0.21209298666267004,0.43394458505587524,0.8797547490372988,True,91
199.896567,80,382.4116,0.3954903321037899,0.3954903321037899,0.4220540950428218,0.8949820259655102,True,80
270.718984,86,382.502494,0.30132782682111,0.30132782682111,0.42421065516651213,0.8182349135877006,True,86
184.854288,95,382.579281,0.21260239333057476,0.21260239333057476,0.42875515631830996,0.7912244931563769,True,95
117.188899,104,382.650447,0.10479681246901557,0.10479681246901557,0.4170485087939432,0.7555092049643005,True,104
251.206045,99,382.721184,0.45153625180146806,0.45153625180146806,0.42681088515899435,0.746674215129578,True,99
192.065001,80,382.780476,0.4120144897788643,0.4120144897788643,0.47710821414796556,0.4303602974362632,True,80
234.846927,92,382.840693,0.2740998770810445,0.2740998770810445,0.42096045572050317,0.7726300030036285,True,92
221.83929,76,382.891387,0.2777598265031258,0.2777598265031258,0.435459176202555,0.7303720783560206,True,76
247.936582,102,382.962366,0.5769521445564199,0.5769521445564199,0.42484017080674896,0.9591650127925896,True,102
285.234112,88,383.025228,0.323594370836602,0.323594370836602,0.4283531964992135,0.9071594240989301,True,88
187.976344,79,383.084053,0.44190995379103204,0.44190995379103204,0.4360074658767771,0.6459418379109233,True,79
248.22635,88,383.143389,0.3496241249865975,0.3496241249865975,0.4213168821543402,0.9846230321559408,True,88
250.629015,108,383.218075,0.37961641410656777,0.37961641410656777,0.4252196453126189,0.8624630463998151,True,108
263.571399,93,383.283746,0.30387357627059974,0.30387357627059974,0.6038175688894978,0.4280457836696585,True,93
247.816552,80,383.337747,0.2731443207126199,0.2731443207126199,0.43508750143221103,0.7969333832917588,True,80
184.556628,72,383.386272,0.29427970525144914,0.29427970525144914,0.5756104484025967,0.4430490307854301,True,72
257.273403,88,383.445628,0.4206016733506451,0.4206016733506451,0.47543267864096983,0.43907553207654204,True,88
251.290144,102,383.515426,0.5130887485805272,0.5130887485805272,0.4206937177846446,0.8535963625382281,True,102
182.404117,75,383.566923,0.28828260194191707,0.28828260194191707,0.4220009949971371,0.5699080715544799,True,75
179.978697,79,383.622686,0.19636299341866376,0.19636299341866376,0.431764509596113,0.5072326230995514,True,79
167.548079,85,383.683507,0.47174905513847004,0.47174905513847004,0.42131106706349947,0.9282043217411773,True,85
265.439316,133,383.795084,0.3463841475327707,0.3463841475327707,0.5985871487752791,0.4267456951241143,True,133
202.772652,109,384.37578,0.22941152888889685,0.22941152888889685,0.4307913516152976,0.8295465608951462,True,109
277.337884,95,384.461143,0.33837391955637164,0.33837391955637164,0.5803799464401628,0.4444853551380974,True,95
259.795034,81,384.52451,0.2861939766030406,0.2861939766030406,0.432369446041272,0.5235739742038332,True,81
265.186176,99,384.592803,0.3782602387771282,0.3782602387771282,0.4186624792216663,0.7804233395552577,True,99
236.089509,85,384.654511,0.4071439680791946,0.4071439680791946,0.42305448413422453,0.8269041062844684,True,85
228.614633,83,384.713678,0.3605655171485609,0.3605655171485609,0.42462726412867974,0.558249306157123,True,83
243.531511,77,384.803663,0.27072842206449593,0.27072842206449593,0.6524223839981563,0.42551146666001227,True,77
197.109256,73,384.914188,0.2500642226399542,0.2500642226399542,0.43449389706438074,0.7494956098741918,True,73
239.134207,73,385.019131,0.2996396143076557,0.2996396143076557,0.6185439073005378,0.43612772953832485,True,73
176.64148,70,385.109098,0.21331349562980217,0.21331349562980217,0.42282930065236607,0.6165615030662898,True,70
222.03654,95,385.229175,0.48028393968289984,0.48028393968289984,0.4258168286823723,0.7079012254901178,True,95
259.118149,98,385.337513,0.3570785164418896,0.3570785164418896,0.4973454951811568,0.44472247029354783,True,98
222.829319,104,385.442834,0.44978654764159287,0.44978654764159287,0.42801756520294326,0.8630246284391332,True,104
223.021368,91,385.516927,0.4643623525239232,0.4643623525239232,0.43254296996256514,0.7872236926615139,True,91
235.18234,82,385.603671,0.336652735311332,0.336652735311332,0.42437101857264575,0.5458196436209409,True,82
243.730615,107,385.706347,0.4630181599578242,0.4630181599578242,0.43120514757118567,0.741272024075421,True,107
230.709004,90,385.79369,0.443841109884951,0.443841109884951,0.43126265579956163,0.7857976567373877,True,90
153.403578,61,385.858348,0.23890250494265203,0.23890250494265203,0.43232683053526755,0.5215644558935915,True,61
244.128133,88,385.946672,0.3121934022043791,0.3121934022043791,0.4253650319813307,0.580558516089819,True,88
276.904904,89,386.018609,0.30963516174965877,0.30963516174965877,0.4285248954733991,0.9649192745481245,True,89
144.590176,81,386.091763,0.49700266412375294,0.49700266412375294,0.4260154681964654,0.6667896428494496,True,81
203.021355,98,386.223353,0.3821342318927017,0.3821342318927017,0.5198827956448258,0.4401601530080697,True,98
247.311587,79,386.304299,0.3755822853196802,0.3755822853196802,0.43358471120709746,0.9873782433906737,True,79
246.684298,100,386.766584,0.4897190150839685,0.4897190150839685,0.43272679867762365,0.6322231507892144,True,100
187.168035,83,386.847368,0.4080077958203818,0.4080077958203818,0.5423288359440728,0.4380442014456469,True,83
190.690439,70,386.930945,0.33497350920065944,0.33497350920065944,0.4194236390671283,0.5778556547363289,True,70
220.230384,119,387.104469,0.46977543998401944,0.46977543998401944,0.42710453580444696,0.7958140551354189,True,119
271.969223,93,387.232279,0.28090489262166585,0.28090489262166585,0.5258444407575265,0.42439654389644793,True,93
272.426246,110,387.386944,0.4945251723690045,0.4945251723690045,0.4225876000623648,0.8933898019903058,True,110
267.564853,77,387.486136,0.3101856913889755,0.3101856913889755,0.4344141574546949,0.607003646067841,True,77
241.952812,92,387.608939,0.4283984036758,0.4283984036758,0.429897654896303,0.6552725029362086,True,92
163.092712,66,387.685435,0.33892333448245887,0.33892333448245887,0.5171653082081783,0.44671945271152763,True,66
245.924387,93,387.81804,0.4214081152537967,0.4214081152537967,0.41898132836813046,0.7980984114373284,True,93
182.673266,96,387.942995,0.4954320401529659,0.4954320401529659,0.4171783270188867,0.9895888007486895,True,96
228.703867,85,388.034427,0.3550150040746293,0.3550150040746293,0.41263785519328616,0.5614615373320624,True,85
290.929425,88,388.154614,0.34988853898649247,0.34988853898649247,0.4220438678686021,0.7854392837924267,True,88
175.269266,85,388.269005,0.20019173759231934,0.20019173759231934,0.4261179115091364,0.7897063546460256,True,85
199.525468,97,388.401575,0.5245523411205594,0.5245523411205594,0.433125029837091,0.5857405279725585,True,97
214.878724,116,388.563918,0.4798876081730951,0.4798876081730951,0.493866592757571,0.4290088119388439,True,116
193.189356,78,388.684284,0.3857916137872313,0.3857916137872313,0.5276539131715775,0.4393658099647942,True,78
263.643523,110,388.840466,0.3480654216070474,0.3480654216070474,0.4281143449920431,0.728694677333794,True,110
194.49161,86,388.966686,0.21217651592063305,0.21217651592063305,0.43199374048518274,0.7953526307268601,True,86
210.709654,102,389.127639,0.5553702411100672,0.5553702411100672,0.43176703907470754,0.9211296724976114,True,102
176.690813,95,389.266785,0.5677005770144667,0.5677005770144667,0.4344328805118251,0.8572803670107964,True,95
198.525508,76,389.383283,0.22532037451327333,0.22532037451327333,0.43448528377087725,0.9148992803438528,True,76
286.023879,90,389.514931,0.30925276087523557,0.30925276087523557,0.5456414215211808,0.4176468206047547,True,90
259.27065,92,390.238702,0.27277482654155694,0.27277482654155694,0.42011429652219007,0.5183097445492582,True,92
264.693788,78,390.339121,0.2786628513781846,0.2786628513781846,0.4322011320800937,0.64622905706583,True,78
226.331145,98,390.477791,0.3764522054051527,0.3764522054051527,0.4952224392875508,0.42323577747971464,True,98
214.891767,95,390.628706,0.4507034626839777,0.4507034626839777,0.4330003120697204,0.8229412763150727,True,95
329.433704,105,390.774525,0.3854186343881814,0.3854186343881814,0.42242760044523386,0.96020493084531,True,105
251.835482,88,390.894776,0.2787438070403992,0.2787438070403992,0.4171683812118576,0.8116619290698744,True,88
214.435606,91,391.014039,0.4411118337131769,0.4411118337131769,0.42767586327379864,0.8802123284849486,True,91
236.375235,96,391.098723,0.4585521219337271,0.4585521219337271,0.43305625563811434,0.793313042817854,True,96
221.324913,84,391.184227,0.4068279726642202,0.4068279726642202,0.4260941184194446,0.878682345017425,True,84
256.375525,100,391.276209,0.26890978379082225,0.26890978379082225,0.4183959171026973,0.655901880036975,True,100
259.062838,89,391.362756,0.27543637026811607,0.27543637026811607,0.47027892771685714,0.43920367887451417,True,89
191.076508,98,391.442871,0.5529466056208912,0.5529466056208912,0.4229247365124111,0.8458151048396055,True,98
262.482455,98,391.561631,0.47914431266919233,0.47914431266919233,0.42242798131496206,0.9232333716581247,True,98
242.769555,83,391.66469,0.2953592380544903,0.2953592380544903,0.4198332650765009,0.7665636748347376,True,83
270.56431,83,391.776234,0.33457644953527016,0.33457644953527016,0.430157996295129,0.9748800280800853,True,83
204.412543,74,391.892121,0.33704395881366767,0.33704395881366767,0.42800923726835266,0.5983717635516622,True,74
182.521952,103,392.057464,0.563167403405913,0.563167403405913,0.43443484999888715,0.6067948957479977,True,103
217.179654,86,392.190446,0.3667235329793096,0.3667235329793096,0.41700687392516017,0.9066818331758177,True,86
289.831686,103,392.325879,0.4104354944556793,0.4104354944556793,0.4218706078507412,0.817144141322972,True,103
287.789992,103,392.48023,0.4053757129186527,0.4053757129186527,0.43557128026214054,0.4945688162509817,True,103
266.309202,86,392.620815,0.31363375994099385,0.31363375994099385,0.41840634691894907,0.8773305900629341,True,86
228.38631,100,392.765161,0.5806181871630324,0.5806181871630324,0.4214870978607137,0.8841828670629408,True,100
79.003265,91,393.493141,0.335694885531362,0.335694885531362,0.43454376516248383,0.8610846617949338,True,91
297.897574,88,393.602447,0.3126450118012422,0.3126450118012422,0.43229268097837903,0.6724382321974961,True,88
252.639647,93,393.73498,0.44329900865380056,0.44329900865380056,0.4295219685778876,0.8367604929660658,True,93
220.469961,86,393.859026,0.4401895316332945,0.4401895316332945,0.4630074375134603,0.4040047445316253,True,86
263.13532,95,393.975919,0.3822962327367283,0.3822962327367283,0.4205686718609962,0.8751139398273501,True,95
127.531982,65,394.070029,0.3647122686800265,0.3647122686800265,0.5246053724200576,0.42396708165496216,True,65
315.647853,94,394.203492,0.3605980329054778,0.3605980329054778,0.42913168540767516,0.6756938049152639,True,94
230.551985,82,394.271975,0.2759258899054759,0.2759258899054759,0.4346210941110513,0.4954809776529802,True,82
269.549266,95,394.365144,0.3414390899901081,0.3414390899901081,0.42224121832932704,0.6243910333781224,True,95
234.212276,92,394.461292,0.42809002312729855,0.42809002312729855,0.4344596184551349,0.997095501290737,True,92
201.899519,102,394.555536,0.36496108251963644,0.36496108251963644,0.44730465553433035,0.44891919483382065,True,102
256.630039,106,394.681419,0.563165749330111,0.563165749330111,0.42275176573357603,0.9973906936945647,True,106
213.957886,68,394.736811,0.2537557634804348,0.2537557634804348,0.42735032185083477,0.6257208261008399,True,68
227.023034,94,394.81376,0.3992768936472897,0.3992768936472897,0.42322938799722487,0.45053523986551147,True,94
133.067512,94,394.908663,0.08193396736556706,0.08193396736556706,0.4226902970516291,0.7735160474906293,True,94
252.826239,106,395.02057,0.5680165474870874,0.5680165474870874,0.42978174777666733,0.786974829365072,True,106
228.70272,84,395.107717,0.39612549355576643,0.39612549355576643,0.42440936331123924,0.44639444623660424,True,84
272.530754,90,395.213328,0.2863670858970854,0.2863670858970854,0.4136419622496128,0.8642798055815711,True,90
170.152557,105,395.32528,0.559914215324013,0.559914215324013,0.4281772626035106,0.9121556713746777,True,105
214.244861,86,395.407452,0.42449204888653946,0.42449204888653946,0.4609133765432893,0.4437179057048904,True,86
229.46293,77,395.475948,0.2642635200026407,0.2642635200026407,0.5879695815993453,0.4208939680270725,True,77
242.246184,85,395.556235,0.33097968750252404,0.33097968750252404,0.6262081139380243,0.43334857972413005,True,85
235.362449,86,395.632757,0.3354066218330456,0.3354066218330456,0.5631612858027931,0.4254399526811871,True,86
242.671187,104,396.173664,0.6114131623165654,0.6114131623165654,0.4282757429626297,0.7643123188899386,True,104
233.952369,90,396.284763,0.38483726510610183,0.38483726510610183,0.43106930348320865,0.63630180840917,True,90
193.494585,79,396.381698,0.39771478461116294,0.39771478461116294,0.4859666009246547,0.44357910504272546,True,79
181.228058,101,396.500032,0.5759080301787108,0.5759080301787108,0.43323693949278685,0.8745989861357226,True,101
220.152519,103,396.60375,0.5581964664086222,0.5581964664086222,0.4289467719840413,0.6028446904740211,True,103
247.724295,91,396.699193,0.4096221186739318,0.4096221186739318,0.41541180907626957,0.5942347509890169,True,91
251.70173,82,396.771383,0.31837465423212014,0.31837465423212014,0.427904848100392,0.5224852158744231,True,82
209.690956,71,396.843375,0.31554548078058114,0.31554548078058114,0.4288251542059027,0.6452376631185913,True,71
284.059202,91,396.949127,0.37908356880911076,0.37908356880911076,0.42963030818046505,0.7420823273112653,True,91
304.588245,92,397.044344,0.364787301950513,0.364787301950513,0.4242053372907717,0.9037719853875362,True,92
268.736233,95,397.160597,0.43173609906512667,0.43173609906512667,0.4254096946466751,0.9905060975815136,True,95
248.813855,86,397.244915,0.34850912616314117,0.34850912616314117,0.42368708210196937,0.7722927129109458,True,86
228.701665,102,397.345288,0.43154127306984014,0.43154127306984014,0.43225650334253113,0.8099194489337542,True,102
248.193341,77,397.451861,0.2813806869746122,0.2813806869746122,0.41557088618022997,0.5120345311384469,True,77
243.06276,79,397.554153,0.3690934988411366,0.3690934988411366,0.41463562229193357,0.6520100532761636,True,79
215.911031,77,397.663367,0.275531649057885,0.275531649057885,0.41933643068215687,0.5038836425092486,True,77
246.344334,104,397.806895,0.42758423715555516,0.42758423715555516,0.4311883997958561,0.8547619729228093,True,104
185.85352,95,397.935916,0.5039479093113188,0.5039479093113188,0.4279370097694954,0.4969361549837431,True,95
195.740686,68,398.02384,0.2269346305504821,0.2269346305504821,0.6366218402510707,0.4400619862390586,True,68
192.97738,105,398.172603,0.5937264524838308,0.5937264524838308,0.4182730534715422,0.9226622567285201,True,105
283.399779,102,398.310049,0.41559562357326385,0.41559562357326385,0.4195355888113729,0.6256740753921652,True,102
246.500857,99,398.45472,0.39099994665347476,0.39099994665347476,0.4134159348508416,0.8681110139585924,True,99
157.124727,92,399.071308,0.17744448941620644,0.17744448941620644,0.42917061918157084,0.5379728206764752,True,92
251.527487,88,399.180591,0.3852056618901142,0.3852056618901142,0.420301967330679,0.582094919980069,True,88
212.597305,104,399.315747,0.6299357063870136,0.6299357063870136,0.43071385325247996,0.8775792235411303,True,104
269.0709,80,399.402794,0.2950746834005448,0.2950746834005448,0.4226362051974369,0.553958540610588,True,80
185.047304,75,399.474332,0.21452638744247535,0.21452638744247535,0.4280003667189182,0.8637482855934316,True,75
82.991902,101,399.591894,0.04614267547599413,0.04614267547599413,0.42393493703859375,0.9031479301352828,True,101
239.811912,94,399.697044,0.4526607315357291,0.4526607315357291,0.434149846273758,0.8427402612103958,True,94
237.151038,76,399.781001,0.2632998423111665,0.2632998423111665,0.421212677177099,0.6557917275069853,True,76
211.726504,116,399.93374,0.49833372183557645,0.49833372183557645,0.4209777228223147,0.7188223809805876,True,116
186.239902,90,400.038088,0.4771025328638356,0.4771025328638356,0.4190563393900563,0.6719055551453468,True,90
269.019417,86,400.121454,0.28928948450606734,0.28928948450606734,0.42257868525596815,0.9057512151113954,True,86
194.349606,92,400.238658,0.5034790294802364,0.5034790294802364,0.429579835632028,0.8010897570976936,True,92
273.425326,93,400.321884,0.38893282855349787,0.38893282855349787,0.5509202366685729,0.44444308922035797,True,93
184.404864,91,400.41629,0.522826905302668,0.522826905302668,0.432386402339215,0.7993591289966336,True,91
197.718199,78,400.486669,0.3073520968541345,0.3073520968541345,0.6062729363910828,0.4463910871945566,True,78
293.216431,98,400.589682,0.4133790259574822,0.4133790259574822,0.41872091078830775,0.9934655358073912,True,98
193.86038,81,400.672769,0.20296506287062363,0.20296506287062363,0.4346712717606954,0.9095611430007636,True,81
196.153054,91,400.779084,0.487501288998262,0.487501288998262,0.42522359733891396,0.8181606066146488,True,91
225.349473,89,400.872934,0.29396032659761845,0.29396032659761845,0.42702098486712653,0.6260629534322675,True,89
213.277555,99,400.972482,0.3929693057186894,0.3929693057186894,0.4314373453016391,0.8932479688564742,True,99
269.049211,95,401.070175,0.3305828863122126,0.3305828863122126,0.4317219569065052,0.5906202458861828,True,95
264.695221,85,401.147802,0.3779752259640409,0.3779752259640409,0.4252175254129672,0.8724503263950766,True,85
243.162336,84,401.245625,0.2626344585067495,0.2626344585067495,0.4287770158564465,0.8254888427320063,True,84
204.874581,87,401.701584,0.283902095375593,0.283902095375593,0.42271028355594165,0.5915808853571675,True,87
231.377107,86,401.804914,0.314678860767889,0.314678860767889,0.43611030761070635,0.5196231444650331,True,86
227.790688,95,401.926687,0.359375615107857,0.359375615107857,0.42562433655403387,0.8897497373332375,True,95
267.856,82,402.034172,0.36567873039945625,0.36567873039945625,0.42776769202258774,0.641624623847265,True,82
286.960632,83,402.109184,0.32495316427657883,0.32495316427657883,0.43202937916896794,0.9856797760150202,True,83
338.095633,118,402.211144,0.4324154810655861,0.4324154810655861,0.4353030416891629,0.4594982178937878,True,118
223.78346,84,402.294377,0.3162659767772446,0.3162659767772446,0.43363540032285053,0.6501499956151211,True,84
238.20753,103,402.392985,0.5507748243569037,0.5507748243569037,0.41381546105105615,0.7239776751145309,True,103
187.847675,94,402.513152,0.45358125598226046,0.45358125598226046,0.4245218717144695,0.7486944267123427,True,94
157.622651,92,402.604957,0.5503028901962234,0.5503028901962234,0.42637344126263377,0.7925600906991606,True,92
280.858826,96,402.689969,0.3822072144212563,0.3822072144212563,0.42971995654858947,0.6756411063686549,True,96
202.837082,92,402.772031,0.4226449338811917,0.4226449338811917,0.41919514153923104,0.9104303842435146,True,92
272.650523,97,402.865727,0.3016920460858656,0.3016920460858656,0.4310483056680932,0.6730367509372364,True,97
161.611335,71,402.935762,0.33387516866670613,0.33387516866670613,0.4973147387872687,0.4498953835256855,True,71
276.202439,84,403.053767,0.3289798587603691,0.3289798587603691,0.43403423411823316,0.47716543351338253,True,84
261.171982,95,403.192772,0.32916459405611936,0.32916459405611936,0.6385555231995889,0.44288080183728223,True,95
209.86776,99,403.34373,0.4316928751697652,0.4316928751697652,0.4298769371254149,0.7328112139573744,True,99
165.868309,101,403.466303,0.17560466752301712,0.17560466752301712,0.4672618938676281,0.41425487391781035,True,101
182.731515,74,403.550291,0.32904736231436105,0.32904736231436105,0.4237336620466138,0.596867451244312,True,74
200.086508,81,403.63187,0.21992547507577376,0.21992547507577376,0.4167623624443682,0.9878390532594876,True,81
243.004015,92,403.711052,0.3576244338837182,0.3576244338837182,0.43587527268528553,0.857024833686826,True,92
174.69207,76,403.801735,0.3477711298495835,0.3477711298495835,0.4264937636729193,0.9806162719190967,True,76
206.583714,72,403.86357,0.32784151440268766,0.32784151440268766,0.43272582042899754,0.4687115254774102,True,72
181.800736,109,404.392639,0.37573708394568023,0.37573708394568023,0.6279699185327684,0.428589785665347,True,109
188.077064,114,404.549772,0.39194604299860647,0.39194604299860647,0.4214562886160823,0.5546579843959851,True,114
214.405222,79,404.663115,0.3087974716648214,0.3087974716648214,0.42596753561945605,0.7718593597454733,True,79
221.801959,111,404.838551,0.6105927980867994,0.6105927980867994,0.43574868110693626,0.9690651208687587,True,111
277.465974,103,404.985036,0.4299137239516521,0.4299137239516521,0.42667265099658347,0.8632768404724707,True,103
225.163642,83,405.109915,0.26602666199073344,0.26602666199073344,0.4157964648938467,0.742088139097724,True,83
281.004591,80,405.239708,0.3252573262217964,0.3252573262217964,0.5580813307231893,0.4459512794339905,True,80
282.390904,96,405.383691,0.30045305261086885,0.30045305261086885,0.4271138278592122,0.7930607505387666,True,96
260.413235,106,405.543452,0.4523142422780503,0.4523142422780503,0.496952432797601,0.4282243221530175,True,106
238.861967,132,405.726124,0.5489897691063524,0.5489897691063524,0.42136087596461597,0.8943729812181049,True,132
223.794426,97,405.863806,0.47712654246826525,0.47712654246826525,0.420987500826313,0.8772035339522584,True,97
230.634741,90,405.963537,0.40356229975015917,0.40356229975015917,0.42663354576215456,0.5255279850221009,True,90
252.452936,99,406.085598,0.32158201933414504,0.32158201933414504,0.42905996061720253,0.7486157219376224,True,99
209.335088,97,406.197635,0.42284664489808793,0.42284664489808793,0.42608430464167596,0.7644930456352907,True,97
188.910274,93,406.284947,0.3846200726300176,0.3846200726300176,0.4256112610568052,0.9109841262716842,True,93
241.336334,92,406.398459,0.4001089300820307,0.4001089300820307,0.4498954648639695,0.42577587893590907,True,92
257.941749,84,406.516681,0.2662368228888386,0.2662368228888386,0.4292320082317385,0.5948726928157877,True,84
240.634168,80,406.621095,0.34199788173866735,0.34199788173866735,0.49501003829553886,0.433271499431091,True,80
219.068511,93,406.751096,0.5268433639462052,0.5268433639462052,0.42356888327847675,0.9520749336774268,True,93
214.549119,98,406.868642,0.4627227587278615,0.4627227587278615,0.4245086720364011,0.6717763257097322,True,98
198.61058,91,406.976995,0.47391377236706034,0.47391377236706034,0.4299997713646465,0.8900596875321158,True,91
252.308478,95,407.541844,0.3758816718257819,0.3758816718257819,0.4327702350526089,0.9559088593167292,True,95
260.329085,83,407.641756,0.3246119488770707,0.3246119488770707,0.43385054915580884,0.6511835827536617,True,83
231.432529,96,407.765804,0.24279179817258228,0.24279179817258228,0.6451992201102437,0.43905265455695375,True,96
230.428138,88,407.895354,0.3945017176220354,0.3945017176220354,0.42865595542685897,0.962686743476485,True,88
231.099331,95,407.998,0.49081522462593186,0.49081522462593186,0.4339898473196323,0.8074556930525069,True,95
255.450787,85,408.099876,0.3689235348963409,0.3689235348963409,0.4286679893885776,0.49852252701694144,True,85
265.839423,87,408.192994,0.3954289033112533,0.3954289033112533,0.42790896807458945,0.7587916522667301,True,87
268.12376,83,408.268207,0.2633303093082996,0.2633303093082996,0.42422244342269444,0.5742559991954879,True,83
209.261339,98,408.362635,0.561655454436059,0.561655454436059,0.4210949540884757,0.8599793295546484,True,98
256.017919,111,408.471496,0.4624884133030376,0.4624884133030376,0.43053601467041086,0.9361055813217516,True,111
275.282481,93,408.56783,0.3564305212828723,0.3564305212828723,0.4200009700829332,0.537774443818123,True,93
200.87787,86,408.659869,0.259304207605419,0.259304207605419,0.6583643233663965,0.4494677260359845,True,86
215.489663,64,408.72304,0.2832714630562984,0.2832714630562984,0.612123752980498,0.42636210927087254,True,64
218.999283,89,408.804348,0.4398856390779497,0.4398856390779497,0.4151856361083571,0.44475655006709347,True,89
170.146864,92,408.902843,0.511245032012598,0.511245032012598,0.43056178310361054,0.9647292850081853,True,92
233.471762,79,408.981681,0.2708665868000482,0.2708665868000482,0.43191089657705134,0.9543186807810939,True,79
236.562151,93,409.069532,0.2532747211971498,0.2532747211971498,0.5037891709511486,0.4233317297763092,True,93
249.823351,82,409.139829,0.3218615358883007,0.3218615358883007,0.4318808973535379,0.7724809928252774,True,82
290.170022,107,409.236707,0.4534463440134137,0.4534463440134137,0.4833775216189803,0.4208883630892023,True,107
228.739059,105,409.367188,0.3727827808360441,0.3727827808360441,0.5579423574826194,0.43873834463669337,True,105
187.675762,80,409.438893,0.4144748074085746,0.4144748074085746,0.5651647605200713,0.4440008000110537,True,80
200.735931,108,409.549824,0.46193689856452913,0.46193689856452913,0.5285223164145253,0.4453987768597992,True,108
233.819446,81,409.635624,0.3714917154908864,0.3714917154908864,0.4297817211318011,0.5244450339628727,True,81
217.967086,104,410.253793,0.5159799179873259,0.5159799179873259,0.4148833716827425,0.5645882189565006,True,104
240.369251,87,410.340123,0.39272547839472277,0.39272547839472277,0.4189658745176546,0.9080575634269165,True,87
207.086148,89,410.456543,0.47962459681946734,0.47962459681946734,0.42092952975383713,0.7970486124588326,True,89
238.08102,86,410.549005,0.37971913496973125,0.37971913496973125,0.4599805509244328,0.41409056778457565,True,86
271.34992,86,410.636088,0.3157444618854655,0.3157444618854655,0.42950787145310926,0.45874453448122615,True,86
245.409193,88,410.712505,0.4054488293695368,0.4054488293695368,0.424637831497102,0.6697161756667034,True,88
272.826982,78,410.778657,0.2967348320379985,0.2967348320379985,0.42328274943646615,0.7035266903837367,True,78
250.2004,86,410.857233,0.3405665391413541,0.3405665391413541,0.4217595271390202,0.8345542245382732,True,86
234.902903,76,410.932621,0.3513126114321482,0.3513126114321482,0.4196812848667834,0.6901871355049225,True,76
254.207627,89,411.016207,0.40638464766109156,0.40638464766109156,0.4329626090499109,0.7231051758677768,True,89
225.466224,103,411.16401,0.6149287017867882,0.6149287017867882,0.42640521697635764,0.7846560553103915,True,103
241.80399,75,411.27421,0.2753770469179529,0.2753770469179529,0.41775849770333673,0.6137616897313839,True,75
172.045551,88,411.392321,0.1917944734133326,0.1917944734133326,0.47002446701347794,0.4464597605492126,True,88
269.165386,86,411.497783,0.33867822845111123,0.33867822845111123,0.42247133317195734,0.8415692758043554,True,86
213.57797,94,411.628364,0.44888372566203716,0.44888372566203716,0.4312438311609968,0.9142936830576136,True,94
205.416603,91,411.782034,0.4293246811317767,0.4293246811317767,0.4169783993324578,0.6999333919228558,True,91
285.740128,98,411.931339,0.3637741982039222,0.3637741982039222,0.4151470282768078,0.5961845838191636,True,98
186.430898,79,412.042042,0.22935074200327368,0.22935074200327368,0.544859808251168,0.4349791670525278,True,79
243.447964,94,412.148767,0.47532974218489477,0.47532974218489477,0.42310527946037446,0.9710660541750088,True,94
188.290489,88,412.271319,0.2039560155693102,0.2039560155693102,0.43096632472782037,0.921827578906599,True,88
186.498348,94,412.406451,0.5557375542517182,0.5557375542517182,0.42818119556024303,0.8159023104842711,True,94
246.811227,90,412.537892,0.4127803529504331,0.4127803529504331,0.4271295310303053,0.8494604250822605,True,90
241.147128,98,412.693323,0.40695036850686733,0.40695036850686733,0.42955904154558033,0.6545991304667693,True,98
239.547221,104,413.331688,0.477965190277062,0.477965190277062,0.4354295627733808,0.7962206256588978,True,104
221.612413,70,413.416169,0.24751101967863964,0.24751101967863964,0.43258186855662856,0.872126157651614,True,70
162.025434,85,413.542659,0.4447067964265012,0.4447067964265012,0.41784135688761226,0.6139160385672525,True,85
249.767862,86,413.658262,0.33512351776963223,0.33512351776963223,0.5381753484928791,0.4351857149031912,True,86
275.904572,80,413.746105,0.3038157847831916,0.3038157847831916,0.4241435290384225,0.6115438297221725,True,80
219.724084,100,413.883054,0.46711703167647345,0.46711703167647345,0.434266132372541,0.46035914386389226,True,100
206.773568,92,414.004175,0.4781990861039531,0.4781990861039531,0.4310928928801942,0.6686491731087538,True,92
250.77826,80,414.109324,0.26326124591440725,0.26326124591440725,0.4271468244567548,0.6427410197918593,True,80
230.14768,85,414.218223,0.38410107766220053,0.38410107766220053,0.42400056752651993,0.8656505699788913,True,85
129.138622,92,414.333597,0.14410891798446276,0.14410891798446276,0.5684511533122364,0.42799228461333194,True,92
270.859705,80,414.459225,0.3348428869938815,0.3348428869938815,0.4232513308399998,0.606114489749953,True,80
265.18457,116,414.583121,0.6058561795319648,0.6058561795319648,0.4279283310212388,0.8176882664870685,True,116
194.541513,84,414.675298,0.20478288163701278,0.20478288163701278,0.43272022585950853,0.655943231681487,True,84
246.618816,92,414.759453,0.40647447120367985,0.40647447120367985,0.42583631759058616,0.7192673196148296,True,92
223.043113,81,414.822857,0.25786885415230104,0.25786885415230104,0.4286170350714705,0.6285269478750403,True,81
208.824485,95,414.905365,0.48657298208018623,0.48657298208018623,0.4207768819638765,0.9663267486923706,True,95
183.891095,75,414.976141,0.3772446007957319,0.3772446007957319,0.4234411319350842,0.8173075911857322,True,75
273.292056,110,415.143079,0.43116538080253786,0.43116538080253786,0.4240608539639671,0.6508250406283863,True,110
222.155951,101,415.234011,0.5035693812157768,0.5035693812157768,0.4320903283694575,0.5086108488201366,True,101
259.325859,87,415.311585,0.2655924771464703,0.2655924771464703,0.4853942272284337,0.4432122224142617,True,87
233.648621,71,415.389746,0.2848999511627426,0.2848999511627426,0.578657958684969,0.4343198872713798,True,71
259.202705,77,415.465262,0.29424315039236165,0.29424315039236165,0.42145875102107816,0.9024984507481234,True,77
136.409522,90,415.57728,0.16109362137041394,0.16109362137041394,0.4310193677592144,0.6341298278723321,True,90
282.097556,85,416.148057,0.3347321041122653,0.3347321041122653,0.4428135967343271,0.4230745314355854,True,85
195.78802,93,416.248132,0.5107367679824798,0.5107367679824798,0.4257107415341155,0.7756302673968895,True,93
250.306381,85,416.347137,0.33923516146899896,0.33923516146899896,0.4347504563532293,0.542603123498943,True,85
255.699732,85,416.452739,0.37858813613013464,0.37858813613013464,0.4247956698882923,0.7257210067096348,True,85
252.25174,82,416.537103,0.26212508273794977,0.26212508273794977,0.42432785024616804,0.9341147687659894,True,82
175.058502,82,416.627666,0.507510506653452,0.507510506653452,0.43195492947706915,0.9951885750426044,True,82
155.14728,78,416.701105,0.18852689248696541,0.18852689248696541,0.42899616338234253,0.6682135473102919,True,78
223.094595,89,416.78258,0.45932180411351053,0.45932180411351053,0.4337540512993833,0.6602929809085787,True,89
297.047175,90,416.862026,0.3043377256147315,0.3043377256147315,0.4233069137994725,0.5444692628376282,True,90
240.480881,78,416.938883,0.3175465832800594,0.3175465832800594,0.4291319412776898,0.4477816185658819,True,78
231.077966,99,417.04489,0.5149982604122652,0.5149982604122652,0.431071042609953,0.9655489055491298,True,99
260.538014,81,417.117917,0.3018713837303516,0.3018713837303516,0.4171687866693645,0.8332478057289103,True,81
299.313235,89,417.230752,0.3607359193784989,0.3607359193784989,0.43028468794097663,0.710201808432242,True,89
191.352052,88,417.356395,0.3955782300170461,0.3955782300170461,0.4262539532684228,0.612487361590313,True,88
258.206079,80,417.462257,0.3366485318882046,0.3366485318882046,0.4319868051202214,0.6497933070909058,True,80
228.716605,87,417.592711,0.2526054070572005,0.2526054070572005,0.4199691581526731,0.5531751476090672,True,87
257.860846,85,417.714288,0.3892193446142645,0.3892193446142645,0.4155906551489799,0.5062802946059614,True,85
244.777042,102,417.879194,0.43671577919018345,0.43671577919018345,0.4223207889124734,0.9072624425996447,True,102
245.995962,123,418.078548,0.578482779312885,0.578482779312885,0.4295858425697436,0.5451413623618006,True,123
233.99376,103,418.242507,0.5384584554889668,0.5384584554889668,0.4192499300377204,0.934902936455259,True,103
212.062503,76,418.338142,0.36952935938357645,0.36952935938357645,0.4223601331357044,0.5691594536808466,True,76
334.558302,114,418.488492,0.3520782333423431,0.3520782333423431,0.41552941232884594,0.42903709249966315,True,114
247.848789,88,418.592022,0.3191336053227461,0.3191336053227461,0.6017142750806374,0.44456862165577216,True,88
201.507047,84,419.061486,0.40007926836457003,0.40007926836457003,0.42447910695620183,0.9582411397794979,True,84
287.400913,99,419.172474,0.35248721513543924,0.35248721513543924,0.4227101081493802,0.7486337581753258,True,99
171.150479,96,419.307616,0.192524043335692,0.192524043335692,0.6555717386229998,0.4309276654957385,True,96
209.003427,99,419.437732,0.4496805221104988,0.4496805221104988,0.45141985183296957,0.4321639109083927,True,99
210.218379,92,419.543414,0.527956159235704,0.527956159235704,0.420832131112326,0.8963458898272169,True,92
226.949749,73,419.63124,0.3116732174334181,0.3116732174334181,0.422560296949938,0.6602052101772342,True,73
221.350556,90,419.730515,0.4908448689247877,0.4908448689247877,0.42959744643166276,0.7161281085777671,True,90
211.702128,88,419.840986,0.383876000645774,0.383876000645774,0.43207574820988726,0.8309875396050603,True,88
213.518723,68,419.906646,0.2509312723804732,0.2509312723804732,0.5673447217615978,0.4276772531422199,True,68
171.769595,77,419.970524,0.22428084107690757,0.22428084107690757,0.498507805973037,0.4217401043776652,True,77
311.646529,123,420.126889,0.5618901067138036,0.5618901067138036,0.4209392061297554,0.8662549233047188,True,123
227.890198,93,420.243735,0.30932337802099885,0.30932337802099885,0.43410150435583633,0.9588170413264745,True,93
251.019994,79,420.306203,0.31985304021583283,0.31985304021583283,0.4321144939177783,0.9002019542780825,True,79
139.22268,85,420.381822,0.15828375230956263,0.15828375230956263,0.434370506069828,0.7037906621273828,True,85
154.02027,81,420.459912,0.4914775376193562,0.4914775376193562,0.42828058702792393,0.9399441867385039,True,81
204.17161,78,420.531555,0.3963353622687461,0.3963353622687461,0.4488194845164925,0.43055981538609545,True,78
284.525331,86,420.629514,0.3573897421775652,0.3573897421775652,0.4210464584687429,0.6924433200188018,True,86
225.254464,81,420.737887,0.2494117772520566,0.2494117772520566,0.42643990188853653,0.493591384842295,True,81
173.991322,93,420.870522,0.5349357405186637,0.5349357405186637,0.43256089621791216,0.8339172166928448,True,93
202.277479,72,420.950562,0.24920843466278278,0.24920843466278278,0.42641400200080887,0.5159352323368671,True,72
236.97502,84,421.026063,0.3747556066538817,0.3747556066538817,0.42616863359958823,0.8483255155416716,True,84
205.496858,84,421.099857,0.39843986320087765,0.39843986320087765,0.43358619590332054,0.6457866214458708,True,84
208.923283,67,421.170986,0.2876873488048514,0.2876873488048514,0.5651081620313135,0.42988478446121026,True,67
230.564415,121,421.838659,0.591320995534708,0.591320995534708,0.4345744756319313,0.8649298324330359,True,121
267.247383,90,421.958847,0.28729988106406135,0.28729988106406135,0.42854958317975744,0.8746406698035785,True,90
193.876321,72,422.036868,0.22851614682956942,0.22851614682956942,0.49262879896197787,0.41496555700870863,True,72
240.310958,99,422.172616,0.47193083606533515,0.47193083606533515,0.42514521128027355,0.5567867575612545,True,99
189.822054,84,422.251124,0.4504083940670915,0.4504083940670915,0.4293654063618516,0.8419406154739055,True,84
265.396386,85,422.345254,0.3314474321028468,0.3314474321028468,0.4289866286377869,0.8732540241307089,True,85
211.018294,88,422.424362,0.4340413002130196,0.4340413002130196,0.4270508310834755,0.8234418300893572,True,88
184.747536,90,422.532198,0.4036613294186155,0.4036613294186155,0.43336761342956154,0.956818738456001,True,90
279.803088,87,422.620883,0.291327019318035,0.291327019318035,0.428141558131877,0.9021346065586611,True,87
228.891252,89,422.722946,0.4133155583047366,0.4133155583047366,0.4286901830351473,0.5735832767545115,True,89
196.636529,76,422.828115,0.3946888221693694,0.3946888221693694,0.4250446660205746,0.6302449557517061,True,76
261.313379,106,422.948532,0.49593735864093197,0.49593735864093197,0.4346128168916239,0.7327413893856224,True,106
187.738576,81,423.036936,0.21311428917878922,0.21311428917878922,0.4209515549235792,0.696067867328544,True,81
237.124278,92,423.135636,0.3440702238067703,0.3440702238067703,0.4331601323296135,0.9972607626180645,True,92
247.342348,107,423.253451,0.4435203653217541,0.4435203653217541,0.4289033148065436,0.7402631428772066,True,107
344.806101,111,423.375419,0.38440394764841834,0.38440394764841834,0.4276546084388995,0.9976504069738423,True,111
232.525102,81,423.474308,0.4092750889317424,0.4092750889317424,0.44046016444977865,0.44911686349171265,True,81
231.709822,110,423.61302,0.5300238911438301,0.5300238911438301,0.419722975323948,0.5871989285096304,True,110
208.372674,93,423.728057,0.23063864357221753,0.23063864357221753,0.4291429705548125,0.5307532219509369,True,93
212.419091,106,423.864601,0.5455380010067954,0.5455380010067954,0.4209653072341878,0.7359193183432721,True,106
262.223739,85,423.965465,0.26993371307995767,0.26993371307995767,0.43521638835697596,0.7981906839976263,True,85
233.82472,87,424.049996,0.26149247477451065,0.26149247477451065,0.5988219962796817,0.43855930884919453,True,87
222.290283,78,424.1643,0.36633427094096077,0.36633427094096077,0.5624411354862567,0.4408616465713902,True,78
238.27103,82,424.620328,0.3185387466206399,0.3185387466206399,0.43097020476940195,0.9583370629147843,True,82
197.293644,77,424.714814,0.24485700589050552,0.24485700589050552,0.5950222910616304,0.4190760811021238,True,77
240.469336,97,424.8371,0.48607784140839977,0.48607784140839977,0.42432230323033354,0.47336915775496724,True,97
286.218399,94,424.953659,0.41610523283274664,0.41610523283274664,0.43606943368304624,0.5768114823198243,True,94
223.383779,91,425.032254,0.4804676650332063,0.4804676650332063,0.4153325895877717,0.4687258100891891,True,91
274.603713,98,425.138278,0.3758409406061469,0.3758409406061469,0.435914610205359,0.7811027668450059,True,98
237.086527,111,425.270635,0.5765404754056226,0.5765404754056226,0.41738912311298454,0.8416631733656122,True,111
276.563953,92,425.361292,0.38328154271348575,0.38328154271348575,0.42206476494070466,0.7525586742550949,True,92
176.007483,88,425.432734,0.4633214268683135,0.4633214268683135,0.4243556646007337,0.8107296075764923,True,88
259.467643,91,425.507155,0.36066222725678293,0.36066222725678293,0.5557770916534742,0.444992535067845,True,91
190.968618,80,425.585472,0.23634601957925466,0.23634601957925466,0.4212808726962712,0.6293360802906586,True,80
230.523511,91,425.710177,0.36355643660888864,0.36355643660888864,0.5555347567305103,0.4352740222530102,True,91
150.002546,83,425.83199,0.5809826920331153,0.5809826920331153,0.42671311135587375,0.9460324425390768,True,83
253.549485,88,425.933227,0.3764866358875928,0.3764866358875928,0.4214788233961866,0.8023171096312157,True,88
279.791397,107,426.055052,0.33742728857585147,0.33742728857585147,0.41710427676328515,0.9334033794141472,True,107
215.46765,78,426.123239,0.23389377035066738,0.23389377035066738,0.4352530309947457,0.5923250815051927,True,78
163.371098,76,426.184654,0.36937081810436795,0.36937081810436795,0.42228487708105766,0.6126983714438377,True,76
196.875169,74,426.27681,0.2895069041310552,0.2895069041310552,0.557932081925907,0.4442233198890761,True,74
189.378167,94,426.371163,0.5611670131077371,0.5611670131077371,0.4187425550107775,0.9371071460980626,True,94
198.958047,80,426.462373,0.3825056297178461,0.3825056297178461,0.4231837301058977,0.4782747459056187,True,80
267.656844,84,426.555515,0.34253596294640953,0.34253596294640953,0.43576651715815157,0.5144024841281049,True,84
273.984042,96,426.671181,0.3178386850567882,0.3178386850567882,0.4224714758751377,0.6745126125597778,True,96
261.86639,88,426.749614,0.3420866830299663,0.3420866830299663,0.43105880026664806,0.9702533342299888,True,88
216.970262,92,427.259091,0.4097454276580838,0.4097454276580838,0.4355185146693285,0.690739170116937,True,92
272.832059,86,427.370326,0.3100408098893024,0.3100408098893024,0.6232042763951793,0.44355547957172925,True,86
279.615165,85,427.48532,0.3236082781996577,0.3236082781996577,0.43035790051103584,0.7586691320587591,True,85
211.251465,75,427.580103,0.2948398883479895,0.2948398883479895,0.5985529449307163,0.4427133537096947,True,75
289.156279,119,427.719202,0.5067601245920821,0.5067601245920821,0.4314977026618541,0.7734384981974576,True,119
272.828648,95,427.815342,0.297369976281381,0.297369976281381,0.42826064956247434,0.8518075088200467,True,95
222.285484,91,427.902467,0.4132760245691062,0.4132760245691062,0.4317239614124684,0.43423259932162833,True,91
225.862055,83,427.98866,0.3570352978690956,0.3570352978690956,0.4266724183783655,0.9718889318853638,True,83
256.699797,108,428.136801,0.5525720664555555,0.5525720664555555,0.4174350555206024,0.6893588052895239,True,108
254.350502,87,428.238621,0.3462723058710706,0.3462723058710706,0.42075968948649073,0.856316664386672,True,87
230.079059,93,428.347479,0.4299257956920668,0.4299257956920668,0.4274839270350124,0.6968837490126055,True,93
209.826258,97,428.477477,0.5330305809115146,0.5330305809115146,0.42592394218540186,0.6574918694854356,True,97
246.922598,108,428.572843,0.32693636309767543,0.32693636309767543,0.4289223135073392,0.8223384053312065,True,108
268.924295,86,428.674764,0.3512121937392861,0.3512121937392861,0.42792001065111346,0.7822211982048942,True,86
195.116624,77,428.758268,0.40776655600941825,0.40776655600941825,0.41571493420870675,0.7585011116757487,True,77
240.733657,99,428.844065,0.47066316454815665,0.47066316454815665,0.4360128944044559,0.5426793240692283,True,99
276.828079,90,428.943959,0.31282551079799015,0.31282551079799015,0.42442545926640246,0.5565147974111122,True,90
253.699827,108,429.057343,0.4216966878612604,0.4216966878612604,0.4223009861566377,0.8895695101801162,True,108
174.732281,80,429.17455,0.4269588014187577,0.4269588014187577,0.4276013956856224,0.6525815481522389,True,80
222.105124,96,429.314879,0.2434579781112668,0.2434579781112668,0.42816489335151825,0.8916767902826428,True,96
247.175454,79,429.38868,0.2715158102522667,0.2715158102522667,0.4319489862739584,0.7874746608275811,True,79
252.764968,83,429.48525,0.34784016813851126,0.34784016813851126,0.43073471131752505,0.8828530320904362,True,83
269.702715,89,429.909549,0.30472550053935404,0.30472550053935404,0.4228349185861066,0.7822653693090422,True,89
213.663404,93,430.026485,0.5101785196358923,0.5101785196358923,0.42422819327277334,0.7117213749552354,True,93
284.068913,101,430.15267,0.37125666293653314,0.37125666293653314,0.4312378269786776,0.9038152576299283,True,101
291.454351,117,430.324121,0.5280662818608777,0.5280662818608777,0.4353674931692697,0.7067206200018302,True,117
117.623441,77,430.404797,0.14550090608674518,0.14550090608674518,0.42459551464444745,0.7927846657277465,True,77
250.857474,87,430.497595,0.266496587993143,0.266496587993143,0.4192135928292374,0.715797844973704,True,87
232.5487,97,430.578139,0.418129028303416,0.418129028303416,0.4310578587913767,0.9887662425071632,True,97
211.602752,99,430.675612,0.5848436097351875,0.5848436097351875,0.4287680668718267,0.9732543838910118,True,99
148.884028,103,430.802869,0.16858962888877801,0.16858962888877801,0.678938975384769,0.43354345123973187,True,103
207.453275,101,430.892039,0.4492025448502546,0.4492025448502546,0.4192827766685168,0.7114939818959576,True,101
207.954305,82,430.963858,0.3328955641631216,0.3328955641631216,0.4677547312159843,0.43502794110340703,True,82
190.381083,88,431.073307,0.21487929008362525,0.21487929008362525,0.43067285069964767,0.7897134789607019,True,88
222.199078,99,431.177483,0.5328039932193832,0.5328039932193832,0.41934189742161876,0.9860195457542763,True,99
217.623815,87,431.255757,0.3574963158400991,0.3574963158400991,0.4744040326372472,0.42536495724321716,True,87
208.416117,91,431.348554,0.4347093383498511,0.4347093383498511,0.42959348849857365,0.9585050937350881,True,91
263.96173,81,431.439636,0.3362546908004823,0.3362546908004823,0.43409536798049786,0.7640414498833931,True,81
247.742683,99,431.558554,0.46043783980338304,0.46043783980338304,0.4242893620558804,0.5004708992285374,True,99
271.823915,86,431.647418,0.28014741740462046,0.28014741740462046,0.43235019007272973,0.6703211697787019,True,86
261.322604,85,431.721143,0.3773787633343484,0.3773787633343484,0.4285112712670471,0.4558950677207391,True,85
230.304029,107,431.819501,0.6007308648369347,0.6007308648369347,0.43153548901109656,0.7369709932473218,True,107
182.174371,86,431.908065,0.2033851896522609,0.2033851896522609,0.6703435189821481,0.42134986065907437,True,86
192.715411,82,431.982906,0.2606844535083914,0.2606844535083914,0.4343777605532932,0.5199796721167449,True,82
238.015191,83,432.072239,0.24448717742338238,0.24448717742338238,0.42523511295703953,0.7897284891416687,True,83
231.165749,77,432.799624,0.32680068191419237,0.32680068191419237,0.42694952932660996,0.5521635467888184,True,77
265.810009,100,432.932571,0.35041195662223146,0.35041195662223146,0.4280106146082331,0.5986807795787223,True,100
248.160363,83,433.045097,0.3824240717693296,0.3824240717693296,0.41651474091755264,0.7083493131818006,True,83
302.105881,106,433.168017,0.3590219904405016,0.3590219904405016,0.42976279387873495,0.708287970811149,True,106
202.830263,120,433.310019,0.515673966889464,0.515673966889464,0.5019052892813276,0.43061654597465127,True,120
166.232094,83,433.383708,0.4418045939363944,0.4418045939363944,0.43540016392173,0.5672478181715783,True,83
233.284077,93,433.458563,0.41650043420178234,0.41650043420178234,0.43292849720146387,0.6914579737569652,True,93
267.757652,102,433.555386,0.2782510903476573,0.2782510903476573,0.41698102995483155,0.7812145811430631,True,102
190.879314,91,433.642364,0.4367705241007843,0.4367705241007843,0.4345475954720312,0.8985368756311454,True,91
224.965343,110,433.734714,0.5229531347840337,0.5229531347840337,0.4262158622648088,0.9909478574573982,True,110
194.370484,96,433.813703,0.5055831584502435,0.5055831584502435,0.42200515141218864,0.9383955849391443,True,96
223.741865,95,433.906268,0.503475393833704,0.503475393833704,0.43231757641758406,0.61510549943985,True,95
210.608158,77,433.994228,0.24517476786921227,0.24517476786921227,0.4199289332390075,0.8550840875043805,True,77
198.400758,85,434.104957,0.414663220206494,0.414663220206494,0.4243172362539114,0.8787615279426814,True,85
229.957067,97,434.206688,0.3739592490602598,0.3739592490602598,0.4233597791969341,0.9843783200601895,True,97
302.251633,103,434.312196,0.3728522304978408,0.3728522304978408,0.4191053888550856,0.9788267202968312,True,103
266.89728,82,434.391391,0.33459094039721243,0.33459094039721243,0.42406813663813653,0.8509948122292583,True,82
189.470495,80,434.455576,0.4020275945950985,0.4020275945950985,0.4358928963747576,0.8806130367066158,True,80
275.896089,84,434.581256,0.3388183827001571,0.3388183827001571,0.5312169649466331,0.44523065401437745,True,84
185.214751,81,434.652012,0.20306493291390146,0.20306493291390146,0.42165513984661224,0.8356885376987356,True,81
205.455358,98,434.752848,0.5367202990399137,0.5367202990399137,0.4209536735225527,0.9005782174648128,True,98
252.328833,88,434.834806,0.34077183305182324,0.34077183305182324,0.582696631709993,0.40961833149048327,True,88
215.052944,100,435.39545,0.5860726959028303,0.5860726959028303,0.43388748738000243,0.9566285334871409,True,100
171.743291,73,435.476928,0.39998903528406415,0.39998903528406415,0.4267784291612354,0.5430900340079516,True,73
255.307694,77,435.538969,0.27819944270153396,0.27819944270153396,0.4343846149829924,0.5699692134594425,True,77
299.442646,106,435.609696,0.34556147987252334,0.34556147987252334,0.4202559421686095,0.8456108489263328,True,106
288.965003,93,435.67485,0.3564372256695876,0.3564372256695876,0.4206266154944211,0.6343889782793188,True,93
252.511749,80,435.731537,0.274597365733589,0.274597365733589,0.4293757409409416,0.7110895426961362,True,80
211.419666,72,435.78667,0.30587443870922687,0.30587443870922687,0.4296173273663342,0.6339445883356536,True,72
201.215097,91,435.854104,0.5400138820327735,0.5400138820327735,0.4256271682774677,0.715356272617629,True,91
213.017348,92,435.925118,0.48720162860685295,0.48720162860685295,0.4318226017792605,0.6524193103670767,True,92
301.266479,117,436.0174,0.3439937038866767,0.3439937038866767,0.4177341145542958,0.5806644856945734,True,117
233.071643,88,436.08317,0.4150880568371325,0.4150880568371325,0.4204903181636057,0.48409119050595373,True,88
222.727329,105,436.162739,0.5266083610773408,0.5266083610773408,0.4285337407843469,0.8557163719628057,True,105
151.450904,92,436.230957,0.365187961616734,0.365187961616734,0.4230978103015368,0.9220054181744246,True,92
226.086453,103,436.301525,0.5144866127855716,0.5144866127855716,0.4310292153579773,0.7471566621049351,True,103
222.260503,105,436.376307,0.4220988707122431,0.4220988707122431,0.43377292772261733,0.9861571598181265,True,105
260.100166,85,436.438079,0.3395875855868818,0.3395875855868818,0.4287528116466338,0.6377581548553886,True,85
215.266831,83,436.495636,0.3698395089706508,0.3698395089706508,0.4284544748539333,0.7794230351204802,True,83
289.68312,81,436.549822,0.31020937094780854,0.31020937094780854,0.4343295704846706,0.8565382863894988,True,81
216.068334,85,436.607423,0.39819108806487324,0.39819108806487324,0.42728694476447343,0.6259737015170679,True,85
206.733953,102,436.682151,0.5353589584769963,0.5353589584769963,0.423281298647099,0.9022084238768462,True,102
194.357226,87,436.747843,0.46007626598654733,0.46007626598654733,0.4241560477721819,0.6311234063551173,True,87
300.968675,94,436.815394,0.30052058299527845,0.30052058299527845,0.4341600754359424,0.8617181074487633,True,94
296.556819,88,437.177535,0.31311504562196907,0.31311504562196907,0.42241373646349634,0.5370075549526883,True,88
241.860085,99,437.25853,0.42813253307415106,0.42813253307415106,0.43348009059346126,0.9193226270267936,True,99
281.351465,112,437.358687,0.323942038795743,0.323942038795743,0.43449915680056694,0.9209562202767179,True,112
177.082414,96,437.42357,0.3962308562413688,0.3962308562413688,0.41674683788939715,0.5352042836433353,True,96
210.637953,87,437.486843,0.351299665414408,0.351299665414408,0.43020989907236384,0.8504541112042028,True,87
284.74374,88,437.546083,0.3448289369924534,0.3448289369924534,0.4245786071954567,0.992824356821815,True,88
257.271172,81,437.60027,0.2764502222135036,0.2764502222135036,0.42603135779552126,0.852355509361477,True,81
263.780124,141,437.69819,0.6188170933148719,0.6188170933148719,0.42707476000427,0.5448997952677958,True,141
259.539834,107,437.772342,0.2946962585931874,0.2946962585931874,0.4291686217135959,0.8559887675753901,True,107
240.90664,97,437.837304,0.404716198994041,0.404716198994041,0.4329272174687047,0.880179057027171,True,97
296.931423,90,437.900503,0.3171204498901292,0.3171204498901292,0.4270795969915827,0.9191191741546502,True,90
226.203986,95,437.966383,0.47103290714577084,0.47103290714577084,0.4338230573498966,0.5378895992373429,True,95
237.793983,71,438.013945,0.26012632681950243,0.26012632681950243,0.4183561747007086,0.8642754952644301,True,71
254.086089,100,438.082179,0.49714283028808137,0.49714283028808137,0.41960435341045405,0.8332543886846131,True,100
331.65795,121,438.164135,0.5700024572350765,0.5700024572350765,0.42189807007343955,0.4818718867393583,True,121
188.057289,97,438.229802,0.5236225808653022,0.5236225808653022,0.41513376817224595,0.861827331188205,True,97
246.128146,104,438.302326,0.4590742092386438,0.4590742092386438,0.4285432784053373,0.9541971123819978,True,104
211.604985,96,438.36559,0.42636832178434847,0.42636832178434847,0.4346215894727451,0.9406937649890419,True,96
200.640383,90,438.430647,0.5216168338826473,0.5216168338826473,0.42446562761235385,0.706024647448268,True,90
279.796504,87,438.490417,0.2936451353560534,0.2936451353560534,0.4144361633309042,0.43602081521710784,True,87
254.538138,135,438.583993,0.6068392101965647,0.6068392101965647,0.436028091044433,0.6186631554838264,True,135
243.32546,100,439.022069,0.5490553088101177,0.5490553088101177,0.42983499983501794,0.8117694088136345,True,100
250.951749,94,439.124245,0.4788722698395313,0.4788722698395313,0.4357572800362195,0.8914804356381774,True,94
228.687902,101,439.196353,0.485732550467186,0.485732550467186,0.42868770410003254,0.6142589398009611,True,101
211.639448,70,439.244232,0.21851481852747187,0.21851481852747187,0.6149162544219557,0.432190933058451,True,70
211.184964,99,439.312903,0.3163576453053981,0.3163576453053981,0.5268455778783203,0.44787082892824315,True,99
250.908321,95,439.378204,0.25670516608719546,0.25670516608719546,0.4334868005320992,0.4562407339273154,True,95
251.137209,115,439.46073,0.6539181578203414,0.6539181578203414,0.4350902627793331,0.8242334262051029,True,115
281.812753,84,439.519307,0.3039531277944355,0.3039531277944355,0.43245129944594923,0.856961967001585,True,84
213.101896,110,439.59709,0.4199352724350531,0.4199352724350531,0.41879690459972024,0.5919407990570779,True,110
290.691824,86,439.656547,0.32824528157552385,0.32824528157552385,0.4195425683357106,0.701885346042338,True,86
203.428397,92,439.717916,0.5206109171974124,0.5206109171974124,0.43082039878755546,0.7472671021194113,True,92
218.751526,83,439.77467,0.3579352363525808,0.3579352363525808,0.48704428073131634,0.43291504857092067,True,83
229.240415,113,439.856942,0.38453303457831445,0.38453303457831445,0.5878343004776371,0.44509706770440094,True,113
249.355236,87,439.920394,0.29976623074885345,0.29976623074885345,0.500982206576933,0.4235983375502513,True,87
282.251575,83,439.981143,0.30944432972309094,0.30944432972309094,0.4278281779606022,0.5151842883389935,True,83
221.736846,113,440.061511,0.6136138909879818,0.6136138909879818,0.4317313361665051,0.8622068699090353,True,113
199.089334,97,440.128552,0.3842844885614685,0.3842844885614685,0.420274874892989,0.8979955922290022,True,97
222.498013,79,440.182286,0.3642410474288755,0.3642410474288755,0.43435692787007096,0.85670932102341,True,79
201.714332,88,440.242512,0.37033061126079053,0.37033061126079053,0.42939396226343385,0.8531604012842884,True,88
192.599901,76,440.294887,0.3913111679637556,0.3913111679637556,0.4812747553510193,0.4466257918346678,True,76
219.077152,78,440.348667,0.3651129026374231,0.3651129026374231,0.4245304786941091,0.4890728225722091,True,78
271.326696,88,440.409453,0.29092152766924956,0.29092152766924956,0.4326355797840756,0.934843048750839,True,88
166.192459,88,440.914889,0.4785836252881267,0.4785836252881267,0.4274092530795839,0.6530089875846319,True,88
278.505665,85,440.988819,0.29474494645903165,0.29474494645903165,0.4153104908277245,0.756212441697618,True,85
231.201577,81,441.079571,0.3018601995224455,0.3018601995224455,0.42316011093008404,0.6487159241318158,True,81
267.598182,115,441.157389,0.5255891229117732,0.5255891229117732,0.4347552905507904,0.7168957158573793,True,115
224.743358,101,441.229124,0.23950830967397213,0.23950830967397213,0.4283790748778312,0.8112213564002335,True,101
229.064589,102,441.301924,0.5368509335194099,0.5368509335194099,0.42403050160315997,0.9555827245988195,True,102
314.213838,94,441.366287,0.33614717643691605,0.33614717643691605,0.43482868699731525,0.8496160288092829,True,94
286.48033,85,441.426684,0.3120075273287773,0.3120075273287773,0.43384039589611256,0.9011528375944761,True,85
272.742241,105,441.498412,0.43016385352243525,0.43016385352243525,0.4306075481476944,0.8208319805824889,True,105
241.538687,83,441.556931,0.31527280101027155,0.31527280101027155,0.41797985106958296,0.7417657248916614,True,83
180.00656,78,441.61577,0.3365153576048073,0.3365153576048073,0.4343538788105081,0.5504106001922346,True,78
254.193732,83,441.676549,0.31226003157930554,0.31226003157930554,0.4260753042396034,0.9050875117427858,True,83
211.967477,70,441.726275,0.25103720912128047,0.25103720912128047,0.5927662201887589,0.44285284460170754,True,70
214.893014,84,441.783735,0.40609553231254863,0.40609553231254863,0.413940205520597,0.7121462448124133,True,84
229.235631,90,441.844797,0.3374201587069066,0.3374201587069066,0.5135289268940453,0.4161698472098494,True,90
239.630688,87,441.903113,0.40106217208132267,0.40106217208132267,0.4277799818567574,0.7927411040767114,True,87
269.399877,81,441.961599,0.33811907622177995,0.33811907622177995,0.5568277384276051,0.436580448226545,True,81
278.535936,85,442.02035,0.29969343861085623,0.29969343861085623,0.43457585252460246,0.6509922648397244,True,85
248.884579,90,442.079672,0.2719462148522891,0.2719462148522891,0.43299434880242504,0.8461404937820937,True,90
205.696837,89,442.141905,0.2313931608491578,0.2313931608491578,0.4277746204632151,0.8952868613360165,True,89
201.804919,93,442.209103,0.45045825635325265,0.45045825635325265,0.4287044562576329,0.9395434818021503,True,93
245.543327,103,442.282057,0.5194893252370211,0.5194893252370211,0.4430678449154762,0.4368219351591067,True,103
227.609222,80,442.339463,0.23198198842399248,0.23198198842399248,0.41457749828481344,0.7257455980210649,True,80
234.411572,82,442.633569,0.24761182027541373,0.24761182027541373,0.43057963632633356,0.9503316318450379,True,82
232.145872,104,442.740613,0.5816836668554367,0.5816836668554367,0.4261508845322757,0.6261792123378899,True,104
202.046965,102,442.827849,0.5633758935957209,0.5633758935957209,0.42869422240476235,0.7389425523015761,True,102
253.23852,110,442.906925,0.5531071539321761,0.5531071539321761,0.42691885274310026,0.8375184097286446,True,110
211.296008,87,442.970976,0.41545662739559186,0.41545662739559186,0.4349612213342445,0.9071003753727157,True,87
271.7304,91,443.037651,0.4162410443900393,0.4162410443900393,0.43211227312393646,0.479228616999991,True,91
266.365301,82,443.094886,0.2838778870598896,0.2838778870598896,0.4358198330402947,0.7435813378851484,True,82
183.537693,97,443.162111,0.4761412643003958,0.4761412643003958,0.42727827080081726,0.8387387945232788,True,97
243.301878,93,443.229002,0.3861402185701963,0.3861402185701963,0.424872442801705,0.6274446226570535,True,93
282.040516,83,443.285281,0.3530621028121697,0.3530621028121697,0.42896126195683454,0.7678458739415055,True,83
254.714001,89,443.348666,0.278065299876335,0.278065299876335,0.4272631806004514,0.8325752543231368,True,89
245.81759,80,443.401105,0.2676480779756837,0.2676480779756837,0.41718198958598135,0.6130175739935594,True,80
242.591986,81,443.458236,0.2629972604100378,0.2629972604100378,0.41645106955672434,0.9171652462963579,True,81
224.7773,91,443.518744,0.40186457056760544,0.40186457056760544,0.4219542315865523,0.9774249358516971,True,91
259.96852,83,443.576865,0.3352080599037845,0.3352080599037845,0.42356301973859795,0.7432896210916613,True,83
278.816483,85,443.635377,0.3297210246353137,0.3297210246353137,0.42301449063372737,0.9062592238470696,True,85
215.629776,98,443.704588,0.4346266515901823,0.4346266515901823,0.4343960914821494,0.9908554195297119,True,98
272.22224,113,443.78572,0.5973101889747484,0.5973101889747484,0.4333368673806459,0.9267071158630195,True,113
236.787308,103,443.857739,0.5181247765885434,0.5181247765885434,0.42696475228359515,0.9534767770759656,True,103
215.665522,118,443.940551,0.28766601332534153,0.28766601332534153,0.43257673641592176,0.8261348588356288,True,118
235.838971,90,444.003503,0.40503640200793156,0.40503640200793156,0.42992282506978174,0.9111897939048792,True,90
184.494668,76,444.054733,0.37099336235560226,0.37099336235560226,0.42797670834767754,0.5697028054878199,True,76
275.976335,94,444.484343,0.3568569933658289,0.3568569933658289,0.42401966487969633,0.6629881705803785,True,94
250.857476,91,444.561889,0.26449619886052345,0.26449619886052345,0.4178798005718206,0.8924623719923838,True,91
251.563523,97,444.640358,0.36315109273609864,0.36315109273609864,0.512348267013127,0.43665021395482534,True,97
236.710196,84,444.702126,0.2963426841438755,0.2963426841438755,0.43087246482734615,0.8505041580939114,True,84
210.861006,95,444.765429,0.4664561085193634,0.4664561085193634,0.4245220803053854,0.6623987715663354,True,95
248.009712,78,444.81766,0.2759470885028812,0.2759470885028812,0.4279381731756127,0.6774628886324756,True,78
251.406051,75,444.868399,0.29452431694636716,0.29452431694636716,0.4331890652011986,0.6699435695412398,True,75
249.271161,96,444.933513,0.46452571239027945,0.46452571239027945,0.548661746257264,0.43351239514955675,True,96
238.78967,98,445.005122,0.5402311556063444,0.5402311556063444,0.43373573228409085,0.8910448403275597,True,98
229.114032,89,445.064836,0.3890512252093432,0.3890512252093432,0.4241175008785939,0.6332148055957417,True,89
230.031679,88,445.126313,0.2701227257569756,0.2701227257569756,0.4359778706686885,0.8382298260067396,True,88
217.631979,75,445.178986,0.31197501424977475,0.31197501424977475,0.47205733777322817,0.4427340463998183,True,75
306.381268,97,445.246254,0.3522116209329295,0.3522116209329295,0.42700325103208014,0.8940293132147067,True,97
221.686506,79,445.300398,0.2681231997451253,0.2681231997451253,0.4169284035779142,0.7047508330428703,True,79
227.091878,70,445.347483,0.2886812742552252,0.2886812742552252,0.41108452313961247,0.6557666784462235,True,70
213.356815,92,445.415024,0.22480045307389596,0.22480045307389596,0.42916513655298766,0.823429354105328,True,92
250.75486,110,445.495741,0.4447014880583968,0.4447014880583968,0.42127629543819256,0.8416454011752903,True,110
242.896259,83,445.551737,0.3493365323770259,0.3493365323770259,0.5976892664602087,0.4343674816513635,True,83
268.065549,83,445.609874,0.3093672243320135,0.3093672243320135,0.4295647558288816,0.9975356633741906,True,83
284.461759,83,445.695364,0.2932517532350434,0.2932517532350434,0.4196825073640746,0.8657585381213078,True,83
251.939526,111,445.77177,0.4662294064318582,0.4662294064318582,0.4191818342623782,0.7831764542339846,True,111
231.384807,93,445.836214,0.30527577939630934,0.30527577939630934,0.42856340513344365,0.9521733368842377,True,93
192.08794,100,445.906775,0.4806614068450487,0.4806614068450487,0.42330180805317774,0.56604311126991,True,100
242.964832,79,446.18385,0.2514271997990886,0.2514271997990886,0.4278496000964966,0.9699432199321868,True,79
259.972248,96,446.279394,0.2892059515724332,0.2892059515724332,0.4228995713841597,0.6207252241428114,True,96
202.3424,90,446.354942,0.2745916913919502,0.2745916913919502,0.42554066374591354,0.9075823984232749,True,90
252.381285,90,446.418852,0.39697170688879224,0.39697170688879224,0.42266288125308976,0.8972773404908173,True,90
263.66066,101,446.491916,0.357926077971489,0.357926077971489,0.4241695397652382,0.8042457018059371,True,101
253.691506,91,446.557953,0.34481683284116005,0.34481683284116005,0.42961292711489907,0.9098940727040506,True,91
262.610698,83,446.617732,0.3409415305252024,0.3409415305252024,0.42816607814459073,0.5910456144804538,True,83
245.813057,102,446.693946,0.5521943807095075,0.5521943807095075,0.42387251225446065,0.8887010202478871,True,102
257.029745,104,446.769053,0.2841829985715022,0.2841829985715022,0.4338598998691712,0.8922358651159789,True,104
248.962643,93,446.832854,0.40699811862675705,0.40699811862675705,0.4339759687279749,0.7116516545112768,True,93
319.340708,99,446.90398,0.3479866285602703,0.3479866285602703,0.43098078963296665,0.9876501352892336,True,99
216.312062,98,446.974665,0.4194908207187232,0.4194908207187232,0.41993980822844124,0.8205373193042781,True,98
278.694119,93,447.066028,0.38302038905288394,0.38302038905288394,0.42685437854079866,0.9017631932104295,True,93
264.114323,107,447.142933,0.4589368373898431,0.4589368373898431,0.42799426494310594,0.906889127151697,True,107
236.316897,79,447.200339,0.3288312324457984,0.3288312324457984,0.4354451661111237,0.6208492070447987,True,79
207.645925,99,447.274774,0.37585366491355543,0.37585366491355543,0.42858858352473816,0.7841390639390199,True,99
224.773488,90,447.34231,0.4612933849614146,0.4612933849614146,0.43338948767613644,0.8985909383944404,True,90
255.2235,110,447.420888,0.27206797508667413,0.27206797508667413,0.4342605212652271,0.9941724390836781,True,110
285.773404,100,447.492815,0.47841814639048874,0.47841814639048874,0.4186384116653212,0.8724490363467421,True,100
251.164138,95,447.561432,0.4183991267762111,0.4183991267762111,0.4184753323610881,0.5321951224502252,True,95
166.961437,79,447.615319,0.19666053791651722,0.19666053791651722,0.4358619718835868,0.9287671170112196,True,79
216.907133,77,447.67061,0.24354045297591012,0.24354045297591012,0.4345397526356969,0.810287308512173,True,77
167.947949,84,447.908922,0.46112293566603335,0.46112293566603335,0.4195863377567794,0.7728445518297054,True,84
284.291205,92,448.009768,0.3677435693710297,0.3677435693710297,0.4220038517397455,0.5278899364303848,True,92
168.65572,92,448.095552,0.29189551919458595,0.29189551919458595,0.4317632708530205,0.683325642000018,True,92
254.124221,82,448.1504,0.31073560281874435,0.31073560281874435,0.42239079340723384,0.44619652617410893,True,82
190.89321,88,448.209288,0.21395731701287474,0.21395731701287474,0.42090442722699906,0.9539510801182515,True,88
282.471817,118,448.296444,0.523616523645575,0.523616523645575,0.43573753564182055,0.8054156074225118,True,118
252.870071,103,448.371685,0.4572774400099346,0.4572774400099346,0.4341905810483404,0.7880893552412459,True,103
261.867028,86,448.429108,0.2690562165086375,0.2690562165086375,0.43444309020468097,0.7108558250266384,True,86
258.40076,102,448.500994,0.38184540775618914,0.38184540775618914,0.4172154888768652,0.6479531972980085,True,102
273.283823,98,448.568231,0.47653141456271797,0.47653141456271797,0.43130158420216175,0.589389933374516,True,98
264.285862,113,448.650198,0.3857814867919279,0.3857814867919279,0.434357013555357,0.9359996148371208,True,113
205.26964,96,448.719578,0.22218625628749594,0.22218625628749594,0.43447231264431846,0.8470230718154839,True,96
179.034952,75,448.772561,0.20026185379715788,0.20026185379715788,0.4182479235062142,0.5942278126101207,True,75
221.023253,90,448.833075,0.4182469061962599,0.4182469061962599,0.4357001106275238,0.9417039091318685,True,90
157.592043,97,448.90428,0.5121292223349796,0.5121292223349796,0.4315336929412781,0.8149523877733857,True,97
216.571839,110,448.985559,0.3202952758072746,0.3202952758072746,0.5489620701364816,0.44088420956266666,True,110
258.626572,80,449.040062,0.2995798485703147,0.2995798485703147,0.42822674546582407,0.7081217349039738,True,80
258.604678,78,449.093881,0.2931806550380667,0.2931806550380667,0.4175438684987491,0.5968569244873093,True,78
184.428958,95,449.158373,0.20334122972317345,0.20334122972317345,0.4198469882284611,0.9539147641511325,True,95
183.831012,87,449.220927,0.21099858467616853,0.21099858467616853,0.4256139752184066,0.8834012595249029,True,87
239.980771,86,449.2817,0.32804035579729945,0.32804035579729945,0.43056934928296686,0.970581522120459,True,86
276.899141,130,449.376791,0.7398492524887283,0.7398492524887283,0.4280850997602192,0.9168872393420063,True,130
203.069542,101,449.778398,0.4188516933101027,0.4188516933101027,0.4241922183332561,0.9291273538362363,True,101
233.231219,78,449.847029,0.2612453298254516,0.2612453298254516,0.4846088402311748,0.44426478265437064,True,78
206.081444,109,449.929099,0.22145153052034197,0.22145153052034197,0.6089498846724029,0.4465070233454002,True,109
217.116424,83,449.986116,0.38524094331739855,0.38524094331739855,0.4244038771253626,0.7317965562821853,True,83
250.953284,82,450.042759,0.2573025695283653,0.2573025695283653,0.41720937600636687,0.6189505113274975,True,82
249.548698,105,450.116303,0.48990049184778645,0.48990049184778645,0.4185747348053644,0.8380417953884381,True,105
217.148644,104,450.189732,0.2607611390872831,0.2607611390872831,0.41996597263378493,0.9255936734455934,True,104
277.510956,90,450.252237,0.39442175362054327,0.39442175362054327,0.42114547118122303,0.8568199055522984,True,90
234.771476,117,450.335572,0.3925860336942902,0.3925860336942902,0.4294836558190039,0.47337610966354854,True,117
250.952435,125,450.421794,0.4679624450870501,0.4679624450870501,0.41998296440812705,0.8086352044179277,True,125
282.101401,99,450.491375,0.45249091458669594,0.45249091458669594,0.41954290174879105,0.6733401760366124,True,99
192.841477,86,450.551332,0.19930471883347622,0.19930471883347622,0.4278692544339671,0.8941709600118738,True,86
240.126139,93,450.614804,0.3788105646366664,0.3788105646366664,0.4285299399913197,0.8514878194601438,True,93
239.911402,100,450.684713,0.47642834360398667,0.47642834360398667,0.42617371947311794,0.8749540436218458,True,100
227.700884,103,450.756775,0.2521397554629813,0.2521397554629813,0.4261415007872504,0.8030604163941258,True,103
237.531474,81,450.813864,0.2603662324756277,0.2603662324756277,0.4314964574712637,0.8212691184056661,True,81
216.742325,111,450.895291,0.4954640164067902,0.4954640164067902,0.426823078443725,0.8549497912861571,True,111
207.848706,85,450.954314,0.3032370959305184,0.3032370959305184,0.43264515905713824,0.7399753333925561,True,85
265.539978,104,451.025809,0.35960844211044896,0.35960844211044896,0.4223263247791206,0.8470152271757356,True,104
280.935117,103,451.096956,0.369264784504659,0.369264784504659,0.42300765230638954,0.6710275207872015,True,103
231.883942,94,451.16216,0.42956873809531887,0.42956873809531887,0.4210517123413376,0.6739464279166746,True,94
221.052313,114,451.563665,0.5448069921019654,0.5448069921019654,0.42757683485845766,0.7264811268857695,True,114
294.298638,105,451.658684,0.4307786024371701,0.4307786024371701,0.42593644724960544,0.8032408665331108,True,105
234.257864,116,451.73775,0.5580952795908523,0.5580952795908523,0.42396044350611417,0.8222589868509961,True,116
183.813726,100,451.809245,0.28088541255949745,0.28088541255949745,0.41907798207714303,0.627804678791329,True,100
250.687869,95,451.877362,0.4301874882673152,0.4301874882673152,0.48465496217528115,0.43821303126046807,True,95
293.434364,88,451.93768,0.31852014576730964,0.31852014576730964,0.41792548435911864,0.8390531592311726,True,88
271.780409,116,452.016925,0.5147222886756513,0.5147222886756513,0.4212887611436377,0.7092549963105765,True,116
238.550264,92,452.085016,0.29122324606687067,0.29122324606687067,0.43426514065482713,0.8606342885500505,True,92
142.778769,100,452.154936,0.16937735915550253,0.16937735915550253,0.4264225868744371,0.48635732142699467,True,100
210.104776,89,452.219919,0.3715319775450377,0.3715319775450377,0.42853295980750256,0.8800611897498339,True,89
262.774415,108,452.299627,0.34631033156330315,0.34631033156330315,0.4255447935043414,0.9998267294403932,True,108
196.472426,82,452.357929,0.28597294459065437,0.28597294459065437,0.4259883082815099,0.5192037322937773,True,82
149.382307,76,452.409841,0.17378190593384218,0.17378190593384218,0.4332558033889024,0.7474889998113597,True,76
263.640802,131,452.503748,0.5400572442146021,0.5400572442146021,0.43175557895541256,0.8822367148230257,True,131
219.367405,109,452.578912,0.5719311509951995,0.5719311509951995,0.43158622070659636,0.9692986746431417,True,109
235.684243,93,452.646783,0.41154557573132416,0.41154557573132416,0.42812551483372707,0.9190813558491163,True,93
268.140097,95,452.711429,0.3117989888789347,0.3117989888789347,0.43213851241120155,0.9140015421225111,True,95
266.659073,105,452.786891,0.49583188377599907,0.49583188377599907,0.43788198647110527,0.44798007177017013,True,105
268.078886,113,452.866786,0.5165562543345393,0.5165562543345393,0.4202309411666799,0.9045661584311226,True,113
263.334693,95,452.932798,0.37923027242843227,0.37923027242843227,0.43157282617742976,0.8224873799074855,True,95
229.550873,76,453.325347,0.2722320726761829,0.2722320726761829,0.43533806172803635,0.5621163474048695,True,76
278.603034,112,453.444995,0.5170525889134026,0.5170525889134026,0.4311616146312413,0.8215617945135945,True,112
195.345352,67,453.502899,0.2402558980753455,0.2402558980753455,0.43239613218479567,0.8066658081728114,True,67
191.758582,93,453.565911,0.2161403983462723,0.2161403983462723,0.4212491185791708,0.8026090040400351,True,93
290.774852,108,453.643224,0.47765241112308865,0.47765241112308865,0.43026445428959426,0.9192191642926268,True,108
189.359694,108,453.724205,0.615628254172414,0.615628254172414,0.4262393635209378,0.7451099221204321,True,108
283.521352,103,453.799136,0.31659553708310445,0.31659553708310445,0.42296650896952853,0.9759288365388983,True,103
260.736158,92,453.864884,0.3612003011345387,0.3612003011345387,0.43314275771690336,0.832779148262394,True,92
285.562526,91,453.931699,0.4006996628058334,0.4006996628058334,0.4277545862630377,0.7227428016126379,True,91
185.183415,102,454.009416,0.45569175498928693,0.45569175498928693,0.4324293233469324,0.8860410653215731,True,102
135.243351,91,454.071254,0.15584911897043635,0.15584911897043635,0.4171590214325227,0.5138752193430661,True,91
278.319183,116,454.157931,0.4719400039142564,0.4719400039142564,0.49578009742520207,0.44850041834596627,True,116
214.606139,102,454.233595,0.5811276494589248,0.5811276494589248,0.4224946358598423,0.9736919316647155,True,102
201.672234,73,454.284349,0.22662255030984735,0.22662255030984735,0.4202582718716273,0.5969357727794977,True,73
306.429284,100,454.351354,0.3575097071647339,0.3575097071647339,0.42241510233435603,0.5423330397868724,True,100
202.37598,81,454.411741,0.3078075011179715,0.3078075011179715,0.42458723682743327,0.9747841621015625,True,81
285.962744,107,454.486583,0.35900494332867416,0.35900494332867416,0.41811073576714763,0.7270801966828536,True,107
250.757432,119,454.57381,0.5260289419739482,0.5260289419739482,0.535700185111686,0.44818957828522366,True,119
280.998774,87,454.635231,0.3341085939608027,0.3341085939608027,0.4148689658402627,0.7564909989685289,True,87
297.035534,98,454.705837,0.36834092875455415,0.36834092875455415,0.4349060768965912,0.8891338546877474,True,98
239.888328,96,454.774723,0.3869913900116866,0.3869913900116866,0.42810466599450264,0.9524155029914052,True,96
304.691198,108,455.150647,0.46160323169393697,0.46160323169393697,0.43025663001569125,0.9287268806973215,True,108
289.813443,90,455.250993,0.317235618151623,0.317235618151623,0.43092764931061245,0.8237894542353263,True,90
182.891674,85,455.317642,0.22025255308616912,0.22025255308616912,0.43318840553512844,0.7254660180949721,True,85
247.38743,88,455.37889,0.258242629188419,0.258242629188419,0.4232658091358632,0.7612955632576224,True,88
249.144813,124,455.470803,0.32110871133948365,0.32110871133948365,0.42418028414213665,0.7518320011393175,True,124
231.444194,117,455.554713,0.2551145064256418,0.2551145064256418,0.42310911594277745,0.9852782661841579,True,117
231.28574,90,455.618453,0.29313106053679994,0.29313106053679994,0.4341104175519491,0.7308422940165425,True,90
171.866379,91,455.688462,0.5062150085141354,0.5062150085141354,0.42737905926027303,0.5944635881216382,True,91
265.390206,83,455.747597,0.2856217793153107,0.2856217793153107,0.424896554716856,0.9690105005393518,True,83
266.444406,101,455.819228,0.46385382643472894,0.46385382643472894,0.43353009969728623,0.6715855766060665,True,101
218.91567,109,455.899144,0.5127880947388943,0.5127880947388943,0.43363270622342487,0.7861032817071334,True,109
196.133506,109,455.981362,0.4892410993063517,0.4892410993063517,0.4283861075583528,0.6192787934869807,True,109
217.874096,95,456.04946,0.4606520295223977,0.4606520295223977,0.4215852367851423,0.8630691828211392,True,95
231.635163,102,456.124695,0.43057248865685643,0.43057248865685643,0.4168921685199725,0.5929468599895936,True,102
182.032573,93,456.190453,0.5506475678989069,0.5506475678989069,0.4212208320110746,0.587302152749551,True,93
222.654443,83,456.249999,0.2449721550679467,0.2449721550679467,0.4329152406195334,0.7011984211109846,True,83
210.123101,88,456.313285,0.24335961204932016,0.24335961204932016,0.42046769391414546,0.6237217708424642,True,88
199.727282,86,456.378125,0.22615115342790373,0.22615115342790373,0.4351041873802179,0.5538387408474481,True,86
157.286505,95,456.446905,0.5334095466102142,0.5334095466102142,0.4297692644200113,0.9132401215219973,True,95
263.876486,102,456.518102,0.4331809041608233,0.4331809041608233,0.4223257976068768,0.7708508548660661,True,102
209.971582,92,456.618954,0.22252513075348798,0.22252513075348798,0.4360260186818923,0.8572145262899994,True,92
160.700632,75,456.98012,0.2025254494816544,0.2025254494816544,0.42950414163988937,0.8688024766562551,True,75
327.240466,105,457.078856,0.45601344758797724,0.45601344758797724,0.43229475061670675,0.7166266871422284,True,105
217.027658,94,457.16145,0.45203491007926044,0.45203491007926044,0.4356209774399587,0.8018700943345249,True,94
252.569243,91,457.224312,0.2645189164497533,0.2645189164497533,0.4192141802452732,0.7659310424203049,True,91
160.505513,107,457.300177,0.5249395646667323,0.5249395646667323,0.4303638425516812,0.9365831905353539,True,107
201.442448,102,457.370905,0.5197366961763585,0.5197366961763585,0.42571026594472255,0.7416858193977953,True,102
181.17281,93,457.442566,0.4747933976589117,0.4747933976589117,0.4252055206115312,0.6159923176375043,True,93
162.548038,81,457.503547,0.18656678407962368,0.18656678407962368,0.41922031302991863,0.9139216799548796,True,81
243.115489,80,457.559358,0.34394989069494564,0.34394989069494564,0.5798706745772061,0.4468377788032933,True,80
269.247219,125,457.651453,0.6451779866150069,0.6451779866150069,0.43231698326674806,0.7336001632746606,True,125
193.016422,91,457.71787,0.48593109267087387,0.48593109267087387,0.4163139117824251,0.4858940113108021,True,91
234.362182,104,457.79698,0.4678793753482115,0.4678793753482115,0.43487456011692627,0.7241980009674621,True,104
258.655233,87,457.861564,0.29542832315868656,0.29542832315868656,0.4318721361877682,0.9930301410038157,True,87
275.022816,95,457.931326,0.3406540569364054,0.3406540569364054,0.4271903525121163,0.6628771355917495,True,95
246.91367,111,458.014807,0.3197006164243044,0.3197006164243044,0.4245652319035139,0.9445337713793409,True,111
201.557142,104,458.091493,0.36536752216890755,0.36536752216890755,0.4186429805427581,0.554050606828949,True,104
323.460444,95,458.160879,0.3332555239650332,0.3332555239650332,0.4280170113809637,0.8781724790766176,True,95
313.552691,90,458.224659,0.36795846166840407,0.36795846166840407,0.43560835170301765,0.8966237225134746,True,90
287.379684,107,458.302549,0.3088656609673603,0.3088656609673603,0.42330195892663014,0.8428582541296974,True,107
280.347085,117,458.390514,0.4692551239698319,0.4692551239698319,0.42728298793850095,0.900230626622412,True,117
249.049236,110,458.469682,0.49276203164862853,0.49276203164862853,0.44358603619794895,0.44197879730317546,True,110
285.584162,91,458.993437,0.3259248980133651,0.3259248980133651,0.4339843821790199,0.7836818718084444,True,91
253.215282,82,459.063753,0.27194625453652915,0.27194625453652915,0.42055691865064304,0.7973774703465586,True,82
281.17134,95,459.1595,0.3003491874212553,0.3003491874212553,0.42579959510149296,0.6057603989645345,True,95
293.650385,111,459.238134,0.5409960619772072,0.5409960619772072,0.4251612056453783,0.4557206219078705,True,111
275.818999,84,459.321654,0.3273479680370507,0.3273479680370507,0.42369848492154166,0.8007953472803541,True,84
271.597544,100,459.392563,0.3658679800239412,0.3658679800239412,0.4274033354043752,0.9634892651587488,True,100
242.925043,82,459.448854,0.27294183575782105,0.27294183575782105,0.4334405473861171,0.9490178101461619,True,82
280.956895,91,459.509271,0.3160085875419054,0.3160085875419054,0.42165074230646205,0.4490500031425031,True,91
230.84652,110,459.587349,0.5087505615946182,0.5087505615946182,0.41806221424233253,0.8919987268227269,True,110
263.946843,106,459.661094,0.5339872222219445,0.5339872222219445,0.4264954027811948,0.9602940639549911,True,106
224.790613,95,459.728757,0.46843728205646434,0.46843728205646434,0.5016738240869834,0.43931926053390014,True,95
226.560627,102,459.804672,0.5351108697251656,0.5351108697251656,0.43169251277141385,0.7762610559104509,True,102
268.819882,117,459.887759,0.6094074662811269,0.6094074662811269,0.42063527194245426,0.8627694639146489,True,117
255.383608,87,459.951353,0.3312735949063323,0.3312735949063323,0.4267944912531136,0.8766596581008725,True,87
192.317633,97,460.016657,0.5300180155082025,0.5300180155082025,0.4357025432229041,0.7206386890496799,True,97
204.101168,88,460.077438,0.35263395548124044,0.35263395548124044,0.41841294117989586,0.5291765074805107,True,88
207.581593,86,460.141925,0.3046951839253847,0.3046951839253847,0.6261966076313846,0.42640357056922296,True,86
243.238088,98,460.210624,0.24989214723785091,0.24989214723785091,0.4231746696609151,0.9816392515881653,True,98
230.754053,92,460.277972,0.4863817390816017,0.4863817390816017,0.4318233212213553,0.826656123047273,True,92
192.453174,102,460.353957,0.38845091865644543,0.38845091865644543,0.4304875814715455,0.8757062889557379,True,102
230.910814,90,460.420111,0.44584869288449963,0.44584869288449963,0.41771575021647755,0.8254163085510914,True,90
260.560111,98,460.901725,0.3036477547385013,0.3036477547385013,0.420427800433315,0.8373842139663024,True,98
222.794495,90,460.987031,0.4828155441260839,0.4828155441260839,0.4272687349930939,0.7127331028952867,True,90
304.365208,91,461.07889,0.3339264192726003,0.3339264192726003,0.4349362580232848,0.7617473595648684,True,91
255.608097,79,461.136442,0.2805081925831425,0.2805081925831425,0.4358757763208806,0.6809825956572236,True,79
261.464258,114,461.215713,0.619617022411268,0.619617022411268,0.42847147900589055,0.7740943004553413,True,114
219.471442,104,461.286864,0.4363601439345956,0.4363601439345956,0.41581023761258884,0.9125763572053656,True,104
190.963351,99,461.364741,0.34517222013543436,0.34517222013543436,0.42124875845417464,0.8623852748775869,True,99
287.856632,114,461.446261,0.30048037582710063,0.30048037582710063,0.421971767942946,0.8390989694391209,True,114
267.814129,104,461.521091,0.4861537300660372,0.4861537300660372,0.43180451446018514,0.752387677183591,True,104
237.183627,92,461.587854,0.4278510252448014,0.4278510252448014,0.42484480692819904,0.7336706124590683,True,92
214.319978,77,461.64302,0.3507917221381258,0.3507917221381258,0.5707251936124073,0.4499279234506741,True,77
310.930747,103,461.717031,0.3083573756385055,0.3083573756385055,0.42523006055302426,0.5324392538032364,True,103
235.692536,97,461.787311,0.4803236681006822,0.4803236681006822,0.4254249148751426,0.7550189115754421,True,97
215.428198,91,461.854945,0.28831205323102316,0.28831205323102316,0.43119523173455476,0.9285224265501958,True,91
225.36538,83,461.916755,0.27303865591015625,0.27303865591015625,0.4356479025955317,0.9532940238341936,True,83
206.52403,92,461.986786,0.5232008628555808,0.5232008628555808,0.43410087264186353,0.7659436243815804,True,92
247.416056,88,462.050529,0.26733154563907746,0.26733154563907746,0.4166138878407979,0.8486404785680487,True,88
288.931485,83,462.11208,0.33990847916536227,0.33990847916536227,0.41964975100634955,0.877778157962144,True,83
274.393334,110,462.191728,0.616260896344372,0.616260896344372,0.42388580656138497,0.7643036343257277,True,110
234.627736,94,462.262148,0.5272450523735244,0.5272450523735244,0.42255937286603995,0.7911651678256851,True,94
226.94619,97,462.335527,0.3193956095827079,0.3193956095827079,0.5703235555023493,0.4487561263297936,True,97
278.02448,113,462.419093,0.5128192233132065,0.5128192233132065,0.43393389015901246,0.6164701980776717,True,113
213.823384,94,462.828301,0.50290471964734,0.50290471964734,0.43158002975635673,0.7446358598457485,True,94
287.715536,99,462.912277,0.35942949076791236,0.35942949076791236,0.43338473787278314,0.9071782907841053,True,99
92.07879,129,463.011755,-0.08066127093397966,-0.08066127093397966,0.4229680731131126,0.6994064303953181,True,129
203.504168,91,463.079072,0.4943076818676705,0.4943076818676705,0.42797488320026983,0.9000726181666558,True,91
247.082968,85,463.141657,0.29288456391591805,0.29288456391591805,0.4336392251691255,0.7559833852438741,True,85
215.133077,84,463.202284,0.41219872379881883,0.41219872379881883,0.4271084032206245,0.8134633325418328,True,84
205.808594,90,463.264304,0.4817236620627379,0.4817236620627379,0.43355536760810237,0.8273480119268856,True,90
228.123449,98,463.33172,0.3064761717143539,0.3064761717143539,0.43174865264257745,0.7620096302075465,True,98
253.805992,111,463.433054,0.4913452621749435,0.4913452621749435,0.5050833471535311,0.4414161729331712,True,111
272.807395,109,463.510032,0.5202392872379801,0.5202392872379801,0.4289950382420803,0.6983207202347713,True,109
254.106415,115,463.598184,0.5045190442638714,0.5045190442638714,0.4268717983303034,0.9295713098266494,True,115
238.811641,98,463.670101,0.5208890269978088,0.5208890269978088,0.42607729351809653,0.8640799907412475,True,98
227.523007,90,463.733553,0.23667760636584978,0.23667760636584978,0.42831418581439795,0.7852246501685343,True,90
85.038787,104,463.80891,-0.1739918062374473,-0.1739918062374473,0.41960461095152607,0.9782785428623677,True,104
204.745144,95,463.877192,0.40648576122882246,0.40648576122882246,0.4210593328698734,0.8311445479905278,True,95
240.309847,86,463.940435,0.2777778535256744,0.2777778535256744,0.4239027864912128,0.8010994983716595,True,86
192.790886,91,464.010045,0.19478380388496103,0.19478380388496103,0.4192485052942888,0.7178045956324283,True,91
212.578618,105,464.085515,0.6016007794313456,0.6016007794313456,0.434915970258214,0.7441550958279506,True,105
220.76375,98,464.157098,0.37106420849304955,0.37106420849304955,0.43614190294680444,0.8213501337117163,True,98
201.267376,93,464.223435,0.378987021324891,0.378987021324891,0.4303415729829112,0.8174360754127165,True,93
238.441421,102,464.292261,0.4514951189026781,0.4514951189026781,0.4341394881607132,0.7852761435613157,True,102
308.986392,116,464.786683,0.31183332443333317,0.31183332443333317,0.4327843311466178,0.9916353666080626,True,116
259.272606,99,464.89062,0.40489165640440494,0.40489165640440494,0.4200826342619588,0.9363738140789819,True,99
233.983136,94,464.959774,0.4844207636931889,0.4844207636931889,0.429576289524469,0.955164406441326,True,94
305.64501,92,465.028925,0.3530292937773671,0.3530292937773671,0.4351348463518985,0.8559341046844026,True,92
200.449208,104,465.107191,0.42908241892748994,0.42908241892748994,0.42426737276169163,0.8181870657278754,True,104
302.594735,91,465.173895,0.35382366265341925,0.35382366265341925,0.4177408906196153,0.8186695053795076,True,91
244.26229,80,465.228007,0.3388253304135261,0.3388253304135261,0.4758896792266663,0.44718181036975985,True,80
217.596785,92,465.293202,0.34424523672720847,0.34424523672720847,0.4179960026772648,0.69614530799122,True,92
229.031654,72,465.343376,0.2592043188804491,0.2592043188804491,0.6405655925812002,0.4392417141071373,True,72
242.217052,90,465.407523,0.3717358617698078,0.3717358617698078,0.42783982574639157,0.8255886018036576,True,90
167.799603,89,465.469574,0.19047422358238997,0.19047422358238997,0.42514568908543715,0.6709203507996346,True,89
189.232625,75,465.521657,0.3055139693551805,0.3055139693551805,0.4158725347418541,0.7644262113334227,True,75
156.961187,95,465.586909,0.39942408639528965,0.39942408639528965,0.46890773017716325,0.42847325860720276,True,95
164.630791,86,465.64699,0.18844206303005323,0.18844206303005323,0.42640123194478224,0.92460118891762,True,86
259.301418,96,465.71654,0.4816214362509231,0.4816214362509231,0.42877855141719823,0.6012490381728274,True,96
243.413002,121,465.800923,0.6046648734448751,0.6046648734448751,0.4359247658154428,0.9476094721774613,True,121
281.348857,94,465.872133,0.3028481133623686,0.3028481133623686,0.5919968006625648,0.43512583437059604,True,94
251.506225,96,465.944337,0.40016693819985144,0.40016693819985144,0.42986178806598896,0.6713363138879721,True,96
255.923296,84,466.004831,0.3578674508576519,0.3578674508576519,0.43033814547092514,0.6232523195814784,True,84
176.777649,92,466.074601,0.5819208156580623,0.5819208156580623,0.4320043841600769,0.9972794769460024,True,92
244.565801,94,466.142633,0.4641141404925007,0.4641141404925007,0.41781142726209547,0.7869945785623358,True,94
262.673714,80,466.201348,0.30815806468308327,0.30815806468308327,0.4230586354339001,0.6448589079472065,True,80
214.740882,97,466.574216,0.2619429528547632,0.2619429528547632,0.42728402015060063,0.8115793196245961,True,97
252.526702,96,466.671512,0.4089539039640419,0.4089539039640419,0.42745805101458284,0.560515100703975,True,96
193.356719,103,466.749527,0.4406985595568998,0.4406985595568998,0.4305518415611942,0.7588948982511675,True,103
312.938477,97,466.817703,0.32559516567227825,0.32559516567227825,0.4287468898192034,0.8665903067715437,True,97
248.330333,89,466.878965,0.3789759685027002,0.3789759685027002,0.4172286980357465,0.9371928156648126,True,89
224.633729,98,466.950899,0.41544582142246045,0.41544582142246045,0.4268735711401701,0.9682775219799356,True,98
197.72121,89,467.012821,0.20963483818038317,0.20963483818038317,0.431441621231913,0.9040175901171149,True,89
268.437216,88,467.073247,0.2911915355759912,0.2911915355759912,0.4330972018184539,0.8123633264668202,True,88
232.415699,108,467.151244,0.559652617518426,0.559652617518426,0.4260384706124288,0.8749330210321173,True,108
220.430089,103,467.227171,0.5516401126594663,0.5516401126594663,0.42226320824067165,0.7624779622604045,True,103
204.654769,101,467.301511,0.5564494728271653,0.5564494728271653,0.42732797388524774,0.8182619042379443,True,101
312.793063,98,467.371377,0.35065631461032226,0.35065631461032226,0.4294322893213125,0.8307870178008531,True,98
201.117268,80,467.429728,0.2918405380002506,0.2918405380002506,0.5334124679848938,0.44240550911142035,True,80
269.009291,91,467.511015,0.38230800830909223,0.38230800830909223,0.43426951940565883,0.7507253141289048,True,91
247.764502,81,467.571775,0.29621237554552254,0.29621237554552254,0.4335091236928889,0.8040935397020983,True,81
283.383532,99,467.647567,0.3853468224568284,0.3853468224568284,0.4306024740489412,0.8169222701762275,True,99
233.609281,92,467.715853,0.38712513409265886,0.38712513409265886,0.4288692498037512,0.9954269904974496,True,92
266.347322,98,467.788837,0.45552811821997086,0.45552811821997086,0.42802830359584904,0.8542030159673364,True,98
215.605665,93,467.856339,0.40687513519652996,0.40687513519652996,0.4219448588305112,0.925307471851762,True,93
190.130852,92,467.921646,0.46784146282832095,0.46784146282832095,0.4334020163236339,0.6310487035766358,True,92
277.925656,84,467.984751,0.30196978468238056,0.30196978468238056,0.4214962864719762,0.9738269531252595,True,84
281.200708,93,468.050686,0.3022622554861493,0.3022622554861493,0.43479126903760346,0.5841556118039384,True,93
320.864124,108,468.426983,0.4243031668869501,0.4243031668869501,0.41910645882128955,0.9552768013985823,True,108
233.899002,94,468.517295,0.4178074994402015,0.4178074994402015,0.4359428322706916,0.7250944284067724,True,94
248.808642,109,468.595553,0.27853294977135085,0.27853294977135085,0.4240690760867981,0.42922509287088884,True,109
219.811079,92,468.663745,0.2339593317085111,0.2339593317085111,0.4262505349517432,0.9174395170882912,True,92
229.277355,80,468.72127,0.27003580719134296,0.27003580719134296,0.4302724542237205,0.9882572772064178,True,80
209.489774,96,468.792454,0.5138274766528254,0.5138274766528254,0.4221026603360921,0.8983942569688488,True,96
222.398882,86,468.86773,0.42439596164528043,0.42439596164528043,0.4243570885956643,0.667562359900241,True,86
241.34271,117,468.949859,0.2635720637171173,0.2635720637171173,0.4281827116025133,0.8955164949690807,True,117
202.789262,89,469.014293,0.5076427840247034,0.5076427840247034,0.4270444410342779,0.4634194557959697,True,89
184.975514,83,469.068291,0.4222437776988473,0.4222437776988473,0.4211866530870467,0.5590121477710308,True,83
255.02671,89,469.131807,0.3521806999734815,0.3521806999734815,0.4358382949391853,0.5059708551800326,True,89
240.481032,85,469.188919,0.3903677960981727,0.3903677960981727,0.43794161566946993,0.42949630496919133,True,85
210.533183,89,469.251908,0.4234375846714619,0.4234375846714619,0.42748692587318726,0.9241440507482168,True,89
252.031921,100,469.323401,0.4766835287651066,0.4766835287651066,0.432314969982138,0.5868561748304026,True,100
277.978411,112,469.407164,0.34398157860923473,0.34398157860923473,0.42370653898403504,0.8832276703534881,True,112
235.587647,89,469.470635,0.28681191634278447,0.28681191634278447,0.4287841019431773,0.8618282370536327,True,89
259.122863,93,469.536326,0.2969793554603793,0.2969793554603793,0.4305355528000718,0.9775112399331287,True,93
224.647786,100,469.608348,0.482121615751226,0.482121615751226,0.4241931734568496,0.6909409262161431,True,100
223.556,84,469.667471,0.31623904192559077,0.31623904192559077,0.42395121674851277,0.8380484905031471,True,84
282.660784,93,469.731843,0.3776256451066446,0.3776256451066446,0.4305893316413683,0.7982046995126294,True,93
231.713121,111,469.810095,0.5377848702642773,0.5377848702642773,0.46389635848133504,0.4370561402801133,True,111
243.328126,104,470.259085,0.5095306446922512,0.5095306446922512,0.41647531567601753,0.591064503230671,True,104
230.040489,111,470.350866,0.6108178381602717,0.6108178381602717,0.433814081673981,0.812240538907498,True,111
238.229295,97,470.43204,0.3915057878080044,0.3915057878080044,0.4253892917666808,0.5421648528229033,True,97
208.440673,93,470.495343,0.477814525291119,0.477814525291119,0.4291456349300537,0.7051342994098202,True,93
215.127837,102,470.565291,0.6123361352610857,0.6123361352610857,0.42614235026153136,0.9686980850654104,True,102
225.842782,99,470.636945,0.575566701912742,0.575566701912742,0.43327812206234984,0.6339318295239537,True,99
247.703211,93,470.701202,0.43007253354993075,0.43007253354993075,0.48117358777616903,0.44079644602728413,True,93
213.807313,95,470.769134,0.4824441896574221,0.4824441896574221,0.43600731001371207,0.5399614654024363,True,95
191.481728,122,470.854949,0.5213640966810097,0.5213640966810097,0.4323509659103852,0.881160086731493,True,122
249.978688,85,470.916634,0.35345771078425775,0.35345771078425775,0.5466050805165921,0.43946308163790077,True,85
235.927808,82,470.974317,0.29467321416799835,0.29467321416799835,0.43154898950452225,0.4854838506770477,True,82
264.167502,102,471.045421,0.4221976084215329,0.4221976084215329,0.4296119511545014,0.734780749304694,True,102
240.992355,103,471.120252,0.5373369406662138,0.5373369406662138,0.4270659737026355,0.86259635584913,True,103
231.135318,111,471.203392,0.5515221497681888,0.5515221497681888,0.42176475111497624,0.5711476800347649,True,111
225.919631,88,471.26518,0.4298146769473266,0.4298146769473266,0.4260132784357499,0.7152059631723995,True,88
303.753094,97,471.331379,0.3470041460129843,0.3470041460129843,0.4200559913968895,0.8189706888268707,True,97
307.022003,109,471.408197,0.3741701390968993,0.3741701390968993,0.421171999627341,0.7885479667023434,True,109
291.326394,95,471.477517,0.33956419607873356,0.33956419607873356,0.42136862333364306,0.9385476433279292,True,95
314.635209,125,471.565688,0.5716635530334747,0.5716635530334747,0.43579844811979424,0.8866757065276796,True,125
161.864737,91,471.630608,0.5243637920979913,0.5243637920979913,0.4264415709665665,0.9135840687964423,True,91
225.308164,113,472.17384,0.6219106816777135,0.6219106816777135,0.42495294543894335,0.9717533227631167,True,113
260.88027,109,472.288166,0.42932127713477114,0.42932127713477114,0.42413165469997854,0.4994446346385072,True,109
218.617473,114,472.392214,0.6747678598884669,0.6747678598884669,0.42276439684913364,0.8494040055965902,True,114
269.634787,93,472.45523,0.4121661697284624,0.4121661697284624,0.43308369119933665,0.7771702701296165,True,93
253.889538,118,472.543968,0.41944862280235684,0.41944862280235684,0.4283166307795223,0.7868278020977008,True,118
254.872734,104,472.619566,0.39589412673046787,0.39589412673046787,0.4306033116732445,0.8102818759397423,True,104
301.826502,100,472.690602,0.33912725070845173,0.33912725070845173,0.422224512949102,0.7545748430216482,True,100
244.276161,88,472.756644,0.3630898271529429,0.3630898271529429,0.5713035787031647,0.4373295816640263,True,88
233.140144,99,472.826546,0.4837207304639831,0.4837207304639831,0.41681470022989586,0.8092659697068627,True,99
304.545653,125,472.920731,0.5466701894116021,0.5466701894116021,0.4232004947401812,0.7863711691501913,True,125
209.606627,99,472.993176,0.4832152229386939,0.4832152229386939,0.4331558260563225,0.43848766090784846,True,99
236.021781,108,473.071065,0.5143714351160343,0.5143714351160343,0.4260502463266661,0.9182527666194573,True,108
260.94553,112,473.153271,0.559615210510372,0.559615210510372,0.42272259261586276,0.5438070780275331,True,112
235.075698,97,473.222656,0.42382366928400955,0.42382366928400955,0.41419705467891216,0.5563940099465527,True,97
233.521074,104,473.298719,0.2602286030122433,0.2602286030122433,0.6296298294301136,0.43329102930941943,True,104
215.59891,102,473.373733,0.5021338556290011,0.5021338556290011,0.43065057224663134,0.9932761565857716,True,102
202.485742,97,473.450194,0.49953630514474134,0.49953630514474134,0.4344478295221946,0.5829194741326366,True,97
337.9412,112,473.532183,0.36765830016045,0.36765830016045,0.47519639769416006,0.42878524896580655,True,112
295.457534,96,473.598174,0.40884581978227275,0.40884581978227275,0.421763796103312,0.538618885840528,True,96
270.278077,93,473.661244,0.2913250626181241,0.2913250626181241,0.4168264066060623,0.5960497338660993,True,93
263.616998,78,474.115616,0.3069210406195566,0.3069210406195566,0.43307009266489205,0.7961642782657424,True,78
240.505132,106,474.221832,0.5945712413060367,0.5945712413060367,0.4266558492603836,0.67265701596075,True,106
293.660748,88,474.310435,0.2979924113299142,0.2979924113299142,0.42614223494025544,0.6587248846214128,True,88
236.670149,104,474.382941,0.518994491960965,0.518994491960965,0.42803696801192637,0.7383946968091142,True,104
280.60377,108,474.460413,0.5725913701928325,0.5725913701928325,0.4336383291575389,0.9565891971396852,True,108
258.012383,81,474.517977,0.2704222868801102,0.2704222868801102,0.4348388616849773,0.5502255301412965,True,81
207.159535,104,474.589813,0.6177299576323019,0.6177299576323019,0.4305852372634556,0.6193509891440613,True,104
225.904778,108,474.668274,0.37538532556435517,0.37538532556435517,0.5501660560421959,0.4481797810444722,True,108
276.040485,114,474.753461,0.49000217563051235,0.49000217563051235,0.43346557957965876,0.983900234778341,True,114
231.251829,90,474.817504,0.2367725115542767,0.2367725115542767,0.42222450326603017,0.8627317399345558,True,90
264.296692,90,474.882897,0.3006290883663886,0.3006290883663886,0.4189471068968914,0.6685104943687351,True,90
252.163631,80,474.939901,0.29230870794939307,0.29230870794939307,0.5779602371668849,0.4325128846525546,True,80
256.384879,97,475.008846,0.4421248032700008,0.4421248032700008,0.43429139652175214,0.6649706198698979,True,97
172.75848,73,475.05728,0.1903435233640181,0.1903435233640181,0.43154859798755996,0.8687460222521021,True,73
247.633407,86,475.116383,0.34321672357876803,0.34321672357876803,0.4320571410098962,0.752076730922141,True,86
294.844729,92,475.185383,0.3255169568861761,0.3255169568861761,0.42438492180858,0.6102346985436548,True,92
239.902747,82,475.24151,0.3868080874459326,0.3868080874459326,0.4305526177446624,0.6928961553321632,True,82
209.340797,98,475.312012,0.5139566319170606,0.5139566319170606,0.4196655543828668,0.9203230564393803,True,98
224.427035,98,475.381579,0.40361517908183153,0.40361517908183153,0.54491671422891,0.4329803611441757,True,98
306.028975,106,475.457637,0.3847851096462993,0.3847851096462993,0.4163434273435709,0.9437646533947603,True,106
211.845231,95,475.525959,0.5133412246247461,0.5133412246247461,0.41982054193279444,0.7265601246310219,True,95
245.884036,82,475.583555,0.28715034710257514,0.28715034710257514,0.4321128233318403,0.5249516696572633,True,82
257.85744,75,475.983965,0.2708737385266868,0.2708737385266868,0.4360906459306767,0.9313880662663576,True,75
201.446796,79,476.055006,0.2317110992894828,0.2317110992894828,0.6117820565585516,0.437451748757635,True,79
202.833748,80,476.131132,0.3670280955649875,0.3670280955649875,0.429854688142334,0.7323994634920958,True,80
265.554096,85,476.201126,0.3523240539295849,0.3523240539295849,0.420214954161363,0.4786078898734538,True,85
229.673029,99,476.269967,0.2711484883101392,0.2711484883101392,0.6370954251506303,0.44186001374359457,True,99
223.109508,94,476.335654,0.28128361165193866,0.28128361165193866,0.42648301582934567,0.7510392332103946,True,94
202.960339,94,476.403187,0.45125113411550405,0.45125113411550405,0.42271480371836667,0.974392967360135,True,94
234.99558,113,476.48335,0.5231505164591577,0.5231505164591577,0.4267827882714064,0.6298996749593759,True,113
279.74336,91,476.54729,0.3899964980932115,0.3899964980932115,0.4197181622564263,0.5154795753191518,True,91
199.036673,92,476.612794,0.4206279682778269,0.4206279682778269,0.43488665000460663,0.772266618352729,True,92
256.552016,106,476.689519,0.36148720791904265,0.36148720791904265,0.5376604630287428,0.4350015665130906,True,106
260.653381,84,476.749305,0.2606325811325121,0.2606325811325121,0.4179094199884495,0.7956155538410374,True,84
226.189555,99,476.818457,0.2619470077524904,0.2619470077524904,0.4260950559130943,0.7630441825708045,True,99
204.330943,100,476.889408,0.5641291720209253,0.5641291720209253,0.4333133700728225,0.8917604157286708,True,100
155.132953,95,476.954511,0.17496342882991925,0.17496342882991925,0.426162778415326,0.9172412198960721,True,95
238.600771,109,477.038045,0.48144663471749455,0.48144663471749455,0.42377561612148235,0.7802552704855928,True,109
264.447786,95,477.10502,0.3114501105771466,0.3114501105771466,0.4223659365082914,0.9065572076158734,True,95
229.364876,81,477.159249,0.2528399649841359,0.2528399649841359,0.4255560130336417,0.596209897959589,True,81
252.179334,98,477.226198,0.27276142159942707,0.27276142159942707,0.4350286782822615,0.5704344375687516,True,98
275.828419,95,477.29248,0.4080113586802962,0.4080113586802962,0.4319285190443354,0.530522702089617,True,95
303.722214,107,477.366009,0.4476103863943161,0.4476103863943161,0.431796899045392,0.8021378817077712,True,107
286.682622,91,477.42947,0.35624092136435886,0.35624092136435886,0.42392380217501163,0.7785456666135826,True,91
270.250074,104,477.814015,0.4861629613664783,0.4861629613664783,0.43479947842547717,0.6344827483677385,True,104
188.946747,89,477.894423,0.45864240380175925,0.45864240380175925,0.42421873877417354,0.6464682923749908,True,89
226.391658,87,477.956901,0.4101499378358051,0.4101499378358051,0.43612377673543795,0.4746900089177584,True,87
268.653385,113,478.034066,0.5385616517256372,0.5385616517256372,0.42925074643578676,0.7841986076605876,True,113
246.579087,109,478.109039,0.6034241636212231,0.6034241636212231,0.4235345487280764,0.6648529134110771,True,109
216.267681,94,478.173953,0.530897465368641,0.530897465368641,0.4214496979742633,0.7255871097518859,True,94
235.727939,84,478.232297,0.4052179002680321,0.4052179002680321,0.42770034326738177,0.905021397879315,True,84
265.069024,87,478.292985,0.39072544835175843,0.39072544835175843,0.42389076570595197,0.884418905607992,True,87
217.242503,112,478.371932,0.5050679968788139,0.5050679968788139,0.4203342953363206,0.68963538972029,True,112
291.710638,98,478.442292,0.32256757622765425,0.32256757622765425,0.416065126334765,0.615281068175935,True,98
252.204977,109,478.521422,0.6347456503984782,0.6347456503984782,0.4265073922811496,0.8053513236035886,True,109
257.042567,101,478.594351,0.5062994638328712,0.5062994638328712,0.4167023604506985,0.5553343506208743,True,101
206.204446,107,478.677015,0.5324904057648319,0.5324904057648319,0.43529188808970604,0.9903957319979851,True,107
176.991954,104,478.750458,0.5012063723086496,0.5012063723086496,0.43559951343013553,0.9576677062937312,True,104
268.872443,113,478.831162,0.4844507205127996,0.4844507205127996,0.4201170375725552,0.8318394527264276,True,113
176.444833,97,478.904934,0.205214244579654,0.205214244579654,0.5876324705160663,0.4230332607684349,True,97
386.811644,130,478.997397,0.5695651913852628,0.5695651913852628,0.4173713431103184,0.6205171761549466,True,130
243.2287,89,479.058587,0.27254828820705496,0.27254828820705496,0.42485221875736456,0.7286504638290563,True,89
186.365962,81,479.112897,0.22382564763650595,0.22382564763650595,0.4220198047685461,0.7831059809159356,True,81
253.326745,106,479.186278,0.6141623106038351,0.6141623106038351,0.435002332789711,0.9352559109961978,True,106
231.665388,127,479.72702,0.6488659037195299,0.6488659037195299,0.43369058243978803,0.979037020917828,True,127
205.238884,94,479.816989,0.47355310918024335,0.47355310918024335,0.4284462217551575,0.8122976098672952,True,94
342.711633,98,479.896256,0.3766781407472179,0.3766781407472179,0.6093377558344246,0.446915244856203,True,98
229.14395,97,479.961483,0.488146464042155,0.488146464042155,0.45104871502046945,0.4458379841667525,True,97
294.353782,100,480.032345,0.41054498898989794,0.41054498898989794,0.43259151951493485,0.5819972015143206,True,100
292.27803,98,480.103093,0.33661687544637586,0.33661687544637586,0.4264112238394061,0.6309495437611864,True,98
239.753904,94,480.170213,0.41992114865661284,0.41992114865661284,0.42741875339536284,0.6741500708265509,True,94
265.477493,84,480.232069,0.2783130168372704,0.2783130168372704,0.4283257034583174,0.8898294545768362,True,84
254.132232,114,480.314985,0.5286745805987701,0.5286745805987701,0.43333521762664595,0.6792449445527522,True,114
351.96809,105,480.389994,0.38404279851041956,0.38404279851041956,0.4182623313094507,0.7959959889073672,True,105
256.463452,74,480.443902,0.28714822588494066,0.28714822588494066,0.6590517628029111,0.4441248328997894,True,74
268.559862,95,480.511575,0.4493081608015957,0.4493081608015957,0.43221461689643464,0.618525256887867,True,95
317.924037,89,480.574158,0.36256178633722236,0.36256178633722236,0.4200521396081791,0.8206982478098159,True,89
226.291514,93,480.638627,0.41593604159406034,0.41593604159406034,0.4360167164944556,0.60870240527009,True,93
225.07661,81,480.695467,0.3640928614634261,0.3640928614634261,0.42690023510398883,0.4592570842568311,True,81
177.294685,95,480.763536,0.5511410410715826,0.5511410410715826,0.4356169669699944,0.8257216514369149,True,95
221.289572,98,480.835913,0.42579884489808256,0.42579884489808256,0.4192697201541125,0.8388793314446976,True,98
270.08232,80,480.894369,0.2833314111847892,0.2833314111847892,0.4310953350504056,0.7941425829938794,True,80
266.68237,84,480.95406,0.3279043433325566,0.3279043433325566,0.43582450006729484,0.7521844070943415,True,84
226.787755,89,481.018905,0.33537806451711727,0.33537806451711727,0.6108783232983884,0.44162438413503036,True,89
246.432688,78,481.076814,0.32594139202754063,0.32594139202754063,0.4904648217229904,0.4265454600492529,True,78
263.167562,85,481.144294,0.28785495352933943,0.28785495352933943,0.6414502722857056,0.4306326907196941,True,85
186.735198,66,481.192352,0.27025030901997665,0.27025030901997665,0.5470526815080704,0.43387278754588576,True,66
237.918168,82,481.630075,0.2845228028042587,0.2845228028042587,0.42015029599858844,0.6864555459213462,True,82
233.01032,84,481.711815,0.34885919048189906,0.34885919048189906,0.48539615717649187,0.4402346478182492,True,84
276.959868,94,481.788045,0.33807592208429077,0.33807592208429077,0.5377735879783611,0.44215984342267106,True,94
209.110889,84,481.844614,0.368098346263588,0.368098346263588,0.43097320505025394,0.5778011017401911,True,84
242.159414,115,481.927063,0.6940335236145967,0.6940335236145967,0.4310181211224748,0.8554715002950614,True,115
171.239008,107,482.004823,0.6871525133525762,0.6871525133525762,0.4276052463470552,0.9755208812240013,True,107
269.469341,83,482.064631,0.31498433596661274,0.31498433596661274,0.4339951095087258,0.866965782107144,True,83
272.419214,97,482.137534,0.32568731358475767,0.32568731358475767,0.4215879649553338,0.7362565653872623,True,97
236.761035,86,482.199508,0.364925709268015,0.364925709268015,0.5458979641944347,0.437118707632351,True,86
214.498651,88,482.263333,0.4322922882634791,0.4322922882634791,0.4226429847547103,0.7993763192385797,True,88
253.080577,91,482.327952,0.34878067010570546,0.34878067010570546,0.4937382786961224,0.4482800743956746,True,91
283.288995,86,482.388869,0.35645180437270896,0.35645180437270896,0.4232703542025512,0.7824365349890312,True,86
168.378994,75,482.44255,0.20100852788887258,0.20100852788887258,0.4184329737391284,0.8779113141432815,True,75
324.118175,97,482.511466,0.38334701201597954,0.38334701201597954,0.4333516919532835,0.679905412628615,True,97
168.739189,64,482.559788,0.19563296246475176,0.19563296246475176,0.6955782231542513,0.448436939309028,True,64
224.680338,113,482.638078,0.5641778516559106,0.5641778516559106,0.42760919900392363,0.967101523641427,True,113
249.517608,99,482.709173,0.4831675164117173,0.4831675164117173,0.4211722893751827,0.7532392099396433,True,99
237.60648,97,482.779782,0.2624841393291429,0.2624841393291429,0.6336856732052558,0.4400644825529173,True,97
262.344917,123,482.867551,0.5957216296077555,0.5957216296077555,0.4231366377555849,0.668555897462453,True,123
232.833056,93,482.937463,0.47538214048903593,0.47538214048903593,0.4197076351396654,0.7145421903935347,True,93
207.344988,97,483.009964,0.548562906982091,0.548562906982091,0.4356245610531993,0.7481523490954068,True,97
297.51961,92,483.077455,0.35879489039294055,0.35879489039294055,0.4357481489793177,0.9254205507579896,True,92
198.534751,94,483.53818,0.5420935143570141,0.5420935143570141,0.43496665245860605,0.8409548343701811,True,94
253.732439,99,483.616617,0.5460656317846975,0.5460656317846975,0.42640590066566525,0.5933241958195944,True,99
283.723214,94,483.685769,0.33689668818659513,0.33689668818659513,0.43023645888804185,0.9169249811920479,True,94
205.705599,106,483.781194,0.6025899385783752,0.6025899385783752,0.4260501707921595,0.8614833834565564,True,106
227.361339,95,483.848589,0.4373046516592512,0.4373046516592512,0.4490482570327976,0.43911740242868746,True,95
241.636431,101,483.91856,0.558515381589826,0.558515381589826,0.43336736196903297,0.8838789661052401,True,101
284.882289,119,484.00297,0.49004282955209155,0.49004282955209155,0.4760112733244834,0.43848944095008713,True,119
240.472656,91,484.067139,0.4183307306470742,0.4183307306470742,0.42483544284952074,0.6662378198508142,True,91
274.492788,105,484.139649,0.2744975566850862,0.2744975566850862,0.4280904332237091,0.801123422274959,True,105
172.148949,91,484.204567,0.5438397095446904,0.5438397095446904,0.4293629558595143,0.7515939542555056,True,91
230.688319,101,484.27714,0.5724378146392001,0.5724378146392001,0.4332416861363195,0.9849130439775761,True,101
261.77749,112,484.355771,0.5290552936129012,0.5290552936129012,0.42034524551959485,0.6193803033882688,True,112
216.044727,105,484.435989,0.5880632985591696,0.5880632985591696,0.42158533031024553,0.8470593447289021,True,105
234.21951,94,484.505715,0.23997534282082494,0.23997534282082494,0.43465412343491194,0.753998497879989,True,94
203.33299,93,484.569964,0.5091232884381651,0.5091232884381651,0.4217691213075304,0.6421200774962916,True,93
209.510483,90,484.634294,0.46785980042811326,0.46785980042811326,0.43395862651442,0.6649088634371214,True,90
273.449444,108,484.714107,0.4922418089106974,0.4922418089106974,0.41767796448721684,0.6155024218292279,True,108
256.04737,107,484.793792,0.5566777276061461,0.5566777276061461,0.4359587704560709,0.9527626979250952,True,107
191.293239,106,484.872522,0.593466669885214,0.593466669885214,0.42379272063551515,0.8306173535487675,True,106
270.281422,98,484.942466,0.4434702111732109,0.4434702111732109,0.41579121946613945,0.6645330914178874,True,98
275.097255,105,485.43068,0.4383134092393843,0.4383134092393843,0.4269284719518628,0.6630688206539351,True,105
243.414668,86,485.506946,0.3178056819193327,0.3178056819193327,0.5079276079487266,0.4493846599819315,True,86
236.81067,104,485.594645,0.5133670643191695,0.5133670643191695,0.42976212636730715,0.5712126224888742,True,104
284.245456,90,485.656837,0.31734142558835354,0.31734142558835354,0.4264626871014944,0.6217606459906952,True,90
227.366808,104,485.730005,0.5299890345995848,0.5299890345995848,0.42432161609822544,0.7690856132559245,True,104
220.352283,100,485.807812,0.45758548580108677,0.45758548580108677,0.4338095868839412,0.9358362069070323,True,100
246.150089,115,485.89359,0.5110035728699023,0.5110035728699023,0.4221408458358363,0.9213188360482484,True,115
245.380649,100,485.963108,0.2619100474328327,0.2619100474328327,0.42094555939095907,0.8216000880173628,True,100
259.663005,96,486.034621,0.41788436130508005,0.41788436130508005,0.427155564566998,0.7428873574766761,True,96
214.475299,102,486.110423,0.33959797478957404,0.33959797478957404,0.42749028340261686,0.6580575531019062,True,102
253.914368,80,486.1675,0.2717571119454043,0.2717571119454043,0.4189951073611539,0.7749524292448007,True,80
315.63952,105,486.242858,0.4597189332842884,0.4597189332842884,0.43025635732798545,0.47509012914402815,True,105
239.625114,98,486.309986,0.4944139740424089,0.4944139740424089,0.420266533559909,0.5505060639687747,True,98
284.323527,112,486.389403,0.5097388445155246,0.5097388445155246,0.4360181847747959,0.7521370809360282,True,112
240.60408,109,486.464217,0.4408702993409423,0.4408702993409423,0.42874683816787984,0.8032589624663087,True,109
283.203571,92,486.529363,0.4130628015214819,0.4130628015214819,0.4321180992461562,0.502847651678873,True,92
226.743626,102,486.612667,0.5217999377379927,0.5217999377379927,0.4270021938997325,0.7789564416069343,True,102
218.944228,96,486.685427,0.5970084769564259,0.5970084769564259,0.41729781966969626,0.9902926693465385,True,96
261.938463,96,486.754048,0.4427116814419128,0.4427116814419128,0.42776021670643943,0.7421269604072908,True,96
314.760072,95,486.821734,0.35779680045707624,0.35779680045707624,0.4219624463960431,0.7827276430183303,True,95
175.136536,89,486.884212,0.19482087698360553,0.19482087698360553,0.4181155126063353,0.7361835452125661,True,89
237.525379,80,487.359624,0.35448665428667486,0.35448665428667486,0.5396355232103673,0.4444252117691364,True,80
244.176115,80,487.428507,0.36233327564818907,0.36233327564818907,0.429070979217448,0.8564101906589383,True,80
293.72008,90,487.506357,0.4028868939811074,0.4028868939811074,0.43215395391931294,0.9132075778449282,True,90
281.918909,102,487.579027,0.4366972496599602,0.4366972496599602,0.42904951611187386,0.9506375253364912,True,102
189.328766,87,487.64205,0.442317504429854,0.442317504429854,0.43554643067967486,0.9157629158295824,True,87
259.643325,95,487.708207,0.4085910887489309,0.4085910887489309,0.4319105253460745,0.5792616345905559,True,95
280.614442,99,487.779208,0.46454563375964103,0.46454563375964103,0.4205481222673885,0.8104778161437408,True,99
121.9491,132,487.868906,-0.13100206929398908,-0.13100206929398908,0.4250470678529175,0.5860582516660612,True,132
301.654293,101,487.936917,0.34001625018478415,0.34001625018478415,0.4167465938461161,0.6679331234551344,True,101
192.77303,104,488.007954,0.6288532369264473,0.6288532369264473,0.4250530769493993,0.9602849769542801,True,104
221.685008,80,488.062962,0.3791079428940155,0.3791079428940155,0.43549847365319344,0.6998304262257342,True,80
317.106512,107,488.137791,0.32654402599600946,0.32654402599600946,0.5491723336848875,0.43193822233136403,True,107
323.329873,102,488.209038,0.465280890748529,0.465280890748529,0.5297753329990259,0.4357950004111957,True,102
202.179612,84,488.26917,0.26004007070797047,0.26004007070797047,0.5280653854230025,0.4429527057529816,True,84
237.780679,93,488.335333,0.4214339066289236,0.4214339066289236,0.41870533432021134,0.5718973220666358,True,93
266.239806,115,488.417493,0.5133526103227036,0.5133526103227036,0.43434754341537046,0.8081521085415977,True,115
299.427594,101,488.48722,0.3257508742855669,0.3257508742855669,0.4255208372974992,0.7847228417741852,True,101
268.321614,99,488.559881,0.43319491215014366,0.43319491215014366,0.4955457860246691,0.4443101628573076,True,99
264.088256,99,488.627292,0.36653689335030065,0.36653689335030065,0.42247111051105646,0.639497096606264,True,99
201.831825,101,488.696985,0.5993304985801237,0.5993304985801237,0.42683095922159886,0.5953693203203336,True,101
236.342512,89,488.757753,0.4461757540799444,0.4461757540799444,0.420327087529997,0.5261734037763843,True,89
178.457304,96,489.428557,0.4467025171332176,0.4467025171332176,0.6177520347230254,0.4418453857823478,True,96
230.706741,109,489.526181,0.5351804151957121,0.5351804151957121,0.42521383832270604,0.9062652367871724,True,109
173.926195,98,489.601146,0.3945094812273586,0.3945094812273586,0.43180816105987124,0.8137744745259928,True,98
264.292956,87,489.659925,0.3828854407029899,0.3828854407029899,0.4352119091204751,0.5591502953062943,True,87
315.003026,118,489.743053,0.46033907566827864,0.46033907566827864,0.4227450432671601,0.5716486311742792,True,118
216.967077,84,489.800328,0.4261966633403442,0.4261966633403442,0.4255111172039731,0.6636037954277266,True,84
236.31619,89,489.869006,0.43486689768594594,0.43486689768594594,0.4343862835408498,0.7430058539807809,True,89
237.745514,98,489.942824,0.4583459306052381,0.4583459306052381,0.42332300769704345,0.7538224297893096,True,98
241.455595,94,490.010086,0.35480136854914607,0.35480136854914607,0.42835770523753613,0.7589739968792862,True,94
79.493808,122,490.0964,-0.08536070702192372,-0.08536070702192372,0.41957169130821964,0.9589458289702021,True,122
229.468346,75,490.14716,0.31725045258042744,0.31725045258042744,0.41837213741934226,0.8700390856621377,True,75
171.880233,98,490.215115,0.17534777102990037,0.17534777102990037,0.4244949942421769,0.9852630275816492,True,98
212.981268,89,490.276211,0.45248371114147157,0.45248371114147157,0.42796733569562484,0.5315196071510337,True,89
242.616746,91,490.339719,0.4292906395112797,0.4292906395112797,0.41982162174623383,0.654542704595139,True,91
280.936289,99,490.409312,0.47358527555396057,0.47358527555396057,0.43581252888668304,0.5803402208359507,True,99
183.073038,96,490.476471,0.5007649897664181,0.5007649897664181,0.4288702545770743,0.7645637419580343,True,96
115.083988,117,490.562159,0.3359644481327569,0.3359644481327569,0.4308403397710124,0.5598314282566903,True,117
296.685084,122,490.645825,0.6626520870944399,0.6626520870944399,0.4255125551198204,0.6869881091288869,True,122
268.70239,103,490.718105,0.4899980161224256,0.4899980161224256,0.42166892499966424,0.6731067017499157,True,103
277.605453,116,490.797928,0.6028320927858305,0.6028320927858305,0.42006192713983076,0.7980332025698376,True,116
276.266665,117,491.476602,0.610218185957468,0.610218185957468,0.4294541819499884,0.8890766094285865,True,117
229.829683,102,491.587372,0.5102380228528989,0.5102380228528989,0.4216061967791209,0.8000059351211877,True,102
129.159917,92,491.666151,0.1447797284998767,0.1447797284998767,0.50652401720692,0.4371563453067204,True,92
201.710277,91,491.731497,0.4510134308152554,0.4510134308152554,0.4357474071216256,0.4676210024193998,True,91
244.355258,84,491.794591,0.3158770341443821,0.3158770341443821,0.43126155020036044,0.8651459587566355,True,84
240.536704,92,491.861619,0.4498758904960654,0.4498758904960654,0.42400120676194036,0.8277266150470195,True,92
326.131243,122,491.946722,0.3545255490102045,0.3545255490102045,0.41966246651652483,0.5542619511550315,True,122
163.946295,99,492.019778,0.12326485484419909,0.12326485484419909,0.42040573317605906,0.8135362765898486,True,99
206.092002,96,492.087047,0.5092441634861565,0.5092441634861565,0.4307030106902486,0.8496644509041545,True,96
203.883102,83,492.147749,0.22271211255044163,0.22271211255044163,0.5369229246148625,0.4250352527520336,True,83
212.274029,94,492.213776,0.4970506652897768,0.4970506652897768,0.430843104276199,0.817194991434101,True,94
288.770072,107,492.295179,0.45703284607574346,0.45703284607574346,0.42671982550708787,0.5596704066761435,True,107
204.969323,92,492.360209,0.4852033174314438,0.4852033174314438,0.42038545970289504,0.7554419439554042,True,92
249.804774,84,492.419933,0.3512823430579006,0.3512823430579006,0.4249809675856711,0.5611549803172435,True,84
255.152774,117,492.505,0.5728713997987097,0.5728713997987097,0.43441850857429654,0.7776906517735963,True,117
252.35329,90,492.570257,0.42767393492086214,0.42767393492086214,0.4325542989715035,0.7696687994241604,True,90
204.178433,106,492.644364,0.48554769488792376,0.48554769488792376,0.4292026848875724,0.8699537999719592,True,106
295.915513,100,492.716139,0.4230734983156542,0.4230734983156542,0.43350257418895577,0.6790427694212738,True,100
247.685738,92,492.779512,0.43226746828891893,0.43226746828891893,0.4260349116727483,0.6054116312916527,True,92
258.653728,92,492.845869,0.44315465630243167,0.44315465630243167,0.43503319394749607,0.8993951504996683,True,92
294.186279,100,492.919124,0.45690534121645543,0.45690534121645543,0.43507184164090257,0.5585582936042816,True,100
264.461327,78,493.307912,0.28386062829797776,0.28386062829797776,0.4197096404737588,0.9341136724932303,True,78
271.941376,102,493.425433,0.28098655023421154,0.28098655023421154,0.43368361000852124,0.7318093394024034,True,102
252.421789,103,493.514211,0.34956288509468475,0.34956288509468475,0.42393206727894583,0.781378324907795,True,103
263.306065,92,493.577981,0.40799554147649636,0.40799554147649636,0.4299005876146629,0.7799619734754833,True,92
193.10296,81,493.638444,0.4285441824879396,0.4285441824879396,0.43468747764429605,0.6489863682363652,True,81
213.038101,87,493.699581,0.4731487626127835,0.4731487626127835,0.43025524804325305,0.9338461508016724,True,87
227.080023,119,493.79161,0.47956637630402943,0.47956637630402943,0.4287238247058573,0.5939744965819305,True,119
242.546731,103,493.874259,0.46771361665989847,0.46771361665989847,0.4236005728587582,0.9610790056334987,True,103
273.549657,82,493.936124,0.29447811111280375,0.29447811111280375,0.6014277463168615,0.43976434450116586,True,82
226.70275,93,494.007463,0.3869596750356437,0.3869596750356437,0.4263413349696173,0.9624610738657755,True,93
221.127946,102,494.08416,0.5180774774533438,0.5180774774533438,0.42550047418183673,0.9898609752965762,True,102
211.752843,82,494.141491,0.388419404035661,0.388419404035661,0.4204173286345415,0.6018091385668499,True,82
267.608424,101,494.217073,0.38956846956071617,0.38956846956071617,0.4232742477200229,0.4702867632388438,True,101
232.851076,115,494.30268,0.5430003375770153,0.5430003375770153,0.42968490162136813,0.7380484730536293,True,115
191.585249,107,494.388277,0.21384886690149346,0.21384886690149346,0.4240758835013658,0.6466290965894764,True,107
253.030477,103,494.467671,0.5613537154716213,0.5613537154716213,0.433204130038573,0.9838991158235945,True,103
271.427073,89,494.528709,0.31049256448646007,0.31049256448646007,0.6013183655959375,0.4360266258140144,True,89
251.359379,97,494.59967,0.46858016108431716,0.46858016108431716,0.42325749664595597,0.816085597312006,True,97
226.539831,98,494.669221,0.4575448344404405,0.4575448344404405,0.434965999539485,0.78978999630177,True,98
256.532,104,494.746553,0.5044952576293752,0.5044952576293752,0.4245069773692031,0.5901089699579755,True,104
331.40075,101,494.817662,0.37065585306812243,0.37065585306812243,0.43263729789417826,0.6645577352783656,True,101
275.013396,115,495.23474,0.4658039674569948,0.4658039674569948,0.5099631306690919,0.44017566945342934,True,115
292.919309,98,495.346314,0.31235179153818726,0.31235179153818726,0.4196546535568316,0.6135492754460682,True,98
267.468,108,495.441575,0.47929327344451794,0.47929327344451794,0.43082679178682504,0.5681471365514589,True,108
309.66303,94,495.513039,0.3332918192647138,0.3332918192647138,0.4262380883877189,0.7236575205488461,True,94
248.356531,102,495.594199,0.5147289852961167,0.5147289852961167,0.4214902410001258,0.5767116788208161,True,102
350.049284,107,495.676685,0.4305722017956518,0.4305722017956518,0.43483291105038646,0.722365019894614,True,107
232.992521,105,495.758825,0.45355469744889654,0.45355469744889654,0.4353517053867819,0.5176429607640494,True,105
237.170016,99,495.836211,0.5224733545915524,0.5224733545915524,0.42596331718930397,0.7474754134576211,True,99
202.752151,91,495.901256,0.5052598962019178,0.5052598962019178,0.4184393585922285,0.8024879373209179,True,91
234.933238,115,495.988339,0.45655180617395746,0.45655180617395746,0.4202910609935109,0.7462021474966796,True,115
304.414329,104,496.066648,0.39247579809569916,0.39247579809569916,0.4201320221925181,0.8052892806801945,True,104
226.054131,92,496.134093,0.47618915597281053,0.47618915597281053,0.432429433020174,0.7680781283358702,True,92
229.591273,104,496.215505,0.44135927793784285,0.44135927793784285,0.4263827562661432,0.5048831267321221,True,104
216.39597,87,496.277456,0.4190817882721962,0.4190817882721962,0.421452683499463,0.7683718872129696,True,87
242.294956,90,496.340304,0.4059161505480425,0.4059161505480425,0.43371701962935866,0.8582564316357482,True,90
319.738127,102,496.411068,0.3808670282007047,0.3808670282007047,0.41940500396808755,0.8001574350273735,True,102
219.055576,115,496.500321,0.5919491395265869,0.5919491395265869,0.4358551889804085,0.9575979706081279,True,115
247.933029,120,496.587495,0.5436643588901191,0.5436643588901191,0.43229799869430424,0.980693828907527,True,120
222.725234,106,496.664369,0.5246526480488714,0.5246526480488714,0.4278398033174335,0.7485339525229813,True,106
270.869995,113,496.747723,0.4675954995605226,0.4675954995605226,0.4277553667997062,0.8724760831887618,True,113
256.97328,105,497.006169,0.5398513776415571,0.5398513776415571,0.49008333009149063,0.44991424329128504,True,105
298.29291,94,497.105036,0.3214939939511453,0.3214939939511453,0.43098024875385726,0.7300720693964959,True,94
193.302709,101,497.195241,0.4923147880892488,0.4923147880892488,0.43164980499060873,0.737853406793737,True,101
254.346214,107,497.280219,0.5009474460258427,0.5009474460258427,0.43545181503402786,0.7797574524575814,True,107
233.497554,97,497.352477,0.45382714355525233,0.45382714355525233,0.4285460857279859,0.5525637477798274,True,97
222.198558,93,497.425682,0.49908384962734864,0.49908384962734864,0.4321866231807501,0.9375352405367626,True,93
291.152856,95,497.506778,0.3727731441864613,0.3727731441864613,0.42465673782047736,0.7814146251761165,True,95
231.298245,122,497.602618,0.5710603350685539,0.5710603350685539,0.43295646143407773,0.9521118409178101,True,122
266.025826,99,497.694599,0.4022213962341211,0.4022213962341211,0.42869342728003684,0.463457327879246,True,99
231.264215,95,497.777374,0.5320198155922484,0.5320198155922484,0.4298077810861662,0.9819091211753459,True,95
238.185105,131,497.895024,0.2559659606257719,0.2559659606257719,0.4210786176527703,0.8543480183096015,True,131
253.564934,97,497.987429,0.4382417592106997,0.4382417592106997,0.4291373338492858,0.5976590505787532,True,97
253.119393,103,498.130344,0.4243601076884098,0.4243601076884098,0.4289308634881661,0.46880155200451923,True,103
169.646383,101,498.236764,0.4769174015313007,0.4769174015313007,0.42967857153041245,0.4976381385054146,True,101
222.548856,104,498.346762,0.6172268322482208,0.6172268322482208,0.4271202102570678,0.7527308608068685,True,104
166.223207,86,498.413273,0.178636701129688,0.178636701129688,0.42538706042543334,0.6916854068743276,True,86
199.45052,108,498.499209,0.43296526898955673,0.43296526898955673,0.4336050527013291,0.44599604369213025,True,108
225.484608,106,498.581975,0.6059014808027602,0.6059014808027602,0.42195619597903733,0.6597309046725196,True,106
296.758923,95,498.662482,0.33754801572260595,0.33754801572260595,0.4283055386105418,0.9420076576896816,True,95
271.568519,84,498.726718,0.34041340687079513,0.34041340687079513,0.4358661081173042,0.7920297258052131,True,84
234.680511,87,499.165548,0.40091125629329766,0.40091125629329766,0.5422973819974014,0.4402956218041198,True,87
283.656051,112,499.280946,0.5128480535037051,0.5128480535037051,0.43462694380231054,0.7927249137823424,True,112
235.101641,95,499.378057,0.40416536320906754,0.40416536320906754,0.42493932983350663,0.6119309300271677,True,95
259.177566,102,499.462488,0.5277695332165754,0.5277695332165754,0.4296500082476378,0.6244626485994321,True,102
212.85466,90,499.532707,0.4636595502834612,0.4636595502834612,0.43238894855916205,0.7908674249282037,True,90
284.44855,110,499.615508,0.41791434381299686,0.41791434381299686,0.42955706071560323,0.7558058270524275,True,110
217.437666,93,499.7096,0.44579908727341583,0.44579908727341583,0.41798396908615615,0.9377328252316798,True,93
233.729109,101,499.788694,0.45803518109901786,0.45803518109901786,0.41849606355106483,0.751558871100136,True,101
263.997693,91,499.858483,0.32846099297424236,0.32846099297424236,0.47381906228088266,0.44587664085935086,True,91
257.841315,91,499.925886,0.4465629072305289,0.4465629072305289,0.41694524836299923,0.5162000866573158,True,91
294.805309,100,499.999809,0.4039788055131083,0.4039788055131083,0.41548692312408636,0.65251109046341,True,100
229.052613,110,500.079792,0.5093567243006986,0.5093567243006986,0.4271927334755185,0.5175949782176051,True,110
255.758046,99,500.153049,0.261552204770222,0.261552204770222,0.43036764526272653,0.6298751804473427,True,99
170.276459,108,500.237488,0.5925939934592961,0.5925939934592961,0.4292038292360723,0.7231350353393371,True,108
199.633737,74,500.29442,0.26078930053228416,0.26078930053228416,0.6852916186176912,0.44554405859025864,True,74
202.25876,106,500.376176,0.6087018014967444,0.6087018014967444,0.4160673021371541,0.7349744431336579,True,106
226.131889,100,500.457152,0.4719329641388996,0.4719329641388996,0.4259775827626706,0.5368432185442493,True,100
216.29357,100,500.529817,0.31540464245200145,0.31540464245200145,0.4232993286450997,0.6910978057317878,True,100
226.614664,112,500.613297,0.47059761682090157,0.47059761682090157,0.42438478629668175,0.4549781702938808,True,112
237.407985,100,500.694454,0.5147532767674469,0.5147532767674469,0.4219019498169925,0.6212933864653203,True,100
350.353176,109,500.778656,0.36718049294462823,0.36718049294462823,0.5667390569283549,0.4438237711602064,True,109
262.593873,111,501.151877,0.3203970567344569,0.3203970567344569,0.5721682088315345,0.4419854905454492,True,111
215.02075,99,501.236698,0.553151618352553,0.553151618352553,0.4337032739815259,0.561449802885996,True,99
191.126891,87,501.321163,0.24631835234477775,0.24631835234477775,0.4331087633217631,0.944725073335407,True,87
230.975642,104,501.401623,0.573966820088967,0.573966820088967,0.42995701518530993,0.8452711200220113,True,104
269.546149,99,501.47158,0.2903454771241915,0.2903454771241915,0.4264146196788508,0.5410361861358876,True,99
274.125258,116,501.561769,0.5132595447563675,0.5132595447563675,0.43098311968253245,0.7100832506863484,True,116
280.789091,91,501.62556,0.4069525174431388,0.4069525174431388,0.48872544283207464,0.43988290076389075,True,91
316.635869,121,501.718046,0.4602347906745342,0.4602347906745342,0.4207234543444679,0.744434465461128,True,121
197.314951,68,501.765547,0.229869809787607,0.229869809787607,0.5766488717060868,0.4442072346093386,True,68
307.137272,93,501.831537,0.3858323477357344,0.3858323477357344,0.4281299302086687,0.7205400895076353,True,93
237.505043,90,501.899632,0.4531410271954459,0.4531410271954459,0.424592769581958,0.5706219181541301,True,90
213.997228,90,501.975259,0.45285601254426816,0.45285601254426816,0.42801814244409503,0.6792414895733482,True,90
221.972883,99,502.046372,0.5980597980213328,0.5980597980213328,0.4300464982830333,0.88745247154211,True,99
261.826224,91,502.114891,0.40330693504693627,0.40330693504693627,0.4245992025663007,0.47795670317163114,True,91
184.061617,66,502.160933,0.2847029974036756,0.2847029974036756,0.5912188372459727,0.44819183104892074,True,66
341.76177,102,502.231569,0.3760623366263239,0.3760623366263239,0.4214974916419723,0.5211274169684474,True,102
241.258315,95,502.301649,0.4978365891939247,0.4978365891939247,0.4356350854268047,0.4963940823104551,True,95
253.185192,93,502.372608,0.43122328288444384,0.43122328288444384,0.4178616108236349,0.9716104877298744,True,93
224.991651,96,502.441334,0.41675588790761103,0.41675588790761103,0.43543672119187854,0.5471903010238668,True,96
241.798388,86,502.513708,0.3878818398982249,0.3878818398982249,0.43178973732952947,0.7630090561469371,True,86
191.699198,93,502.596096,0.24834169389813318,0.24834169389813318,0.4247109940175763,0.774052378969505,True,93
224.899252,92,502.665283,0.47463875795855753,0.47463875795855753,0.4271163427964031,0.8204061160545438,True,92
305.384082,99,503.044199,0.38545670824852074,0.38545670824852074,0.4297191361433449,0.8130035732559763,True,99
217.118368,93,503.1412,0.48019073328524864,0.48019073328524864,0.42267078111611145,0.9904657982223477,True,93
204.568599,95,503.224951,0.3147872252933576,0.3147872252933576,0.6195753401896598,0.4303969747682056,True,95
174.745601,97,503.296662,0.21845256332201177,0.21845256332201177,0.4350738156252042,0.7313804885442404,True,97
251.147708,85,503.366165,0.3561793416520216,0.3561793416520216,0.41591530614194483,0.7424299449120397,True,85
246.553171,74,503.420064,0.25035911877622746,0.25035911877622746,0.6571491063439303,0.4278701002188653,True,74
291.553543,92,503.485207,0.32626590604464867,0.32626590604464867,0.42889659798848956,0.5507150288327489,True,92
190.416194,98,503.557563,0.5577775488122207,0.5577775488122207,0.43203910348813723,0.5408681537507829,True,98
224.223148,106,503.64343,0.607835737157624,0.607835737157624,0.43217502257225887,0.9749193447726203,True,106
243.967994,81,503.705283,0.31030344381089453,0.31030344381089453,0.5848979994242022,0.4470173708948847,True,81
228.448326,113,503.799173,0.5262434023311805,0.5262434023311805,0.4217381114858677,0.782226437138361,True,113
214.805181,85,503.865803,0.2717124471420231,0.2717124471420231,0.4213193511047991,0.8114207627426169,True,85
221.767571,103,503.948792,0.5112665866221331,0.5112665866221331,0.42567237054329654,0.913797196277849,True,103
132.068687,127,504.055819,0.0763114411957457,0.0763114411957457,0.4356204354382161,0.8030540536714409,True,127
265.411727,94,504.125754,0.40679654123279774,0.40679654123279774,0.4262287123034261,0.9481561983273792,True,94
257.258241,91,504.195652,0.37081311902912306,0.37081311902912306,0.5496292869727705,0.42034567475630835,True,91
283.305435,93,504.261819,0.38726433785579173,0.38726433785579173,0.432446508724234,0.5152103198383511,True,93
305.964516,92,504.330863,0.35760346416240274,0.35760346416240274,0.5289399979971543,0.4375817048154568,True,92
176.79536,99,504.400028,0.5024573758354122,0.5024573758354122,0.4762276685090797,0.4188465467852094,True,99
246.986753,108,504.478493,0.5804051444809165,0.5804051444809165,0.4340946511994602,0.6306304940491947,True,108
197.615435,92,504.54205,0.5301908086501755,0.5301908086501755,0.42381289220760593,0.5221904218876825,True,92
194.9572,96,505.061509,0.4556543354585185,0.4556543354585185,0.4345456199266345,0.806975999357975,True,96
250.960258,97,505.170642,0.3794206475287159,0.3794206475287159,0.4343443964660559,0.7917255356001451,True,97
290.099875,104,505.246471,0.44185779784618473,0.44185779784618473,0.5740795392645298,0.43391351695815117,True,104
223.497418,95,505.315819,0.478096869699647,0.478096869699647,0.41847927308668814,0.8410051976524896,True,95
228.853892,88,505.382511,0.24975915513101526,0.24975915513101526,0.5521850728524067,0.4273606960336236,True,88
341.882772,127,505.469295,0.35024745395552986,0.35024745395552986,0.42264207281017513,0.4438167232468756,True,127
296.091042,116,505.553544,0.5606615714092666,0.5606615714092666,0.42706364619997983,0.7686969068120834,True,116
198.474294,100,505.626861,0.593365830448352,0.593365830448352,0.4354744320244686,0.7280351444584718,True,100
209.281829,124,505.723339,0.5973050890311006,0.5973050890311006,0.42560382725399815,0.7911084166791724,True,124
226.036226,104,505.797541,0.31217895751372166,0.31217895751372166,0.43160254211725546,0.7522811467927352,True,104
228.124015,86,505.862073,0.26282161150082506,0.26282161150082506,0.43215314582379194,0.7685480845106764,True,86
275.198961,116,505.951194,0.5361381314905312,0.5361381314905312,0.434350097242776,0.6533706181144947,True,116
275.592785,113,506.034518,0.5320970225806465,0.5320970225806465,0.43369176542028187,0.7310078726066195,True,113
212.652331,95,506.102298,0.5141383121772225,0.5141383121772225,0.4258457574204475,0.6365464912460441,True,95
273.604853,103,506.178289,0.44271952441264417,0.44271952441264417,0.4503343792037636,0.4449454311011308,True,103
267.91215,112,506.260985,0.5385058543292477,0.5385058543292477,0.42323931447892454,0.9987980259443419,True,112
229.110741,101,506.336265,0.2656705998179622,0.2656705998179622,0.4327059276211983,0.7024931021865637,True,101
253.143931,116,506.420126,0.49098593508862853,0.49098593508862853,0.4441131468574813,0.42670546904258344,True,116
295.00213,121,506.510959,0.6182429211243479,0.6182429211243479,0.417713772759071,0.719796634297931,True,121
227.574423,89,506.871928,0.44132208399342443,0.44132208399342443,0.4296631267535609,0.6168081162109648,True,89
363.05007,111,506.990983,0.3610998474607814,0.3610998474607814,0.4229731390241727,0.8492523521647667,True,111
204.63954,95,507.070633,0.48633961116060503,0.48633961116060503,0.4239814093280267,0.5614786179783454,True,95
233.563044,95,507.137886,0.44555674498531983,0.44555674498531983,0.42283438995722517,0.9931142297764073,True,95
275.588125,105,507.212369,0.5304863430889747,0.5304863430889747,0.42935727489897546,0.826632434299996,True,105
340.831398,104,507.286568,0.40624483891753466,0.40624483891753466,0.5192791970688043,0.4287429343583103,True,104
249.608915,112,507.367911,0.5744172461170103,0.5744172461170103,0.4260000625228702,0.6439138383436851,True,112
329.167065,101,507.441546,0.399708322644753,0.399708322644753,0.43050097857051395,0.8738003891376369,True,101
208.364866,98,507.51065,0.5052273329238967,0.5052273329238967,0.42511775847265243,0.9149887125947188,True,98
296.037649,124,507.598168,0.4808228673925458,0.4808228673925458,0.4215079063193413,0.7189398353324425,True,124
212.640874,100,507.670289,0.5619823637574648,0.5619823637574648,0.41765284898382493,0.7964216941606475,True,100
233.967515,115,507.750925,0.4783428866808082,0.4783428866808082,0.43598733779500387,0.5363756382061977,True,115
285.946768,100,507.823485,0.29241205190577774,0.29241205190577774,0.426618770185284,0.8901601255296654,True,100
295.33235,108,507.904966,0.3122341543147855,0.3122341543147855,0.41580679113444946,0.7767049506090109,True,108
240.893174,87,507.966448,0.3011559634623744,0.3011559634623744,0.4354363940503331,0.6328892978547507,True,87
238.942053,80,508.025401,0.34846037497690796,0.34846037497690796,0.433120035592631,0.9379118012295642,True,80
219.166861,113,508.106759,0.560664355897631,0.560664355897631,0.43272672169671783,0.7107849254136825,True,113
258.316673,101,508.176946,0.44727757841250354,0.44727757841250354,0.43226728745980925,0.43156531293999334,True,101
243.309232,94,508.245196,0.5070812313610108,0.5070812313610108,0.4237911155374738,0.8667625782148717,True,94
234.126623,112,508.32426,0.5454550511722147,0.5454550511722147,0.42454138005226455,0.6267153872432067,True,112
168.046534,107,508.740365,0.20268837170303092,0.20268837170303092,0.4256230615231602,0.8120824925675372,True,107
275.008946,103,508.842509,0.3972128720425877,0.3972128720425877,0.4328087081632508,0.8249951520794683,True,103
271.572245,102,508.926594,0.39151707749780845,0.39151707749780845,0.47868115354677077,0.4381522798076971,True,102
221.088333,86,508.984333,0.42189776350601016,0.42189776350601016,0.5007902399034105,0.4351805996420085,True,86
338.152256,103,509.056937,0.36657429470160197,0.36657429470160197,0.4160465303196821,0.5998960029397457,True,103
301.1395,90,509.11996,0.31475553957958985,0.31475553957958985,0.42796636261022397,0.670815169717044,True,90
235.443645,100,509.190197,0.3722568261293989,0.3722568261293989,0.6014100293375247,0.44462015142000916,True,100
214.290939,93,509.257495,0.4112785949753913,0.4112785949753913,0.4259704067331963,0.9810977082811608,True,93
324.363256,98,509.32922,0.37236125322161806,0.37236125322161806,0.42822156032179914,0.9976096844464761,True,98
246.423376,105,509.409511,0.6003054813624232,0.6003054813624232,0.4241282388925183,0.9601082701698114,True,105
226.605655,94,509.480693,0.434230006487992,0.434230006487992,0.42423613897103757,0.9351383578964888,True,94
199.968463,96,509.553035,0.542530314262825,0.542530314262825,0.4234029230229409,0.9037579186338258,True,96
294.807719,108,509.633427,0.5355027655367375,0.5355027655367375,0.4342774553280358,0.7619528547342943,True,108
216.822801,102,509.710563,0.47639963375331157,0.47639963375331157,0.41911606655185746,0.5022086495408573,True,102
324.7992,108,509.789284,0.403757064642367,0.403757064642367,0.5062480486184033,0.44026177419848933,True,108
240.328796,91,509.856963,0.4321190181230084,0.4321190181230084,0.4208331842583023,0.5334727241622608,True,91
333.604903,119,509.947926,0.40691482766628934,0.40691482766628934,0.42685591789541555,0.9887899045630286,True,119
317.785459,92,510.017513,0.3434438106375197,0.3434438106375197,0.4338308514546776,0.7341575278593826,True,92
178.185013,89,510.084798,0.5934992178854193,0.5934992178854193,0.41679863795632693,0.8174126725955111,True,89
188.179588,91,510.149774,0.5094278879609127,0.5094278879609127,0.423218785453849,0.5915075410671644,True,91
258.673107,105,510.227371,0.5462997313144026,0.5462997313144026,0.4292146719141992,0.5638021593884519,True,105
235.675688,110,510.659028,0.5149247648763963,0.5149247648763963,0.4303930273502641,0.6179316794361376,True,110
221.742845,107,510.765157,0.6257996726105998,0.6257996726105998,0.4280380000067426,0.900136919443336,True,107
284.724757,93,510.835199,0.3342630184850324,0.3342630184850324,0.42870329760235143,0.5557286855645652,True,93
258.703693,111,510.913233,0.5799829572250472,0.5799829572250472,0.4353084740603888,0.6673944883620484,True,111
266.27604,88,510.977257,0.27189753578720327,0.27189753578720327,0.6040234976963521,0.44713757503323687,True,88
326.29825,124,511.068437,0.6265253877181133,0.6265253877181133,0.4283244917550154,0.5768742744986832,True,124
193.490941,87,511.128367,0.22755629680112816,0.22755629680112816,0.5947543123870611,0.42444578921645515,True,87
379.938226,119,511.217041,0.4033927735831847,0.4033927735831847,0.42295367593526606,0.6455531224333098,True,119
222.240531,100,511.295441,0.4306480148147151,0.4306480148147151,0.43184949683352647,0.9409918578214783,True,100
268.353354,82,511.355674,0.3034417125780433,0.3034417125780433,0.43245885754706453,0.5970343452098261,True,82
184.224052,101,511.428876,0.5793944502182191,0.5793944502182191,0.4173041883621603,0.6333115598276212,True,101
427.036127,132,511.530272,0.49807057947040817,0.49807057947040817,0.4229087232088822,0.9861687883442098,True,132
251.528981,100,511.601977,0.49210464362426554,0.49210464362426554,0.4303789784888416,0.6479239412756109,True,100
273.433708,110,511.681737,0.4811326669288784,0.4811326669288784,0.42033888698928623,0.8210291168905957,True,110
236.472112,112,511.763505,0.6547296321418608,0.6547296321418608,0.4272811315220809,0.8556728156148828,True,112
308.752424,96,511.831225,0.3390078088713725,0.3390078088713725,0.42839367103680825,0.5911636232706137,True,96
243.883743,83,511.887864,0.27142409564795256,0.27142409564795256,0.6743660144600402,0.4411594617483233,True,83
294.7749,103,511.962268,0.4185489600196027,0.4185489600196027,0.4355878322918428,0.8274328547249455,True,103
281.870154,94,512.03141,0.31904175771834764,0.31904175771834764,0.4303527687344776,0.7588218683293734,True,94
230.789877,100,512.102196,0.561021240070585,0.561021240070585,0.4222039754060054,0.5520757980461546,True,100
204.070877,94,512.628368,0.23347955830672248,0.23347955830672248,0.6055796383652262,0.4481626197330119,True,94
197.720761,84,512.720543,0.4293526228164405,0.4293526228164405,0.43573637917883196,0.56740112497633,True,84
180.115442,92,512.788787,0.5473174903560262,0.5473174903560262,0.41678240510732456,0.8486284953432047,True,92
236.995984,94,512.855082,0.46010706109592453,0.46010706109592453,0.43426184533323536,0.5834889292771817,True,94
281.335912,108,512.934899,0.491807259686867,0.491807259686867,0.41737547358483884,0.9676677402560153,True,108
268.848532,117,513.023978,0.5387587253405619,0.5387587253405619,0.42133866144558757,0.7623386765288427,True,117
258.533962,95,513.099326,0.376060666414542,0.376060666414542,0.4213188267099095,0.7600060023012636,True,95
236.089622,102,513.175771,0.5515086102064441,0.5515086102064441,0.43460241574958464,0.9956808342546681,True,102
269.94646,120,513.267017,0.5674415690272355,0.5674415690272355,0.41990402175604324,0.7948205308357151,True,120
403.040722,131,513.369322,0.5854878221043038,0.5854878221043038,0.4224991727256014,0.9176687278657132,True,131
105.038491,100,513.439541,0.031291133548367836,0.031291133548367836,0.4354820596839426,0.7523098785434547,True,100
265.0995,89,513.502909,0.34714972914560677,0.34714972914560677,0.43483296959122236,0.6191416196127832,True,89
218.932595,97,513.573766,0.48179078152549215,0.48179078152549215,0.43048447256396866,0.6431454161303674,True,97
282.893341,130,513.66787,0.5873406203988211,0.5873406203988211,0.4291846780323463,0.8516799241952625,True,130
239.335779,98,513.737653,0.4910295449037722,0.4910295449037722,0.4317156093258682,0.7721645309063725,True,98
199.105375,101,513.808557,0.5957215713002539,0.5957215713002539,0.4292414532695695,0.9538158932904135,True,101
268.775191,87,513.871458,0.35268512133620084,0.35268512133620084,0.41758959834952625,0.7221924706291434,True,87
216.585956,81,513.928676,0.38525891259184125,0.38525891259184125,0.41905828159889363,0.6308551581886008,True,81
196.239291,72,513.977336,0.36160076102722466,0.36160076102722466,0.5574991948682737,0.4455650728580333,True,72
304.09587,99,514.050421,0.4529986851424972,0.4529986851424972,0.4350739604719679,0.6549594577850666,True,99
