#{"t_start": 1790425598.958659, "env_id": "None"}
r,l,t,forward_distance,x,height,upright,fallen,episode_step
132.027757,100,1.084802,0.5521386993841754,0.5521386993841754,0.43726261973530905,0.4187786485831864,True,100
129.84659,111,1.170511,0.5848532556483352,0.5848532556483352,0.4131743558804417,0.4322009632809839,True,111
94.264252,92,1.243407,0.4492237113748526,0.4492237113748526,0.5210547850052126,0.44901941571335435,True,92
138.93159,112,1.331179,0.5749940281712357,0.5749940281712357,0.4790056484883717,0.441400132352965,True,112
156.989898,118,1.426412,0.6027514837764543,0.6027514837764543,0.4326055128184045,0.5103354758854373,True,118
134.952651,117,1.518767,0.6224749761505344,0.6224749761505344,0.4336847404804902,0.4661199137912678,True,117
156.711625,128,1.618474,0.5776520697647669,0.5776520697647669,0.42278273235895725,0.4882049444816472,True,128
148.458693,108,1.703838,0.5720548938842909,0.5720548938842909,0.4239494176713573,0.4838083791463723,True,108
134.785744,112,1.79536,0.6090116729103588,0.6090116729103588,0.42438832995880854,0.506933516703056,True,112
125.747963,106,1.876431,0.5366953732011264,0.5366953732011264,0.4230883161195455,0.41681808214828836,True,106
121.941985,110,1.958975,0.5477816346726418,0.5477816346726418,0.4319281233387697,0.4575382379577065,True,110
131.754251,103,2.03966,0.5553622906780226,0.5553622906780226,0.4231330650518341,0.5054731685580934,True,103
118.943793,108,2.127117,0.5263471932195078,0.5263471932195078,0.42787932492718406,0.44685947846744123,True,108
117.231959,110,2.222119,0.5883853229250914,0.5883853229250914,0.43434505750870983,0.4231401837616599,True,110
111.237114,105,2.298805,0.5850852070279715,0.5850852070279715,0.45886149380806285,0.4417433213730362,True,105
159.780646,126,2.398186,0.638813576935064,0.638813576935064,0.4298146912327395,0.40692198056042894,True,126
110.284412,109,2.480894,0.5695383534314415,0.5695383534314415,0.4452089924838022,0.4466301097379171,True,109
143.316853,114,2.576084,0.6243533865661954,0.6243533865661954,0.4329003267858407,0.42121027530883465,True,114
126.395736,105,3.536941,0.5445191176283061,0.5445191176283061,0.4216074201910187,0.44840728375566286,True,105
67.094553,96,3.655027,0.5493085752186335,0.5493085752186335,0.4220936656971809,0.4301346156755268,True,96
134.607888,116,3.765044,0.6274902426555806,0.6274902426555806,0.42837225728074624,0.4315866030136494,True,116
152.59275,116,3.859774,0.6003700454239707,0.6003700454239707,0.4624032210826225,0.44404117639639046,True,116
92.126248,110,3.939924,0.5812037561959866,0.5812037561959866,0.42659963724756644,0.4158880497382465,True,110
150.852625,114,4.029214,0.6169852556105591,0.6169852556105591,0.4314948601304571,0.48530427497556383,True,114
116.342258,105,4.115152,0.554265258750745,0.554265258750745,0.42043810373458645,0.44104279044405836,True,105
134.85707,106,4.196084,0.552591922899252,0.552591922899252,0.41602956993649154,0.47364218897656685,True,106
170.147131,111,4.283637,0.5559210629454889,0.5559210629454889,0.4263018167002658,0.4971034743392305,True,111
114.66921,109,4.37218,0.5665044043445661,0.5665044043445661,0.4437671223114254,0.436015216053827,True,109
179.892667,117,4.465856,0.5655971679242259,0.5655971679242259,0.4222932838100443,0.49746358628648846,True,117
152.123319,115,4.555203,0.552919968145638,0.552919968145638,0.435462415539117,0.4405785246957536,True,115
140.175255,110,4.638703,0.577752318308402,0.577752318308402,0.4325172466244243,0.49731945628506363,True,110
138.376691,108,4.727849,0.5738289490412432,0.5738289490412432,0.4605860503060279,0.4396508059313047,True,108
132.380354,111,4.82033,0.5747574136495196,0.5747574136495196,0.4223394043257407,0.47278813143773135,True,111
139.227075,106,4.901446,0.5428940690813813,0.5428940690813813,0.4307246309392023,0.4426687135445649,True,106
211.258421,137,5.007001,0.6125086488001164,0.6125086488001164,0.43238679025019605,0.4832397528948752,True,137
167.367175,119,5.097803,0.6131480045631347,0.6131480045631347,0.4303117874517215,0.4927621874086421,True,119
118.744704,106,6.078182,0.5960796435313908,0.5960796435313908,0.41756577965190744,0.46552289333440783,True,106
149.011187,119,6.241161,0.6014945605817349,0.6014945605817349,0.4216762465741373,0.5027838059842816,True,119
110.870454,101,6.328899,0.5144284966844931,0.5144284966844931,0.42764245376085896,0.4708639884229255,True,101
124.686298,110,6.41005,0.5916944848485044,0.5916944848485044,0.4311292762637172,0.5135798067376214,True,110
104.318126,107,6.492398,0.5647052463857857,0.5647052463857857,0.43455342651220685,0.4558599946553943,True,107
160.995969,120,6.590862,0.5240554027321892,0.5240554027321892,0.4326174746216874,0.4532019296059248,True,120
115.756885,114,6.682275,0.590663907095402,0.590663907095402,0.43429321954238603,0.4392544287837231,True,114
175.914389,113,6.770977,0.5629132466073433,0.5629132466073433,0.45997103800525607,0.44689606684846456,True,113
131.839291,109,6.855798,0.5857297712330742,0.5857297712330742,0.4211247664454263,0.4599351273218278,True,109
138.514234,112,6.941862,0.5553653056014763,0.5553653056014763,0.41931468018374957,0.42219961069523676,True,112
143.723351,109,7.025989,0.6000612213522177,0.6000612213522177,0.4240211530861948,0.4767178491412824,True,109
143.676246,109,7.117907,0.6201210575144919,0.6201210575144919,0.41739592948648374,0.40587246296586177,True,109
149.80486,116,7.207888,0.590069162177537,0.590069162177537,0.4169698256881837,0.47146598031419845,True,116
134.540912,104,7.288985,0.5265485964454063,0.5265485964454063,0.4797429049050421,0.44914566965111613,True,104
138.72849,116,7.375991,0.590334665545219,0.590334665545219,0.42133814102932216,0.4218452274393347,True,116
129.436118,106,7.459992,0.5571677311933444,0.5571677311933444,0.41974255755345724,0.5879562221113852,True,106
156.041624,114,7.548842,0.5795017882226037,0.5795017882226037,0.44157625342467277,0.418610714521074,True,114
136.522691,106,7.631627,0.5606545128054039,0.5606545128054039,0.4273796900555724,0.5072855130687633,True,106
136.650002,108,7.714425,0.5664547098966948,0.5664547098966948,0.4194144159529075,0.4383895352250597,True,108
111.998006,110,8.76314,0.57048957888268,0.57048957888268,0.4301222775945796,0.5103544224307753,True,110
139.193137,136,8.90696,0.5976774044789742,0.5976774044789742,0.42770642900472966,0.5045645674781313,True,136
107.708682,98,8.98823,0.5305706862368172,0.5305706862368172,0.4176295536886991,0.5124610179554117,True,98
154.932377,130,9.087353,0.6264043198048125,0.6264043198048125,0.42392235527100747,0.4569992140699766,True,130
155.607517,103,9.166172,0.5590097306099341,0.5590097306099341,0.4299182011749591,0.4598204171461335,True,103
115.261232,104,9.248656,0.508273082368965,0.508273082368965,0.43518843260032036,0.41995544469170093,True,104
114.552449,102,9.323848,0.537968275446856,0.537968275446856,0.4269850290978265,0.5335908370911029,True,102
125.241877,104,9.404715,0.595394645769137,0.595394645769137,0.4213236635512262,0.4704129594782158,True,104
116.484019,101,9.483834,0.4872855647603,0.4872855647603,0.43590187654339346,0.4894337824665855,True,101
132.823078,99,9.560627,0.5331407930981205,0.5331407930981205,0.4238063968975213,0.4255652006349539,True,99
129.283684,109,9.650818,0.6137619742656748,0.6137619742656748,0.43405712769014754,0.40829279051107453,True,109
152.067742,112,9.741145,0.5472857754980882,0.5472857754980882,0.4338936679072611,0.4456596478301186,True,112
97.907724,106,9.825669,0.5719969381240692,0.5719969381240692,0.43304615775705313,0.48776763757237696,True,106
158.826651,123,9.917916,0.6259162811752104,0.6259162811752104,0.4324980283037239,0.48581595454871995,True,123
172.073078,121,10.013382,0.5377123256709301,0.5377123256709301,0.4229904073103779,0.5105858272673739,True,121
116.896253,107,10.100111,0.563026757187654,0.563026757187654,0.42181196008283184,0.4465764497188044,True,107
94.566226,107,10.184607,0.5210890179183245,0.5210890179183245,0.43584521785314734,0.4818157314861058,True,107
127.948044,109,10.270283,0.6029213970231595,0.6029213970231595,0.430320887363393,0.43402705019005916,True,109
153.174353,116,11.277192,0.5902932178316312,0.5902932178316312,0.42629687259771765,0.5097366430083969,True,116
173.65031,142,11.414067,0.6609215734104207,0.6609215734104207,0.4368913904368357,0.44697419543875183,True,142
148.427328,118,11.526225,0.6201534316383074,0.6201534316383074,0.4240969862028862,0.43024253695160886,True,118
167.445384,117,11.614548,0.6076880351992158,0.6076880351992158,0.4441189709408077,0.449685374036835,True,117
138.107775,115,11.702044,0.5852681553630292,0.5852681553630292,0.4283830822375802,0.4529359590559122,True,115
127.114583,112,11.785906,0.5833292342489008,0.5833292342489008,0.41936983603249706,0.4245493273526926,True,112
134.9339,112,11.874199,0.5961092403605627,0.5961092403605627,0.4248191749853526,0.5296163348899519,True,112
135.517544,105,11.955135,0.528369607328474,0.528369607328474,0.4329272399872867,0.485682716099972,True,105
156.267778,109,12.04122,0.5393156171000816,0.5393156171000816,0.4589829509224178,0.4456923107560069,True,109
107.812514,105,12.12228,0.5457106935782629,0.5457106935782629,0.4620604464782506,0.41205588236454127,True,105
135.018295,105,12.198555,0.5552182151376364,0.5552182151376364,0.4162828360805876,0.4468601933309938,True,105
150.806773,111,12.284503,0.6153147441847916,0.6153147441847916,0.42166294058998804,0.4859077014003028,True,111
112.42026,107,12.366817,0.534648637269145,0.534648637269145,0.4922106787335324,0.44790273634180866,True,107
179.131902,137,12.472562,0.6858469681898486,0.6858469681898486,0.4483826597079895,0.43198538838415107,True,137
120.187068,99,12.555198,0.5528761313944386,0.5528761313944386,0.4349723810532443,0.4295504314027564,True,99
146.643024,109,12.643621,0.590376803739287,0.590376803739287,0.4225605075041831,0.47854767200287734,True,109
119.2498,105,12.722137,0.6002189183778056,0.6002189183778056,0.4339843112120452,0.47047125393576794,True,105
137.54822,104,12.803265,0.5891464071300302,0.5891464071300302,0.4345702628733976,0.5746594917022215,True,104
142.151251,112,12.892867,0.5815409909730834,0.5815409909730834,0.42277546631563445,0.42236198387486745,True,112
113.414779,110,13.865156,0.5806020028741791,0.5806020028741791,0.454948366234022,0.43974393805764134,True,110
123.000764,105,13.979756,0.5278669928682408,0.5278669928682408,0.4428166768683015,0.44463314558287104,True,105
142.385037,121,14.081047,0.5845683731764038,0.5845683731764038,0.44459767189527266,0.41857083959950186,True,121
152.379469,113,14.170594,0.627013328837537,0.627013328837537,0.438576391194227,0.4434581307780801,True,113
115.94569,99,14.247306,0.55758165251249,0.55758165251249,0.4235247387382359,0.49867990382629024,True,99
125.246371,108,14.329181,0.5318417420248954,0.5318417420248954,0.44056703532273866,0.4425072354878012,True,108
116.802671,98,14.405694,0.5361584675875809,0.5361584675875809,0.42351594155028865,0.40257649731746337,True,98
93.355884,104,14.486218,0.5326072862746233,0.5326072862746233,0.45440804227076803,0.44884213877819606,True,104
141.428322,115,14.580723,0.6096436800199618,0.6096436800199618,0.44116764423950944,0.4473405840325304,True,115
117.949585,114,14.673005,0.5638270701695782,0.5638270701695782,0.42333157206383987,0.4591039158042458,True,114
192.653599,125,14.770292,0.607512419628378,0.607512419628378,0.43580055598940387,0.5027609461068354,True,125
110.806893,116,14.856875,0.6285356593417882,0.6285356593417882,0.4301908524075107,0.43400893824540604,True,116
136.142353,107,14.935589,0.5383984429909032,0.5383984429909032,0.4274095047001587,0.45706890126742733,True,107
152.180537,111,15.019459,0.5338026289764187,0.5338026289764187,0.4325241085563433,0.46079158769443873,True,111
103.100414,102,15.103008,0.5400828381391279,0.5400828381391279,0.4305666686913911,0.512131955166935,True,102
130.400608,123,15.197349,0.6052880395042277,0.6052880395042277,0.4183323921204788,0.4703727073009064,True,123
145.017268,118,15.284904,0.5966237527796245,0.5966237527796245,0.4625235082056964,0.4242314776084449,True,118
108.734367,110,15.367782,0.5822759016695261,0.5822759016695261,0.4222268153601106,0.4277973892862676,True,110
142.571655,97,16.335658,0.40465404325828896,0.40465404325828896,0.5097752290332521,0.44544566283702486,True,97
174.346064,118,16.466143,0.598539210897855,0.598539210897855,0.42932111741638995,0.5358521067187484,True,118
111.644264,107,16.567038,0.5457484671911209,0.5457484671911209,0.4309479083975562,0.45940930144085734,True,107
136.71266,110,16.653567,0.5733813121612712,0.5733813121612712,0.47415419085844374,0.44451597778605834,True,110
120.022542,109,16.741397,0.559595232727997,0.559595232727997,0.4341752628274795,0.45998441166629284,True,109
96.23621,99,16.818633,0.5432546752615751,0.5432546752615751,0.4235690036223929,0.43965031204884825,True,99
114.815249,102,16.898076,0.49713997329274867,0.49713997329274867,0.44637478223836524,0.4458216340299616,True,102
105.348298,97,16.97566,0.4462451579204787,0.4462451579204787,0.4267199791682067,0.4388730830064474,True,97
132.857901,100,17.055086,0.5415977373471673,0.5415977373471673,0.4468038164929407,0.4197711784006048,True,100
122.25301,107,17.142839,0.5899610133638092,0.5899610133638092,0.42497602580457705,0.4476073158851451,True,107
132.238489,111,17.236845,0.5587242478095377,0.5587242478095377,0.43595887090190416,0.5354102800951949,True,111
128.050253,111,17.326693,0.5653862177289813,0.5653862177289813,0.4376363905354857,0.43670597834345204,True,111
114.314343,105,17.405571,0.5567383552578138,0.5567383552578138,0.4332022958289618,0.4374587890329432,True,105
153.103532,112,17.494405,0.6029835175798257,0.6029835175798257,0.4326788363970957,0.4184929057304085,True,112
183.352427,117,17.586653,0.6360060643661947,0.6360060643661947,0.4282180289421918,0.4158980841389108,True,117
118.302123,102,17.666977,0.5613000935961636,0.5613000935961636,0.4219468909985206,0.4900497564128746,True,102
134.84508,111,17.752794,0.5591716639076355,0.5591716639076355,0.43179686340076967,0.45275419541085954,True,111
134.722931,105,17.834302,0.5554099707011978,0.5554099707011978,0.43151790395365575,0.4962422035075637,True,105
119.625603,109,17.917074,0.5806555093391739,0.5806555093391739,0.4335945252386822,0.4443135359587859,True,109
167.130243,112,18.946188,0.5368969056528713,0.5368969056528713,0.42673375268746094,0.4525082588672874,True,112
112.879221,105,19.065848,0.5584834534933665,0.5584834534933665,0.4179844513426342,0.44130137420463417,True,105
161.183127,108,19.160967,0.5748569256390886,0.5748569256390886,0.42488793359731986,0.5007415779137069,True,108
118.398641,106,19.243878,0.5490426551535625,0.5490426551535625,0.46044688509531423,0.44357672379995405,True,106
132.910855,111,19.33194,0.5790960995622448,0.5790960995622448,0.4269084785005983,0.5657417674738593,True,111
131.513387,109,19.413763,0.5672411841049965,0.5672411841049965,0.42316168284356337,0.5250208598049332,True,109
124.970634,104,19.490997,0.542509528279632,0.542509528279632,0.4522551365891419,0.44309289860793033,True,104
107.550905,103,19.574689,0.519595249755537,0.519595249755537,0.48298830008068744,0.44958134204874745,True,103
135.19889,105,19.658973,0.5759096176604507,0.5759096176604507,0.42156261389028893,0.4143004470650911,True,105
121.07273,113,19.746618,0.6038553193317626,0.6038553193317626,0.41843388015766486,0.5342892787093733,True,113
129.33994,117,19.837796,0.5271461365454072,0.5271461365454072,0.44784626789127585,0.4446304557989276,True,117
110.437489,99,19.915576,0.5306244151180761,0.5306244151180761,0.4450021236585635,0.44836356942652456,True,99
163.096498,112,20.001235,0.5914435337020455,0.5914435337020455,0.4218712130881992,0.42137173336470163,True,112
83.933446,104,20.085937,0.587688587937534,0.587688587937534,0.42238469274994345,0.4513812518691492,True,104
134.878052,115,20.182974,0.5837201828042436,0.5837201828042436,0.44645917404979607,0.42694235712421497,True,115
146.787869,117,20.274135,0.5939835296288621,0.5939835296288621,0.44499581337853006,0.44474765164232194,True,117
130.327357,106,20.352034,0.5711968552782459,0.5711968552782459,0.42552940385322496,0.4359568080582453,True,106
133.356127,110,20.446308,0.5738086451414136,0.5738086451414136,0.4421450673843021,0.4324655346920191,True,110
112.788302,102,20.525092,0.5726493311299317,0.5726493311299317,0.4178594776933756,0.4482110198146372,True,102
137.44392,101,21.489673,0.5295141590441055,0.5295141590441055,0.42923587166745725,0.5346073598446155,True,101
140.893368,113,21.607653,0.6319570440482283,0.6319570440482283,0.4261024554710986,0.4988061047239615,True,113
119.405067,109,21.700446,0.598020765175109,0.598020765175109,0.4226931585587173,0.4075481988276464,True,109
177.522582,118,21.787881,0.5558368214798719,0.5558368214798719,0.4511270284457887,0.4373021398979584,True,118
118.318872,109,21.870372,0.5667847537626075,0.5667847537626075,0.42576909315253536,0.43808142470580835,True,109
121.112171,107,21.951352,0.6168535901002267,0.6168535901002267,0.4201280948581253,0.54167794214375,True,107
181.81163,118,22.042109,0.5819146391944159,0.5819146391944159,0.4336531756170356,0.4282023470173551,True,118
133.527302,110,22.130249,0.5703007293078622,0.5703007293078622,0.4420990585478317,0.44577710721647223,True,110
143.889255,108,22.214832,0.5315690615277824,0.5315690615277824,0.44381781654335234,0.4389281355537415,True,108
121.861551,121,22.309159,0.5934751711469389,0.5934751711469389,0.4333240997124269,0.445466383540673,True,121
123.500043,114,22.394204,0.5577304140014858,0.5577304140014858,0.4318396260952497,0.4608494824743122,True,114
124.686203,109,22.477838,0.548583800600402,0.548583800600402,0.41940554814922004,0.5033071172874787,True,109
148.583379,116,22.571638,0.6279142026386878,0.6279142026386878,0.45499360808085687,0.42103206421209444,True,116
145.101978,115,22.663204,0.5869037242887529,0.5869037242887529,0.4295119408604167,0.4466270685734909,True,115
117.62176,104,22.746811,0.5620146325022689,0.5620146325022689,0.46765418390854135,0.44499802202395816,True,104
182.534414,119,22.845227,0.6022203481722194,0.6022203481722194,0.41877100622077723,0.44157068565093943,True,119
141.76179,108,22.934736,0.5370993791012607,0.5370993791012607,0.4180538354001549,0.5000800300667536,True,108
128.939335,106,23.025064,0.5631898698821968,0.5631898698821968,0.42878727111706366,0.47526385400290877,True,106
150.053458,116,23.125575,0.593159325844855,0.593159325844855,0.4251435369576984,0.4557615681504414,True,116
156.127205,104,24.147448,0.533300278329847,0.533300278329847,0.4542828496548986,0.4371942322563618,True,104
183.23791,122,24.27439,0.6426725175784804,0.6426725175784804,0.48255836821215264,0.4484108176839258,True,122
108.789224,107,24.354299,0.5902419792983731,0.5902419792983731,0.4663895385452507,0.42045098348997184,True,107
157.711374,119,24.449229,0.623964983865038,0.623964983865038,0.43290611143382696,0.5123395303647578,True,119
138.558963,110,24.545073,0.5549441097470256,0.5549441097470256,0.42516496271590043,0.531340231522116,True,110
144.253381,113,24.62949,0.5830602015657999,0.5830602015657999,0.4311273134267513,0.46648906175990745,True,113
147.037752,107,24.710504,0.5333212117804614,0.5333212117804614,0.43434265767409364,0.4531178580751166,True,107
118.607574,105,24.789783,0.6054538430666512,0.6054538430666512,0.418823059618985,0.4525089623524625,True,105
137.332562,102,24.871543,0.519096362740956,0.519096362740956,0.43299629559333846,0.46747855306344344,True,102
166.657079,121,24.967992,0.5868183027794613,0.5868183027794613,0.4433542727275306,0.42621497041421125,True,121
146.771043,117,25.058776,0.5943094435365096,0.5943094435365096,0.4222073025722204,0.418948416151153,True,117
124.910635,105,25.146692,0.5738982487599987,0.5738982487599987,0.42119308931709076,0.45282658873734816,True,105
143.200961,106,25.229658,0.5355297393618011,0.5355297393618011,0.4303444932504751,0.5149236484927708,True,106
126.286293,116,25.322658,0.590615274372292,0.590615274372292,0.4278351741523729,0.4181988284182936,True,116
87.123334,96,25.395419,0.5336373269911004,0.5336373269911004,0.42303077072777984,0.4490918648909922,True,96
130.65247,107,25.479756,0.5489501615931939,0.5489501615931939,0.42209293137792187,0.4227762858805959,True,107
134.101277,103,25.559998,0.5102212327669478,0.5102212327669478,0.45046782749118786,0.4308988597206327,True,103
175.953021,120,25.650248,0.6129744690927765,0.6129744690927765,0.4267593944760712,0.4357396162218867,True,120
169.562189,127,26.61112,0.6185150956387492,0.6185150956387492,0.42591478485526446,0.4521708343498152,True,127
105.3649,101,26.717021,0.5090918351037441,0.5090918351037441,0.428546734451829,0.43400833327290217,True,101
154.234427,123,26.821753,0.5865123195270333,0.5865123195270333,0.4308413458910642,0.49728916825046526,True,123
186.812963,130,26.920424,0.6276183760339713,0.6276183760339713,0.4188619195671977,0.4465453785731329,True,130
78.308395,99,27.000059,0.5316141756701945,0.5316141756701945,0.4644766102770967,0.41200185201977035,True,99
103.483397,106,27.086114,0.5536878885230839,0.5536878885230839,0.44773788971299666,0.4139557692428046,True,106
132.128666,122,27.186031,0.5992525009548407,0.5992525009548407,0.4438700816568,0.4277788861889504,True,122
108.0199,105,27.267164,0.5276903215523888,0.5276903215523888,0.4215215250292661,0.4574946330290133,True,105
85.273498,95,27.342035,0.507232913771352,0.507232913771352,0.47370519992832477,0.4431324065215915,True,95
99.576589,96,27.419157,0.5092542544300975,0.5092542544300975,0.469935791846887,0.4369306029470492,True,96
131.292899,109,27.504319,0.5852751773548411,0.5852751773548411,0.42695316578397075,0.4889982236716043,True,109
135.89082,106,27.585871,0.5586545820718101,0.5586545820718101,0.4356742475900997,0.5866753665908503,True,106
102.868471,97,27.663767,0.5202141022567884,0.5202141022567884,0.43421051714643355,0.43352597090840156,True,97
122.065629,98,27.737581,0.5019272524430548,0.5019272524430548,0.46941304150378804,0.4459359748470679,True,98
150.603902,112,27.828902,0.5927577612244533,0.5927577612244533,0.43290398210705194,0.43703668083769875,True,112
144.240412,113,27.918059,0.5871153135944225,0.5871153135944225,0.432485076142662,0.41851192405171195,True,113
156.660356,115,28.008522,0.5264311376599008,0.5264311376599008,0.41504276629806597,0.4509454791382342,True,115
170.671277,123,28.108589,0.6180075482535516,0.6180075482535516,0.43345352440137896,0.4826824438784768,True,123
153.294097,121,28.214212,0.6336524133437307,0.6336524133437307,0.42559269318788906,0.5635030426804806,True,121
148.16761,110,29.272354,0.5791019556691435,0.5791019556691435,0.41942265574545773,0.4827620132236131,True,110
122.69671,107,29.407475,0.5287932784916016,0.5287932784916016,0.42015753726908467,0.4514007328052397,True,107
132.534595,103,29.52793,0.5320434154644503,0.5320434154644503,0.4531129281853123,0.4381580013466082,True,103
85.358131,100,29.630239,0.5456396420261388,0.5456396420261388,0.42895702083783416,0.43665843446004127,True,100
142.18979,110,29.741483,0.6019046003992543,0.6019046003992543,0.42671392153952714,0.4421647260285886,True,110
118.909612,109,29.847293,0.5473181798945815,0.5473181798945815,0.42305745795463606,0.4777677958025701,True,109
148.430076,108,29.93246,0.5078291780703612,0.5078291780703612,0.42898622628705424,0.4377061018074776,True,108
151.180825,110,30.017014,0.5509626898853421,0.5509626898853421,0.429464650448936,0.45636386018037917,True,110
114.575326,109,30.100502,0.5718401692829528,0.5718401692829528,0.4147323192403022,0.47141734842599503,True,109
107.780725,109,30.185016,0.5673548296010988,0.5673548296010988,0.48962014575818336,0.4321741669582771,True,109
130.215804,105,30.265418,0.5947046609964007,0.5947046609964007,0.43642565625200364,0.42248964199557987,True,105
128.416163,104,30.34387,0.5390251252178958,0.5390251252178958,0.42674942581216124,0.4363111858541532,True,104
130.387975,101,30.427371,0.549344103634327,0.549344103634327,0.4352085320202851,0.5065551764915214,True,101
181.998015,132,30.525095,0.5824625524256095,0.5824625524256095,0.4672148220588862,0.42322208848349663,True,132
128.582965,119,30.619268,0.5286456451503091,0.5286456451503091,0.46299457400553756,0.4437372299518227,True,119
121.970814,101,30.696713,0.5522867862869509,0.5522867862869509,0.434314440253086,0.5215976477264685,True,101
137.907531,104,30.775706,0.5757112714713822,0.5757112714713822,0.43706113059563534,0.44952331288068353,True,104
137.163463,114,30.865769,0.6190824595069305,0.6190824595069305,0.436086571373064,0.4668273507534825,True,114
139.354646,119,31.888811,0.5868363406793479,0.5868363406793479,0.44789576967849515,0.4278187839550781,True,119
116.491742,103,32.033093,0.5815301578185325,0.5815301578185325,0.43191600375114225,0.5191762099879023,True,103
73.510293,98,32.130635,0.5135308598241771,0.5135308598241771,0.41511435966105203,0.44117120092324974,True,98
140.447538,117,32.22251,0.5541658271157769,0.5541658271157769,0.45121714686586517,0.4224580730304732,True,117
181.690893,117,32.314671,0.6146612985254051,0.6146612985254051,0.43376273961223616,0.45094438264028835,True,117
192.81443,127,32.415064,0.6064746563420065,0.6064746563420065,0.4265514535761591,0.5022656924084419,True,127
130.931396,105,32.511287,0.5547555529026236,0.5547555529026236,0.45831265603783033,0.4450142986008139,True,105
101.316847,103,32.601233,0.5386652955472239,0.5386652955472239,0.42641540894196683,0.4303002999894185,True,103
154.716102,114,32.692316,0.566435490381003,0.566435490381003,0.42452053915604643,0.5128690868038854,True,114
165.669214,116,32.788964,0.5878662170020895,0.5878662170020895,0.4720943442280264,0.44643301592251455,True,116
120.466378,104,32.893799,0.5159424213485269,0.5159424213485269,0.432033895526791,0.5474626080208942,True,104
100.631072,100,32.996634,0.5055128567007678,0.5055128567007678,0.4277202551234046,0.4505864795067441,True,100
124.509962,104,33.098077,0.5119439696235537,0.5119439696235537,0.4363900308573628,0.4478499861083121,True,104
132.700457,121,33.20212,0.6031086016678643,0.6031086016678643,0.4295938521834043,0.4313718281864943,True,121
135.741909,110,33.291672,0.58639033870454,0.58639033870454,0.4373201049178182,0.4286362148758101,True,110
138.019222,103,33.376852,0.5934111528307324,0.5934111528307324,0.4344844607481811,0.4804430238647986,True,103
165.744663,114,33.469163,0.6040285477411602,0.6040285477411602,0.42652479614735717,0.461595734342149,True,114
140.463325,110,33.585895,0.5848991053046116,0.5848991053046116,0.42914687813711405,0.48418067805870835,True,110
140.301945,107,33.688497,0.524832919559982,0.524832919559982,0.46584516289184397,0.4399474338444815,True,107
147.087265,116,34.732728,0.5983728949499504,0.5983728949499504,0.4318017359384692,0.524768489037291,True,116
120.773916,105,34.836306,0.5525137963628197,0.5525137963628197,0.42190840832063536,0.46633700489813146,True,105
111.454604,100,34.928248,0.5386205368368415,0.5386205368368415,0.45508933207611624,0.4327747304166493,True,100
108.985661,102,35.006929,0.5352710504955008,0.5352710504955008,0.4329012755978743,0.4531402826356389,True,102
141.238491,115,35.09686,0.5797000810859092,0.5797000810859092,0.4230614457262732,0.44192796703041853,True,115
132.087065,110,35.180229,0.5668994232580055,0.5668994232580055,0.4327140142233857,0.4254334143553253,True,110
172.6031,119,35.271473,0.5984625158436168,0.5984625158436168,0.44565908754427075,0.43707876494775266,True,119
143.080303,112,35.35875,0.5696744139480807,0.5696744139480807,0.44790719018297726,0.42838392263495456,True,112
159.757752,116,35.448589,0.6131172119451713,0.6131172119451713,0.42794701252146533,0.4954454452472023,True,116
143.707994,112,35.532763,0.5798404694024104,0.5798404694024104,0.43086912201686883,0.4558923160903507,True,112
147.334171,111,35.61846,0.5720757545123978,0.5720757545123978,0.4339902075457414,0.4605128712410638,True,111
127.930447,124,35.713395,0.614489573236104,0.614489573236104,0.41977456125082824,0.4310313769837389,True,124
157.112064,119,35.803852,0.6596551359483296,0.6596551359483296,0.42665900137827756,0.4782389619303223,True,119
160.166501,114,35.892204,0.5792118697934191,0.5792118697934191,0.44591579990074115,0.44919418635533903,True,114
160.335964,107,35.975686,0.5475315350845954,0.5475315350845954,0.41874756957339865,0.458340014980182,True,107
131.849553,111,36.058784,0.5787935799226016,0.5787935799226016,0.43528197603179475,0.4047429193044202,True,111
149.281819,120,36.151607,0.6612540829229088,0.6612540829229088,0.4147099728239362,0.3939721373897049,True,120
128.442531,104,36.232895,0.539802924443203,0.539802924443203,0.4280322879840266,0.49240124778607125,True,104
147.518096,112,37.177961,0.5271310248718312,0.5271310248718312,0.4345611620216742,0.47414208541794567,True,112
126.5456,106,37.297799,0.6074984013976248,0.6074984013976248,0.460485709327167,0.44877068470019843,True,106
139.604282,106,37.405509,0.5618383504345272,0.5618383504345272,0.4329198764896062,0.4439725284047841,True,106
134.270781,110,37.494799,0.5421238646781709,0.5421238646781709,0.4359586723847885,0.48032911596599354,True,110
151.314574,116,37.583228,0.5928145106166673,0.5928145106166673,0.4289215259481246,0.5097066069700225,True,116
151.995167,102,37.661458,0.5748550135114227,0.5748550135114227,0.42343236859234135,0.4342740193456056,True,102
176.984658,124,37.757141,0.6463743948218044,0.6463743948218044,0.42222503822161456,0.4666949257746783,True,124
152.548618,118,37.854425,0.6261285914159757,0.6261285914159757,0.42891009449109196,0.457758059837021,True,118
141.350231,102,37.93263,0.4617015889855089,0.4617015889855089,0.4176628262437817,0.4650826411735849,True,102
140.49208,115,38.023944,0.5733085509091568,0.5733085509091568,0.45820538393892973,0.438451705324991,True,115
137.044859,114,38.110089,0.6326531219806668,0.6326531219806668,0.4322445827339134,0.49291882760609756,True,114
143.866776,112,38.200025,0.5176060145240196,0.5176060145240196,0.45668099100068116,0.4309819605948147,True,112
114.798257,98,38.272323,0.5647426209387056,0.5647426209387056,0.4202053086148865,0.4217430901409107,True,98
148.470061,115,38.359904,0.5430434655260021,0.5430434655260021,0.43392293118143743,0.4592528189035423,True,115
123.412038,107,38.445911,0.5711174083655215,0.5711174083655215,0.4336380462435564,0.4138342321387348,True,107
107.856836,100,38.522042,0.5399948652587441,0.5399948652587441,0.43530253402035535,0.5047309282542707,True,100
132.701087,111,38.608043,0.5423542507722907,0.5423542507722907,0.4143667050040706,0.5091387003149941,True,111
159.610064,124,38.703674,0.6365832462308189,0.6365832462308189,0.4169196185465155,0.4067191069916116,True,124
144.218787,105,38.784993,0.5114636355493003,0.5114636355493003,0.43318735694844274,0.6199382870427197,True,105
131.633716,101,39.486118,0.4960512144254062,0.4960512144254062,0.42337873897983136,0.5001879712353828,True,101
168.462724,105,39.594158,0.5633848559067236,0.5633848559067236,0.4349127563134953,0.48161856363762945,True,105
119.578765,118,39.692955,0.6223728125404686,0.6223728125404686,0.4212896452307357,0.45312269300569913,True,118
172.254711,121,39.789168,0.6176581911148721,0.6176581911148721,0.43942615510868455,0.4333150336609132,True,121
147.282596,117,39.878434,0.6018892849717183,0.6018892849717183,0.4259721289796523,0.55623818973067,True,117
119.299511,101,39.953542,0.5417513728180987,0.5417513728180987,0.43285480921232394,0.45239563231171626,True,101
154.56194,109,40.035042,0.5341619729969244,0.5341619729969244,0.47699786717493914,0.44415499002617204,True,109
131.744598,110,40.118819,0.5940460356327452,0.5940460356327452,0.43006475395186966,0.4982686327474367,True,110
163.226161,112,40.209001,0.6080371379816953,0.6080371379816953,0.41754084280549647,0.39347973694000493,True,112
135.398889,117,40.298314,0.6302677735311789,0.6302677735311789,0.4258699994867672,0.440830662751606,True,117
126.889494,108,40.382612,0.5602099434164343,0.5602099434164343,0.43582798854718957,0.5574042896251511,True,108
194.936971,126,40.484074,0.6418145724624924,0.6418145724624924,0.4315621814065539,0.4797625619296778,True,126
153.455639,123,40.578776,0.6251385590445874,0.6251385590445874,0.43649626825366894,0.4487508291887085,True,123
108.398156,99,40.654832,0.5363584164159596,0.5363584164159596,0.42911710702664607,0.4687462827922318,True,99
129.650423,99,40.732657,0.5819197181891922,0.5819197181891922,0.42234108499119005,0.45466406060883113,True,99
114.325439,107,40.816785,0.5729730089859473,0.5729730089859473,0.4313069598945803,0.4717963805433768,True,107
152.127736,117,40.912978,0.6130774246150559,0.6130774246150559,0.43444204430629874,0.47307553361342,True,117
124.704081,109,40.999841,0.5479996220445003,0.5479996220445003,0.43614144052193177,0.41291669123193997,True,109
123.738851,104,41.971224,0.5701689889535961,0.5701689889535961,0.42825360261589723,0.43378029427963616,True,104
157.972205,111,42.085551,0.5789952868797971,0.5789952868797971,0.42066004746165686,0.47496043682168204,True,111
126.533276,112,42.191691,0.592648798750579,0.592648798750579,0.44628287640252134,0.43412060701690536,True,112
138.393581,114,42.279033,0.5720400066062303,0.5720400066062303,0.4190027095666919,0.42791401028380094,True,114
97.963145,101,42.355318,0.537204074204958,0.537204074204958,0.4364839961111187,0.43455131532487057,True,101
155.185883,112,42.440816,0.5455997983658329,0.5455997983658329,0.4647342387273198,0.4173268536680689,True,112
83.663667,99,42.514219,0.5331779309745504,0.5331779309745504,0.43061962014942734,0.4616578198809029,True,99
169.580818,115,42.607728,0.5691445671751055,0.5691445671751055,0.4545827295455868,0.44574665636760313,True,115
124.785963,108,42.690363,0.5692484866116885,0.5692484866116885,0.4384283203597297,0.4423197563406766,True,108
143.790319,114,42.776915,0.5488450843870943,0.5488450843870943,0.43711362809558885,0.44670711186946715,True,114
157.365359,117,42.868958,0.6023001914881299,0.6023001914881299,0.4319013946310954,0.48437044082373204,True,117
136.731212,101,42.946585,0.525145228940224,0.525145228940224,0.4332678755066972,0.5917050210005238,True,101
127.249276,108,43.035,0.5596528708014076,0.5596528708014076,0.4169295737306647,0.4309233334645175,True,108
135.258645,116,43.127519,0.6299684052250683,0.6299684052250683,0.4212171791903624,0.4435229879500246,True,116
137.790418,113,43.21544,0.5812831649632976,0.5812831649632976,0.42345026729529783,0.4936634771385895,True,113
140.346523,115,43.303883,0.6182428070565538,0.6182428070565538,0.4207801805533494,0.436399478914142,True,115
172.368697,117,43.393749,0.6089390485851449,0.6089390485851449,0.4414069571277508,0.4288434492769527,True,117
138.968571,108,43.476928,0.5579412089188635,0.5579412089188635,0.4275676098017687,0.42989439803125934,True,108
148.026801,106,43.556489,0.5349032286552736,0.5349032286552736,0.4630592787246544,0.44011943080935406,True,106
146.537533,115,44.666886,0.576152683788126,0.576152683788126,0.42877804848074996,0.517932496287771,True,115
143.962376,108,44.800899,0.5764501810973506,0.5764501810973506,0.423704707532309,0.47510747508101125,True,108
160.229227,106,44.892624,0.538767769461515,0.538767769461515,0.4213948923282089,0.4433310618237487,True,106
133.717657,108,44.97433,0.5735305132077841,0.5735305132077841,0.4255491495352554,0.4679048013805827,True,108
165.790482,118,45.06515,0.6076769567686391,0.6076769567686391,0.4314833108808974,0.5127626360777728,True,118
145.38396,105,45.145466,0.5512626863978303,0.5512626863978303,0.4222237480325679,0.47748718219100983,True,105
130.122793,118,45.238008,0.6060083634183493,0.6060083634183493,0.41230553773149936,0.44424283760009786,True,118
144.860639,124,45.341336,0.6707238485349634,0.6707238485349634,0.42367406463701646,0.43658239522355385,True,124
140.781787,108,45.430163,0.5267718929925816,0.5267718929925816,0.42673617369535655,0.5111270620647824,True,108
166.919156,119,45.523281,0.5890088059135127,0.5890088059135127,0.4283976186836216,0.4427221148905151,True,119
112.868377,99,45.59867,0.5732449835938854,0.5732449835938854,0.4204946029857177,0.5250584273876813,True,99
209.097796,133,45.699728,0.6330650493148757,0.6330650493148757,0.4223563743866649,0.47916981445624524,True,133
159.115149,106,45.78211,0.5108766433549643,0.5108766433549643,0.4339224217300444,0.5500123515556343,True,106
180.619871,118,45.872897,0.5341454895302977,0.5341454895302977,0.4242022572550225,0.48643852052108494,True,118
118.731178,113,45.961411,0.5646736076541105,0.5646736076541105,0.45796237504899123,0.4321477170794839,True,113
99.353887,100,46.037172,0.5073135906809215,0.5073135906809215,0.433235165032481,0.5186507811862254,True,100
118.371285,106,46.122238,0.5700311621245121,0.5700311621245121,0.44106953141903893,0.42835167456365425,True,106
170.125814,118,46.209456,0.5696808621728933,0.5696808621728933,0.4303185336741965,0.5037562457029204,True,118
119.421589,108,47.233877,0.5540475422330082,0.5540475422330082,0.4317213573443432,0.4774439334255997,True,108
170.877139,126,47.379579,0.6387332625406351,0.6387332625406351,0.42632496500531286,0.4450897791179145,True,126
134.089782,108,47.478753,0.5809112471900296,0.5809112471900296,0.4233581267222381,0.42406257171620443,True,108
124.645615,110,47.567069,0.5744241074662639,0.5744241074662639,0.4258389759615877,0.5093129696186057,True,110
113.036289,104,47.652953,0.5301801241998977,0.5301801241998977,0.45657633477003895,0.44942222459595765,True,104
177.477484,121,47.752593,0.5846244040150543,0.5846244040150543,0.45665111996304975,0.41577608080732986,True,121
151.120839,112,47.852237,0.5816112845659531,0.5816112845659531,0.42937609010095323,0.46922769599489433,True,112
169.070661,114,47.950343,0.5301607389165733,0.5301607389165733,0.4673547832359191,0.41816099568739046,True,114
131.128708,116,48.039897,0.5878142615279313,0.5878142615279313,0.43458819523209713,0.43091154405317456,True,116
141.252233,111,48.12744,0.5734269560780674,0.5734269560780674,0.4269703571626645,0.5011474594920784,True,111
161.921909,118,48.224717,0.6258230817368653,0.6258230817368653,0.44015999903712294,0.43420856158414883,True,118
175.792812,126,48.362353,0.607969012230119,0.607969012230119,0.42484415848552165,0.43201462935217505,True,126
138.332116,105,48.451505,0.5168127265400826,0.5168127265400826,0.43077910374147155,0.5019125451958112,True,105
143.103013,112,48.548655,0.5408931824270176,0.5408931824270176,0.4230671092260927,0.5226255817125195,True,112
120.222784,105,48.635109,0.5450252527556022,0.5450252527556022,0.419292261542193,0.4915178993686844,True,105
138.565578,114,48.724488,0.5789823728850916,0.5789823728850916,0.41954607991831455,0.5251598915289547,True,114
157.644968,117,48.817764,0.5720913966272589,0.5720913966272589,0.4199810817976732,0.4725081503608807,True,117
169.441968,118,48.910176,0.5904975264665234,0.5904975264665234,0.41351546103343007,0.41542094639660343,True,118
183.731203,125,49.8935,0.5420349727800179,0.5420349727800179,0.4227105891719359,0.5500864264293295,True,125
147.324738,118,50.01407,0.6079819331554592,0.6079819331554592,0.4268630240160242,0.49982538840542573,True,118
158.524644,116,50.110572,0.5914850680262603,0.5914850680262603,0.4183673928118097,0.47654315289151244,True,116
154.450224,117,50.204068,0.6005813762764226,0.6005813762764226,0.42390676155430573,0.497610090227787,True,117
147.040616,112,50.295965,0.5692036297376609,0.5692036297376609,0.4189082813839719,0.4163251348900506,True,112
123.721274,98,50.370613,0.49724142465218035,0.49724142465218035,0.4304561550356013,0.45289337702488036,True,98
152.223528,109,50.455299,0.530271763279564,0.530271763279564,0.43501653098692783,0.4780163566953419,True,109
131.847311,107,50.541885,0.5317529511349975,0.5317529511349975,0.44438761834081786,0.43637393384274875,True,107
102.299163,92,50.618319,0.5242529769262742,0.5242529769262742,0.4332021240100365,0.4142513179218226,True,92
147.263225,104,50.696617,0.5778305698343912,0.5778305698343912,0.4345018655646421,0.46208672385206534,True,104
116.670919,109,50.779351,0.5834029120535541,0.5834029120535541,0.42876276372436667,0.42138596334928596,True,109
161.884277,114,50.869099,0.575246122147006,0.575246122147006,0.4324911780126344,0.449435918641282,True,114
110.566485,103,50.950629,0.5936629847309578,0.5936629847309578,0.41828832557785994,0.478469994877465,True,103
139.313551,113,51.041455,0.6329773895283952,0.6329773895283952,0.4493991663414713,0.42854562012389497,True,113
143.425335,114,51.129304,0.6100369088062989,0.6100369088062989,0.42213453700572223,0.4576238533614724,True,114
170.776169,125,51.228102,0.6118432357400118,0.6118432357400118,0.42326514842144697,0.46066836194062305,True,125
131.904111,105,51.31106,0.5938279128807998,0.5938279128807998,0.43449857571290756,0.4209177995280009,True,105
152.9409,126,51.406345,0.6157373676498863,0.6157373676498863,0.4276832404039023,0.47456449533632505,True,126
127.099488,109,51.489239,0.5584026221477816,0.5584026221477816,0.4332102316760229,0.4564929989354941,True,109
164.338104,108,52.569632,0.5323548346014698,0.5323548346014698,0.42485047770509377,0.46951097475022274,True,108
104.204152,105,52.684042,0.5973879139100481,0.5973879139100481,0.44455541962938977,0.44034005475975,True,105
117.077019,97,52.761907,0.5175037787079443,0.5175037787079443,0.4184316956408199,0.48133802051788716,True,97
163.358559,112,52.852018,0.565357487900568,0.565357487900568,0.4273829612267503,0.4587663893401186,True,112
131.098718,111,52.936986,0.4929127454253323,0.4929127454253323,0.46902966879886065,0.4411062714849242,True,111
118.299343,107,53.021011,0.5593542229831989,0.5593542229831989,0.43233329503561774,0.40334443303926887,True,107
144.964324,112,53.111152,0.5939220831248023,0.5939220831248023,0.45372205561343937,0.42286870960116874,True,112
130.800905,111,53.19982,0.5848643963922489,0.5848643963922489,0.42185337672077106,0.43766329723032893,True,111
157.870945,109,53.289081,0.5475093158153113,0.5475093158153113,0.43065286903831,0.43389198086515307,True,109
156.211313,115,53.378933,0.5883878340123665,0.5883878340123665,0.42953590746170917,0.4014249606307747,True,115
145.691857,114,53.465879,0.6094694671179872,0.6094694671179872,0.4237181407379812,0.45772539419014846,True,114
119.676803,108,53.554797,0.5864609426027428,0.5864609426027428,0.4674378625999785,0.39661068502035896,True,108
154.549996,110,53.639988,0.5740438522970027,0.5740438522970027,0.4529167761049451,0.4175614829412253,True,110
147.792749,108,53.727053,0.5884047121575989,0.5884047121575989,0.4325428158462158,0.4806770886429165,True,108
114.062188,104,53.8088,0.5424006575681355,0.5424006575681355,0.41500897826099353,0.49769937123687935,True,104
109.65781,98,53.884701,0.5596468970813783,0.5596468970813783,0.4168519721878222,0.4860314078331474,True,98
174.025433,126,53.983024,0.6317203239172252,0.6317203239172252,0.422957186139828,0.47709074109322913,True,126
183.358605,113,54.073721,0.5750136430224859,0.5750136430224859,0.43159147169753537,0.5091788876517563,True,113
138.652359,120,54.651271,0.6127908599955929,0.6127908599955929,0.4283167682926549,0.4549353404988996,True,120
94.512866,102,54.758587,0.5798449321231951,0.5798449321231951,0.42543752253038214,0.4538160354021717,True,102
159.164584,111,54.870109,0.5685807048799585,0.5685807048799585,0.42649599145955885,0.49066325341658634,True,111
87.636527,105,54.949284,0.526933543824862,0.526933543824862,0.46526690903896045,0.4489065616421101,True,105
148.862571,115,55.059579,0.5652733684290755,0.5652733684290755,0.41662257431404554,0.453581513164415,True,115
148.177714,110,55.156318,0.5487870046582067,0.5487870046582067,0.4351496444591513,0.5537472394253953,True,110
160.01643,109,55.240864,0.6018638406056791,0.6018638406056791,0.425052649408918,0.4695490943584689,True,109
122.798721,109,55.333699,0.6054194894432132,0.6054194894432132,0.4529179280523436,0.4497185888427463,True,109
124.276557,112,55.423023,0.6069404599392979,0.6069404599392979,0.43000795494907273,0.4359092263532363,True,112
121.063417,104,55.504876,0.5356984680086441,0.5356984680086441,0.42897790736834474,0.5231498954138047,True,104
177.037007,123,55.60034,0.5786151712054358,0.5786151712054358,0.43542269196445216,0.5193608744923731,True,123
130.090899,111,55.692018,0.5886189888753276,0.5886189888753276,0.41473421680011147,0.4769809172981427,True,111
148.741669,110,55.781297,0.5664249434435248,0.5664249434435248,0.4171890426756179,0.4628785863355725,True,110
159.696489,110,55.871624,0.5395471469483354,0.5395471469483354,0.4202559507936838,0.5288796867949337,True,110
142.145004,103,55.96029,0.5314674631773759,0.5314674631773759,0.4324651863938236,0.44677325621296166,True,103
132.378947,102,56.047597,0.4848750725769531,0.4848750725769531,0.4620857431006445,0.44209087399962416,True,102
124.909909,108,56.133806,0.5761592318654196,0.5761592318654196,0.4627290912015194,0.44686272003011074,True,108
137.160008,100,56.215003,0.5687284761099506,0.5687284761099506,0.43113596986776737,0.48993229937887434,True,100
128.381486,107,56.302984,0.5577310524928089,0.5577310524928089,0.4351825907447075,0.4783329608379347,True,107
122.832724,108,57.1781,0.5686914762377681,0.5686914762377681,0.46277645762463154,0.4223289259030505,True,108
186.009964,119,57.298656,0.6379112452391789,0.6379112452391789,0.4176801327441758,0.4649700273655096,True,119
136.753947,105,57.395003,0.5477053445403274,0.5477053445403274,0.4347359343448865,0.46395321049599075,True,105
142.330909,101,57.474659,0.5067283376719477,0.5067283376719477,0.46914312583995754,0.42545767271371476,True,101
120.316825,112,57.564027,0.5571953622041618,0.5571953622041618,0.4324604927813149,0.46852911191610713,True,112
157.290342,116,57.659552,0.5834792813805779,0.5834792813805779,0.4322468820491424,0.47411677794251905,True,116
138.548535,107,57.743098,0.5546581507596343,0.5546581507596343,0.4334388752792059,0.4561288505862802,True,107
132.673003,110,57.831608,0.5812243294062703,0.5812243294062703,0.4189865230497391,0.43932916182641785,True,110
160.058311,120,57.934375,0.6304771529765496,0.6304771529765496,0.44036610582018654,0.4098550707999518,True,120
129.471724,113,58.027035,0.5948075995802992,0.5948075995802992,0.4250645125921524,0.4909568389797633,True,113
119.505597,120,58.119835,0.6313957853686524,0.6313957853686524,0.4472217851168379,0.4266260107424745,True,120
137.497009,107,58.207827,0.5744418898276249,0.5744418898276249,0.4587447606794607,0.4427675935537718,True,107
140.178847,111,58.29835,0.6003356312038377,0.6003356312038377,0.42891286477334184,0.4404019976467525,True,111
121.447149,100,58.376531,0.5350620711401816,0.5350620711401816,0.45012891278106426,0.42825256171027826,True,100
152.964532,112,58.464651,0.5406460240739528,0.5406460240739528,0.4269877631736082,0.4746515967189817,True,112
147.915173,106,58.551131,0.5602389888017186,0.5602389888017186,0.43472290443823525,0.5256517567411061,True,106
139.966434,116,58.649968,0.5962260295364686,0.5962260295364686,0.4429732290820425,0.4256800688094624,True,116
133.983195,104,58.731231,0.5060555542574499,0.5060555542574499,0.42970843558432475,0.5425343915560455,True,104
160.135898,121,58.827034,0.6090041605874429,0.6090041605874429,0.41835321414693766,0.4505727733689883,True,121
151.384913,111,59.897121,0.5716573789205203,0.5716573789205203,0.4405912637875028,0.4448757836989166,True,111
152.573374,115,60.022996,0.5752614441502947,0.5752614441502947,0.4355523342224612,0.49978741766529433,True,115
113.430145,108,60.125909,0.5760963066924084,0.5760963066924084,0.419104755531415,0.47220411502599746,True,108
132.144015,109,60.211928,0.6263498192069392,0.6263498192069392,0.4201180374298981,0.43990038893651007,True,109
128.412606,111,60.299369,0.6409105320238886,0.6409105320238886,0.4212309411059793,0.43847946736400295,True,111
156.39051,117,60.400943,0.5730312160978389,0.5730312160978389,0.42554567516098657,0.526788616285321,True,117
140.213335,107,60.484055,0.5324032566482106,0.5324032566482106,0.4216224452808947,0.45692656417656063,True,107
131.968467,104,60.564964,0.550769651483368,0.550769651483368,0.43026558510181484,0.5527388782420118,True,104
118.785912,98,60.655213,0.5135662229548216,0.5135662229548216,0.4569384290390767,0.4462164996674302,True,98
186.612488,126,60.755216,0.6252746013153347,0.6252746013153347,0.42433408936206485,0.4629129796383653,True,126
132.291556,110,60.849454,0.6083720384581631,0.6083720384581631,0.42330549459255407,0.45413192687448706,True,110
139.724611,108,60.935733,0.5502357801011547,0.5502357801011547,0.42191735347034814,0.47048691410264565,True,108
177.300421,122,61.03335,0.6682293945006769,0.6682293945006769,0.4624019628683331,0.43804170831606803,True,122
160.774692,110,61.122765,0.5802348935391246,0.5802348935391246,0.4255109577730683,0.49247619455152675,True,110
131.249674,105,61.216267,0.5397827086466233,0.5397827086466233,0.44992322183989014,0.42194453583274466,True,105
152.141932,119,61.312066,0.5862934013897235,0.5862934013897235,0.43560329622409283,0.49274710380398345,True,119
124.709882,107,61.401352,0.5686542031362838,0.5686542031362838,0.4378806617228787,0.44163707831515375,True,107
107.702495,95,61.487929,0.5455533478083113,0.5455533478083113,0.4325955586434488,0.5621385097595787,True,95
101.117195,101,62.327827,0.546827642223046,0.546827642223046,0.42314524316367114,0.45204561128044646,True,101
121.542315,108,62.472061,0.5627215115000979,0.5627215115000979,0.43211843029007446,0.4031952036861971,True,108
94.130282,98,62.557772,0.5102697941689035,0.5102697941689035,0.4194838118317786,0.4111904243697717,True,98
175.692024,121,62.652854,0.6391320568824949,0.6391320568824949,0.45358844853291747,0.4402098278811487,True,121
144.046544,104,62.749878,0.5385388377562013,0.5385388377562013,0.43117279391004265,0.37849567996757666,True,104
170.001488,118,62.848973,0.5759135490381113,0.5759135490381113,0.4325742919893437,0.46241937622674634,True,118
207.189888,114,62.945301,0.5880989462040673,0.5880989462040673,0.4281938534783941,0.4675480258755133,True,114
123.39114,100,63.025192,0.5415462232516715,0.5415462232516715,0.4312106745744833,0.5270277378390206,True,100
132.260329,118,63.120289,0.5854699338347122,0.5854699338347122,0.44061950978807113,0.41748638876875555,True,118
159.114961,110,63.210325,0.5923817126183242,0.5923817126183242,0.42178144277252094,0.4837241651971629,True,110
194.537984,121,63.307356,0.594673859618159,0.594673859618159,0.42426978298896206,0.48179681030741395,True,121
124.783913,105,63.38946,0.5739294521516511,0.5739294521516511,0.4395871330969445,0.4436271404004145,True,105
128.089976,114,63.481729,0.5716846720747795,0.5716846720747795,0.4457556658679595,0.43328863193230155,True,114
140.831515,106,63.568244,0.582561505546679,0.582561505546679,0.4357141456103333,0.5569970390979436,True,106
148.816694,113,63.656151,0.5299620313274646,0.5299620313274646,0.42630132280695315,0.43555544796713125,True,113
189.648324,128,63.763328,0.6159485743628718,0.6159485743628718,0.4204281494212385,0.4289745743148794,True,128
131.310499,109,63.862007,0.5587663189647082,0.5587663189647082,0.4311614303560158,0.4057998434799734,True,109
128.040484,103,63.946592,0.566403667660529,0.566403667660529,0.4367944027531895,0.4168418729018594,True,103
118.093518,101,64.038889,0.5295276326767185,0.5295276326767185,0.44795831200311254,0.4493611613271857,True,101
119.559835,106,65.055988,0.5491795402097459,0.5491795402097459,0.42589434493283246,0.4355462429336518,True,106
149.242419,104,65.160611,0.519528446756157,0.519528446756157,0.4418733319985022,0.42416958195373,True,104
133.034106,113,65.251236,0.595092318209495,0.595092318209495,0.4236584777590415,0.5092941801480934,True,113
203.429533,120,65.34425,0.5935338384933183,0.5935338384933183,0.42729926000292223,0.5106458503900755,True,120
118.308322,104,65.422644,0.5646869399601362,0.5646869399601362,0.44282911097202454,0.4466453418363257,True,104
142.559822,110,65.506895,0.5623971677513164,0.5623971677513164,0.4338171459889769,0.4740646312757725,True,110
124.531425,111,65.596051,0.5779252120691093,0.5779252120691093,0.42137171364094717,0.48720492335462057,True,111
138.925663,112,65.692657,0.5419625562223512,0.5419625562223512,0.4644942787066598,0.41040963917441153,True,112
130.533476,102,65.778393,0.5368501646540016,0.5368501646540016,0.42046674375004717,0.44491251340152393,True,102
150.375477,111,65.869766,0.5683754978652292,0.5683754978652292,0.43443261810515704,0.44118081449930213,True,111
107.654943,104,65.952732,0.49959607054415384,0.49959607054415384,0.44195595179862185,0.4350091308713109,True,104
133.053457,118,66.044986,0.6499610383631942,0.6499610383631942,0.4229206006499973,0.4984751392093328,True,118
134.786573,107,66.134499,0.5528735204720006,0.5528735204720006,0.42070074112486894,0.44377721605128917,True,107
110.142983,113,66.228545,0.6107115611042364,0.6107115611042364,0.4299374251160171,0.45651503146555494,True,113
150.866643,108,66.314592,0.5607987100096653,0.5607987100096653,0.42291871193499875,0.4531168734502293,True,108
155.831061,101,66.393731,0.5151499996462927,0.5151499996462927,0.44748144260309686,0.4459077361164791,True,101
166.582129,108,66.48149,0.5249256798641481,0.5249256798641481,0.4312632357579038,0.4457187473194102,True,108
163.190908,117,66.574717,0.5850760575653601,0.5850760575653601,0.4385494859861088,0.4231413350224118,True,117
115.296477,114,66.666947,0.5993262388366737,0.5993262388366737,0.4177703136005672,0.41751148180333314,True,114
136.130847,113,67.610915,0.634434283878141,0.634434283878141,0.4333139543635585,0.45624990456978104,True,113
120.161155,112,67.731404,0.5695816445954234,0.5695816445954234,0.423747132882563,0.5276602789249231,True,112
114.416996,103,67.8097,0.473676295643621,0.473676295643621,0.49489574236319955,0.4466544567346748,True,103
169.482989,118,67.90296,0.4773406148975992,0.4773406148975992,0.41933143979005927,0.45989339291212816,True,118
127.742209,112,67.989926,0.603287870781864,0.603287870781864,0.4335949164589912,0.5184998992772456,True,112
120.673939,110,68.178639,0.5610883109702054,0.5610883109702054,0.4170491507879814,0.4900972549413993,True,110
180.489703,122,68.356693,0.611297871032997,0.611297871032997,0.43795907274236134,0.4103041293523266,True,122
114.881006,108,68.497624,0.5188262092051698,0.5188262092051698,0.438623349598749,0.4407318318563197,True,108
141.564242,112,68.621459,0.5811921910083979,0.5811921910083979,0.4457057156880459,0.44528949354540676,True,112
105.643972,99,68.739702,0.536538516763554,0.536538516763554,0.4716553809695526,0.41779655605244237,True,99
95.16082,109,68.89225,0.6149018416364299,0.6149018416364299,0.4232660017474902,0.4323039313645771,True,109
142.53017,108,68.989008,0.5871308864271122,0.5871308864271122,0.431987451060404,0.430225128652468,True,108
140.91087,108,69.11701,0.5875423127793455,0.5875423127793455,0.44883310282477973,0.44152568268592457,True,108
141.783266,103,69.229882,0.5483520276115899,0.5483520276115899,0.4141260395660624,0.4968075508865702,True,103
190.892468,116,69.359272,0.5958455639956545,0.5958455639956545,0.42019558677117186,0.4956701131613501,True,116
144.500784,108,69.46114,0.54749738988459,0.54749738988459,0.4225127174014629,0.47389942047607203,True,108
149.551487,122,69.583945,0.6415082147698508,0.6415082147698508,0.42732887153596605,0.5264130853868623,True,122
157.785889,114,69.705776,0.6243110898165554,0.6243110898165554,0.4156712757597113,0.4430727697505508,True,114
128.05564,111,70.774142,0.5418301814814486,0.5418301814814486,0.4305459430069698,0.5123589608797687,True,111
164.550134,103,70.921841,0.5862270121950387,0.5862270121950387,0.42045545060463,0.40849563022691326,True,103
126.177215,106,71.05495,0.5358578766718813,0.5358578766718813,0.4488100155197996,0.415675928914703,True,106
123.430593,119,71.173648,0.5951857584531471,0.5951857584531471,0.4592185392964401,0.4400647470683801,True,119
185.146788,125,71.316792,0.6353202464164845,0.6353202464164845,0.44002319017526426,0.4251379485826898,True,125
102.525484,107,71.423961,0.5660080575907406,0.5660080575907406,0.4764865263342777,0.41731697105991866,True,107
120.38796,102,71.560233,0.5387514448571202,0.5387514448571202,0.43495198588580514,0.4853548935161026,True,102
138.830648,103,71.693223,0.5271026331059969,0.5271026331059969,0.45137501519236267,0.41286054952805434,True,103
105.580735,101,71.823612,0.5838790282801336,0.5838790282801336,0.4288784268520012,0.4421741051898593,True,101
149.196304,122,71.969027,0.5729185658922971,0.5729185658922971,0.42614567864493913,0.5176270071932555,True,122
141.333428,108,72.096174,0.5532331797932826,0.5532331797932826,0.42125798395171826,0.42756213450706176,True,108
121.264706,108,72.222378,0.5961807049601202,0.5961807049601202,0.42491902697477657,0.5034259598918421,True,108
200.004534,118,72.369521,0.595447279353727,0.595447279353727,0.4271554822842876,0.5430200893249277,True,118
106.089302,107,72.522181,0.5651867097076604,0.5651867097076604,0.4445767939329876,0.4290350878095057,True,107
167.062573,116,72.671477,0.6001435659887402,0.6001435659887402,0.4206145144886117,0.4393287116144191,True,116
99.979982,109,72.792903,0.542701818893009,0.542701818893009,0.4457301135471697,0.4465655838105031,True,109
137.761457,110,72.922564,0.5752172301967386,0.5752172301967386,0.4339742676525658,0.46554507238051457,True,110
155.021173,112,73.062383,0.5664072454193576,0.5664072454193576,0.43280104732796254,0.4319779437065123,True,112
128.483357,110,73.178008,0.57688573932507,0.57688573932507,0.42590385793526264,0.5477774818825435,True,110
136.493426,113,74.457895,0.61824781235167,0.61824781235167,0.4354680465538726,0.48182941536538754,True,113
148.326236,117,74.616649,0.6102252976682969,0.6102252976682969,0.41444034469593977,0.4170060099262688,True,117
154.65755,123,74.768737,0.6190099475534631,0.6190099475534631,0.44063201537000485,0.4390050384875346,True,123
141.078477,114,74.926751,0.600909877069389,0.600909877069389,0.4277411303377538,0.5243971032103809,True,114
109.084428,106,75.04343,0.6148030514318105,0.6148030514318105,0.431056710743766,0.469756650258111,True,106
124.505963,122,75.181102,0.5932767232691559,0.5932767232691559,0.4295927286925322,0.40958151123998676,True,122
119.362158,100,75.290548,0.5364892614004041,0.5364892614004041,0.4323039973375757,0.483562861792566,True,100
147.319626,114,75.41406,0.5957583374000857,0.5957583374000857,0.41912408254753786,0.506483382301709,True,114
158.33073,109,75.556021,0.5903195354071883,0.5903195354071883,0.4475482973493505,0.44338844147569084,True,109
98.493633,104,75.698261,0.5608158275926741,0.5608158275926741,0.42326738521105267,0.48521749728067415,True,104
115.58235,107,75.828263,0.5464240455423954,0.5464240455423954,0.4174793947447913,0.4495897275908802,True,107
154.866465,120,75.994402,0.5917026692577625,0.5917026692577625,0.43215901816298125,0.5039900670379991,True,120
128.057747,109,76.112358,0.5283580564358914,0.5283580564358914,0.44100649345262255,0.44781525965295493,True,109
150.179832,109,76.241896,0.5821252418994761,0.5821252418994761,0.4350527748103624,0.43575190909056605,True,109
146.914751,111,76.369443,0.5690582320205887,0.5690582320205887,0.42977953882772923,0.4948675475174745,True,111
188.13917,119,76.522841,0.6404433088518312,0.6404433088518312,0.4325093772070334,0.4280472403901028,True,119
170.722785,112,76.628327,0.5695932028024895,0.5695932028024895,0.43335176499862643,0.45022509381006476,True,112
155.367871,116,76.745632,0.5432448869428784,0.5432448869428784,0.457844043132626,0.42361883364058833,True,116
167.419248,121,77.976722,0.5769723513074456,0.5769723513074456,0.435707848095361,0.4924310050594148,True,121
148.031616,108,78.121837,0.5858921024862597,0.5858921024862597,0.4294615375749734,0.43917200550745533,True,108
187.480235,127,78.283287,0.615047253631758,0.615047253631758,0.42596422973265524,0.4987900665907473,True,127
159.54815,113,78.415693,0.5343430136304048,0.5343430136304048,0.4132819240111848,0.4589860295275955,True,113
143.81179,116,78.54457,0.5753466528559761,0.5753466528559761,0.42599026583438043,0.47182562383528587,True,116
112.592028,100,78.655809,0.4601014600362547,0.4601014600362547,0.4568231545889818,0.42302111693915234,True,100
117.224848,106,78.776322,0.5851095528362673,0.5851095528362673,0.42868094008387375,0.44897044888950605,True,106
182.671041,117,78.916069,0.5922186167185866,0.5922186167185866,0.440447078779835,0.4464248138004712,True,117
148.427485,106,79.065735,0.5251137731020284,0.5251137731020284,0.4238631300206981,0.4303604305488274,True,106
165.064546,116,79.179951,0.6185283526754075,0.6185283526754075,0.42258664754524033,0.4814726323254377,True,116
144.280625,116,79.298358,0.5961557187575305,0.5961557187575305,0.44021931212160204,0.4218531415388029,True,116
161.760415,117,79.418433,0.5550895044389449,0.5550895044389449,0.4262852841696125,0.4674677305561032,True,117
154.353931,105,79.517359,0.5465321558617704,0.5465321558617704,0.42011676954265964,0.4943825235383778,True,105
121.892821,106,79.629564,0.5517945077391486,0.5517945077391486,0.45359671576218,0.4236533181663161,True,106
121.118261,104,79.77714,0.5385850061959604,0.5385850061959604,0.43389226451937285,0.4571940397932118,True,104
116.032714,98,79.89035,0.4860168948093408,0.4860168948093408,0.45771821563437054,0.43649802991384223,True,98
124.231638,107,80.006172,0.5925392494121651,0.5925392494121651,0.4303044011841046,0.4782758270095476,True,107
113.299191,105,80.11827,0.5960233216432692,0.5960233216432692,0.4265019204865721,0.5150011515309675,True,105
117.088526,104,80.991323,0.5971287364630196,0.5971287364630196,0.4153322289396304,0.48855219107114417,True,104
173.294379,109,81.156678,0.5879529488014144,0.5879529488014144,0.4306077561997262,0.5210464148206828,True,109
142.023246,109,81.29874,0.5713834052519999,0.5713834052519999,0.4257373622727653,0.41929108939248316,True,109
140.517153,110,81.405763,0.5286326545791019,0.5286326545791019,0.426957682571395,0.46480812136261535,True,110
156.363786,117,81.51755,0.6358234246072034,0.6358234246072034,0.4159757315016394,0.4223741759631597,True,117
151.804409,117,81.629632,0.6075798038594081,0.6075798038594081,0.4308230383278577,0.4252273985346622,True,117
168.222205,129,81.75108,0.5981578915921475,0.5981578915921475,0.43321880162835863,0.5390516532553328,True,129
133.243815,105,81.866359,0.5705856698349301,0.5705856698349301,0.4330742080324384,0.42145452892769114,True,105
126.04514,114,81.977838,0.5775193428938148,0.5775193428938148,0.44120359133652687,0.4463021968418429,True,114
140.730333,104,82.08512,0.5272988255293425,0.5272988255293425,0.4433895481571173,0.4402885430294201,True,104
161.258936,114,82.2114,0.5627305335275166,0.5627305335275166,0.42920342191414557,0.47076867552261303,True,114
173.312467,119,82.361133,0.5761399411410073,0.5761399411410073,0.4294018706034431,0.5039376254276161,True,119
152.493304,99,82.458132,0.5248079275554641,0.5248079275554641,0.4278883669587492,0.5146968120584522,True,99
109.426568,102,82.58325,0.5484010607741551,0.5484010607741551,0.4241742664428294,0.4741342516065191,True,102
166.555512,105,82.682211,0.5231523724755728,0.5231523724755728,0.43246810182624323,0.5079352989365629,True,105
161.402023,111,82.801781,0.5530623347125339,0.5530623347125339,0.4288163073481098,0.5013546771668137,True,111
135.589107,121,82.928481,0.6092695948754748,0.6092695948754748,0.41810492881581185,0.487212771885011,True,121
134.71085,109,83.052261,0.5902787170457949,0.5902787170457949,0.4760270213023551,0.43010078044851285,True,109
151.800104,112,83.167542,0.5884813316253781,0.5884813316253781,0.43431419620828116,0.48784951284673767,True,112
158.585013,118,84.088298,0.5849732206054218,0.5849732206054218,0.42706992661805254,0.47767211688949895,True,118
128.789421,108,84.247454,0.5344869307873304,0.5344869307873304,0.43209657649857625,0.4486745533196394,True,108
124.304124,112,84.375918,0.5461938102040628,0.5461938102040628,0.4397450754245883,0.4326434708272602,True,112
157.855466,112,84.482879,0.6238520537573212,0.6238520537573212,0.4349283140799802,0.4776484322060743,True,112
212.870364,139,84.620572,0.6945071473915618,0.6945071473915618,0.4238758180600861,0.5455111536180814,True,139
126.906802,98,84.735575,0.5098490493678186,0.5098490493678186,0.43557023406398615,0.5623802622970167,True,98
181.052546,121,84.879544,0.5832045823227102,0.5832045823227102,0.43565045655373796,0.5197965033629947,True,121
161.692364,110,84.997419,0.5576380177884784,0.5576380177884784,0.4247446240800901,0.44343116576442804,True,110
117.223175,103,85.112306,0.5290503316384051,0.5290503316384051,0.44678116682128266,0.4323356435979936,True,103
122.433205,108,85.198577,0.5210391456809484,0.5210391456809484,0.48366282429646074,0.3954488289153823,True,108
141.859721,118,85.288928,0.5487958952350352,0.5487958952350352,0.43065777747576556,0.4313156069528197,True,118
128.767355,110,85.372697,0.5845956071277897,0.5845956071277897,0.42824518944455603,0.43737062658728526,True,110
147.668204,103,85.463167,0.5325173604677467,0.5325173604677467,0.41934739163894946,0.496402307047446,True,103
144.962072,113,85.55369,0.5798029533509024,0.5798029533509024,0.4510336792803736,0.4446717343058077,True,113
143.621383,106,85.639964,0.612077940729852,0.612077940729852,0.42362873215138896,0.4677175757051801,True,106
148.888078,112,85.751548,0.5414561770288789,0.5414561770288789,0.4924771818711651,0.4262561034102164,True,112
134.875643,100,85.835194,0.5034591000699289,0.5034591000699289,0.43032852589816656,0.43700975885654303,True,100
168.56855,112,85.925113,0.6102084422261165,0.6102084422261165,0.41824182988659714,0.5623211927811349,True,112
133.404239,103,86.73439,0.4882198308966806,0.4882198308966806,0.4784000332039668,0.44326487611462856,True,103
207.062824,117,86.838856,0.5656145056509746,0.5656145056509746,0.44748946780265975,0.4446432126353816,True,117
122.743291,108,86.947999,0.5910485824645959,0.5910485824645959,0.4390106130199851,0.4201245292913672,True,108
152.513996,112,87.039296,0.6319385782065163,0.6319385782065163,0.44260816461690394,0.44300604872372723,True,112
126.117973,105,87.121654,0.5296008816701036,0.5296008816701036,0.4277681670749299,0.4507649689239687,True,105
129.45881,108,87.20914,0.5343954108519002,0.5343954108519002,0.4313061210130559,0.46651515440979724,True,108
123.678875,100,87.283921,0.5271623279144128,0.5271623279144128,0.4346971075779947,0.5821834270519565,True,100
163.293884,105,87.365097,0.5811478345355642,0.5811478345355642,0.42914552876520595,0.5241781455683284,True,105
136.565405,113,87.451896,0.6245112829050204,0.6245112829050204,0.4239361623403401,0.4787780540722054,True,113
109.02797,115,87.541425,0.5958864159209278,0.5958864159209278,0.4500506156617536,0.44335959223788146,True,115
175.258796,122,87.634643,0.6688733813562672,0.6688733813562672,0.4204647448548475,0.4978589830281529,True,122
125.045727,113,87.724294,0.5831548416229863,0.5831548416229863,0.4536757518322146,0.4380988369352555,True,113
169.263559,112,87.813144,0.6255333683984874,0.6255333683984874,0.4251417048288852,0.4798803879332241,True,112
161.837582,115,87.930479,0.5924045816412276,0.5924045816412276,0.43367389620480545,0.4278657913268184,True,115
91.016818,96,88.027704,0.5211893370068096,0.5211893370068096,0.4601030261780544,0.4370954131416106,True,96
134.557758,123,88.128103,0.6323683162237358,0.6323683162237358,0.4253278382185278,0.4276796191022929,True,123
152.073127,110,88.218326,0.5969243793123565,0.5969243793123565,0.43488001066632354,0.44099399198244044,True,110
180.126772,121,88.312356,0.579057139215092,0.579057139215092,0.4321678789558423,0.5202943302455608,True,121
129.752081,105,88.394309,0.555261891389772,0.555261891389772,0.42625513117198666,0.5099209196625596,True,105
151.724543,116,89.33975,0.644600147369631,0.644600147369631,0.42867814037058394,0.4797729714584529,True,116
153.394093,111,89.442582,0.5743113459682782,0.5743113459682782,0.4393665212179364,0.4390377780344713,True,111
149.942513,115,89.532026,0.5865563702504334,0.5865563702504334,0.4586302800133344,0.4294410321866978,True,115
122.23656,122,89.630069,0.6163598894582175,0.6163598894582175,0.42486548857815587,0.4892731163722901,True,122
150.599564,104,89.711917,0.5491190789001182,0.5491190789001182,0.4263661758854,0.5360419567470339,True,104
121.89344,102,89.799174,0.5412293457307872,0.5412293457307872,0.445268155254756,0.429486053456067,True,102
157.481161,110,89.88736,0.5546273218842281,0.5546273218842281,0.4200573337715013,0.47537547784921375,True,110
177.918169,128,89.990777,0.6788410913335854,0.6788410913335854,0.4230956684979791,0.4491540387320285,True,128
148.489196,110,90.080276,0.5753699988017363,0.5753699988017363,0.46689101668399785,0.4477716658147662,True,110
110.360822,113,90.172695,0.6235544879622289,0.6235544879622289,0.4164678917657147,0.48060490580685905,True,113
124.099308,117,90.26737,0.6378776164705111,0.6378776164705111,0.4249989961264003,0.4347395156926796,True,117
152.887013,127,90.364924,0.5757132601286167,0.5757132601286167,0.4259229358788115,0.4872665030124062,True,127
140.924369,105,90.446236,0.5419195801610129,0.5419195801610129,0.41542840101029893,0.4883154729928895,True,105
174.471082,109,90.529274,0.5730384772729361,0.5730384772729361,0.4290327351305188,0.46967143355843977,True,109
175.300274,117,90.615623,0.6114674050977092,0.6114674050977092,0.433766793243535,0.4779978910940262,True,117
135.280725,110,90.700163,0.5117626741527309,0.5117626741527309,0.4353660482437471,0.40671419771064354,True,110
207.424187,155,90.822363,0.6240725320688439,0.6240725320688439,0.4454307427999955,0.4454928416868543,True,155
132.671059,109,91.667169,0.5695995937945877,0.5695995937945877,0.42421198149913475,0.47810897076392234,True,109
197.362007,123,91.79677,0.6681356460705664,0.6681356460705664,0.4195566791261631,0.4472873413217585,True,123
145.468306,113,91.913697,0.5669034745189818,0.5669034745189818,0.4309491257202328,0.5743547955394503,True,113
112.40463,112,91.999158,0.6147252298043901,0.6147252298043901,0.4453090913619788,0.42302023545660716,True,112
132.575986,110,92.087512,0.5469520148940232,0.5469520148940232,0.47433906929841635,0.4462083267512354,True,110
145.166258,107,92.172932,0.5930690510834853,0.5930690510834853,0.4202798766842468,0.4790596538708106,True,107
142.003829,110,92.261903,0.6222563122976468,0.6222563122976468,0.4360575720360788,0.5384735603868469,True,110
140.404671,116,92.35312,0.5690694266992309,0.5690694266992309,0.46114015342109776,0.43106529519583986,True,116
137.348799,108,92.438619,0.5662700566489726,0.5662700566489726,0.46171218266060937,0.4490548089017726,True,108
154.746879,103,92.516889,0.5081871835187294,0.5081871835187294,0.4340478849362923,0.5788344406256045,True,103
135.291327,109,92.600703,0.6260125946358586,0.6260125946358586,0.42607986146940385,0.42723132816547676,True,109
125.889334,107,92.683021,0.5538061030725953,0.5538061030725953,0.45266063412689395,0.4369301717706679,True,107
232.229798,134,92.787041,0.6243481874661218,0.6243481874661218,0.42327186934236977,0.43424876226243486,True,134
154.236318,117,92.884842,0.5515918667585129,0.5515918667585129,0.42890200716729376,0.4434026358109429,True,117
168.221141,116,92.971779,0.6099776401038399,0.6099776401038399,0.4222576499557655,0.4301175422372813,True,116
158.534079,119,93.067106,0.6143481676715914,0.6143481676715914,0.42504113415411493,0.4639422948697895,True,119
193.022259,138,93.177898,0.6340114331201402,0.6340114331201402,0.4157516995236429,0.42608139625684494,True,138
135.390783,105,93.26776,0.5913983481546763,0.5913983481546763,0.4184165111557701,0.4099557789762028,True,105
170.995186,111,94.310736,0.574230731555708,0.574230731555708,0.42061323347127666,0.44731808696401343,True,111
148.232928,103,94.407189,0.5992358898010073,0.5992358898010073,0.43553399529420667,0.5524763114371956,True,103
120.927402,103,94.52173,0.5311693193749595,0.5311693193749595,0.4238726163554368,0.47615946111623053,True,103
160.683772,128,94.624469,0.6796575047728409,0.6796575047728409,0.433134785176856,0.4877419685962576,True,128
151.871926,109,94.710837,0.5481811647230599,0.5481811647230599,0.4232954888785741,0.5179794053866859,True,109
168.577845,116,94.800712,0.6013022244336325,0.6013022244336325,0.4211247057685578,0.47823270822197994,True,116
177.441036,116,94.892344,0.5730589742017538,0.5730589742017538,0.4348179338900031,0.4788907906944334,True,116
160.337363,114,94.981781,0.589429217477486,0.589429217477486,0.4539138405468267,0.44735211466822145,True,114
145.017505,112,95.073294,0.5307380057848324,0.5307380057848324,0.4486569540566419,0.4241734747226869,True,112
151.54986,120,95.169357,0.5931040666275913,0.5931040666275913,0.43108113933681175,0.49746693848218365,True,120
87.84114,105,95.250911,0.5264771831785345,0.5264771831785345,0.47604356688052407,0.4376477340543963,True,105
145.1142,110,95.332404,0.5469279272870782,0.5469279272870782,0.42152123994214064,0.4665485812777555,True,110
139.728814,113,95.422186,0.5958646673270784,0.5958646673270784,0.42531713199612775,0.45103352143153735,True,113
114.798412,104,95.499734,0.5254463962784542,0.5254463962784542,0.4265097566522782,0.45662579675529824,True,104
142.108849,114,95.588534,0.5865731037190365,0.5865731037190365,0.42573137114550086,0.5137787493579082,True,114
130.762315,98,95.667394,0.5240025616573304,0.5240025616573304,0.42513596224512423,0.48021623672104746,True,98
105.249596,105,95.754626,0.5442663363200063,0.5442663363200063,0.4303468677306516,0.43023493712603417,True,105
168.815933,115,95.846991,0.5675663684863196,0.5675663684863196,0.430286333600753,0.4563867679809296,True,115
143.327793,116,95.941819,0.5421538770748086,0.5421538770748086,0.4270180781114946,0.41968432230314096,True,116
165.601279,109,96.964387,0.5589580127120378,0.5589580127120378,0.4270453935786837,0.5038587429924148,True,109
120.943068,104,97.089244,0.5369047121230259,0.5369047121230259,0.4325126947464727,0.4805595475971989,True,104
149.986234,116,97.204426,0.5597799209330494,0.5597799209330494,0.42610313633820496,0.5105079142565448,True,116
115.408312,116,97.30424,0.5823158673565416,0.5823158673565416,0.4484894810652354,0.42414415356017654,True,116
178.399783,118,97.426167,0.6488063329210928,0.6488063329210928,0.43473982690382446,0.4919022968899754,True,118
159.149151,115,97.531138,0.5841997221221811,0.5841997221221811,0.4174047964945787,0.47847112905511624,True,115
159.907391,110,97.625726,0.5412029204525994,0.5412029204525994,0.44398108496142347,0.43937198967243274,True,110
114.771706,99,97.708083,0.5250366251629358,0.5250366251629358,0.4203024518682665,0.5302365203281233,True,99
119.359712,111,97.79124,0.5954870482800265,0.5954870482800265,0.425940071291932,0.5024557625510228,True,111
142.890109,114,97.876234,0.5714260093250474,0.5714260093250474,0.4355478863951345,0.5028940205501681,True,114
118.248936,109,97.971333,0.5657340968546936,0.5657340968546936,0.43433078068720843,0.44033463077660245,True,109
157.228292,120,98.067394,0.559712353440875,0.559712353440875,0.4183339866481936,0.3840515373135368,True,120
136.625261,103,98.14898,0.5374857805368195,0.5374857805368195,0.41885897122464755,0.4605700146334772,True,103
127.35354,104,98.233397,0.5318696727693208,0.5318696727693208,0.4313799472063054,0.4549789797596719,True,104
98.10963,105,98.320247,0.5999123366231567,0.5999123366231567,0.4319525568873534,0.5214645093184281,True,105
123.68729,111,98.422737,0.575176988474131,0.575176988474131,0.4299384610032186,0.5453967410501187,True,111
149.548084,111,98.514711,0.5619488735500003,0.5619488735500003,0.4202076535076958,0.5166329109310717,True,111
172.720137,107,98.604753,0.5703424382599266,0.5703424382599266,0.41957506995197524,0.5356247567368344,True,107
146.897281,108,99.401298,0.5567989671004733,0.5567989671004733,0.42603054196964885,0.4999891760995922,True,108
131.113386,113,99.530393,0.5272034754762359,0.5272034754762359,0.42950142096718824,0.47421354808592936,True,113
171.91622,128,99.651405,0.627745690365064,0.627745690365064,0.4327718415373066,0.46741811627727725,True,128
114.729541,105,99.739247,0.5995912173052941,0.5995912173052941,0.424975525572188,0.47351601150478984,True,105
127.918305,105,99.820479,0.5310129677268749,0.5310129677268749,0.44316682089800863,0.4478290953260039,True,105
132.881825,112,99.907298,0.5905520519034275,0.5905520519034275,0.43875009047277364,0.42136383582020914,True,112
143.532376,105,99.989156,0.5250274798476896,0.5250274798476896,0.4352657103757666,0.4386050261228933,True,105
108.263036,112,100.077292,0.5970462528652387,0.5970462528652387,0.4301158271777343,0.46926963193819166,True,112
162.360995,117,100.174486,0.5911574045411997,0.5911574045411997,0.42305294979739966,0.41475288518412284,True,117
139.680694,101,100.255415,0.5453147617475789,0.5453147617475789,0.42193240610247335,0.4989751290522183,True,101
173.649472,124,100.354691,0.6287290369031521,0.6287290369031521,0.42642440432661055,0.46973570377694956,True,124
145.767871,108,100.444787,0.6167408829463237,0.6167408829463237,0.4149726106069352,0.4545896095766641,True,108
124.994292,110,100.53481,0.5896688247712844,0.5896688247712844,0.4526731611689561,0.43840549860393485,True,110
164.37049,107,100.624801,0.5743562398490751,0.5743562398490751,0.42494149302556544,0.4831049010162516,True,107
141.399254,101,100.706855,0.5137425388084971,0.5137425388084971,0.42256365990179456,0.5129560429992016,True,101
120.473678,101,100.79195,0.5673633421317453,0.5673633421317453,0.43552006308488755,0.4932544661006722,True,101
146.008855,109,100.881866,0.5426555578371289,0.5426555578371289,0.46178441859754943,0.40469835506195273,True,109
142.781819,114,100.97789,0.5894304254444406,0.5894304254444406,0.4292563699915443,0.5436524617811215,True,114
137.104213,108,101.059689,0.5568473373626414,0.5568473373626414,0.4188226595199786,0.4447914887589716,True,108
108.934918,101,101.789386,0.5490343467808655,0.5490343467808655,0.41660014468220735,0.46992008070581676,True,101
132.783682,105,101.883129,0.5669329910541661,0.5669329910541661,0.43198606171889825,0.4309238100138799,True,105
135.325699,106,101.97135,0.553773228342631,0.553773228342631,0.4223430686850646,0.5783673313716183,True,106
108.734712,101,102.046669,0.5562250486714361,0.5562250486714361,0.4306490232165845,0.4778108153254708,True,101
108.635817,101,102.126446,0.570757346293074,0.570757346293074,0.43457107835329206,0.48882957645566855,True,101
130.396906,120,102.221081,0.6195262443615879,0.6195262443615879,0.42202261431145055,0.469919622738231,True,120
128.431395,107,102.3039,0.5448286644831389,0.5448286644831389,0.4235244796580349,0.440377022234672,True,107
157.426206,111,102.389061,0.6193420823648954,0.6193420823648954,0.41614892489109356,0.49708147323766855,True,111
143.365125,99,102.467016,0.5130888536079419,0.5130888536079419,0.4189839981039792,0.42667756385008077,True,99
127.226707,103,102.542952,0.5537142967271435,0.5537142967271435,0.4320321845712322,0.4925473255619594,True,103
126.405628,101,102.620497,0.5146550135196676,0.5146550135196676,0.4188875003571305,0.5088273403190279,True,101
123.169685,110,102.701988,0.589540246396455,0.589540246396455,0.43320510362753806,0.4597165102774958,True,110
136.65454,98,102.782826,0.5635972996414527,0.5635972996414527,0.4246279869287632,0.5860183811291524,True,98
130.344189,119,102.87943,0.5884302025838428,0.5884302025838428,0.4238586496983475,0.4325225516415438,True,119
149.464856,110,102.961591,0.558830597616578,0.558830597616578,0.48526804683294794,0.4401708301217775,True,110
119.596485,110,103.063813,0.5677501353841797,0.5677501353841797,0.4315463916956551,0.4886597549717665,True,110
114.680531,97,103.133918,0.4826688233820117,0.4826688233820117,0.4448679019144501,0.4429204865067323,True,97
149.245336,109,103.231771,0.5693868815960438,0.5693868815960438,0.42878240996734346,0.4323735126429187,True,109
124.567441,99,103.305889,0.557152636707728,0.557152636707728,0.42739503105449794,0.5454507851931408,True,99
159.681358,113,103.901989,0.5353617264777153,0.5353617264777153,0.43063338852863337,0.5570606370010585,True,113
170.213836,117,104.02071,0.5670200842029747,0.5670200842029747,0.42707524350552295,0.48699897138565557,True,117
129.189363,109,104.108884,0.5992274478943512,0.5992274478943512,0.43449950524246966,0.4351160906758717,True,109
117.265453,102,104.188413,0.5643553746935223,0.5643553746935223,0.4371982136851951,0.44694545927828294,True,102
182.569497,117,104.280921,0.582686177402428,0.582686177402428,0.448725220337522,0.4456196057633271,True,117
166.84216,119,104.372548,0.5902577683393189,0.5902577683393189,0.4348369146753505,0.5088017065756162,True,119
154.191319,112,104.464803,0.5665084913043574,0.5665084913043574,0.4283279413574029,0.4957560574630994,True,112
161.414208,120,104.558219,0.5770466461528833,0.5770466461528833,0.41360240143035115,0.43686638707601144,True,120
142.232718,121,104.652866,0.6234203727131251,0.6234203727131251,0.43478351234717677,0.4529582151104734,True,121
159.761618,109,104.73671,0.5834365657100596,0.5834365657100596,0.4342901913429591,0.45866957086422117,True,109
216.169314,138,104.844273,0.646456854485456,0.646456854485456,0.43205758005552536,0.5718675200891136,True,138
130.910958,101,104.923129,0.5673477493207937,0.5673477493207937,0.4283226421771547,0.4922312533861369,True,101
141.548951,110,105.005037,0.5843510274324188,0.5843510274324188,0.4198080163158878,0.42025942854788667,True,110
151.09383,117,105.099803,0.6012342097613368,0.6012342097613368,0.4230792676967263,0.4529609860458248,True,117
181.465579,122,105.194876,0.5646482520496429,0.5646482520496429,0.43389420443333554,0.48558686287068237,True,122
114.342745,109,105.277874,0.6179003526194323,0.6179003526194323,0.4374957407145474,0.4465875119353093,True,109
150.134921,112,105.362,0.6390556918639351,0.6390556918639351,0.43402795846500264,0.5131305122400123,True,112
167.307678,114,105.456843,0.5963433141360175,0.5963433141360175,0.4163295357938325,0.4841533769772438,True,114
117.359928,104,106.127322,0.585265786917726,0.585265786917726,0.41532427983715525,0.5055771849558768,True,104
128.290737,100,106.23971,0.5205533697913703,0.5205533697913703,0.42098717236947286,0.5064935182439307,True,100
138.300651,106,106.324094,0.5423226485049686,0.5423226485049686,0.4231988247151613,0.4820876103592607,True,106
171.461223,121,106.412488,0.5845284907089073,0.5845284907089073,0.43083444975333524,0.4658712518570719,True,121
144.557585,110,106.494303,0.5617982505417387,0.5617982505417387,0.4353645951884122,0.4609113907665412,True,110
151.11626,110,106.574189,0.5748858972389831,0.5748858972389831,0.41841653401444295,0.4868095262835449,True,110
143.537754,110,106.656728,0.6218306907539582,0.6218306907539582,0.43572364295138793,0.4469339559472665,True,110
129.143515,107,106.736804,0.5486495425850062,0.5486495425850062,0.4164654707482934,0.5526316814213093,True,107
140.404393,103,106.814641,0.5831100697135556,0.5831100697135556,0.447176074679531,0.43902093151123894,True,103
155.898256,115,106.899505,0.6006698195674524,0.6006698195674524,0.4262814349706163,0.5879799010370731,True,115
174.159464,123,106.989005,0.6006220959482277,0.6006220959482277,0.41929207677137703,0.5031766058306059,True,123
160.027222,126,107.081073,0.6531856070385856,0.6531856070385856,0.4186394748250519,0.5503492537856673,True,126
116.882818,115,107.167346,0.6057700844934051,0.6057700844934051,0.41516758476837384,0.41870452296003186,True,115
170.810518,107,107.248078,0.5927534254670113,0.5927534254670113,0.41584874321595483,0.4863288852804611,True,107
151.267402,115,107.333982,0.541784876371286,0.541784876371286,0.45301651184021474,0.41444223501680444,True,115
157.905714,115,107.420489,0.5902321270344052,0.5902321270344052,0.42590094135552764,0.5124032551676364,True,115
142.040778,117,107.50822,0.5794354683633849,0.5794354683633849,0.4192928507958436,0.43473971646017656,True,117
195.626111,122,107.596052,0.6134833636535924,0.6134833636535924,0.42828460807801516,0.489825017679946,True,122
135.369046,109,108.193178,0.5697763475031828,0.5697763475031828,0.42012590529139027,0.45694250531036695,True,109
178.639514,114,108.308566,0.525169012948434,0.525169012948434,0.4329689826167488,0.43588433690767414,True,114
142.782009,103,108.405637,0.5218099130843895,0.5218099130843895,0.428286840249669,0.5518814558435279,True,103
168.50444,109,108.485871,0.5906719984791428,0.5906719984791428,0.41914406379692853,0.46354826111734226,True,109
159.271264,122,108.578925,0.6290294363842285,0.6290294363842285,0.4298043983649144,0.467926322194848,True,122
169.458838,123,108.670606,0.6164291045181418,0.6164291045181418,0.4279840663127746,0.4850398141878792,True,123
131.3565,107,108.751823,0.5328230430987261,0.5328230430987261,0.4314051679651511,0.43521787324864075,True,107
151.82062,106,108.830113,0.5519539464379092,0.5519539464379092,0.42080513763287875,0.4511357534068837,True,106
164.189859,120,108.921292,0.6036430465770452,0.6036430465770452,0.42161432598379095,0.4809017514937137,True,120
132.972709,110,109.003153,0.6048675739888524,0.6048675739888524,0.42127892274948836,0.4974638038280914,True,110
181.388069,128,109.097874,0.6128551984723635,0.6128551984723635,0.4154360427159698,0.42921632990115033,True,128
154.936204,107,109.180793,0.558731891471665,0.558731891471665,0.43448202663950297,0.5450145023737908,True,107
172.454468,110,109.264558,0.5891543999805348,0.5891543999805348,0.43085670145359733,0.4615837204317782,True,110
130.898408,102,109.341552,0.5645251733867327,0.5645251733867327,0.43606082971224497,0.5063395443627418,True,102
177.38911,121,109.435311,0.5628302997232426,0.5628302997232426,0.4296290690627622,0.4745636522079765,True,121
149.462051,102,109.514288,0.5839191651924772,0.5839191651924772,0.4313946253305252,0.5361687983155652,True,102
150.728305,110,109.598266,0.5759060776799618,0.5759060776799618,0.45787368627529296,0.439276109883719,True,110
142.097436,114,109.685199,0.6205273262152677,0.6205273262152677,0.45277524454914303,0.42837887860036256,True,114
161.913885,119,109.776232,0.5957941087382334,0.5957941087382334,0.42482223716932843,0.482954923387911,True,119
162.614561,114,110.406581,0.611974608950827,0.611974608950827,0.4308543612022823,0.5258159077443753,True,114
132.384136,105,110.511985,0.5812709290171726,0.5812709290171726,0.43043314560006884,0.46126727542112095,True,105
146.344294,118,110.598515,0.6334597470560556,0.6334597470560556,0.42910612514114305,0.4803905033416679,True,118
170.544457,104,110.677233,0.5460733083772928,0.5460733083772928,0.42879801704632053,0.546406336485036,True,104
127.42094,103,110.752979,0.6011794964899644,0.6011794964899644,0.4212308940642302,0.525196110313529,True,103
153.145878,112,110.836037,0.5633382837917233,0.5633382837917233,0.434888276131683,0.5106264809291172,True,112
132.984934,106,110.914645,0.6040578568034152,0.6040578568034152,0.4654951289878192,0.4237884084388282,True,106
109.7546,108,110.992239,0.533051255250305,0.533051255250305,0.4451640457530654,0.43822709543647437,True,108
132.28856,112,111.079844,0.5524379880648849,0.5524379880648849,0.4673263585426937,0.44714267872501473,True,112
202.362654,127,111.177717,0.5757436541942678,0.5757436541942678,0.4187795871193086,0.4818566946475582,True,127
141.38185,112,111.263928,0.5974066995615881,0.5974066995615881,0.43408241500480443,0.5292922131648199,True,112
154.885816,111,111.350317,0.5345924076316005,0.5345924076316005,0.4335038379789752,0.4795392854206631,True,111
155.030197,122,111.440615,0.6050563181601959,0.6050563181601959,0.4438397643688664,0.4086801247072394,True,122
128.180856,108,111.518721,0.5244866466442113,0.5244866466442113,0.4447149447238013,0.4493016097018755,True,108
164.015947,115,111.606731,0.5768365102568074,0.5768365102568074,0.4529325620554902,0.4383687206088474,True,115
173.349568,112,111.688707,0.5972846017358054,0.5972846017358054,0.4374780455254622,0.4456815976805098,True,112
174.571015,128,111.783949,0.647320644560166,0.647320644560166,0.425124628415734,0.4884911641580976,True,128
138.338697,108,111.864877,0.6091132814843113,0.6091132814843113,0.4312583139745763,0.4552361820770773,True,108
141.414153,113,112.477064,0.5918383966513362,0.5918383966513362,0.42305241897363466,0.4753336478102657,True,113
120.367037,107,112.601382,0.5412585882646713,0.5412585882646713,0.43466699844487605,0.5453722780300045,True,107
176.99628,115,112.685116,0.5873893583958432,0.5873893583958432,0.42373368338291706,0.5567101943556179,True,115
137.697567,105,112.778669,0.6018372127100781,0.6018372127100781,0.41692705422870807,0.5258915234673294,True,105
154.726153,113,112.861366,0.5815772870207645,0.5815772870207645,0.4174478826658161,0.46858192733035414,True,113
155.980904,126,112.955399,0.6703339356334522,0.6703339356334522,0.4200528256139282,0.4775290145015285,True,126
114.235818,106,113.032226,0.610732296964011,0.610732296964011,0.4260159098142006,0.5084596661108276,True,106
105.725651,101,113.106436,0.5072829774512916,0.5072829774512916,0.41810444176015454,0.46453993827489326,True,101
154.065986,124,113.200605,0.6614926251249827,0.6614926251249827,0.4235289581882494,0.44786505971455837,True,124
194.249799,120,113.288699,0.639409960210094,0.639409960210094,0.42039004099924604,0.48006813904956114,True,120
153.809224,109,113.370405,0.5609751408792238,0.5609751408792238,0.424712876829617,0.4991551612037264,True,109
127.341814,113,113.456722,0.5622194493257279,0.5622194493257279,0.43401229589118884,0.5013112982521324,True,113
161.825153,116,113.544152,0.5517768317549633,0.5517768317549633,0.43350460715997724,0.5629938598318838,True,116
123.546141,101,113.619947,0.5187576982927186,0.5187576982927186,0.4246993106367419,0.6172787762202235,True,101
191.985782,126,113.714876,0.6384295462668815,0.6384295462668815,0.41866979501117557,0.42526121671308403,True,126
181.939425,114,113.801382,0.5488682540250515,0.5488682540250515,0.43567731501621615,0.4676239212008718,True,114
166.390203,116,113.886979,0.589156656953792,0.589156656953792,0.4278893627953969,0.5181813566409008,True,116
191.3744,130,113.984244,0.6190001976198526,0.6190001976198526,0.4162680802626366,0.5064331692859191,True,130
134.118877,112,114.757045,0.5804520431916153,0.5804520431916153,0.42339002501271183,0.4346492030935679,True,112
166.778297,111,114.8635,0.5680083177352564,0.5680083177352564,0.4173299129691926,0.46808424410626326,True,111
141.019669,102,114.938894,0.5555739520633676,0.5555739520633676,0.4343281336406533,0.4547990479471578,True,102
178.331748,120,115.027508,0.5987030734272364,0.5987030734272364,0.43359980620546806,0.48433380873117376,True,120
149.135541,112,115.115209,0.547898659556006,0.547898659556006,0.4164342067801526,0.5301269848331367,True,112
157.782124,108,115.195988,0.5607780888959855,0.5607780888959855,0.4183336466511249,0.43888775245484934,True,108
140.256845,113,115.281595,0.6206802386647218,0.6206802386647218,0.4341363920042447,0.5188301792409526,True,113
129.379853,110,115.363687,0.6065105355873489,0.6065105355873489,0.4170198109238207,0.5120456317882759,True,110
185.153955,134,115.462327,0.6501706191113754,0.6501706191113754,0.413069668298297,0.45017077625902285,True,134
164.64425,101,115.538647,0.552517069815871,0.552517069815871,0.4193344179009449,0.444434883619359,True,101
183.101849,109,115.620903,0.4838098554078212,0.4838098554078212,0.43578976734326064,0.46041208189139865,True,109
162.08466,100,115.695593,0.4852799022044803,0.4852799022044803,0.4788298015846172,0.4307518333782185,True,100
181.853069,112,115.780194,0.572598189875165,0.572598189875165,0.42071401582683865,0.4566179073895501,True,112
154.015862,115,115.864784,0.5350668416636869,0.5350668416636869,0.4194839720282748,0.5285960980629184,True,115
135.608294,102,115.939405,0.5744873102837198,0.5744873102837198,0.4289423596145142,0.5265406656847466,True,102
136.302044,106,116.015033,0.5655500716472537,0.5655500716472537,0.4202817508328631,0.47957079198847047,True,106
154.523369,106,116.094501,0.581346866263529,0.581346866263529,0.432618703604945,0.5710119737711392,True,106
136.436107,116,116.181592,0.6277649502024477,0.6277649502024477,0.43292362800595047,0.5763931844058225,True,116
157.993842,112,116.810993,0.5782975026055204,0.5782975026055204,0.4943287852419813,0.44802518268266384,True,112
149.376046,117,116.92611,0.6003876973084595,0.6003876973084595,0.42761826522861435,0.47015122951065563,True,117
142.731967,115,117.026793,0.6178787633999314,0.6178787633999314,0.4331766543624618,0.511001820382468,True,115
116.066231,104,117.106965,0.5345248287118557,0.5345248287118557,0.42954254668263747,0.5098378704096098,True,104
139.073377,111,117.191117,0.541401655425338,0.541401655425338,0.4370344398984432,0.4412393124550693,True,111
157.666448,112,117.27636,0.5647377743873366,0.5647377743873366,0.41548045408290807,0.44050496319443316,True,112
185.369606,120,117.368208,0.594607056391293,0.594607056391293,0.4319212008087401,0.5245988424167942,True,120
168.366409,116,117.454688,0.5656715447454802,0.5656715447454802,0.4520579956686548,0.449018027443592,True,116
177.70115,118,117.546629,0.6195818278309557,0.6195818278309557,0.43017249145424435,0.4283249753751282,True,118
174.849317,126,117.639999,0.6237831230066913,0.6237831230066913,0.43306187961927856,0.491772089440014,True,126
155.671872,109,117.722174,0.5478073146972581,0.5478073146972581,0.43365923766529185,0.517237852664785,True,109
166.620503,116,117.811118,0.597111894164346,0.597111894164346,0.48062673522530475,0.4254699055675711,True,116
148.705456,113,117.896836,0.6312919265915461,0.6312919265915461,0.4338887746968903,0.48655755845124926,True,113
171.262099,120,117.988868,0.5856328506196677,0.5856328506196677,0.4197857733397251,0.4698777760941782,True,120
191.153491,131,118.087329,0.6398448622235676,0.6398448622235676,0.4211806848760703,0.557210817662101,True,131
128.010819,110,118.169488,0.6115260232672475,0.6115260232672475,0.4179505237550981,0.4380159785833201,True,110
176.882019,113,118.255856,0.5703170447755173,0.5703170447755173,0.43494441125040145,0.4308542752422689,True,113
170.126336,113,118.341645,0.5690629101726236,0.5690629101726236,0.42967604481243266,0.47085209667027306,True,113
138.105436,104,119.031955,0.5151522220550393,0.5151522220550393,0.43467928283231694,0.4540728729814526,True,104
159.999934,116,119.154009,0.6098671417284324,0.6098671417284324,0.4282160484742434,0.4872753989573394,True,116
129.214752,100,119.236124,0.5599062292339186,0.5599062292339186,0.42590921777078844,0.5664492107630057,True,100
181.727329,114,119.32018,0.5582794330847056,0.5582794330847056,0.42205578212218364,0.5203380453945886,True,114
186.97292,134,119.420961,0.6476314304946951,0.6476314304946951,0.4301991009475895,0.46528436427447467,True,134
180.175226,115,119.504593,0.5787679655139237,0.5787679655139237,0.4325016595285705,0.44595055771845243,True,115
158.856093,102,119.581168,0.5712103803761716,0.5712103803761716,0.415926046458548,0.4973252554952228,True,102
143.225836,112,119.664547,0.5941248335207695,0.5941248335207695,0.42855492163799314,0.45999753010052513,True,112
144.075297,107,119.744117,0.6151010869961446,0.6151010869961446,0.42740382238483704,0.45238909839300406,True,107
148.969454,124,119.835845,0.6321470921420766,0.6321470921420766,0.42029432457926774,0.5590304663248873,True,124
131.137939,99,119.908514,0.5621849409015954,0.5621849409015954,0.4285564425456503,0.46432689473021055,True,99
118.462345,103,119.986395,0.5003607209622518,0.5003607209622518,0.42268866328400195,0.5192193905453973,True,103
152.86747,110,120.067813,0.5648411834676049,0.5648411834676049,0.4262155423556742,0.4795265467778508,True,110
112.002462,110,120.148055,0.5868995104103956,0.5868995104103956,0.4338609346785314,0.5013799461969191,True,110
159.415536,115,120.231719,0.5899825299341808,0.5899825299341808,0.42557564476145926,0.5157917705453618,True,115
138.534895,108,120.311529,0.5584995101906202,0.5584995101906202,0.424647525073218,0.46052918895328787,True,108
158.862521,110,120.390821,0.6136447064846278,0.6136447064846278,0.4360483617478991,0.5269576742500395,True,110
158.941132,122,120.482244,0.6274628180396873,0.6274628180396873,0.4276213099616579,0.46263729840700196,True,122
142.035855,107,121.131452,0.5638394227287371,0.5638394227287371,0.4182912071030531,0.46534182426589765,True,107
115.934859,94,121.214041,0.4752265671390659,0.4752265671390659,0.4340574448089974,0.5059188048810371,True,94
170.065974,108,121.314593,0.6047571997321841,0.6047571997321841,0.4326281656052513,0.49279022267391226,True,108
147.50195,111,121.400743,0.6133856271562252,0.6133856271562252,0.4303167324993239,0.45646398490617346,True,111
151.808565,117,121.488796,0.5908876065150734,0.5908876065150734,0.4238825364775518,0.5355618797025283,True,117
139.683426,110,121.573108,0.6093396384460241,0.6093396384460241,0.42484519382862124,0.4990274658105145,True,110
167.792506,113,121.657823,0.5887915659185828,0.5887915659185828,0.44392905769878344,0.4481038196863489,True,113
136.455187,99,121.731858,0.5636257906400834,0.5636257906400834,0.45749398882348763,0.4421724061596867,True,99
162.866792,108,121.816466,0.5378490495128913,0.5378490495128913,0.4315677601661265,0.514998147403998,True,108
153.650837,108,121.898501,0.5533061452501679,0.5533061452501679,0.43096370395270467,0.49113165877852866,True,108
199.133856,127,121.996008,0.6054215807683667,0.6054215807683667,0.4630309200864572,0.418969484702157,True,127
155.054118,106,122.075234,0.5293194740582229,0.5293194740582229,0.4284230874906639,0.5500794306447525,True,106
107.433749,104,122.154127,0.5688868560362773,0.5688868560362773,0.435108263931003,0.520634208589135,True,104
187.279625,112,122.23802,0.5492896425245225,0.5492896425245225,0.4315620701036703,0.4643951311159134,True,112
170.384946,109,122.321879,0.593284133507093,0.593284133507093,0.43191042002192015,0.5519558921878411,True,109
192.579997,125,122.415504,0.5963339231116859,0.5963339231116859,0.4246349935845854,0.47339722072242885,True,125
210.240694,126,122.510104,0.5889057169529435,0.5889057169529435,0.4354861977314047,0.5678881069719408,True,126
189.737528,123,122.604228,0.5706389098875456,0.5706389098875456,0.4173345518823524,0.441726183180655,True,123
172.744906,109,122.685067,0.5730684592056546,0.5730684592056546,0.4237587220589925,0.4735385994710843,True,109
132.198476,111,123.228494,0.6033869811095315,0.6033869811095315,0.41676855138634855,0.501449688066198,True,111
167.235153,106,123.344994,0.550484834721285,0.550484834721285,0.4255643095060385,0.48057524543317387,True,106
136.06256,111,123.424495,0.569333296340849,0.569333296340849,0.433974446594037,0.5168743574015399,True,111
103.441973,96,123.495295,0.5085965331982304,0.5085965331982304,0.4256842741539303,0.5346345369468142,True,96
126.175134,110,123.57868,0.5884102767180407,0.5884102767180407,0.42153147823049597,0.4207977071447845,True,110
170.983912,115,123.663151,0.5647284367969027,0.5647284367969027,0.42771775061017264,0.5345925097237109,True,115
165.584934,111,123.748437,0.6363185612192538,0.6363185612192538,0.41877926587864006,0.4501676003456125,True,111
143.431028,114,123.841135,0.584515488003598,0.584515488003598,0.4295908900720024,0.4392840071085957,True,114
144.731089,118,123.930427,0.6150301586176653,0.6150301586176653,0.42999704458676136,0.497769980796638,True,118
156.104524,103,124.006747,0.5380606392609685,0.5380606392609685,0.42788543383437083,0.5335119079928526,True,103
125.758631,115,124.093702,0.614596858357296,0.614596858357296,0.43460512520355943,0.4632811062428443,True,115
167.416134,110,124.177857,0.5751228706801514,0.5751228706801514,0.4194430824671116,0.49687605646459454,True,110
187.089376,122,124.269166,0.6253420495223377,0.6253420495223377,0.43297781426352644,0.5365476181913833,True,122
128.884189,118,124.357765,0.614370994701628,0.614370994701628,0.4323179059039844,0.5277242037864052,True,118
125.640049,115,124.442173,0.5810344770407397,0.5810344770407397,0.4347974558107604,0.5264078139892323,True,115
231.747782,128,124.538075,0.6282750320831169,0.6282750320831169,0.429089081010583,0.49508636846637455,True,128
181.277663,120,124.626271,0.6481946920031431,0.6481946920031431,0.4249020810836327,0.5194936689774075,True,120
184.788631,115,124.711005,0.5882740717906179,0.5882740717906179,0.4321362569004513,0.5521223321509956,True,115
138.45767,108,125.708241,0.606614980379932,0.606614980379932,0.4290265470164572,0.5200129324507309,True,108
156.87269,118,125.835533,0.6471879393573993,0.6471879393573993,0.42895778474797447,0.49592719786683087,True,118
155.560352,120,125.924765,0.5953802332651588,0.5953802332651588,0.4271547494832477,0.49375500398947175,True,120
164.24618,111,126.006634,0.5376192287738742,0.5376192287738742,0.41681862226210403,0.5383526421572733,True,111
153.395596,104,126.083566,0.5889710732526772,0.5889710732526772,0.42119698832554636,0.48066471769625635,True,104
145.03402,112,126.169105,0.5692631641708877,0.5692631641708877,0.4228473145611369,0.5273892260691643,True,112
134.221864,99,126.243303,0.521868801040149,0.521868801040149,0.42734374201098835,0.4761945987087236,True,99
108.615428,105,126.319893,0.6016297959635334,0.6016297959635334,0.42455287743601644,0.5135026991609712,True,105
180.608336,123,126.413478,0.6920291809474665,0.6920291809474665,0.42903967440492935,0.4912585737241455,True,123
143.000377,109,126.49202,0.5459199402121033,0.5459199402121033,0.42656285996139764,0.5014210578732631,True,109
160.319698,108,126.571668,0.5451800789269453,0.5451800789269453,0.44367044340900613,0.44661435424181706,True,108
143.11267,112,126.656117,0.5193857396249955,0.5193857396249955,0.43441253848778955,0.5388778165609257,True,112
141.088658,112,126.74152,0.5674283220060873,0.5674283220060873,0.4294753490647645,0.4907797308601179,True,112
142.766638,109,126.827608,0.5908681208584982,0.5908681208584982,0.4194844946626529,0.45061150730544397,True,109
166.198987,124,126.916959,0.5865476864675984,0.5865476864675984,0.4268887384145281,0.5406552875554679,True,124
193.198543,132,127.015006,0.6239349317710559,0.6239349317710559,0.4330781994247893,0.5016295768680528,True,132
166.846147,103,127.091522,0.5556435388441159,0.5556435388441159,0.4192835365079106,0.5371277229918404,True,103
185.60228,129,127.186472,0.6294960966051538,0.6294960966051538,0.4179186517323931,0.601481524250477,True,129
126.781701,105,127.725417,0.518355600684366,0.518355600684366,0.4195622081801143,0.46852497275651755,True,105
151.25989,122,127.860741,0.6463325908504932,0.6463325908504932,0.43467528554805257,0.5356760472053247,True,122
160.250928,125,127.961406,0.6534520080490626,0.6534520080490626,0.4178517557373844,0.456727170297429,True,125
138.347852,110,128.043241,0.5831205746783553,0.5831205746783553,0.4350004614762854,0.5033323642955181,True,110
153.722969,103,128.122721,0.5923565762447335,0.5923565762447335,0.42692386734847965,0.5673459963051856,True,103
125.156777,107,128.20085,0.5905003526908416,0.5905003526908416,0.4227099252241058,0.4413565478937113,True,107
141.053884,110,128.283303,0.5671952009438727,0.5671952009438727,0.431482752602955,0.4890185220270543,True,110
140.455103,114,128.368572,0.6025310311959486,0.6025310311959486,0.4395962118415779,0.43921903284148756,True,114
168.218444,122,128.461928,0.6436061065329822,0.6436061065329822,0.4172312473726543,0.5233982282504558,True,122
133.10905,107,128.543659,0.5798385338559668,0.5798385338559668,0.4330390509859805,0.5581192048648015,True,107
139.809365,112,128.628455,0.5907680410146187,0.5907680410146187,0.42116551636957245,0.4738670455106803,True,112
170.537638,112,128.715436,0.5628332958574858,0.5628332958574858,0.42811597714334876,0.5141461609404699,True,112
146.950848,116,128.805225,0.6218972874074916,0.6218972874074916,0.4234789299850627,0.4112267738363395,True,116
131.784599,100,128.878891,0.5154126338055508,0.5154126338055508,0.4360966677068475,0.48074133025886034,True,100
162.953281,118,128.967074,0.6153478395147278,0.6153478395147278,0.4287841332129835,0.49899718984190056,True,118
111.776184,103,129.044288,0.5486688261563386,0.5486688261563386,0.4197923734392599,0.4449513172952447,True,103
190.439044,114,129.133162,0.5581861045458516,0.5581861045458516,0.43441230024197197,0.5682063386860179,True,114
142.15343,104,129.21615,0.5941109841695005,0.5941109841695005,0.4307291245944435,0.4691525100348196,True,104
145.797496,113,129.840283,0.651078299297416,0.651078299297416,0.41946454701858005,0.46622536903169187,True,113
165.865785,111,129.963553,0.5811112264696217,0.5811112264696217,0.435481036979991,0.5212894349164032,True,111
167.119781,114,130.054957,0.5831896128389852,0.5831896128389852,0.4242989413672621,0.5349057755403558,True,114
145.505053,112,130.13859,0.5806081623996465,0.5806081623996465,0.4200267423497955,0.41979862585978533,True,112
173.557388,111,130.220564,0.5936755899399498,0.5936755899399498,0.4307098268447327,0.5348566198787238,True,111
127.270502,101,130.296486,0.5156612897511984,0.5156612897511984,0.4273927581103781,0.5387042051445025,True,101
143.066741,106,130.373586,0.593452412049493,0.593452412049493,0.4253696587528028,0.5319101602997807,True,106
173.430307,130,130.468689,0.6586191670399696,0.6586191670399696,0.4352787513335101,0.5083542807425868,True,130
117.002658,102,130.543004,0.5302325578101406,0.5302325578101406,0.42408712911954216,0.46563556554952346,True,102
143.272804,113,130.627505,0.5895373451975839,0.5895373451975839,0.42959087244175354,0.4256515653962728,True,113
155.171555,116,130.711469,0.6037815277793044,0.6037815277793044,0.4545582778280691,0.4454473581496464,True,116
152.352421,112,130.792568,0.534974283858656,0.534974283858656,0.4192203602901361,0.4310808281865624,True,112
155.09849,101,130.866215,0.5592132053607796,0.5592132053607796,0.4191987987589875,0.4824697546341189,True,101
158.443828,101,130.940418,0.500264282637746,0.500264282637746,0.4233964494995328,0.5416135865550046,True,101
163.903859,118,131.028262,0.5703195463584975,0.5703195463584975,0.4301073685058803,0.4390765921157437,True,118
141.477942,109,131.107333,0.564753764622909,0.564753764622909,0.4227007880117796,0.47863505977632137,True,109
158.01197,129,131.201484,0.6639297380887844,0.6639297380887844,0.42146808531559243,0.39938423913363447,True,129
159.934507,114,131.285386,0.5375172995542988,0.5375172995542988,0.42573702379030864,0.5060899586963906,True,114
138.668965,110,131.367436,0.523910718765771,0.523910718765771,0.43399264727020853,0.4394956029836918,True,110
163.423942,102,131.9932,0.5014597368831412,0.5014597368831412,0.42275002748664164,0.4509087215407199,True,102
133.087508,113,132.103805,0.6441196953550602,0.6441196953550602,0.42063774434882845,0.4298170605275627,True,113
173.967488,116,132.188727,0.5902972434798347,0.5902972434798347,0.4325167874184313,0.5137179382267075,True,116
135.968872,114,132.274184,0.5503635443522983,0.5503635443522983,0.4179754344807041,0.4561321657393291,True,114
131.003961,104,132.353605,0.5844242291792991,0.5844242291792991,0.42305565020863534,0.47671315211697096,True,104
229.01024,134,132.459486,0.5556647247735849,0.5556647247735849,0.4183125761379643,0.4270868862923317,True,134
137.83312,110,132.539945,0.5974031871576376,0.5974031871576376,0.4168637406020741,0.48925273061768615,True,110
149.828683,107,132.618264,0.57597817438778,0.57597817438778,0.4195681646039719,0.5143767308472882,True,107
165.472711,105,132.696773,0.5069201856803179,0.5069201856803179,0.43058913557505846,0.4568799694068585,True,105
130.738438,108,132.776065,0.5771342885666867,0.5771342885666867,0.42430598666185954,0.4899095877450549,True,108
146.871964,118,132.862855,0.6373964317088493,0.6373964317088493,0.4170096405435961,0.45279998574552127,True,118
175.239443,119,132.951953,0.5650668229962124,0.5650668229962124,0.4275776744082745,0.4743914413845505,True,119
171.203232,113,133.033907,0.5765973097886247,0.5765973097886247,0.4403478511181292,0.440760296516097,True,113
146.562041,102,133.112982,0.5515006877781947,0.5515006877781947,0.4256965425929626,0.4660611266861751,True,102
200.713346,121,133.204645,0.604488366028304,0.604488366028304,0.43032427846288285,0.5542180247206169,True,121
149.670794,108,133.285494,0.5772997867479781,0.5772997867479781,0.42269384862971243,0.47939228982317234,True,108
142.12419,116,133.372874,0.6124006184606268,0.6124006184606268,0.4283612857877264,0.4484222751449245,True,116
158.902957,121,133.462914,0.6322680188085622,0.6322680188085622,0.4314512595485164,0.452665626584283,True,121
180.153171,118,134.046192,0.6209210080903639,0.6209210080903639,0.4265087114110887,0.5062402167773281,True,118
174.734994,119,134.172745,0.5932238555762613,0.5932238555762613,0.43249623297372575,0.49462300358470024,True,119
216.496802,126,134.26399,0.6421746635398801,0.6421746635398801,0.43135463839483973,0.469273205590431,True,126
167.142427,125,134.355294,0.6487396084428707,0.6487396084428707,0.428168370527471,0.5340253327684048,True,125
134.094712,98,134.426575,0.5181957160640828,0.5181957160640828,0.42995177936921064,0.5160757068997541,True,98
121.834014,104,134.503634,0.5798635785588923,0.5798635785588923,0.4311330917082575,0.4703962747071353,True,104
125.029306,107,134.585552,0.5737714346368745,0.5737714346368745,0.4335494204022294,0.5214537404430197,True,107
193.535238,125,134.677575,0.6326072121593214,0.6326072121593214,0.42723136961617536,0.5149784636319938,True,125
198.741463,124,134.76815,0.6108110155416145,0.6108110155416145,0.4284234894324893,0.49980047830264196,True,124
155.292239,109,134.84772,0.571984961661417,0.571984961661417,0.4207019486276914,0.5555453594297843,True,109
153.487342,126,134.947304,0.665214978556513,0.665214978556513,0.4316853471873288,0.486871586948334,True,126
174.054585,112,135.028249,0.5970056515043581,0.5970056515043581,0.41549612163274896,0.4008197522616825,True,112
157.122671,112,135.110331,0.6365306633880327,0.6365306633880327,0.42823560246070735,0.4367186405554524,True,112
160.555508,103,135.189685,0.5446734224523145,0.5446734224523145,0.4320386223462964,0.5273051787295774,True,103
125.259835,110,135.270003,0.5518705239375549,0.5518705239375549,0.41681210868472446,0.48496503456120815,True,110
189.711827,123,135.362401,0.5873780682479404,0.5873780682479404,0.4287244696702614,0.49708444193826323,True,123
168.446013,113,135.448716,0.5548986595805427,0.5548986595805427,0.4270840229468017,0.4142158766877627,True,113
184.186822,122,135.537875,0.6362119610484768,0.6362119610484768,0.4180268855394144,0.4594301651392193,True,122
155.075861,115,136.166302,0.6327842297004437,0.6327842297004437,0.41798855185546885,0.43731419894459134,True,115
142.650634,118,136.282582,0.6620490398637223,0.6620490398637223,0.41866254372667333,0.4888016604744543,True,118
181.987259,115,136.366273,0.5946586895302548,0.5946586895302548,0.4257606328056839,0.48527499049663825,True,115
145.575658,113,136.450067,0.5433786255074802,0.5433786255074802,0.43297849637268504,0.4802031434018929,True,113
183.994064,125,136.541154,0.6239058404756819,0.6239058404756819,0.43510309351000964,0.4818832532408669,True,125
144.292882,113,136.625062,0.5959443871413632,0.5959443871413632,0.43588439264390544,0.5097867544849779,True,113
131.686487,111,136.707108,0.610835594447345,0.610835594447345,0.4183548914156665,0.45205916826133463,True,111
143.799098,102,136.782483,0.5364579044168565,0.5364579044168565,0.42915093225640366,0.5323894652395841,True,102
189.033864,118,136.872583,0.6054717104607301,0.6054717104607301,0.4232225256360559,0.4504729790340482,True,118
155.959556,118,136.960185,0.6466686211516212,0.6466686211516212,0.42285281671674746,0.507146053217047,True,118
164.468686,110,137.042333,0.5499336807821928,0.5499336807821928,0.4210389169419055,0.5245155039606644,True,110
176.65881,124,137.136694,0.6152263733474388,0.6152263733474388,0.424023030925733,0.5697400657523932,True,124
177.757419,117,137.226688,0.603426406966872,0.603426406966872,0.4336966866872748,0.4554478708521368,True,117
173.598729,126,137.321355,0.6465678908722831,0.6465678908722831,0.42136434787128285,0.4403608279657136,True,126
151.060135,115,137.409281,0.65502775101356,0.65502775101356,0.42248348205346753,0.4412927241200535,True,115
155.732159,106,137.488896,0.5598901099127245,0.5598901099127245,0.4150397666122561,0.42825700625708635,True,106
135.367168,110,137.570612,0.5947864614302738,0.5947864614302738,0.4256004392932155,0.44174025716796617,True,110
142.616427,117,137.988765,0.627033009069,0.627033009069,0.43093342604861656,0.41692437762942547,True,117
139.848989,116,138.097299,0.5759840248866706,0.5759840248866706,0.41545851147656704,0.4272226513687424,True,116
175.703893,114,138.190721,0.5808787677334774,0.5808787677334774,0.4302994531065928,0.5458255253707215,True,114
145.0666,107,138.268318,0.5406346769956378,0.5406346769956378,0.4343297505915561,0.5038622712833544,True,107
181.318799,127,138.360359,0.6182509568192098,0.6182509568192098,0.42324444048927223,0.4245346005104506,True,127
174.216061,125,138.452647,0.6447928962891193,0.6447928962891193,0.43593299424635934,0.48153932166663177,True,125
195.472017,118,138.538391,0.5839558744328885,0.5839558744328885,0.42359689368186876,0.4099419696669616,True,118
163.615725,115,138.623384,0.5840022330184752,0.5840022330184752,0.4189811544784116,0.4914192510821324,True,115
160.235817,114,138.709762,0.5741480141255819,0.5741480141255819,0.43208395982223363,0.5355131946816487,True,114
161.907009,113,138.790305,0.5416302513293918,0.5416302513293918,0.42990441631443516,0.526784023389987,True,113
145.695842,117,138.87642,0.6235518684688526,0.6235518684688526,0.4352326026791445,0.44225776483332513,True,117
150.923482,110,138.960507,0.5659038967259382,0.5659038967259382,0.4502021579249177,0.4125272592491431,True,110
164.440305,113,139.041826,0.5796547796020161,0.5796547796020161,0.42574945268842074,0.548863624853922,True,113
128.912909,109,139.123878,0.5960304647685248,0.5960304647685248,0.4333379347931455,0.5522423657132587,True,109
179.24232,111,139.20444,0.5410188421980227,0.5410188421980227,0.43535059582438923,0.5512425687504078,True,111
119.713126,97,139.27809,0.5269557762366651,0.5269557762366651,0.41924493030596005,0.42518506732564093,True,97
181.070533,117,139.365695,0.5670977535453471,0.5670977535453471,0.4331426865931536,0.5284931322890829,True,117
140.490203,107,139.444785,0.589600338106224,0.589600338106224,0.4237937366196683,0.47451666454896974,True,107
142.174852,112,140.111202,0.6200450702749002,0.6200450702749002,0.42702070832913513,0.42735680117626157,True,112
168.323493,111,140.211903,0.5421942243794345,0.5421942243794345,0.4188219833269733,0.46365179073065793,True,111
190.135049,109,140.320802,0.5234901697431912,0.5234901697431912,0.43411852640676224,0.526807335313434,True,109
126.145961,112,140.403958,0.6116833137366997,0.6116833137366997,0.42309057940717787,0.43575866899190824,True,112
157.4557,114,140.499594,0.5761991871721392,0.5761991871721392,0.43048576326944243,0.5248219697146753,True,114
185.42668,123,140.617272,0.5508079359024524,0.5508079359024524,0.4312253003211125,0.5550779431109822,True,123
173.236086,116,140.709705,0.5928936018717024,0.5928936018717024,0.4234255330867621,0.45828609287105015,True,116
167.117968,107,140.795666,0.56366840783667,0.56366840783667,0.43157520398409077,0.5413747260499956,True,107
179.366046,111,140.882939,0.5249691318565192,0.5249691318565192,0.4413337727138494,0.44452729823538084,True,111
142.432336,113,140.971612,0.5694080798480502,0.5694080798480502,0.4238518081336667,0.5605359039778597,True,113
153.68978,114,141.065233,0.5988609548713344,0.5988609548713344,0.433223938583263,0.4403434091876375,True,114
142.441012,115,141.154516,0.5812766777452163,0.5812766777452163,0.43848794627145415,0.4198419688841885,True,115
181.524497,112,141.243975,0.5323180954044512,0.5323180954044512,0.43472875302913194,0.4886755507004205,True,112
196.622121,129,141.344673,0.6078729701723343,0.6078729701723343,0.4314546104401774,0.5477876485474082,True,129
181.459407,111,141.434239,0.5856902480487185,0.5856902480487185,0.41787613432524195,0.5070901835494075,True,111
154.430268,115,141.522682,0.58694766456243,0.58694766456243,0.4184084102145645,0.45861566602014336,True,115
154.024589,107,141.603929,0.5738181748233866,0.5738181748233866,0.4305841423162206,0.46994577844581675,True,107
143.181669,105,141.686049,0.5514303069025115,0.5514303069025115,0.47989572479588916,0.4457174623132769,True,105
158.14104,118,142.444153,0.5885256490657025,0.5885256490657025,0.4350264873242525,0.5539373642255344,True,118
157.57392,119,142.586618,0.6226231684330317,0.6226231684330317,0.42369157077456754,0.48606909612170085,True,119
142.344873,112,142.698674,0.5574562174249281,0.5574562174249281,0.4353055961336505,0.46423709786423334,True,112
136.094704,107,142.783556,0.5592903373586494,0.5592903373586494,0.4270688916966407,0.5127431181821369,True,107
149.840642,114,142.873569,0.6261956236559751,0.6261956236559751,0.41773982521029424,0.4984121561076003,True,114
179.11247,117,142.96656,0.6005010439010301,0.6005010439010301,0.4252615973021939,0.4939121956628258,True,117
132.63615,110,143.054852,0.5827756863490302,0.5827756863490302,0.4353994472649733,0.5090343184560248,True,110
162.396985,111,143.141784,0.5975403606289215,0.5975403606289215,0.4278766716603166,0.4613996492329166,True,111
194.087874,122,143.237298,0.6053389880688993,0.6053389880688993,0.4272204992371061,0.538949013989803,True,122
157.117513,112,143.321724,0.5507294428433253,0.5507294428433253,0.4262672953678866,0.522064576298219,True,112
144.818,105,143.397123,0.5844764035962946,0.5844764035962946,0.41931310373500064,0.4954925985039583,True,105
156.009194,118,143.485933,0.6279602125450883,0.6279602125450883,0.430427484687268,0.4814174823465406,True,118
103.931494,109,143.562409,0.5419366317764663,0.5419366317764663,0.427581105804967,0.4353208753194123,True,109
167.513174,110,143.642812,0.5954822202763622,0.5954822202763622,0.41777703247816167,0.5449310181309204,True,110
147.964311,112,143.729091,0.621766030995655,0.621766030995655,0.4191172700580322,0.44288344313795325,True,112
151.884988,122,143.817605,0.59647130771762,0.59647130771762,0.44560894766161774,0.4462507533129081,True,122
138.763749,116,143.900427,0.599885300380349,0.599885300380349,0.4321669592487772,0.5077671919740113,True,116
156.589259,103,143.976197,0.5468481687007609,0.5468481687007609,0.4352055950410988,0.5409178475399706,True,103
176.435142,111,144.058849,0.6027916822170433,0.6027916822170433,0.42557927955238783,0.5212697848806352,True,111
130.812645,102,144.655698,0.5944612526751096,0.5944612526751096,0.42549761338630315,0.5547004181605468,True,102
161.491788,110,144.7578,0.5785908608208357,0.5785908608208357,0.4250658305084398,0.484313180935525,True,110
154.748751,105,144.837284,0.5748199194015376,0.5748199194015376,0.4525727925924272,0.43847693859433035,True,105
183.300933,127,144.937952,0.6398783144436585,0.6398783144436585,0.43018117406604234,0.4673443038797623,True,127
150.866916,105,145.02159,0.5372261932249904,0.5372261932249904,0.4260337010944611,0.5564026327315005,True,105
178.120702,121,145.120804,0.6419564971777163,0.6419564971777163,0.4243554122141973,0.5540940663023471,True,121
220.544706,125,145.219543,0.5958189352181013,0.5958189352181013,0.4255951479593806,0.48068349758924306,True,125
191.463956,116,145.307452,0.6244477320013959,0.6244477320013959,0.42950647528375324,0.45956296788058254,True,116
141.652569,105,145.385638,0.5520022326298177,0.5520022326298177,0.4425363181659982,0.42134003711285956,True,105
146.092426,112,145.472624,0.5679428710376081,0.5679428710376081,0.4328071837657972,0.5284140255508496,True,112
156.05795,106,145.553609,0.5800767671501114,0.5800767671501114,0.42718595623003114,0.41868508569125684,True,106
135.953372,109,145.640577,0.5524467559744233,0.5524467559744233,0.4217506821411985,0.5941330374874289,True,109
164.364807,110,145.727502,0.5816901107527962,0.5816901107527962,0.4284296830016705,0.5274949357253247,True,110
157.866819,115,145.819108,0.5932990941476431,0.5932990941476431,0.4360229174596783,0.47721195370258235,True,115
161.97548,138,145.927003,0.5987884047802584,0.5987884047802584,0.42251757074745383,0.5138214510773901,True,138
119.392665,100,146.00479,0.5541548583632503,0.5541548583632503,0.4217563783736856,0.5075400023064012,True,100
166.716001,107,146.091043,0.6031257891451203,0.6031257891451203,0.42226277442995536,0.4993100116779259,True,107
170.339898,103,146.171086,0.5629604933713794,0.5629604933713794,0.4336903134164709,0.5506340792220665,True,103
147.306434,115,146.733548,0.58316967296519,0.58316967296519,0.42387435095074516,0.49577589398261507,True,115
175.11586,111,146.831698,0.6096448300727374,0.6096448300727374,0.43052094256924056,0.49941576452173997,True,111
157.54038,117,146.986831,0.5535197560313596,0.5535197560313596,0.43541979401815056,0.5365869690402945,True,117
139.449383,113,147.103677,0.574734037630988,0.574734037630988,0.4335562703148187,0.5151943623928181,True,113
176.235881,116,147.223649,0.5879843101687007,0.5879843101687007,0.43114148824026316,0.4736074484716837,True,116
201.979785,132,147.364607,0.6707320582474295,0.6707320582474295,0.42888997288080266,0.491388496872331,True,132
131.562017,102,147.489696,0.5876003509548502,0.5876003509548502,0.4196657770514384,0.5002471225047762,True,102
142.200533,113,147.600724,0.6201819055495692,0.6201819055495692,0.41391999671767876,0.4219286682928952,True,113
110.973307,96,147.692337,0.5015082172347239,0.5015082172347239,0.4261952681552087,0.444975076388508,True,96
169.660981,112,147.827281,0.5608559959432141,0.5608559959432141,0.4200870404803718,0.5685033941861772,True,112
158.56102,111,147.941958,0.5908088021087141,0.5908088021087141,0.4304551486183522,0.46643738846352367,True,111
156.780815,110,148.07573,0.5632286068434573,0.5632286068434573,0.41680237850499335,0.48998666987440576,True,110
162.177059,127,148.22312,0.6020701821954748,0.6020701821954748,0.4421359836117633,0.43422070806715457,True,127
183.856368,110,148.354214,0.5427122588420782,0.5427122588420782,0.4220229347758674,0.4951347228436368,True,110
216.978786,137,148.49553,0.573052658565197,0.573052658565197,0.43145895132359396,0.544973175372765,True,137
148.166464,105,148.617086,0.536815109232187,0.536815109232187,0.42436598535746606,0.5209955074318966,True,105
156.876502,112,148.724696,0.5963879733712778,0.5963879733712778,0.42192154127352965,0.5698688925699434,True,112
125.21715,114,148.835543,0.5554922218768715,0.5554922218768715,0.45893828929636904,0.43916931331330955,True,114
109.775681,106,149.721169,0.6021030245699961,0.6021030245699961,0.418718958299448,0.4276434646249553,True,106
153.980932,111,149.842474,0.5763864825371682,0.5763864825371682,0.42999085848510993,0.5060954038412876,True,111
173.62159,116,150.014739,0.6103166750972697,0.6103166750972697,0.4218112003084324,0.49353127374664907,True,116
154.533159,112,150.196077,0.6026651690016329,0.6026651690016329,0.41768850665423723,0.4829109460260222,True,112
173.834733,116,150.317901,0.6248264816033463,0.6248264816033463,0.417319617598254,0.4341342659100835,True,116
162.647125,110,150.43679,0.5487913800631256,0.5487913800631256,0.4158640386208417,0.47237692196182857,True,110
183.087921,119,150.553666,0.6090155452573424,0.6090155452573424,0.422404790004492,0.48988581558318556,True,119
194.25231,111,150.666804,0.6056579324130935,0.6056579324130935,0.41824410436677156,0.6025735000124381,True,111
149.365304,109,150.806754,0.6040352063911052,0.6040352063911052,0.42131997420459216,0.5296969215319519,True,109
195.053727,116,150.919181,0.5781086494422106,0.5781086494422106,0.4207664585017575,0.4936791617440281,True,116
158.680721,111,151.071078,0.5806278607413905,0.5806278607413905,0.4184118376491536,0.525856965340502,True,111
173.779927,112,151.206609,0.552405741306118,0.552405741306118,0.41737306973913296,0.5291847002134998,True,112
183.728423,125,151.299049,0.593134586886553,0.593134586886553,0.42973079310279055,0.5953855924285067,True,125
262.702451,149,151.411988,0.5539371681657456,0.5539371681657456,0.4172827010320598,0.5351123138670779,True,149
157.785478,109,151.497224,0.5568643680753241,0.5568643680753241,0.42334860486012815,0.485597242731098,True,109
177.46507,122,151.598153,0.584262190703303,0.584262190703303,0.4186633126005893,0.45524381088709637,True,122
173.407233,109,151.687311,0.5814861493131237,0.5814861493131237,0.42384298908948864,0.46133584900568564,True,109
165.307219,106,151.773298,0.518612076538311,0.518612076538311,0.4201182383064303,0.44390533163115165,True,106
183.949767,112,152.342222,0.6108088487469117,0.6108088487469117,0.43558278494343333,0.5267771092405474,True,112
175.546933,110,152.463197,0.5785047115737938,0.5785047115737938,0.4155801321193711,0.48285798144190206,True,110
142.924287,110,152.542202,0.5811626785057787,0.5811626785057787,0.43428624682203854,0.5178652957108875,True,110
182.363055,117,152.630716,0.5997613985708375,0.5997613985708375,0.43443785930426837,0.6073147914382115,True,117
159.832866,110,152.714495,0.5843495126674291,0.5843495126674291,0.4329642862437445,0.5788212130928532,True,110
125.611891,101,152.790902,0.5316534135073152,0.5316534135073152,0.427327776258498,0.4840938998110887,True,101
210.124809,138,152.896119,0.6027576931186729,0.6027576931186729,0.4326320268172082,0.4836684105621204,True,138
191.081815,115,152.982222,0.6004455211201523,0.6004455211201523,0.4274660005334873,0.535110533664997,True,115
138.219541,118,153.069237,0.6185098602470016,0.6185098602470016,0.4327771940286969,0.5262225400586633,True,118
166.997701,118,153.162643,0.5708282468473072,0.5708282468473072,0.416932571136648,0.5323434633890107,True,118
165.010722,115,153.251071,0.6002435927903366,0.6002435927903366,0.4245108957230934,0.4820668904666836,True,115
181.973794,117,153.341527,0.5834872825295652,0.5834872825295652,0.4309164030082103,0.5386070877168112,True,117
150.802133,110,153.424373,0.5724528439969896,0.5724528439969896,0.42206811927230753,0.5250135462938564,True,110
158.865535,116,153.512124,0.5351368368816297,0.5351368368816297,0.431001785592717,0.46771307012848623,True,116
190.092011,122,153.605707,0.608646232435219,0.608646232435219,0.42649980962484546,0.5386058493208851,True,122
136.845074,106,153.689185,0.6133206430082069,0.6133206430082069,0.41955828092030834,0.4584968642772265,True,106
176.186272,108,153.772098,0.5637019395707061,0.5637019395707061,0.4236896380992857,0.5643589425438389,True,108
192.093777,137,154.364211,0.6407196965872793,0.6407196965872793,0.42623782801143095,0.522908017389824,True,137
173.155058,118,154.496243,0.5584087461364632,0.5584087461364632,0.4249723710065435,0.5438910455722947,True,118
163.154284,116,154.589877,0.5853451992145194,0.5853451992145194,0.4343996507253706,0.49969909818954217,True,116
160.656763,113,154.676149,0.5641855681145809,0.5641855681145809,0.43474744194044673,0.5533466156430151,True,113
234.447238,148,154.783766,0.6491908364232806,0.6491908364232806,0.4276247957295041,0.48334642887316853,True,148
132.960546,104,154.858765,0.5884400575194937,0.5884400575194937,0.4358335327619486,0.5334570814901213,True,104
164.852664,115,154.942755,0.591881506611509,0.591881506611509,0.4348945173113287,0.4829110634979365,True,115
156.629809,115,155.029308,0.6108445367760308,0.6108445367760308,0.42430925755581644,0.49190255768507524,True,115
184.099231,116,155.11614,0.5940977263469832,0.5940977263469832,0.4358935500269247,0.5058561809702937,True,116
137.6833,116,155.206983,0.633924093187281,0.633924093187281,0.42804418252331605,0.43153207565684826,True,116
143.917898,108,155.295766,0.584961918514689,0.584961918514689,0.43422097187301767,0.46789789246289404,True,108
153.046582,111,155.378258,0.6055033656322429,0.6055033656322429,0.42679207097225225,0.5462064883458987,True,111
177.936753,114,155.4647,0.6482100665922412,0.6482100665922412,0.4251335676015864,0.42030220577794636,True,114
159.226121,119,155.556671,0.568933433410842,0.568933433410842,0.4348813597931104,0.5208196771141036,True,119
180.519015,120,155.646033,0.6333168164830332,0.6333168164830332,0.4167507006533936,0.5278789598350745,True,120
156.338458,116,155.730142,0.6103258936312349,0.6103258936312349,0.42950628579700334,0.5907830822528384,True,116
137.781195,97,155.801157,0.5414814141460813,0.5414814141460813,0.42072810716551196,0.47153037475250764,True,97
133.950405,113,155.884088,0.604447252617233,0.604447252617233,0.41462520823248933,0.4891277462240313,True,113
152.593544,113,156.513005,0.6188636253818991,0.6188636253818991,0.43348024271436186,0.5706390907604681,True,113
150.574737,110,156.639045,0.6000382833677619,0.6000382833677619,0.43121086642347317,0.4361598137410258,True,110
131.921617,106,156.737162,0.5844339282554012,0.5844339282554012,0.42337567631008455,0.43290813238968395,True,106
229.276966,132,156.835454,0.6107858844886623,0.6107858844886623,0.4209333020071985,0.4748657685531249,True,132
143.60848,108,156.914784,0.5546020437185477,0.5546020437185477,0.4223699411081991,0.487069088801195,True,108
172.504627,120,157.002589,0.6410992740220569,0.6410992740220569,0.43512850611671916,0.49877071604781065,True,120
164.084367,112,157.084594,0.5859312116962445,0.5859312116962445,0.42917374315479184,0.5131012716071993,True,112
200.407779,121,157.174589,0.59969843485312,0.59969843485312,0.41850492477486845,0.5712544647968139,True,121
159.019209,113,157.263289,0.5966351995123232,0.5966351995123232,0.43029408897802374,0.5218356397901427,True,113
180.172679,113,157.349114,0.5672797018498923,0.5672797018498923,0.44636358840890467,0.4487662401527365,True,113
196.811451,129,157.444051,0.6189372841311602,0.6189372841311602,0.4365180143872514,0.44227863740928225,True,129
155.076885,109,157.523815,0.5727441606448549,0.5727441606448549,0.43298663030302337,0.4822775977249624,True,109
148.035684,112,157.604028,0.5703929392062612,0.5703929392062612,0.42640653590574545,0.475066979948732,True,112
194.680027,132,157.701839,0.6283620448106048,0.6283620448106048,0.4193215985051872,0.4324420251627654,True,132
210.497686,122,157.793556,0.6040251118114834,0.6040251118114834,0.417164576621339,0.49121161426418464,True,122
169.073869,120,157.886971,0.5749035779178612,0.5749035779178612,0.4260440011206655,0.6011232092628018,True,120
191.761957,115,157.979526,0.5704214802086236,0.5704214802086236,0.43041266392351585,0.4779473786872491,True,115
208.37841,120,158.075764,0.5911459793427006,0.5911459793427006,0.41961334881178647,0.5185671293253789,True,120
164.347808,121,158.747276,0.5792939242799814,0.5792939242799814,0.4519777554656015,0.4430205311612875,True,121
140.340215,107,158.847572,0.5965516929149297,0.5965516929149297,0.4244091863060691,0.5126275467419578,True,107
187.525558,126,158.945166,0.5535222161406959,0.5535222161406959,0.4174906954376518,0.4285447454520976,True,126
171.249165,122,159.043899,0.603901552918034,0.603901552918034,0.4183306189101219,0.4830269945855326,True,122
150.427994,108,159.124592,0.622096987619721,0.622096987619721,0.4202766937544718,0.48598424060290407,True,108
141.334726,119,159.215422,0.589448813887921,0.589448813887921,0.43057669933874265,0.5436199466370724,True,119
147.476354,101,159.292666,0.5317377558531103,0.5317377558531103,0.43037449180194526,0.5183352526499769,True,101
173.017952,115,159.380885,0.5990429265814905,0.5990429265814905,0.41723835841443024,0.5815434788787418,True,115
152.908855,111,159.466264,0.5361172986870072,0.5361172986870072,0.42938374039769206,0.4250287637750639,True,111
224.963488,131,159.565097,0.6131738316159451,0.6131738316159451,0.41895317711941354,0.49136301224830997,True,131
175.096331,120,159.653419,0.6025887945260944,0.6025887945260944,0.4183062912142317,0.5534298592894223,True,120
158.235601,109,159.736769,0.5719494167142808,0.5719494167142808,0.4278623471561686,0.44508821424691053,True,109
144.036108,114,159.82211,0.6152182938449232,0.6152182938449232,0.41961798505315007,0.4119352992073648,True,114
113.72953,111,159.903762,0.5901753832254454,0.5901753832254454,0.4318579516283211,0.5109092883488751,True,111
171.638174,128,159.998489,0.6409950565826044,0.6409950565826044,0.424830046446094,0.42973062150885355,True,128
204.825898,121,160.088704,0.5806795080904041,0.5806795080904041,0.42222566699483377,0.4777059521781295,True,121
188.712039,125,160.183424,0.6734081188205385,0.6734081188205385,0.4221215396021633,0.5422316753424036,True,125
173.743914,113,161.142183,0.5918887768878611,0.5918887768878611,0.43262058934817244,0.5061271748277022,True,113
165.009564,109,161.258532,0.5806225005206361,0.5806225005206361,0.4212415026001944,0.557063456417306,True,109
147.789139,125,161.359808,0.6402772554269488,0.6402772554269488,0.4232815901524785,0.4995156755580319,True,125
220.312896,131,161.455257,0.6559101174759787,0.6559101174759787,0.4264776173735362,0.45908666832976885,True,131
158.963856,106,161.534343,0.5669838009415736,0.5669838009415736,0.42942546480886656,0.5045167919204039,True,106
177.512569,118,161.623618,0.590882173431711,0.590882173431711,0.4332155548424431,0.5262111667427475,True,118
162.553728,121,161.713898,0.6297337872756327,0.6297337872756327,0.4300790914365404,0.4818041331890756,True,121
168.752665,109,161.793235,0.5834087311589258,0.5834087311589258,0.43046318327314537,0.4858005364354683,True,109
181.035908,120,161.884197,0.5986230108990463,0.5986230108990463,0.41636471061974006,0.4616997318661765,True,120
165.689584,107,161.962971,0.5467739689129086,0.5467739689129086,0.43108743022576995,0.5131570245468435,True,107
152.924622,113,162.045032,0.540160861497826,0.540160861497826,0.43096123567200534,0.5570979826768515,True,113
184.043494,115,162.129139,0.6235893281818952,0.6235893281818952,0.4179612380644283,0.5007887432466719,True,115
192.953686,126,162.22381,0.6396803107397822,0.6396803107397822,0.4302843591680761,0.5581134019569717,True,126
146.440425,115,162.306623,0.6032816650882393,0.6032816650882393,0.42004516642005,0.5545479221668979,True,115
172.208971,123,162.39859,0.6442788337839012,0.6442788337839012,0.4251085365361502,0.4630712431332129,True,123
151.190207,104,162.476899,0.5490117280327919,0.5490117280327919,0.4329437976286764,0.44738162327238,True,104
152.865777,121,162.571489,0.588563787136833,0.588563787136833,0.42815317374867484,0.5207076938065692,True,121
140.332361,107,162.654403,0.5783663173372582,0.5783663173372582,0.4251356662680473,0.48636609881243686,True,107
176.901884,113,163.269465,0.5643637076662623,0.5643637076662623,0.42247662001236846,0.5140176632705609,True,113
159.971967,116,163.410213,0.6012059434317797,0.6012059434317797,0.4313548699704119,0.5129601102570192,True,116
193.581084,128,163.503765,0.6424844472945274,0.6424844472945274,0.42467667409772347,0.5206320577237414,True,128
152.952806,114,163.588206,0.5889776576258248,0.5889776576258248,0.4177106314822933,0.4781346057936377,True,114
168.320073,136,163.689129,0.6114620004241643,0.6114620004241643,0.4510950906538102,0.4165091801870815,True,136
168.500843,123,163.781636,0.56094793339695,0.56094793339695,0.4284967546358413,0.5154385817953674,True,123
168.44146,107,163.860507,0.5679136679952201,0.5679136679952201,0.43360648946613667,0.47722087509528366,True,107
158.086273,114,163.946571,0.6039591343359245,0.6039591343359245,0.4175192242226779,0.5368978800934773,True,114
125.501202,108,164.026168,0.5822418852966013,0.5822418852966013,0.4313750301092186,0.4905468574745037,True,108
204.099246,126,164.119776,0.6634553428591387,0.6634553428591387,0.4187468834071551,0.42222040532789396,True,126
175.05137,139,164.222096,0.6545334914628337,0.6545334914628337,0.4302019362251059,0.45663860451034044,True,139
179.578359,125,164.317165,0.6188649319350702,0.6188649319350702,0.4332396145451437,0.46894232330774493,True,125
172.118563,118,164.40291,0.5770649511420343,0.5770649511420343,0.43086774727144733,0.4997089746424872,True,118
138.047713,111,164.485915,0.5506139846891339,0.5506139846891339,0.4219615430012642,0.48147344661485947,True,111
144.147929,111,164.570034,0.5853317677801249,0.5853317677801249,0.4321619044562958,0.5141401940836514,True,111
234.013882,131,164.668445,0.6372211269399461,0.6372211269399461,0.43206437793689195,0.4644963950514153,True,131
122.360131,118,164.756357,0.6186896856733758,0.6186896856733758,0.4222929835371173,0.5419478125517745,True,118
176.080513,111,165.422668,0.5831369046519457,0.5831369046519457,0.43604095162474554,0.4824176859850796,True,111
140.437036,116,165.544914,0.606818016433851,0.606818016433851,0.45153251243002834,0.4323034005209703,True,116
189.053162,112,165.631209,0.585871452693774,0.585871452693774,0.43276595476874746,0.5135638746985358,True,112
195.477906,120,165.719033,0.5203936367481127,0.5203936367481127,0.4214398530202766,0.5498492129133953,True,120
178.213963,127,165.813305,0.5980248932977572,0.5980248932977572,0.43372835459407083,0.44233703652831863,True,127
162.520944,111,165.896605,0.6093038913592436,0.6093038913592436,0.4347464617778173,0.5541952821398471,True,111
159.597463,116,165.982873,0.594621449588856,0.594621449588856,0.42581185478859673,0.46537029186984197,True,116
182.970823,119,166.07169,0.5876088571433491,0.5876088571433491,0.47780722536238657,0.4083006792314657,True,119
183.310417,118,166.160211,0.6303463629945233,0.6303463629945233,0.4361194452662944,0.4922930625401001,True,118
163.333813,123,166.249696,0.6005888001592565,0.6005888001592565,0.43940438686350475,0.4465920578486114,True,123
187.97529,121,166.343163,0.6282169437408341,0.6282169437408341,0.4255114233140507,0.4768786458912565,True,121
188.924804,131,166.442094,0.689105652945365,0.689105652945365,0.41752579515048494,0.5110268770027286,True,131
129.778595,119,166.533753,0.5929485764425786,0.5929485764425786,0.4233437366058962,0.529771034476804,True,119
133.563826,108,166.614986,0.5612247233372828,0.5612247233372828,0.4184872802788962,0.5465873733707255,True,108
153.278896,116,166.70212,0.5756688788044618,0.5756688788044618,0.4206436314693491,0.5696754647026996,True,116
152.1528,108,166.784999,0.5307963912762939,0.5307963912762939,0.433542609912442,0.5416067847667765,True,108
215.355092,144,166.897066,0.6404068903520244,0.6404068903520244,0.4309372641633075,0.46795762410431163,True,144
170.627401,118,167.572415,0.6140971423936674,0.6140971423936674,0.4264177974801437,0.5658287015112216,True,118
158.82409,114,167.703637,0.5428214830018901,0.5428214830018901,0.4779070817817588,0.40602225878313897,True,114
109.305861,114,167.800889,0.6383357877047932,0.6383357877047932,0.4394791686603785,0.4285690688106349,True,114
201.262888,122,167.893028,0.5755548226473522,0.5755548226473522,0.42400629829278846,0.5099523383156934,True,122
209.069682,135,167.997089,0.5918163919757509,0.5918163919757509,0.4153241756116965,0.5165588781840145,True,135
186.520236,108,168.077932,0.5905532818966008,0.5905532818966008,0.4271682120846061,0.528871560241616,True,108
181.066253,117,168.162754,0.6356605364926432,0.6356605364926432,0.4230905960393498,0.4166167681470307,True,117
161.576074,111,168.245403,0.6187311786678346,0.6187311786678346,0.4260070317304655,0.44105775716568085,True,111
171.064838,122,168.336117,0.5719870198952608,0.5719870198952608,0.42603951540601975,0.5088466683730043,True,122
146.281388,112,168.419886,0.5908328693100786,0.5908328693100786,0.4227700933921207,0.48551349738591487,True,112
216.758025,150,168.528786,0.5783092760628288,0.5783092760628288,0.42836736884532206,0.5434601925813894,True,150
174.637917,119,168.617067,0.5611684359492564,0.5611684359492564,0.4455013325963888,0.43228348520075494,True,119
177.609971,118,168.701523,0.6242976819815699,0.6242976819815699,0.4239351373473505,0.44299241414200574,True,118
176.68882,115,168.786966,0.588922280751466,0.588922280751466,0.4244377266288261,0.4866062145431636,True,115
165.820534,114,168.870786,0.5583902113392737,0.5583902113392737,0.42385613986257986,0.5107794457806251,True,114
159.819467,111,168.95414,0.5846259865988435,0.5846259865988435,0.41769045915044506,0.4603598929154655,True,111
179.47379,117,169.040745,0.5759907002165786,0.5759907002165786,0.434475005008684,0.5217958223180932,True,117
193.449889,135,169.768558,0.6087730797448286,0.6087730797448286,0.4289253623034511,0.5015873548707522,True,135
148.108778,114,169.907589,0.6487409123342976,0.6487409123342976,0.4301489763585542,0.5372852525082032,True,114
216.385692,134,170.022935,0.6591024020241173,0.6591024020241173,0.42066856959498056,0.5809821124505579,True,134
190.13868,132,170.118258,0.6402587361461574,0.6402587361461574,0.4255362137332075,0.5048555340805334,True,132
233.01063,147,170.226208,0.6206624021825027,0.6206624021825027,0.4224679628297989,0.4729502934892407,True,147
152.264833,113,170.309269,0.6025341912917118,0.6025341912917118,0.4206144474877426,0.5901393115001231,True,113
192.367777,115,170.394206,0.5837085371323191,0.5837085371323191,0.4634023320234803,0.44326488955329313,True,115
179.01848,117,170.482348,0.5889598762112966,0.5889598762112966,0.4454553432953766,0.43333301911693656,True,117
157.186777,118,170.571241,0.6342327119434269,0.6342327119434269,0.42350804487010135,0.4908966697147773,True,118
203.90886,124,170.665111,0.578561347443951,0.578561347443951,0.4348401548814446,0.4280337321111127,True,124
131.744863,116,170.752924,0.5788593912686814,0.5788593912686814,0.4191130643504108,0.5637178493896742,True,116
189.290147,120,170.84259,0.5974975624186158,0.5974975624186158,0.42192188995575086,0.4724800059289915,True,120
172.074504,105,170.922105,0.5229846753783192,0.5229846753783192,0.430726960173832,0.5515042167015896,True,105
221.393926,131,171.019296,0.6376622464796119,0.6376622464796119,0.42783037136335017,0.47495456048753454,True,131
238.113705,140,171.125826,0.3688049917351007,0.3688049917351007,0.4163113655994826,0.5409412818526024,True,140
185.421053,120,171.215996,0.5902747947650735,0.5902747947650735,0.41379590400222616,0.5133642455144147,True,120
183.094708,112,171.300226,0.5732439006515407,0.5732439006515407,0.42620295636086725,0.5294824067541104,True,112
164.465018,119,171.748416,0.6524534461678643,0.6524534461678643,0.4350840680718123,0.4483022915073454,True,119
185.475716,116,171.855796,0.5952985521219739,0.5952985521219739,0.4241093105140559,0.48120285405436447,True,116
160.782783,125,171.967245,0.6601076502141914,0.6601076502141914,0.41852605839941043,0.5190764909445358,True,125
175.083112,108,172.046459,0.5602482690670698,0.5602482690670698,0.43191473200888525,0.49741417727102577,True,108
186.408222,123,172.137474,0.5918563470461259,0.5918563470461259,0.42258222756407177,0.5111734301671645,True,123
157.59844,111,172.218584,0.588300096706413,0.588300096706413,0.4277987582811515,0.4878948996247754,True,111
161.927144,116,172.305553,0.5373221686045605,0.5373221686045605,0.44350991767404163,0.43811715808549767,True,116
157.526329,112,172.388841,0.6065229942212014,0.6065229942212014,0.4146725216160927,0.4786695063017257,True,112
167.800645,112,172.474048,0.4388319638626082,0.4388319638626082,0.42818964255986336,0.5358271848960051,True,112
196.136047,108,172.554433,0.5391770213395095,0.5391770213395095,0.435448433024519,0.5453777150744656,True,108
240.381866,129,172.652473,0.6345829818303335,0.6345829818303335,0.4328204578086434,0.5218665778891542,True,129
166.974207,118,172.741505,0.5666798798017946,0.5666798798017946,0.45097673479459666,0.44555182039972624,True,118
170.518813,124,172.835411,0.5906130741568744,0.5906130741568744,0.43516216642697336,0.4258345692959177,True,124
147.898931,108,172.914064,0.5837701653704335,0.5837701653704335,0.4303125190328489,0.5063162953282992,True,108
184.319774,127,173.007666,0.6536377073400081,0.6536377073400081,0.4162906080245022,0.4742299872892079,True,127
209.334395,131,173.106155,0.6185815722388088,0.6185815722388088,0.42667486884528605,0.5190342842727047,True,131
173.260762,115,173.192199,0.6099323888681395,0.6099323888681395,0.43330565018883016,0.4480346377207158,True,115
163.466782,128,173.840232,0.6021014311282511,0.6021014311282511,0.44005721985751955,0.44533132687059385,True,128
245.815578,161,174.020216,0.6492487671676787,0.6492487671676787,0.43325919099373433,0.46682403345321394,True,161
184.773917,118,174.108643,0.5614834717562108,0.5614834717562108,0.42785777940319053,0.5014306770739622,True,118
195.784801,118,174.195369,0.6261244065039198,0.6261244065039198,0.43068628120577196,0.5257436143347571,True,118
171.678438,116,174.28219,0.5681257990786373,0.5681257990786373,0.43534980422675124,0.5880873147710887,True,116
177.82425,112,174.367783,0.5967434261515056,0.5967434261515056,0.428565863096822,0.46439329170507715,True,112
200.955,121,174.461811,0.6476614814356002,0.6476614814356002,0.42447385406905996,0.5922810915789067,True,121
153.440451,107,174.543021,0.563508621652542,0.563508621652542,0.41783442741253235,0.45645529950788766,True,107
132.019762,109,174.626317,0.5570935715020029,0.5570935715020029,0.4298745479162517,0.5444752051387938,True,109
137.99751,120,174.716779,0.6332253803153608,0.6332253803153608,0.433341636208785,0.5611326652609426,True,120
169.531414,110,174.800112,0.5950874663957432,0.5950874663957432,0.42533358367685964,0.5402017054764535,True,110
144.637079,121,174.88985,0.5921008810514174,0.5921008810514174,0.4171886347878552,0.45460739300362063,True,121
219.301351,136,174.990954,0.6325163293910477,0.6325163293910477,0.42780247139336325,0.5070313275303778,True,136
180.275253,120,175.079392,0.6399553755268584,0.6399553755268584,0.42011575408438473,0.4942162662704927,True,120
182.870244,119,175.174937,0.6022890983748727,0.6022890983748727,0.4262232217179764,0.4972317890882127,True,119
161.040778,111,175.261389,0.5540604627987155,0.5540604627987155,0.42720470343404954,0.489741556048391,True,111
182.522263,130,175.361895,0.6060148622701482,0.6060148622701482,0.4270154885486175,0.4753356274050846,True,130
149.125878,107,175.971765,0.4985505989728054,0.4985505989728054,0.4260973832169698,0.4665459539668321,True,107
148.861284,110,176.094868,0.6435340313716259,0.6435340313716259,0.4287925567206231,0.5423272422798602,True,110
191.794398,131,176.216169,0.6489664715747794,0.6489664715747794,0.42476895128854547,0.5268171805178977,True,131
220.18712,132,176.31747,0.6393089485168043,0.6393089485168043,0.43149606934472357,0.540161686831166,True,132
141.105273,113,176.403287,0.6216518706551609,0.6216518706551609,0.4219307922969467,0.51101652225694,True,113
173.679425,120,176.495692,0.5960840675681521,0.5960840675681521,0.4284759482932066,0.43623618931418895,True,120
198.147649,123,176.59475,0.6191813470067403,0.6191813470067403,0.4215799237735162,0.48882618534728944,True,123
182.160241,123,176.692368,0.6259431224819901,0.6259431224819901,0.41818048182374995,0.5650698120187422,True,123
156.753654,109,176.780228,0.48754046228717035,0.48754046228717035,0.4281703409100935,0.5660379996809286,True,109
185.474758,127,176.880917,0.6273672240069216,0.6273672240069216,0.43401070917070295,0.5721490365098048,True,127
202.692059,125,176.979169,0.6345861346251901,0.6345861346251901,0.4299423781861016,0.4891828231964838,True,125
147.30049,107,177.066411,0.5791883722578828,0.5791883722578828,0.4288253724294371,0.49013494944089103,True,107
221.154135,130,177.162226,0.6675187478544621,0.6675187478544621,0.4280151924452093,0.5117270984424851,True,130
188.704109,121,177.251066,0.5683809169290986,0.5683809169290986,0.4237594806884729,0.5264368259614768,True,121
204.195917,122,177.350394,0.6343606556025745,0.6343606556025745,0.4186733741385255,0.5551764713578268,True,122
161.812991,123,177.451187,0.635770500470894,0.635770500470894,0.43602073153650245,0.5218894664178849,True,123
180.180122,123,177.554983,0.6399895054815238,0.6399895054815238,0.427410420272121,0.4304960069425165,True,123
139.638835,112,178.323414,0.5785471714132348,0.5785471714132348,0.42677825606209396,0.546390040337918,True,112
161.629831,120,178.455241,0.6273372533200309,0.6273372533200309,0.41868772132399495,0.5207553033629163,True,120
191.725148,126,178.56373,0.6273670087458709,0.6273670087458709,0.4183424998887425,0.5485653276489145,True,126
179.573378,110,178.647808,0.5911309832731351,0.5911309832731351,0.4223851886928759,0.4804803915564761,True,110
179.534397,127,178.746929,0.6372207134132751,0.6372207134132751,0.43037355080807027,0.4699787093425832,True,127
175.898058,113,178.83305,0.6341694176040634,0.6341694176040634,0.4219684208582911,0.4662503234140732,True,113
177.323497,114,178.918763,0.6105534134470064,0.6105534134470064,0.42911116394139215,0.4799069711431537,True,114
203.49396,123,179.012806,0.6332107503624098,0.6332107503624098,0.4235508847292808,0.4965179624828477,True,123
191.969319,124,179.106055,0.6482910390375299,0.6482910390375299,0.42945742764860884,0.542786490945448,True,124
138.410091,111,179.19027,0.5845025744992774,0.5845025744992774,0.42413885005981733,0.49987008053683984,True,111
114.939723,110,179.27177,0.5756662108894925,0.5756662108894925,0.42599923816859403,0.5415428575030559,True,110
200.899406,121,179.364408,0.6080978055511719,0.6080978055511719,0.43307682935825637,0.4919642205026943,True,121
195.608186,129,179.487987,0.6215226387164333,0.6215226387164333,0.4225179815080525,0.4910044346566322,True,129
178.149201,131,179.598769,0.5823791206642494,0.5823791206642494,0.4301619687498986,0.5444218481498043,True,131
161.699095,113,179.695133,0.5838358871377788,0.5838358871377788,0.4272663124338001,0.4632183915857787,True,113
191.713503,127,179.796738,0.5997461215259496,0.5997461215259496,0.4359870498740435,0.4997971536089692,True,127
207.473201,122,179.891193,0.5930693710429802,0.5930693710429802,0.44631734500701714,0.44210101111895905,True,122
156.114563,116,179.978914,0.6076563974914753,0.6076563974914753,0.42814679032838765,0.5462426017794537,True,116
210.424124,125,180.560195,0.6277145763515252,0.6277145763515252,0.43039171578696006,0.5030059652889759,True,125
175.997424,106,180.659741,0.5497768674789931,0.5497768674789931,0.4184296188836299,0.5310918913829603,True,106
148.081312,110,180.750285,0.5474663358214815,0.5474663358214815,0.42291693717458034,0.5258798282052249,True,110
163.476948,125,180.857699,0.5642581134351602,0.5642581134351602,0.4345879605086334,0.5161968648452481,True,125
159.680966,112,180.948749,0.572613525549364,0.572613525549364,0.4204275420596153,0.49789164189607255,True,112
113.681493,109,181.035621,0.5962108497123629,0.5962108497123629,0.4188422279394098,0.4860916320758384,True,109
179.653376,118,181.130985,0.6195810236857183,0.6195810236857183,0.4246140158872575,0.5827359026160261,True,118
178.927156,119,181.226851,0.6035981301855218,0.6035981301855218,0.43429050761076843,0.4727713209688288,True,119
200.610222,124,181.323096,0.6285897018747972,0.6285897018747972,0.42020195246596403,0.5119187957713129,True,124
159.88464,110,181.410089,0.6341212411594476,0.6341212411594476,0.43384472087381465,0.45313859736746803,True,110
172.79097,118,181.502406,0.5486446849192367,0.5486446849192367,0.42492757834921174,0.45934169247360945,True,118
170.938678,120,181.593018,0.6480372488302822,0.6480372488302822,0.4307557364694185,0.5754339839307555,True,120
192.359369,125,181.688074,0.6298048600407387,0.6298048600407387,0.4253364210001264,0.4948600681868416,True,125
188.169952,120,181.782892,0.6213420718627619,0.6213420718627619,0.4294639925119467,0.5481874029616343,True,120
185.063674,126,181.878115,0.6333059043379035,0.6333059043379035,0.41755222019904104,0.45276759216521767,True,126
194.996979,117,181.968298,0.6311607088421851,0.6311607088421851,0.4225546598882559,0.5302255848896903,True,117
158.273195,108,182.050124,0.5615662224299646,0.5615662224299646,0.42242409756231836,0.5290764544164954,True,108
228.596531,138,182.815606,0.6575602340914839,0.6575602340914839,0.43532894839964614,0.6095098493371846,True,138
194.490771,126,182.943141,0.6415820562995557,0.6415820562995557,0.4357007720338724,0.5318454509742007,True,126
172.499212,112,183.028216,0.60462442511103,0.60462442511103,0.4232729917298142,0.47902994239802615,True,112
156.419433,111,183.113936,0.5489328963712446,0.5489328963712446,0.43474612700495613,0.5585013293298734,True,111
146.144391,114,183.209828,0.6035290381977358,0.6035290381977358,0.4191446919991939,0.47785901478518417,True,114
155.691447,110,183.300851,0.5562700388311218,0.5562700388311218,0.4252536701751776,0.4916040882143806,True,110
157.562799,110,183.388559,0.5589143928584331,0.5589143928584331,0.4191350191606303,0.5076253310720088,True,110
158.07034,113,183.478456,0.5931691683531048,0.5931691683531048,0.4297089489211365,0.5079830820319645,True,113
188.986444,128,183.580745,0.5772840353156244,0.5772840353156244,0.42836321538781197,0.5380163958204769,True,128
178.299705,116,183.67235,0.6141365732553301,0.6141365732553301,0.4236372793881369,0.4950539890553418,True,116
213.987055,127,183.775533,0.6040268183609604,0.6040268183609604,0.4341918512111891,0.5668857853568652,True,127
153.17938,119,183.867816,0.6301886551246357,0.6301886551246357,0.434269541391801,0.5085382740728625,True,119
164.422121,105,183.948771,0.574076971391282,0.574076971391282,0.4199365594058198,0.551855657038604,True,105
175.710013,123,184.042053,0.5590392568950215,0.5590392568950215,0.4358402599229504,0.44560295078582257,True,123
209.962683,114,184.133762,0.5582930609982788,0.5582930609982788,0.43593786221887026,0.4902850237390651,True,114
153.538612,116,184.226492,0.6029859728570378,0.6029859728570378,0.43020184358886016,0.5089587067711046,True,116
171.949371,116,184.31498,0.5830841636530749,0.5830841636530749,0.4353858772927145,0.5178179618154851,True,116
162.916557,112,184.952731,0.6098063087223624,0.6098063087223624,0.42484764586426965,0.4335235964025278,True,112
172.449125,117,185.070673,0.5895631790121445,0.5895631790121445,0.42419286236143117,0.45247040877838607,True,117
163.56614,106,185.186128,0.5822493307891928,0.5822493307891928,0.42362174237303263,0.4867916712970008,True,106
210.740181,123,185.280873,0.6005859439797469,0.6005859439797469,0.4342731288869408,0.5121931299616014,True,123
220.165926,132,185.38517,0.6267695617374051,0.6267695617374051,0.4331677164983325,0.5448237483437235,True,132
218.747869,122,185.479881,0.6136697411730045,0.6136697411730045,0.42726165595907056,0.4805562326611527,True,122
150.72727,113,185.570009,0.5667502641731931,0.5667502641731931,0.42254198719866076,0.46648633094460296,True,113
183.004009,114,185.658299,0.6504059712681325,0.6504059712681325,0.424628433017663,0.46109685991209015,True,114
184.731399,118,185.758038,0.6371037385479745,0.6371037385479745,0.41861046926373835,0.40358641180817917,True,118
236.855793,136,185.874119,0.657992857916388,0.657992857916388,0.42111598888053553,0.46093986509538587,True,136
203.587687,129,186.000913,0.634432360060209,0.634432360060209,0.4223713659541619,0.4788410611430419,True,129
163.898222,107,186.08673,0.5316340166756768,0.5316340166756768,0.4211363148345552,0.5363212871354197,True,107
214.27755,115,186.172926,0.5562572151640486,0.5562572151640486,0.4277926846063891,0.5288220543912034,True,115
186.757314,115,186.257287,0.6072099917193851,0.6072099917193851,0.4256246076232798,0.5331909175195585,True,115
178.414026,130,186.353608,0.5283484628619489,0.5283484628619489,0.435972510677497,0.5829357262497284,True,130
174.484304,121,186.447734,0.5952529720164875,0.5952529720164875,0.4310585813017649,0.4905516913173059,True,121
169.178781,147,186.567612,0.6225328281693128,0.6225328281693128,0.4311304744603672,0.4506351727393757,True,147
204.575272,119,187.2224,0.6415985985253706,0.6415985985253706,0.4276040945364427,0.5815593545092514,True,119
136.327429,117,187.329581,0.6067262515708858,0.6067262515708858,0.43029291839211364,0.47195718392916103,True,117
187.79534,122,187.444532,0.6159050227899311,0.6159050227899311,0.4360308075669755,0.43484146457687034,True,122
136.867706,113,187.527192,0.5923890912514115,0.5923890912514115,0.4283841721405333,0.478023117482387,True,113
207.701275,115,187.612487,0.5831459857468777,0.5831459857468777,0.4326101121838763,0.5560872101172154,True,115
205.701331,137,187.713447,0.69535393813168,0.69535393813168,0.4323780292538564,0.500368081802773,True,137
157.908926,109,187.793328,0.5616490617257918,0.5616490617257918,0.4321097720068636,0.5142298746479009,True,109
254.628206,140,187.897146,0.6648502001748468,0.6648502001748468,0.43025799994620995,0.45567895405529985,True,140
193.500604,117,187.983039,0.5993748380307276,0.5993748380307276,0.4301432256259576,0.48785191198648675,True,117
244.913332,149,188.094578,0.6749651671967835,0.6749651671967835,0.425908772568447,0.5312118739719437,True,149
207.38671,130,188.190105,0.6927184147083492,0.6927184147083492,0.42136675362572257,0.41003040315903133,True,130
159.463009,119,188.277384,0.5900739234604986,0.5900739234604986,0.42393100847807863,0.4921341907049461,True,119
202.77928,132,188.377072,0.623232407629391,0.623232407629391,0.4307783669919242,0.5203571795071451,True,132
172.435009,116,188.462603,0.5826311274057331,0.5826311274057331,0.4236875676779003,0.5119792057322998,True,116
205.343628,132,188.560708,0.6155328694906198,0.6155328694906198,0.4267996857209204,0.5346997992927784,True,132
242.796595,151,188.672229,0.6262829337545751,0.6262829337545751,0.42172501560324643,0.5912227046730401,True,151
143.50047,106,188.748097,0.5407825446852997,0.5407825446852997,0.4208472142967987,0.5291076162923131,True,106
192.312291,119,189.473588,0.5967020559597458,0.5967020559597458,0.4279187377896103,0.4336728368396572,True,119
172.475606,115,189.589116,0.5768518281517396,0.5768518281517396,0.4319499055519138,0.49710568115182124,True,115
165.908799,123,189.680045,0.6138219412081626,0.6138219412081626,0.417102644594025,0.42548679183223764,True,123
173.746188,112,189.763391,0.6148409325684833,0.6148409325684833,0.4166584119514255,0.5439254302273299,True,112
153.092059,113,189.847099,0.5772025555864233,0.5772025555864233,0.4321708060164734,0.6158730410063197,True,113
198.432285,124,189.938405,0.6295109484482004,0.6295109484482004,0.4320028843963339,0.42398305558690624,True,124
161.667629,111,190.019691,0.5808351196182869,0.5808351196182869,0.42541015020166845,0.49663345780212875,True,111
162.903419,110,190.100886,0.5957888249003003,0.5957888249003003,0.4264360678802425,0.483495227579914,True,110
154.682138,104,190.179093,0.5851967288262165,0.5851967288262165,0.4190327392256424,0.46688174592737575,True,104
161.029412,116,190.262161,0.5761388179983119,0.5761388179983119,0.4240561507261228,0.5047770482944257,True,116
183.917566,112,190.346302,0.6088514872771416,0.6088514872771416,0.4197855305950817,0.49639165100366667,True,112
199.791484,119,190.434281,0.6271195866999534,0.6271195866999534,0.43087132048981713,0.5163737380911384,True,119
220.168688,120,190.523101,0.5992109077117986,0.5992109077117986,0.4197865348500503,0.547593387480042,True,120
199.830622,126,190.61876,0.6600825004685487,0.6600825004685487,0.41682805275486207,0.5519151850867503,True,126
215.464841,134,190.723192,0.6117053510590987,0.6117053510590987,0.4358749273438335,0.5586097322158636,True,134
151.934364,111,190.808622,0.5809973025015169,0.5809973025015169,0.42251853718181187,0.5331965550675078,True,111
190.091381,116,190.89843,0.5488171664034591,0.5488171664034591,0.41696274330820987,0.5118140768995026,True,116
174.203419,114,191.345382,0.6533718060859507,0.6533718060859507,0.4229195436938366,0.4685940759201602,True,114
214.424709,125,191.464857,0.5434286985356115,0.5434286985356115,0.428817132767904,0.46313875684176453,True,125
182.129095,112,191.555085,0.5528745991078052,0.5528745991078052,0.4292407602574628,0.4154244673914705,True,112
207.462427,126,191.648642,0.6036094541522988,0.6036094541522988,0.43473474717342453,0.49680790388318874,True,126
172.455368,115,191.733668,0.6034639076407662,0.6034639076407662,0.4319071535632996,0.46280247157264154,True,115
183.426104,124,191.825985,0.6416083597515934,0.6416083597515934,0.4380116376385828,0.39746477159831156,True,124
171.195823,123,191.918201,0.5857255226946443,0.5857255226946443,0.442868759633949,0.4355356916249581,True,123
159.244973,112,192.001184,0.6300623493794719,0.6300623493794719,0.42303192139259577,0.4564677111195363,True,112
209.764521,126,192.093669,0.6081964527775398,0.6081964527775398,0.4317317132001343,0.4736670726091265,True,126
166.798336,123,192.184891,0.6481420843695839,0.6481420843695839,0.42714395107958897,0.4932346960556782,True,123
198.659247,132,192.280877,0.6699770678180118,0.6699770678180118,0.4177305247726239,0.555969442877009,True,132
131.033212,107,192.361006,0.5992617085625774,0.5992617085625774,0.4225464058478757,0.48037851088083294,True,107
150.750572,112,192.445691,0.5670339852005746,0.5670339852005746,0.4166527682901489,0.5329338084551121,True,112
209.801347,129,192.546833,0.6705256870758324,0.6705256870758324,0.42435169589787175,0.5493676617983667,True,129
187.721965,132,192.648429,0.6612385696821419,0.6612385696821419,0.436109643449563,0.4850293330959227,True,132
182.79738,113,192.73389,0.6133973570458278,0.6133973570458278,0.41811144325770105,0.5369636981587427,True,113
203.729832,130,192.832106,0.6178123421856524,0.6178123421856524,0.42590353713385354,0.5539716739150518,True,130
188.686943,119,193.582096,0.6093012583334403,0.6093012583334403,0.4206450948279993,0.48547655101896314,True,119
153.64621,114,193.706261,0.5919902667802182,0.5919902667802182,0.4286703277027956,0.4377031108574675,True,114
191.435048,106,193.797547,0.5750257168449512,0.5750257168449512,0.42224998105143613,0.5349150834115799,True,106
275.816055,155,193.915,0.6973599929968919,0.6973599929968919,0.4198119152734397,0.48784660202650676,True,155
211.085371,128,194.006985,0.6288560474068169,0.6288560474068169,0.4416574522093722,0.4279361126832313,True,128
184.356117,118,194.094353,0.6089848962879497,0.6089848962879497,0.41871314117070074,0.42461275862057796,True,118
178.769149,114,194.179029,0.5682630182054501,0.5682630182054501,0.4294738711875734,0.49373116435973935,True,114
194.344056,109,194.260149,0.5619191255599519,0.5619191255599519,0.4235050963822539,0.4980168117776409,True,109
190.464548,116,194.346055,0.5808645326294616,0.5808645326294616,0.41652599757378994,0.4718601221942506,True,116
169.561557,113,194.430071,0.5856830926167013,0.5856830926167013,0.45941313133114314,0.44855087362687057,True,113
241.926175,139,194.532699,0.6164886918804914,0.6164886918804914,0.4236740197065704,0.47727958019276656,True,139
204.725331,125,194.626992,0.616208903685597,0.616208903685597,0.42386592387134747,0.41300867797735785,True,125
159.72291,116,194.715156,0.6019393109274432,0.6019393109274432,0.4223664121674511,0.5640464861123576,True,116
196.087952,117,194.802046,0.581433704538722,0.581433704538722,0.42287812585020196,0.4866423298547376,True,117
202.425203,138,194.90623,0.6406751044598917,0.6406751044598917,0.4209688452361791,0.40722461933944976,True,138
201.955578,117,194.995078,0.4945825976369712,0.4945825976369712,0.42143218473007826,0.4777011538624051,True,117
225.463946,135,195.095843,0.6437693089804281,0.6437693089804281,0.4245439280199896,0.4290713574738136,True,135
164.628996,111,195.751946,0.47522549374067735,0.47522549374067735,0.43475036572930925,0.4799150992979372,True,111
201.429541,132,195.897966,0.603948808289385,0.603948808289385,0.4260060786076658,0.5383112562323648,True,132
214.801908,130,195.992274,0.627684210535085,0.627684210535085,0.4292866579999106,0.48664497646607907,True,130
192.181394,113,196.077384,0.6076758171384515,0.6076758171384515,0.4265868809096759,0.5986337433080233,True,113
178.705501,111,196.15855,0.624049421243871,0.624049421243871,0.43465770026577066,0.5369161068902368,True,111
156.413557,105,196.237741,0.5400107101442029,0.5400107101442029,0.42601502575455036,0.4528416612523414,True,105
188.50028,113,196.323301,0.6019168526991941,0.6019168526991941,0.42364338919254096,0.5445430698014602,True,113
147.830857,110,196.405597,0.5324819250048038,0.5324819250048038,0.43037179998060593,0.5118575513765267,True,110
184.833351,114,196.48978,0.6020266369923704,0.6020266369923704,0.4261311142765198,0.5063955739397471,True,114
192.424138,126,196.582451,0.6127317351388525,0.6127317351388525,0.41646158281692497,0.47223149420434163,True,126
190.452348,118,196.671757,0.6284384771095168,0.6284384771095168,0.4241165796927483,0.4851394284264874,True,118
146.602629,112,196.755353,0.5991202324018132,0.5991202324018132,0.42587143094425367,0.4319788923870618,True,112
154.499606,105,196.834955,0.5519267887825426,0.5519267887825426,0.4342985297857363,0.6029309540865997,True,105
230.349834,126,196.930895,0.5904338404430705,0.5904338404430705,0.42549591751721094,0.45150110254115344,True,126
147.931405,103,197.007877,0.5775661967588919,0.5775661967588919,0.42700119862098423,0.5732952650744656,True,103
180.201025,133,197.109686,0.6206582485080429,0.6206582485080429,0.42727461640602243,0.46567670330876976,True,133
212.087164,132,197.209231,0.5785916059923334,0.5785916059923334,0.4209116076320523,0.5233477265006053,True,132
159.349226,118,197.955787,0.5959785166048059,0.5959785166048059,0.43539249104929745,0.4834555486091892,True,118
196.019316,126,198.07039,0.6648239789398301,0.6648239789398301,0.4349396984248833,0.5424341650277699,True,126
190.282321,134,198.192949,0.6395798010987999,0.6395798010987999,0.43091265852133853,0.43611982605087185,True,134
174.800608,115,198.277061,0.5586179247051682,0.5586179247051682,0.4274673527362222,0.5203425004926487,True,115
225.954807,126,198.368974,0.6147759982229507,0.6147759982229507,0.4189154724440413,0.5468221249637119,True,126
186.366404,117,198.457352,0.6243966571305614,0.6243966571305614,0.4301053793994067,0.49493316522505104,True,117
219.26691,124,198.550185,0.6077380599006107,0.6077380599006107,0.4351174821359823,0.4436274612577389,True,124
175.175367,124,198.641732,0.6612466351164148,0.6612466351164148,0.4337535392455074,0.4362182430861451,True,124
167.912333,114,198.729827,0.5613237757088367,0.5613237757088367,0.4258873357210756,0.5125510700670892,True,114
162.028525,115,198.818271,0.5653165999807928,0.5653165999807928,0.42528201993403353,0.5174639086823963,True,115
229.304939,139,198.923387,0.6629469113159514,0.6629469113159514,0.42031227101985724,0.5163960603958073,True,139
145.033939,119,199.012382,0.6254551020309806,0.6254551020309806,0.4314115424028516,0.5379505371882799,True,119
166.38772,114,199.098221,0.5634992468059692,0.5634992468059692,0.4237368683784763,0.6097140212055546,True,114
233.766548,128,199.194613,0.6646329258200068,0.6646329258200068,0.42305765188283784,0.5614268120541767,True,128
231.777791,128,199.292151,0.5305803785002251,0.5305803785002251,0.4142707801422419,0.5037212803871678,True,128
177.169585,106,199.3722,0.5028782834031479,0.5028782834031479,0.42037740548336816,0.5373018771694962,True,106
223.490245,119,199.460109,0.6100184260152167,0.6100184260152167,0.4215974920679006,0.5321496659288836,True,119
156.018665,113,200.285132,0.5449561828731789,0.5449561828731789,0.43280686271251173,0.49914240192782017,True,113
167.136633,120,200.420586,0.6299500862830109,0.6299500862830109,0.4182436643128558,0.48709416486803553,True,120
187.146576,110,200.518392,0.5522291251187306,0.5522291251187306,0.4315665001215265,0.5771978238804805,True,110
201.495938,121,200.60541,0.5927855696530325,0.5927855696530325,0.4347063247502075,0.4807999042233617,True,121
246.653501,152,200.71692,0.6225406788400789,0.6225406788400789,0.4256400368802967,0.46455443069736396,True,152
186.007298,117,200.804031,0.6014162190987606,0.6014162190987606,0.43052589360945864,0.4345249695076652,True,117
206.015425,112,200.888273,0.5929160082871757,0.5929160082871757,0.42142970664378687,0.49207088831996637,True,112
159.826379,110,200.967936,0.5818058181578806,0.5818058181578806,0.42218288642144103,0.5117777399536465,True,110
192.584506,109,201.048974,0.6034775347192275,0.6034775347192275,0.42875509690192465,0.49389515706221093,True,109
157.934251,116,201.134984,0.5727719428850397,0.5727719428850397,0.41657188799697603,0.4849605888048209,True,116
217.842948,123,201.226103,0.6523925794006702,0.6523925794006702,0.42161937606632255,0.49136159777265187,True,123
148.288771,109,201.307466,0.5833391369422013,0.5833391369422013,0.4282039808284664,0.5450632739625166,True,109
177.940217,120,201.396984,0.593062179694366,0.593062179694366,0.43365507386235785,0.5256303183948843,True,120
158.636041,113,201.484013,0.5773142252815628,0.5773142252815628,0.4301653909739374,0.5325541464772828,True,113
153.827586,112,201.566427,0.618340015569832,0.618340015569832,0.4335747651164902,0.4977354874647359,True,112
178.527763,123,201.65707,0.6083723199366845,0.6083723199366845,0.42277596166980014,0.5032719038826169,True,123
203.932241,123,201.747872,0.6504722793625481,0.6504722793625481,0.4317598668151734,0.4873428321270986,True,123
150.577257,112,201.828833,0.5901816394573024,0.5901816394573024,0.42083065870257047,0.509551092569893,True,112
199.370125,111,202.386821,0.5917880381861214,0.5917880381861214,0.41861301160933506,0.4929350513123384,True,111
214.558119,131,202.505881,0.6500780359501522,0.6500780359501522,0.4231603886360721,0.5831769207456209,True,131
202.28881,130,202.606997,0.646372835495858,0.646372835495858,0.4195358130222082,0.4766492491245927,True,130
171.08549,113,202.697438,0.593187655984089,0.593187655984089,0.4291603980570734,0.4610087837358406,True,113
232.099818,149,202.809793,0.6836492161030444,0.6836492161030444,0.42900573664082214,0.46052277602829766,True,149
207.654227,121,202.900643,0.5909416207353094,0.5909416207353094,0.4285979031638154,0.5595142439116502,True,121
178.726142,117,202.985265,0.6009693350467675,0.6009693350467675,0.4223792378762068,0.5450293442912432,True,117
190.196685,110,203.069673,0.580151871871791,0.580151871871791,0.42903693170566254,0.49870082505735347,True,110
142.5212,110,203.152888,0.6093391466300739,0.6093391466300739,0.42738346699760854,0.5442564409979527,True,110
280.027464,171,203.283192,0.7321945006072301,0.7321945006072301,0.42355232215455113,0.5483506493653544,True,171
194.732477,119,203.373806,0.6092772137430603,0.6092772137430603,0.42291303215850196,0.49230157857936585,True,119
215.221157,125,203.466939,0.5561370093919482,0.5561370093919482,0.42674915730917257,0.5559736573368473,True,125
177.387449,126,203.561278,0.6253931583051207,0.6253931583051207,0.43436425964245085,0.4731702659450772,True,126
187.689327,110,203.642606,0.5901904437256993,0.5901904437256993,0.42489607645643157,0.4808622502892911,True,110
182.719921,119,203.730716,0.5895709810645475,0.5895709810645475,0.42799854175012547,0.5258781110308739,True,119
177.94931,123,203.820478,0.6249898011699411,0.6249898011699411,0.4315820453894473,0.5366663538259764,True,123
139.452821,103,204.414284,0.5666794223085155,0.5666794223085155,0.4348219628686193,0.49983718881313555,True,103
260.603391,163,204.573562,0.6154700776300631,0.6154700776300631,0.42020774731486166,0.5501458914014824,True,163
214.512658,154,204.698155,0.6897842196703275,0.6897842196703275,0.41925485199386126,0.4789685356087441,True,154
200.951531,118,204.784512,0.612591593472134,0.612591593472134,0.4196241633483735,0.4493507534845455,True,118
157.082102,112,204.867227,0.5761253887431154,0.5761253887431154,0.42643477832555055,0.5011087399576273,True,112
176.670484,109,204.948755,0.5080755080962926,0.5080755080962926,0.43522042986684445,0.5325552309257211,True,109
200.889129,129,205.0439,0.6700214969649306,0.6700214969649306,0.4254428448394559,0.5272669989259433,True,129
155.086873,101,205.120583,0.5645660299321514,0.5645660299321514,0.4309377993644645,0.47791532366944295,True,101
176.559055,116,205.206558,0.6004965863937727,0.6004965863937727,0.42504986634258196,0.5620093423241199,True,116
189.6446,115,205.291836,0.58703546400829,0.58703546400829,0.42027715835875634,0.4717384126872027,True,115
189.251253,117,205.376814,0.5976643690591087,0.5976643690591087,0.4341471473829322,0.5466440487020416,True,117
154.20612,105,205.453045,0.5865754950215141,0.5865754950215141,0.42175014939903077,0.5394085478720066,True,105
210.912476,123,205.547131,0.656020517083176,0.656020517083176,0.42600355144290697,0.5492522040954053,True,123
187.909468,108,205.627534,0.46831082676668967,0.46831082676668967,0.4325472635104007,0.5412285443078971,True,108
161.984457,111,205.712058,0.561489860129281,0.561489860129281,0.43324630306623246,0.5348871629918509,True,111
182.102787,113,205.796137,0.6196150436864346,0.6196150436864346,0.42274219848193895,0.5400103877975185,True,113
209.295185,121,205.888493,0.5940363815501114,0.5940363815501114,0.4278067495191759,0.5818986464219374,True,121
188.4475,119,206.33001,0.6102242003787988,0.6102242003787988,0.43517797080702636,0.4289402733363873,True,119
201.372696,120,206.460419,0.5548000517731925,0.5548000517731925,0.42465520452589256,0.5738204710781557,True,120
194.162298,121,206.577079,0.5681837568650473,0.5681837568650473,0.4243076387051484,0.4580754308291245,True,121
181.299987,110,206.660905,0.5998991027997309,0.5998991027997309,0.4252871732696994,0.6134452195825086,True,110
149.235736,105,206.741104,0.5267560421165296,0.5267560421165296,0.42774679564604573,0.4963590247797872,True,105
157.61447,113,206.828835,0.5538071790619966,0.5538071790619966,0.42430787845558987,0.5087870948135479,True,113
175.202258,114,206.914061,0.6034867974124625,0.6034867974124625,0.41590024380747903,0.5196700493991606,True,114
164.202994,122,207.00532,0.5942820611250734,0.5942820611250734,0.43499743525386153,0.4607104890672568,True,122
176.021705,113,207.09164,0.608411342873865,0.608411342873865,0.43261441131618444,0.518247435829085,True,113
185.561811,112,207.178519,0.5824679648298106,0.5824679648298106,0.4254274417431236,0.5444547533710407,True,112
159.986937,109,207.260705,0.5165082226849049,0.5165082226849049,0.42753681397096005,0.48131479422048407,True,109
167.911058,105,207.34113,0.5255402017744923,0.5255402017744923,0.4343373583067593,0.5167222018436516,True,105
214.433078,127,207.436319,0.6377058021533573,0.6377058021533573,0.4317023840281332,0.48640600485338337,True,127
227.638835,131,207.534746,0.6109627065600134,0.6109627065600134,0.435110656606456,0.47624131704329864,True,131
170.209948,111,207.616703,0.5860443188522104,0.5860443188522104,0.43535830780443496,0.47732618151686185,True,111
217.025509,122,207.707189,0.5930737520917307,0.5930737520917307,0.4311395899100967,0.540053728494583,True,122
184.944402,109,207.788184,0.5912984079088686,0.5912984079088686,0.43584954950009025,0.5400531200561706,True,109
149.97229,117,207.873415,0.6417071324260998,0.6417071324260998,0.43403553046491017,0.5301992022640849,True,117
201.943327,119,208.672975,0.638979742604237,0.638979742604237,0.4214971743822614,0.5046717070540798,True,119
134.015142,115,208.789363,0.6220539058677862,0.6220539058677862,0.42239649079367986,0.4735540726228452,True,115
169.03503,113,208.879134,0.6021577098187983,0.6021577098187983,0.4340705501911442,0.5585753775903279,True,113
227.299602,133,208.97943,0.6507105883931598,0.6507105883931598,0.42536596625467465,0.5128616753439669,True,133
237.548292,147,209.090481,0.6480455162733548,0.6480455162733548,0.4183149580189881,0.48394954623171216,True,147
131.519644,114,209.174374,0.6113472532984026,0.6113472532984026,0.4235708700070589,0.4291538204664647,True,114
211.286245,118,209.264697,0.5657160680480888,0.5657160680480888,0.4257398805458322,0.5458543378662245,True,118
195.006425,122,209.358317,0.5946560935302876,0.5946560935302876,0.4285905640852689,0.5682111417397162,True,122
187.823657,122,209.449694,0.5748043228549292,0.5748043228549292,0.4228432523197971,0.5238075554858941,True,122
237.721055,129,209.545447,0.6261597614096575,0.6261597614096575,0.4284417806556473,0.5067220892095404,True,129
174.982206,126,209.642039,0.6099245233431616,0.6099245233431616,0.42354480990214854,0.48739791920174047,True,126
165.165229,121,209.734672,0.5698020427406817,0.5698020427406817,0.4346526641832168,0.5244469412817312,True,121
176.219454,122,209.828472,0.6158761257101016,0.6158761257101016,0.4366057567276564,0.44026682438697706,True,122
183.317778,121,209.920785,0.6314418547329228,0.6314418547329228,0.42394759623828104,0.5306119601862553,True,121
182.490347,119,210.009022,0.626948349499655,0.626948349499655,0.42039909010475174,0.5220875804991197,True,119
202.249688,124,210.104505,0.6080045862351325,0.6080045862351325,0.42633343616560393,0.46815727410341124,True,124
156.447979,108,210.183653,0.4767637904212774,0.4767637904212774,0.4344815085469615,0.562752776844494,True,108
211.676808,130,210.968104,0.6264685486319654,0.6264685486319654,0.4244880678595786,0.5467472331720291,True,130
197.580697,113,211.093817,0.5907319972843013,0.5907319972843013,0.42006619883549284,0.524924336207454,True,113
177.765113,107,211.172095,0.5858389991778604,0.5858389991778604,0.4215524202862402,0.5288045390598034,True,107
179.641319,108,211.254218,0.6098950995099122,0.6098950995099122,0.418617912521853,0.5820273010729112,True,108
181.93695,105,211.332625,0.5731599631955174,0.5731599631955174,0.4328328836882661,0.49894692974108906,True,105
188.068311,115,211.418855,0.5960414388950585,0.5960414388950585,0.4341452325155229,0.5740329168679421,True,115
175.052739,125,211.514287,0.6383507504275127,0.6383507504275127,0.42341639089313265,0.5165763211409943,True,125
218.147153,115,211.598739,0.6322852448836598,0.6322852448836598,0.4298853795203459,0.49121195315411337,True,115
219.167051,146,211.707668,0.6680305435956448,0.6680305435956448,0.41674693584119216,0.46905097646508903,True,146
177.069057,124,211.798561,0.6254737781455667,0.6254737781455667,0.4164476297485765,0.4830662152929739,True,124
215.303747,115,211.880469,0.5903877563301465,0.5903877563301465,0.42695730039172175,0.49827164950246267,True,115
173.099113,107,211.960762,0.5790759146083324,0.5790759146083324,0.43476616539469126,0.5313988324990411,True,107
165.648847,106,212.040321,0.53478152242428,0.53478152242428,0.42832120808640173,0.49906538993126426,True,106
181.807528,115,212.121481,0.5846252538714476,0.5846252538714476,0.42901517104137354,0.5379000571967533,True,115
187.544911,127,212.215823,0.6268102369911798,0.6268102369911798,0.4204323483423653,0.5237737502375083,True,127
229.423148,118,212.300977,0.5762472313667868,0.5762472313667868,0.444952378153862,0.3866898837706591,True,118
203.69053,124,212.393928,0.6434522710971394,0.6434522710971394,0.41832305874864534,0.5101224603647657,True,124
160.41869,119,212.905587,0.6143018371471418,0.6143018371471418,0.426066926398689,0.5293921029623689,True,119
230.395869,128,213.062603,0.6136298806680627,0.6136298806680627,0.41793664738642045,0.5007657310105709,True,128
178.299015,111,213.15944,0.5873055933617737,0.5873055933617737,0.42913712512341945,0.46708874893602464,True,111
167.551356,117,213.248166,0.5855568326957378,0.5855568326957378,0.4197035859705039,0.5357539031422465,True,117
226.697606,125,213.345243,0.5827110667470796,0.5827110667470796,0.4340164232573262,0.5574826911222197,True,125
194.106339,114,213.435005,0.6223726987645483,0.6223726987645483,0.42414103666070174,0.46265209868892954,True,114
192.965949,115,213.52469,0.5301513809312577,0.5301513809312577,0.42804331256406103,0.55076696870756,True,115
189.816657,125,213.622757,0.6039492041429477,0.6039492041429477,0.4321984561921649,0.5421926819292134,True,125
184.448598,112,213.707871,0.586704447638388,0.586704447638388,0.4214193066704907,0.5764136891723441,True,112
233.540421,118,213.798508,0.5928296945637473,0.5928296945637473,0.4248571434622875,0.5629522598445988,True,118
203.191949,120,213.890449,0.591920255905178,0.591920255905178,0.4265935379794075,0.5199807468641774,True,120
214.223317,133,213.990646,0.626016921407078,0.626016921407078,0.4212845365575991,0.49416385021512854,True,133
187.134425,127,214.08398,0.6245114714672853,0.6245114714672853,0.4261555802733729,0.46732269472629334,True,127
166.285179,112,214.166707,0.5787698947384341,0.5787698947384341,0.4312807625458178,0.506008823270581,True,112
187.538903,115,214.249812,0.5289326005301997,0.5289326005301997,0.4306050725364062,0.47864097058119315,True,115
188.404621,121,214.338628,0.5615751234246863,0.5615751234246863,0.4339568167204515,0.5270533570400173,True,121
194.097188,113,214.423267,0.6056485712968178,0.6056485712968178,0.415500720840472,0.4183237914460866,True,113
172.800414,111,214.506007,0.601658402223319,0.601658402223319,0.42651165128214286,0.5265756663029137,True,111
188.844267,120,215.060296,0.6472724538935383,0.6472724538935383,0.42005926311298825,0.572861729448816,True,120
208.656392,132,215.181464,0.6486042698854717,0.6486042698854717,0.43070689814649726,0.5209855791252619,True,132
168.583711,115,215.271956,0.5839413318378571,0.5839413318378571,0.4369107784393738,0.4353942325068788,True,115
175.124955,121,215.364724,0.6451873733879542,0.6451873733879542,0.4247714123606289,0.45016233882694695,True,121
129.978009,112,215.446965,0.6115995414597692,0.6115995414597692,0.4330084420865795,0.4717889285058918,True,112
231.403937,138,215.549411,0.6469771304326905,0.6469771304326905,0.4281408108992868,0.5977035616279296,True,138
170.909325,121,215.672508,0.6665145602508279,0.6665145602508279,0.42850053049625153,0.5093538038711991,True,121
180.747526,115,215.759614,0.5879038838124556,0.5879038838124556,0.44473552148052586,0.4381888621891791,True,115
173.749231,119,215.847954,0.5639051259920522,0.5639051259920522,0.4250593412455737,0.5298190494228439,True,119
155.94885,118,215.938909,0.5495139923340588,0.5495139923340588,0.4328515572831551,0.5032373216808731,True,118
182.193584,125,216.031788,0.6197245788820976,0.6197245788820976,0.42844540214052046,0.5457575432319841,True,125
164.504138,120,216.131771,0.5895149212327363,0.5895149212327363,0.4298864080025017,0.5039321012342493,True,120
167.855573,119,216.224237,0.5894812988752094,0.5894812988752094,0.425870655455071,0.5029382847327106,True,119
191.40649,123,216.325039,0.584332684673966,0.584332684673966,0.41534123500019554,0.5277651019547603,True,123
161.975455,112,216.410226,0.6242324251488587,0.6242324251488587,0.4201157123940288,0.41813101215757753,True,112
226.092558,128,216.515784,0.5771235178436033,0.5771235178436033,0.4315492478906671,0.5543635118263017,True,128
212.485402,116,216.608214,0.5895526497358731,0.5895526497358731,0.4256893599578065,0.5358400404255028,True,116
158.387621,113,217.293378,0.5936371758688993,0.5936371758688993,0.4315198314375908,0.4738021371220949,True,113
165.916173,115,217.39919,0.5656046905944477,0.5656046905944477,0.42867717430727525,0.49326905901324514,True,115
180.312222,105,217.478687,0.5656881208376027,0.5656881208376027,0.43039178532729205,0.519984115636643,True,105
182.621755,122,217.571399,0.6458548649458987,0.6458548649458987,0.42067877773578805,0.4763508681284789,True,122
178.834737,113,217.658994,0.6206412869621936,0.6206412869621936,0.4229265683307816,0.49469839939684684,True,113
193.848911,117,217.747337,0.6096125952733876,0.6096125952733876,0.4280237128554522,0.5015229105594766,True,117
145.450443,111,217.828007,0.5312899264726709,0.5312899264726709,0.43276823154966104,0.5022766162271654,True,111
172.508148,111,217.909703,0.5985129049834926,0.5985129049834926,0.43033479808643976,0.4987959621192491,True,111
206.538485,132,218.011004,0.6174541977261564,0.6174541977261564,0.42909279266686334,0.47111521360183495,True,132
193.947006,121,218.101753,0.6714560078029898,0.6714560078029898,0.4261623943592658,0.5659653037030711,True,121
187.055512,118,218.191633,0.6028027438751954,0.6028027438751954,0.4217530647207189,0.49550132638337085,True,118
194.812641,129,218.286428,0.6213827490629127,0.6213827490629127,0.4336089218435015,0.5292548503654644,True,129
186.572166,119,218.375451,0.6394158662150927,0.6394158662150927,0.42360462073009025,0.5144325475462018,True,119
184.831885,113,218.459485,0.5878640932758813,0.5878640932758813,0.43449258577692945,0.5234056454901155,True,113
168.022294,120,218.549595,0.5906312756723289,0.5906312756723289,0.4252339968406404,0.5422467025379192,True,120
184.666617,113,218.633022,0.6396841372290932,0.6396841372290932,0.4270836290259423,0.4366292586255456,True,113
190.470309,120,218.722733,0.6407939915161927,0.6407939915161927,0.4204541529646519,0.4749041600203164,True,120
175.770808,124,219.202955,0.6213031721864305,0.6213031721864305,0.4207813923208605,0.5197186615838888,True,124
189.833164,112,219.317881,0.5742414328501432,0.5742414328501432,0.4279595882950701,0.5471780618230411,True,112
175.841498,106,219.40522,0.5504599121275442,0.5504599121275442,0.42593132534908296,0.48569043361906383,True,106
169.151081,118,219.49357,0.5866574599690358,0.5866574599690358,0.42446252535223145,0.4931923794791337,True,118
160.978239,107,219.570835,0.6147395730332578,0.6147395730332578,0.41750998843150094,0.4583334001264795,True,107
208.915831,123,219.666065,0.6375999428791804,0.6375999428791804,0.43004489549134517,0.4856720360632217,True,123
174.728102,113,219.750153,0.5666881780780811,0.5666881780780811,0.42903512202351085,0.5768807018207756,True,113
213.841079,135,219.850078,0.6344632392033774,0.6344632392033774,0.43360983753089083,0.48925808424507455,True,135
187.110017,122,219.941013,0.6132971027699817,0.6132971027699817,0.42735266072282757,0.5776024934777165,True,122
207.895247,132,220.042759,0.6560797440482609,0.6560797440482609,0.43544087578576796,0.4540466097760691,True,132
220.668581,140,220.145474,0.6949752292914871,0.6949752292914871,0.4313378713430491,0.48689495987705056,True,140
177.256056,119,220.234254,0.6261350073210595,0.6261350073210595,0.4324024604802751,0.5108968682673548,True,119
227.162126,138,220.337769,0.6723284207089572,0.6723284207089572,0.41854361886899055,0.43685148755434206,True,138
174.341846,111,220.418531,0.6340183487613613,0.6340183487613613,0.4138918548059983,0.42949816217032555,True,111
167.266417,114,220.502194,0.6276389618625365,0.6276389618625365,0.4181881578729116,0.5027944018790708,True,114
194.090253,123,220.595553,0.5001407572006865,0.5001407572006865,0.4294651637182597,0.5168450311819605,True,123
147.334185,109,220.676025,0.5596423911685543,0.5596423911685543,0.43379076276466966,0.4877782862373459,True,109
156.8193,116,221.16734,0.6258208133154529,0.6258208133154529,0.4311060669886682,0.47714168203635393,True,116
159.379608,109,221.301114,0.5859656294664933,0.5859656294664933,0.42832096512780726,0.48449894953217115,True,109
176.968798,119,221.399204,0.5808471535419978,0.5808471535419978,0.43153853977948525,0.48608344520893765,True,119
201.300312,127,221.495458,0.5952977847366032,0.5952977847366032,0.41661813637772477,0.5114683989225849,True,127
178.914934,117,221.584527,0.619673446458569,0.619673446458569,0.4238387164305185,0.5065219320327544,True,117
183.129698,113,221.671614,0.597416601740728,0.597416601740728,0.4234151870961782,0.47641915732012025,True,113
165.604505,120,221.765667,0.5955393973882755,0.5955393973882755,0.4329495041114295,0.5316654110752315,True,120
221.984049,133,221.864028,0.6637366283092963,0.6637366283092963,0.4347011164590569,0.5347207542574602,True,133
138.191845,118,221.95079,0.5768446146850771,0.5768446146850771,0.4257091738422063,0.5047739319868959,True,118
230.429516,122,222.04063,0.6116453424489281,0.6116453424489281,0.4360653487596229,0.4900842126710491,True,122
169.119453,112,222.125701,0.5349129607303393,0.5349129607303393,0.4226589203490716,0.5176450172001337,True,112
186.153716,118,222.213572,0.5574274545018187,0.5574274545018187,0.42269638547886296,0.5355454648535356,True,118
193.785698,130,222.311872,0.6521214815333569,0.6521214815333569,0.4258014454982053,0.43843478687779147,True,130
168.090654,124,222.40588,0.5430507299873338,0.5430507299873338,0.4308835731394366,0.4286850862174362,True,124
191.052518,120,222.496009,0.6363505516162817,0.6363505516162817,0.4354400009109259,0.5339726610681448,True,120
196.630393,117,222.580132,0.5639255828497252,0.5639255828497252,0.42977603469185904,0.5629312915064706,True,117
191.605209,129,222.676623,0.63525278882166,0.63525278882166,0.41585121222989857,0.5454141620794118,True,129
209.280178,125,223.233267,0.601503354111105,0.601503354111105,0.42264369338471713,0.5270184712861319,True,125
204.338071,126,223.373055,0.6145277099284185,0.6145277099284185,0.4209660581069563,0.5466263687159253,True,126
172.716323,110,223.455204,0.5842214059505347,0.5842214059505347,0.43345014074003346,0.532052365933226,True,110
155.508185,111,223.537716,0.5972197868953528,0.5972197868953528,0.4184418196867198,0.534612425394572,True,111
180.01315,115,223.622201,0.5983485024163592,0.5983485024163592,0.43493265575394546,0.5445431320631089,True,115
176.625762,117,223.708429,0.5776940990038714,0.5776940990038714,0.4229924372213131,0.5444105408586943,True,117
182.471371,112,223.799469,0.5922061035278812,0.5922061035278812,0.4340217332623034,0.5423041266034089,True,112
146.746106,120,223.890172,0.6424523236980136,0.6424523236980136,0.4316125254002933,0.5522739015573395,True,120
178.601087,123,223.981672,0.6493966932528696,0.6493966932528696,0.4286320351489049,0.5049300793096373,True,123
186.496353,113,224.065565,0.5688617728343164,0.5688617728343164,0.4296621552390532,0.5165580633756893,True,113
191.632239,119,224.15225,0.5455165311636596,0.5455165311636596,0.4162360004667109,0.518505256325316,True,119
233.924534,145,224.258193,0.6244683779933791,0.6244683779933791,0.4335143633376431,0.5966637977383267,True,145
178.992128,119,224.346534,0.6226006159920197,0.6226006159920197,0.4171907145072062,0.553037771984086,True,119
186.247555,127,224.439447,0.6271073514280101,0.6271073514280101,0.4282476722707307,0.467631154679269,True,127
174.910023,120,224.52855,0.6253225376462346,0.6253225376462346,0.4260701268730335,0.5208991377181628,True,120
184.676573,119,224.617116,0.6377688271004224,0.6377688271004224,0.4306808453356899,0.5065497782632479,True,119
207.98595,118,224.708396,0.5884633929638032,0.5884633929638032,0.43394980124764704,0.5075288864854194,True,118
160.115006,117,225.346037,0.6272964005195661,0.6272964005195661,0.42743342926053,0.5386771620438926,True,117
206.298974,119,225.457076,0.6016888062146692,0.6016888062146692,0.4199522572815985,0.4817165971637794,True,119
193.240395,139,225.581741,0.6397905859867102,0.6397905859867102,0.4402547254873636,0.4394048134503777,True,139
178.441821,115,225.667753,0.555369467142926,0.555369467142926,0.4250826816419869,0.5402513351559499,True,115
161.439843,110,225.750345,0.5736038859032652,0.5736038859032652,0.42651070613740627,0.5577203216618137,True,110
247.780087,134,225.854445,0.6091558456931089,0.6091558456931089,0.4253811959497726,0.43437849132134404,True,134
212.066623,125,225.945531,0.5920874108579675,0.5920874108579675,0.42556033186680936,0.45731796211857795,True,125
169.271079,119,226.034544,0.5945015885441117,0.5945015885441117,0.41430454647106835,0.47793942930251754,True,119
181.913269,119,226.123742,0.5548913950296808,0.5548913950296808,0.42871163008142044,0.5176257689884485,True,119
152.999527,113,226.209165,0.6400595015980455,0.6400595015980455,0.4346811673350904,0.507741333552733,True,113
179.623764,120,226.300321,0.5989291049649251,0.5989291049649251,0.4220703746290832,0.5221854198239823,True,120
208.881448,112,226.381164,0.5402191883126468,0.5402191883126468,0.43283061841282233,0.6001220583040865,True,112
179.466441,117,226.468807,0.536868142532241,0.536868142532241,0.4353695433555437,0.5234818228898609,True,117
160.267401,117,226.555895,0.5544724464219247,0.5544724464219247,0.4291357731901673,0.5021062324251568,True,117
167.333673,107,226.633888,0.5449765412529897,0.5449765412529897,0.42765421087961875,0.5069572538879832,True,107
137.716179,103,226.708926,0.5382115635190399,0.5382115635190399,0.4331256960163014,0.4605208276807823,True,103
192.590846,138,226.814626,0.638615710565776,0.638615710565776,0.42705968955828144,0.5660358338966475,True,138
215.643082,126,227.50812,0.6191757822234152,0.6191757822234152,0.4233385283508035,0.5771841316895822,True,126
163.822999,117,227.631992,0.5941067402706136,0.5941067402706136,0.420354482902005,0.5103329685121905,True,117
190.353798,114,227.729398,0.614202712806566,0.614202712806566,0.4217447704896136,0.4302331772569569,True,114
140.14745,103,227.803529,0.44228708748807477,0.44228708748807477,0.4310514794418017,0.6148714598471089,True,103
210.312769,120,227.893019,0.656339804268251,0.656339804268251,0.43367695236901677,0.5296188135601688,True,120
167.814003,110,227.978889,0.5902282760182306,0.5902282760182306,0.42704830459327975,0.5333267366411362,True,110
220.070963,134,228.079351,0.6295439598098137,0.6295439598098137,0.4305066264400695,0.4364855867316293,True,134
230.208312,134,228.180235,0.6756718291887439,0.6756718291887439,0.4207912399310308,0.519558165404405,True,134
159.229564,113,228.264011,0.6028193712357415,0.6028193712357415,0.42478563975049183,0.47792972814514617,True,113
189.255607,118,228.352714,0.603695879125494,0.603695879125494,0.43451645882098794,0.4799838777816231,True,118
244.608474,137,228.457087,0.6747438565777736,0.6747438565777736,0.4286159930617705,0.5429770260511984,True,137
195.225293,113,228.540193,0.584998024682759,0.584998024682759,0.43342808709362163,0.4856229640999328,True,113
198.238092,109,228.621716,0.5775191073951881,0.5775191073951881,0.4334736843898607,0.5545859180001859,True,109
185.978786,115,228.711062,0.595767791438901,0.595767791438901,0.42899806896530784,0.490187989594562,True,115
140.237632,113,228.823595,0.6043158286177015,0.6043158286177015,0.42454172798212153,0.4505233249535469,True,113
153.661532,103,228.903474,0.5229170977644905,0.5229170977644905,0.4197832034971405,0.5715293618548949,True,103
155.844115,109,228.987898,0.4859481050514579,0.4859481050514579,0.4280888266347049,0.523009789538421,True,109
168.292324,121,229.081445,0.6448247845194505,0.6448247845194505,0.4192530680986592,0.47052640320698685,True,121
194.603049,122,229.483827,0.6423290838526349,0.6423290838526349,0.4359196078811813,0.5908557570632981,True,122
164.695668,116,229.604826,0.6466817210294918,0.6466817210294918,0.4318930346846338,0.46889817550089463,True,116
205.484043,126,229.697129,0.5540404090310868,0.5540404090310868,0.43595424500486163,0.5621549878584482,True,126
156.502042,113,229.783614,0.5812352165748789,0.5812352165748789,0.4277408074071814,0.5151010421960882,True,113
192.707615,116,229.87159,0.6177411889411983,0.6177411889411983,0.4296935245491763,0.4831086793444839,True,116
163.602626,114,229.958918,0.6266304682711619,0.6266304682711619,0.4216174486051074,0.5035576897869858,True,114
175.16582,108,230.040842,0.5442893718204227,0.5442893718204227,0.4312357727002034,0.5270071331212548,True,108
307.69487,172,230.168061,0.7103267501841423,0.7103267501841423,0.43006399873394063,0.5033648472781529,True,172
198.777236,113,230.258338,0.5854507906953184,0.5854507906953184,0.4278043375847278,0.5823318908503107,True,113
232.647846,146,230.368323,0.6516212057252396,0.6516212057252396,0.42551786469726194,0.5969273802988292,True,146
125.858677,113,230.451045,0.5671009944485201,0.5671009944485201,0.43666988522380873,0.4280507472416929,True,113
170.872699,119,230.537936,0.5857548386953326,0.5857548386953326,0.4298933796825027,0.5422161873098533,True,119
185.607165,112,230.621565,0.5652610924209286,0.5652610924209286,0.43408422443974737,0.5109553856387034,True,112
234.798426,136,230.722579,0.665297227347408,0.665297227347408,0.4173138341463168,0.47077629081280514,True,136
182.838063,120,230.81269,0.6187438999217268,0.6187438999217268,0.418407330355143,0.5134437361369157,True,120
163.151227,106,230.892246,0.5474102064562212,0.5474102064562212,0.42424419968386906,0.4580099085855323,True,106
198.092569,119,230.981405,0.5659842085309152,0.5659842085309152,0.43214600001596093,0.558714969356889,True,119
196.038862,117,231.518745,0.6319291307875256,0.6319291307875256,0.41919361272241856,0.49152849307814656,True,117
204.290559,118,231.646676,0.6230601572810439,0.6230601572810439,0.42834275967019925,0.6008276262445222,True,118
183.486294,111,231.733651,0.6001723964309722,0.6001723964309722,0.43545067792576814,0.5206355747972036,True,111
187.080816,134,231.832666,0.5990459118205856,0.5990459118205856,0.41789111984726546,0.503030902511769,True,134
191.311931,129,231.928527,0.6398397783609954,0.6398397783609954,0.4276037923563269,0.47207319513297635,True,129
185.945875,121,232.019864,0.6333391530137277,0.6333391530137277,0.420090812320155,0.4769858737694566,True,121
200.7684,122,232.109494,0.5726316927898423,0.5726316927898423,0.4223190757656322,0.4887244745843275,True,122
289.836783,162,232.231855,0.641909807199707,0.641909807199707,0.43553612618929904,0.5796047753352289,True,162
217.36585,118,232.320552,0.5435705519844573,0.5435705519844573,0.42361698767226413,0.5388396730246433,True,118
185.51226,126,232.414593,0.5976465718079247,0.5976465718079247,0.4185081703609589,0.49875544236241004,True,126
184.71505,120,232.504658,0.6233006235861759,0.6233006235861759,0.4249072249912497,0.470044662465928,True,120
175.72919,123,232.595749,0.6376415698376375,0.6376415698376375,0.43105941208165016,0.5184312939268191,True,123
144.472938,100,232.671127,0.5434150431075073,0.5434150431075073,0.4345654337144005,0.5820237476275888,True,100
155.090075,129,232.770863,0.6551244298015788,0.6551244298015788,0.4261042190451025,0.501318505738212,True,129
196.294181,128,232.867656,0.6007060355817432,0.6007060355817432,0.4349156259586335,0.5450371040668225,True,128
196.581862,129,232.96687,0.6389483241317839,0.6389483241317839,0.434419647522833,0.5220237415523249,True,129
199.302914,127,233.612004,0.6142598688747624,0.6142598688747624,0.425650589099831,0.5485786349242984,True,127
211.866043,125,233.747884,0.5896475063919154,0.5896475063919154,0.43549366442289583,0.4781884691728787,True,125
224.41651,132,233.853721,0.636201437277663,0.636201437277663,0.4151157090531437,0.522662089717653,True,132
165.433796,114,233.937694,0.5927468161704801,0.5927468161704801,0.4312739846664856,0.5598356937396145,True,114
193.045397,119,234.02729,0.5974148733847395,0.5974148733847395,0.41686283828958853,0.5106764713213158,True,119
158.842826,115,234.111254,0.5887513979252266,0.5887513979252266,0.43336622922951595,0.4963470636337484,True,115
207.208238,123,234.206072,0.5316466786404461,0.5316466786404461,0.4211381751041464,0.48158508708300557,True,123
212.42479,117,234.291465,0.6238329482443187,0.6238329482443187,0.4290781203179582,0.5689210101754678,True,117
167.017006,120,234.378443,0.5958345788019649,0.5958345788019649,0.4226812052465171,0.5055017178152285,True,120
169.622339,110,234.460737,0.5747025804844985,0.5747025804844985,0.42142986112826764,0.5222134164969698,True,110
219.447139,121,234.550176,0.6278090811565012,0.6278090811565012,0.43461551888724714,0.5390834999648132,True,121
182.065816,119,234.641442,0.5952645419934218,0.5952645419934218,0.4325005637811094,0.5040346506935278,True,119
204.974598,126,234.742941,0.6606455039053865,0.6606455039053865,0.4347324762986848,0.5349303486270094,True,126
230.074626,136,234.842858,0.6007166236160076,0.6007166236160076,0.43226679970572796,0.57971282826006,True,136
141.070747,114,234.929201,0.5892846531880838,0.5892846531880838,0.42232959238017775,0.5102691135001916,True,114
210.828993,125,235.024823,0.6333545665248704,0.6333545665248704,0.426929680976738,0.44233327628363095,True,125
189.513456,112,235.109867,0.5743485052784352,0.5743485052784352,0.4271599275162048,0.5653494497912191,True,112
145.632942,107,235.559209,0.5569885776174202,0.5569885776174202,0.4187010508467908,0.4718827698617895,True,107
172.465147,116,235.673478,0.5863562585926148,0.5863562585926148,0.42555831390917537,0.4805927148596732,True,116
195.175581,118,235.773684,0.603003361652036,0.603003361652036,0.4223342892431961,0.5514381143869187,True,118
231.341496,129,235.870883,0.6501861570635972,0.6501861570635972,0.43009711716778937,0.5511866819232178,True,129
196.440084,123,235.960581,0.6016425605741146,0.6016425605741146,0.4317647840669822,0.5243231000905226,True,123
202.701913,119,236.049031,0.5832350847775897,0.5832350847775897,0.42187020174828327,0.4825226630449437,True,119
267.456212,141,236.156933,0.6904319483648705,0.6904319483648705,0.4176173796630534,0.5377419841630889,True,141
182.998576,110,236.238819,0.5830796416566045,0.5830796416566045,0.4223747638626687,0.4917641069583493,True,110
162.949849,107,236.318002,0.5304318716914638,0.5304318716914638,0.43350231511849247,0.5606454776468213,True,107
190.346818,124,236.410175,0.6159842898995643,0.6159842898995643,0.4227641727480547,0.5286327078154797,True,124
217.43867,117,236.499266,0.6167571478340611,0.6167571478340611,0.42074416935654646,0.44457352075135076,True,117
223.346657,135,236.600573,0.6278542451400893,0.6278542451400893,0.4349350993998399,0.46815015080929107,True,135
192.134501,130,236.700143,0.6556119541042222,0.6556119541042222,0.4211661945900772,0.4122311568802314,True,130
197.904408,121,236.799163,0.5844185171332461,0.5844185171332461,0.43366758407410194,0.6018294013311807,True,121
188.382848,126,236.896124,0.6028588004476378,0.6028588004476378,0.41991583769303636,0.49331226409763146,True,126
182.467526,118,236.983004,0.5608763654050012,0.5608763654050012,0.45902291314702254,0.4267294133305255,True,118
184.371842,108,237.06442,0.574772262096832,0.574772262096832,0.41919337486840663,0.5779958822585809,True,108
230.361331,119,237.630032,0.5963361167635762,0.5963361167635762,0.4258155309733811,0.479786103813236,True,119
187.141189,118,237.741022,0.5886614260445134,0.5886614260445134,0.4321548701119056,0.47520939071946583,True,118
158.175885,105,237.827821,0.5935502773743391,0.5935502773743391,0.4182577713969744,0.45954530395098425,True,105
164.248441,117,237.914091,0.6418339699796346,0.6418339699796346,0.42056000421687234,0.49808315793540014,True,117
248.851718,135,238.014835,0.6284291962984287,0.6284291962984287,0.4490654896193874,0.4405362296013954,True,135
174.908792,113,238.100275,0.6472210460255499,0.6472210460255499,0.43255545461294864,0.5211662394177574,True,113
206.727358,134,238.202589,0.6653280345601335,0.6653280345601335,0.41826621777160805,0.5256614240882176,True,134
202.812319,123,238.295754,0.6272609143412646,0.6272609143412646,0.4198369498973612,0.4688277567893085,True,123
186.261157,124,238.388836,0.6202419287533192,0.6202419287533192,0.4262218672666091,0.5502524311658407,True,124
214.671001,112,238.476967,0.587416709126841,0.587416709126841,0.4269284814712148,0.523063412607818,True,112
218.416706,135,238.581169,0.6266544458374226,0.6266544458374226,0.432118304646528,0.4829875758798754,True,135
207.989838,129,238.675908,0.6816240828229523,0.6816240828229523,0.4223615544067739,0.45079949197625535,True,129
201.714416,118,238.76459,0.5548066698121304,0.5548066698121304,0.42720618599081467,0.5592988930567065,True,118
171.128347,118,238.855688,0.5565611338565477,0.5565611338565477,0.4312703291301902,0.5469703097733809,True,118
242.652096,132,238.95286,0.5723947295989579,0.5723947295989579,0.4262395074619911,0.5164143665677106,True,132
161.618361,116,239.040251,0.6260307773521707,0.6260307773521707,0.42192077278314566,0.4618507449151711,True,116
189.209517,126,239.137641,0.5813760781671772,0.5813760781671772,0.4239769369716805,0.5659478025747847,True,126
197.749349,128,239.668361,0.6577640357840859,0.6577640357840859,0.4308200745565414,0.5181266610626495,True,128
181.007534,139,239.817202,0.6396285924235291,0.6396285924235291,0.42244611054245246,0.5518797336854102,True,139
188.474429,120,239.905775,0.6198571028263351,0.6198571028263351,0.41705189169739565,0.5091689737207189,True,120
194.878757,113,239.996777,0.5467490164530169,0.5467490164530169,0.42379746511110317,0.5037418344622702,True,113
235.439556,134,240.101184,0.6747005354624578,0.6747005354624578,0.42083671691358615,0.5645564793239918,True,134
221.582653,130,240.202596,0.6285044364435499,0.6285044364435499,0.42295566635215853,0.4898426305904564,True,130
165.888185,115,240.291392,0.579004442212822,0.579004442212822,0.4232064623139673,0.5679911851283188,True,115
216.250568,126,240.384287,0.6390295260879073,0.6390295260879073,0.4280909022596017,0.5393062850081626,True,126
180.544774,115,240.470157,0.573281595562703,0.573281595562703,0.432384926301756,0.5217858846489329,True,115
188.429077,123,240.565517,0.6195165437363717,0.6195165437363717,0.433639000186319,0.5649917880550193,True,123
190.891145,120,240.652717,0.6562948478077629,0.6562948478077629,0.42645595090964583,0.425630901790513,True,120
219.830123,127,240.755269,0.6156668523402554,0.6156668523402554,0.4314210909156699,0.49651187534913743,True,127
210.897217,123,240.851898,0.6602544431714114,0.6602544431714114,0.42646856638741615,0.5260594817301538,True,123
188.750859,120,240.944824,0.617955012480199,0.617955012480199,0.4173134242468643,0.4605623548800203,True,120
173.373794,118,241.036799,0.6286737757718727,0.6286737757718727,0.42766401923913544,0.4562171862750007,True,118
196.113128,117,241.126984,0.5909367773864199,0.5909367773864199,0.42670719279728136,0.46742895441335613,True,117
167.362126,116,241.218011,0.5730088138183609,0.5730088138183609,0.42991860664444853,0.560892744305924,True,116
136.375616,111,241.788595,0.6223955916282597,0.6223955916282597,0.4221974214963478,0.5016154855434493,True,111
195.647592,118,241.894944,0.5776598372916435,0.5776598372916435,0.42367186538270185,0.5301239589180536,True,118
226.136265,145,242.005192,0.6176629640759285,0.6176629640759285,0.4279608519796423,0.5389175153542103,True,145
311.433796,164,242.126572,0.7099425860806857,0.7099425860806857,0.418393712085699,0.4344102467713142,True,164
216.73579,125,242.216788,0.6165665513446809,0.6165665513446809,0.42483382504708456,0.4693106390696069,True,125
184.194795,119,242.304064,0.5897299209992125,0.5897299209992125,0.42510172444425803,0.4915236417564129,True,119
199.266844,130,242.403785,0.6207226460809047,0.6207226460809047,0.43411091975689464,0.5272082866547403,True,130
173.584824,116,242.492732,0.6257196889472973,0.6257196889472973,0.41577850860874593,0.48735235890340345,True,116
158.833837,111,242.572627,0.6191128936581265,0.6191128936581265,0.42730484225499527,0.5134855233129785,True,111
219.120552,122,242.660556,0.6203501908715948,0.6203501908715948,0.4281888160414653,0.49129676131484606,True,122
177.066202,115,242.748471,0.5814407056009523,0.5814407056009523,0.4239981306884328,0.541173411091894,True,115
161.803592,114,242.833052,0.5796969719528459,0.5796969719528459,0.4251879606752526,0.5192435171894121,True,114
244.40101,134,242.937071,0.6441142042310215,0.6441142042310215,0.4227087598696073,0.46810797943118226,True,134
197.580976,113,243.026388,0.6156425998629096,0.6156425998629096,0.43404212016191673,0.5020883807053871,True,113
255.00302,140,243.134815,0.6777238943175045,0.6777238943175045,0.42888348108484237,0.44861300625042405,True,140
181.561028,106,243.21442,0.5732484554675662,0.5732484554675662,0.431201354777214,0.5211462419265666,True,106
187.981205,119,243.767647,0.5868419552233382,0.5868419552233382,0.43459967118691656,0.5402980849635678,True,119
207.829094,124,243.887447,0.6453809135639679,0.6453809135639679,0.4229271697260631,0.5294685628991349,True,124
217.586424,115,243.984909,0.5684577983740671,0.5684577983740671,0.4272450359632852,0.4820086407626177,True,115
220.65981,119,244.073237,0.5914448517666845,0.5914448517666845,0.4296439867637962,0.5673905049407719,True,119
194.3744,124,244.166958,0.6138648261966754,0.6138648261966754,0.4165253590961081,0.42897430161596667,True,124
208.429206,120,244.255678,0.6224030844666912,0.6224030844666912,0.43361675750491785,0.5050864940817809,True,120
214.560359,131,244.352204,0.621936129680948,0.621936129680948,0.43421993456818253,0.4519237247677816,True,131
204.029592,119,244.441667,0.6323772035851146,0.6323772035851146,0.43349837736065855,0.542161641245066,True,119
204.151242,126,244.536797,0.6237460930176345,0.6237460930176345,0.4283966265768242,0.5208087696754787,True,126
240.628999,121,244.628693,0.5488292210664903,0.5488292210664903,0.432273868582916,0.5837377194970556,True,121
200.46181,123,244.72315,0.577281695714713,0.577281695714713,0.4298482399840263,0.6074822987603379,True,123
213.715324,134,244.826886,0.6325686693035477,0.6325686693035477,0.4261920118522879,0.4941668328226024,True,134
156.816346,110,244.914518,0.5906127013918785,0.5906127013918785,0.43242217129862043,0.5436417038832888,True,110
193.569337,128,245.013304,0.5906025131625889,0.5906025131625889,0.43198935631343593,0.43947469634749475,True,128
225.896205,127,245.114906,0.5450252770356286,0.5450252770356286,0.43251841349323333,0.6674651740683764,True,127
261.062019,130,245.216654,0.640903346872516,0.640903346872516,0.43512735435185357,0.5152656947956692,True,130
223.2846,139,245.326096,0.6198014252205667,0.6198014252205667,0.425272473685889,0.4958096254127007,True,139
182.513239,128,245.876086,0.6377909527078067,0.6377909527078067,0.4349539649484613,0.5473225642869809,True,128
188.961826,124,246.003608,0.6188977592880254,0.6188977592880254,0.42788599512823533,0.4953949429136591,True,124
205.710498,127,246.099283,0.6633786830035954,0.6633786830035954,0.4204609110559893,0.4695250724448115,True,127
228.542524,117,246.185484,0.6091931970257612,0.6091931970257612,0.4357725499973203,0.5727432060850747,True,117
168.190714,109,246.271362,0.5566077388236043,0.5566077388236043,0.42979633976630754,0.5280768045661733,True,109
209.665657,119,246.362135,0.6171172784977683,0.6171172784977683,0.4202375623135575,0.49445106161926283,True,119
211.93141,130,246.461087,0.6022877378040541,0.6022877378040541,0.42326952871636236,0.5285886012140573,True,130
193.315586,127,246.5571,0.6444600763353469,0.6444600763353469,0.4257844938309007,0.5487949007918644,True,127
174.96022,116,246.642474,0.601637638338743,0.601637638338743,0.42509644531512963,0.4950758236511736,True,116
247.731087,131,246.74085,0.4827054341830045,0.4827054341830045,0.4178429654961927,0.5189271511259312,True,131
195.344072,113,246.826815,0.5895195088136517,0.5895195088136517,0.4321579679649236,0.49725224664191825,True,113
212.928037,123,246.917237,0.6157950395842146,0.6157950395842146,0.4288501404481142,0.5389899053517906,True,123
200.903764,117,247.007836,0.5917854608867248,0.5917854608867248,0.4240069997410587,0.5086076009149447,True,117
181.074908,117,247.097613,0.5945907599735574,0.5945907599735574,0.47257803326025993,0.4426843949160682,True,117
231.655746,133,247.20046,0.6495245312159558,0.6495245312159558,0.4262347410615925,0.5166087497554538,True,133
247.981566,141,247.303851,0.6868633056110708,0.6868633056110708,0.43029851599112734,0.5832195308210506,True,141
184.913459,126,247.89473,0.6314571895251372,0.6314571895251372,0.4217017051178373,0.46263966559058156,True,126
229.397082,126,248.013495,0.572888690065121,0.572888690065121,0.41854721479014145,0.5022002595272603,True,126
215.752668,122,248.125259,0.6380004082843713,0.6380004082843713,0.42612412715138775,0.5434440155753157,True,122
218.850601,116,248.216158,0.5789511294166098,0.5789511294166098,0.43414223428184395,0.5450373497208625,True,116
168.007229,111,248.296236,0.580609658149125,0.580609658149125,0.4296644229173203,0.533160867625435,True,111
196.61502,123,248.38716,0.6100169777558042,0.6100169777558042,0.42923356970540444,0.552969721679191,True,123
215.50216,118,248.473541,0.5057240481329474,0.5057240481329474,0.4215333612194628,0.43978047557633615,True,118
176.23404,130,248.576132,0.6800914203306624,0.6800914203306624,0.4223655815389624,0.4988047673865497,True,130
175.435263,125,248.676661,0.6539442023240387,0.6539442023240387,0.42874348775820925,0.5324379855548037,True,125
149.893922,107,248.763015,0.6180951697662372,0.6180951697662372,0.42453327911741495,0.48166276299149424,True,107
171.213984,111,248.842195,0.6056679342466731,0.6056679342466731,0.436039017084735,0.5179665860433244,True,111
193.207368,131,248.939901,0.6321145488074028,0.6321145488074028,0.42216542906121435,0.4621013665146589,True,131
160.88413,117,249.03038,0.5945405050759477,0.5945405050759477,0.43585691845540653,0.5070608297434143,True,117
196.038811,119,249.123446,0.529809360559047,0.529809360559047,0.42310132078768153,0.47983982608642534,True,119
189.122701,113,249.210931,0.6011571847399192,0.6011571847399192,0.41822763622439135,0.505426876950049,True,113
153.823477,125,249.305681,0.5964306885190284,0.5964306885190284,0.42869935663657877,0.47468123084953273,True,125
209.997069,129,249.403811,0.5986117418140902,0.5986117418140902,0.43455562583320273,0.5215599221916788,True,129
210.171637,135,250.193995,0.6208591351031806,0.6208591351031806,0.43034970664763456,0.6143031958795206,True,135
221.753932,113,250.322427,0.5925801692704386,0.5925801692704386,0.42504747545251387,0.4580765668499779,True,113
175.109311,108,250.410911,0.546556606579535,0.546556606579535,0.4307398950179379,0.46830005313330425,True,108
248.401142,135,250.510604,0.712827018035635,0.712827018035635,0.4191571324268103,0.45357025708707693,True,135
129.106818,102,250.584493,0.6266528298506273,0.6266528298506273,0.43539900065678655,0.45595500805964373,True,102
208.236688,127,250.678676,0.5890483567403919,0.5890483567403919,0.4250226960628236,0.4385738531164592,True,127
237.837571,129,250.772173,0.5235991455103937,0.5235991455103937,0.43369236745873296,0.48870463443388834,True,129
211.421206,130,250.868599,0.6271405828222107,0.6271405828222107,0.42845678031135503,0.487126175575247,True,130
206.56709,109,250.954295,0.6290359211464296,0.6290359211464296,0.4292716654231612,0.43918215316602416,True,109
151.944621,112,251.039245,0.5655792581141931,0.5655792581141931,0.4278016829130111,0.5246484402283298,True,112
228.778619,130,251.135432,0.6061217103695002,0.6061217103695002,0.43483917628753277,0.49787784936916585,True,130
190.853338,130,251.234743,0.6948071718298998,0.6948071718298998,0.42744893508359555,0.5001945404256669,True,130
185.351753,120,251.323236,0.6084782418261038,0.6084782418261038,0.41657191365274165,0.5584865903885773,True,120
190.328201,125,251.412942,0.6507845663858526,0.6507845663858526,0.4195640038771453,0.4590512570472428,True,125
191.994984,118,251.500042,0.59893650808552,0.59893650808552,0.4189229324059204,0.5602055483397558,True,118
243.331893,142,251.611719,0.6507793567606995,0.6507793567606995,0.42866019731660465,0.5435179012072409,True,142
162.919264,97,251.687189,0.49608163380428594,0.49608163380428594,0.429304550716826,0.5658166747062361,True,97
163.404151,118,252.315879,0.6270796323009125,0.6270796323009125,0.4267722225826843,0.45911248225812207,True,118
219.244176,130,252.453758,0.5832567779763995,0.5832567779763995,0.4182494829328279,0.554268260515573,True,130
174.683596,123,252.553479,0.5841716824399362,0.5841716824399362,0.431661924667413,0.527642902553738,True,123
179.225241,112,252.635686,0.5852144913107046,0.5852144913107046,0.43338957971407305,0.43241092439692735,True,112
190.349157,124,252.728697,0.6181821282613599,0.6181821282613599,0.42445685177074893,0.46964076376846753,True,124
171.080301,123,252.8243,0.6257369602589313,0.6257369602589313,0.42510573414317937,0.5561425469065899,True,123
198.584057,117,252.915056,0.6101740736641307,0.6101740736641307,0.42621389497024764,0.4518083259335001,True,117
264.86968,143,253.028687,0.6609879925706972,0.6609879925706972,0.4354941202310934,0.592057622278791,True,143
189.18265,113,253.112012,0.5851035482880622,0.5851035482880622,0.4275797839197855,0.5018657980685568,True,113
196.120527,110,253.195885,0.5531225245859517,0.5531225245859517,0.429703403832323,0.525904762128848,True,110
205.197651,121,253.28931,0.5953420308812888,0.5953420308812888,0.4241657607525423,0.5482543926113794,True,121
168.348362,110,253.371983,0.5575400641587751,0.5575400641587751,0.42317041866991095,0.4332620255212744,True,110
182.303902,110,253.457989,0.6060763643868075,0.6060763643868075,0.42501251956007424,0.49859157617495353,True,110
161.40516,111,253.543813,0.5947402748041527,0.5947402748041527,0.43437099922987704,0.5374304526796145,True,111
241.296243,138,253.649222,0.6391305350561677,0.6391305350561677,0.42315789088081546,0.5399317230534372,True,138
135.811268,116,253.745124,0.6084439800509257,0.6084439800509257,0.42492001196337587,0.5981122243686608,True,116
211.980374,135,253.845559,0.6294958511314861,0.6294958511314861,0.42729672310125333,0.5119505108267264,True,135
197.552222,115,254.485979,0.5195658213604802,0.5195658213604802,0.4253730666913379,0.5021142145123972,True,115
192.271499,120,254.605542,0.5479872396818547,0.5479872396818547,0.41823077763371025,0.5835543945208391,True,120
150.581778,126,254.710258,0.610843434872322,0.610843434872322,0.43594931068239884,0.566830167565053,True,126
177.849056,126,254.804626,0.5813909614626225,0.5813909614626225,0.42973481238980726,0.5100990360294919,True,126
180.792836,128,254.902083,0.6256181590053196,0.6256181590053196,0.435511879200324,0.4840318447830435,True,128
194.403109,128,254.999481,0.5694164737338591,0.5694164737338591,0.41910081216864914,0.5457234094456139,True,128
168.998622,114,255.084125,0.5826736668531386,0.5826736668531386,0.4304911154727222,0.5351412655389582,True,114
190.216718,119,255.176509,0.6218496232519625,0.6218496232519625,0.4292059419755265,0.4944335966317483,True,119
222.290379,124,255.266539,0.631320812025557,0.631320812025557,0.43947895221297,0.44187479512699984,True,124
205.639276,126,255.360608,0.5859081975141899,0.5859081975141899,0.42816300200751317,0.5016123839249026,True,126
193.750157,116,255.45234,0.5996932952536369,0.5996932952536369,0.41924532266793746,0.429878321424133,True,116
214.177501,121,255.543259,0.6078470322888451,0.6078470322888451,0.42436960103928356,0.5041918580520748,True,121
195.628648,120,255.633504,0.6156394023452045,0.6156394023452045,0.4328755992367418,0.5263985569167486,True,120
226.091115,123,255.728136,0.6549919083694683,0.6549919083694683,0.4225971753850019,0.49640267984634745,True,123
201.973094,131,255.827587,0.682259351967356,0.682259351967356,0.4234451218559829,0.5876984096665097,True,131
204.360725,114,255.908963,0.4900275673547054,0.4900275673547054,0.4242761010938823,0.6218666297157496,True,114
209.964743,124,256.00144,0.5977576491483692,0.5977576491483692,0.41692263928184925,0.5054125037878262,True,124
233.279678,137,256.585412,0.6497281443916376,0.6497281443916376,0.43566211834152024,0.47458004572363505,True,137
170.897416,111,256.696601,0.6024923218354394,0.6024923218354394,0.4316882254350221,0.623825513265635,True,111
194.056848,107,256.776451,0.5729381237707879,0.5729381237707879,0.42445262469690787,0.4968857916204909,True,107
202.38766,112,256.859148,0.5800784419245967,0.5800784419245967,0.4186847805143712,0.5192059009132775,True,112
194.682952,117,256.94899,0.5679518367147723,0.5679518367147723,0.42315636042269705,0.5300492776044112,True,117
168.439566,106,257.02774,0.5385689580373312,0.5385689580373312,0.4346413454864535,0.5185790155275597,True,106
189.424714,108,257.111773,0.5537046391783299,0.5537046391783299,0.4191393437802765,0.5006007033821105,True,108
163.74533,123,257.204939,0.6059048053655952,0.6059048053655952,0.4276226625782148,0.4537284742343708,True,123
249.725205,129,257.301582,0.6420814298440864,0.6420814298440864,0.4213933231397282,0.5204006083414086,True,129
180.085907,110,257.385822,0.5770846011013809,0.5770846011013809,0.42520920648121036,0.5077218327533837,True,110
203.763626,131,257.485791,0.6070807656068827,0.6070807656068827,0.41918160453707626,0.6127438017613968,True,131
168.037639,117,257.578084,0.6043329453691051,0.6043329453691051,0.43042976605739736,0.5067521184549885,True,117
163.632445,122,257.672731,0.6275117824984321,0.6275117824984321,0.42683902654679473,0.4948305081165851,True,122
206.957263,120,257.766626,0.6012647230395036,0.6012647230395036,0.41668668917464724,0.513220916783132,True,120
248.739263,124,257.86185,0.6351333694321171,0.6351333694321171,0.42786209310975454,0.557289190082142,True,124
185.574098,108,257.941194,0.6053429336158137,0.6053429336158137,0.4290334036185443,0.6069151219163438,True,108
202.766677,120,258.029053,0.6241701271211418,0.6241701271211418,0.4348973886493117,0.4766542283678893,True,120
210.267403,125,258.759604,0.6304492412620524,0.6304492412620524,0.41900361574521156,0.44978512023299566,True,125
196.300847,121,258.895225,0.645504425954981,0.645504425954981,0.42450233970072915,0.5812607999027286,True,121
237.592415,126,259.000962,0.6147897563616094,0.6147897563616094,0.42326288955041247,0.5138456148561413,True,126
251.638947,141,259.111769,0.6801158442273241,0.6801158442273241,0.419097056996989,0.5872698061443654,True,141
212.870926,119,259.20579,0.573406661389222,0.573406661389222,0.4344304399655982,0.4719268663220166,True,119
210.494285,132,259.308053,0.6021684627258916,0.6021684627258916,0.4341023453930666,0.4395873230747038,True,132
202.12974,116,259.393284,0.5259136987733509,0.5259136987733509,0.41543914877735233,0.521649772681979,True,116
175.730554,127,259.484811,0.6208919075141135,0.6208919075141135,0.43090158431247494,0.5380068765004101,True,127
191.75452,128,259.578579,0.6127614151525609,0.6127614151525609,0.43234638436078715,0.5496550305854422,True,128
181.069048,117,259.66652,0.6066983088766522,0.6066983088766522,0.41673237960755044,0.5436716765589689,True,117
194.347648,127,259.761363,0.6562052410636026,0.6562052410636026,0.4275915512186179,0.5155738058682194,True,127
164.281414,112,259.850167,0.6155240139908966,0.6155240139908966,0.4271455693580611,0.5266264269628752,True,112
230.31757,119,259.940893,0.603452539099114,0.603452539099114,0.4204693776078764,0.5350886914148898,True,119
167.530553,110,260.020957,0.6174654362158688,0.6174654362158688,0.4234734642998268,0.45149263610526263,True,110
201.181953,132,260.119538,0.6233389450824726,0.6233389450824726,0.41893164406197997,0.49143592796839847,True,132
240.24544,125,260.211337,0.6105888283213311,0.6105888283213311,0.43048428766504315,0.5840343200414829,True,125
194.689908,127,260.304468,0.6312614425845671,0.6312614425845671,0.4316205702685543,0.5585399680319605,True,127
196.963766,125,260.813903,0.6369944237922971,0.6369944237922971,0.4306365235325159,0.5375522639995803,True,125
202.055663,125,260.930814,0.5478128829471587,0.5478128829471587,0.42023303460373546,0.5260668382917151,True,125
196.568496,120,261.017849,0.6257141408070042,0.6257141408070042,0.42253465669019125,0.5797538127745266,True,120
173.601485,117,261.106736,0.5548232643501589,0.5548232643501589,0.4230380527829108,0.5332294991228603,True,117
178.779979,112,261.19215,0.5673227515340863,0.5673227515340863,0.42304536901843565,0.5580540831032412,True,112
246.674902,144,261.305166,0.6764071579639217,0.6764071579639217,0.42076806614084894,0.5394940109881285,True,144
176.554356,116,261.396008,0.5641629383409641,0.5641629383409641,0.43398498870572666,0.5694269583240499,True,116
173.830151,108,261.475242,0.585612103236935,0.585612103236935,0.42491964881526334,0.5039435409251432,True,108
195.588974,127,261.572697,0.6568325564261327,0.6568325564261327,0.41455339360802984,0.415496908466491,True,127
206.135613,120,261.663621,0.5903959742207633,0.5903959742207633,0.4271126648509508,0.5428513165032234,True,120
173.313559,126,261.763799,0.6033373352484896,0.6033373352484896,0.4173281843258697,0.5332396230928169,True,126
178.54802,116,261.853354,0.5974398267591075,0.5974398267591075,0.431927285263616,0.5346203632920304,True,116
224.861184,122,261.947652,0.6419239431142716,0.6419239431142716,0.4326235225722118,0.6696842703472464,True,122
197.447081,112,262.032602,0.564370241257469,0.564370241257469,0.4183873574028285,0.5318596618133553,True,112
255.567796,143,262.143476,0.6964003032836712,0.6964003032836712,0.43107299720091935,0.5227319291761005,True,143
211.492014,127,262.237591,0.5323085250955929,0.5323085250955929,0.42028822780096714,0.5007718854606947,True,127
188.123948,117,262.331401,0.621842911372499,0.621842911372499,0.42992236599216427,0.46954682429792677,True,117
207.832129,124,262.951917,0.5738893440417757,0.5738893440417757,0.4195959201081018,0.47431786873943405,True,124
203.790374,117,263.06043,0.5880039238933605,0.5880039238933605,0.4216412352029602,0.49979421584610967,True,117
179.130435,130,263.158438,0.6303746216619985,0.6303746216619985,0.42580041753552256,0.4648507900301923,True,130
183.213673,125,263.25243,0.608848341890706,0.608848341890706,0.41848090178373143,0.43593961701191797,True,125
180.448298,117,263.3389,0.6426310865573537,0.6426310865573537,0.434895328371806,0.5364654725357471,True,117
212.148336,129,263.434509,0.4663433152992156,0.4663433152992156,0.4218575564618393,0.5161610704364,True,129
193.755223,118,263.521473,0.6163857707004721,0.6163857707004721,0.44427328846687214,0.4372223134030602,True,118
153.544112,106,263.601459,0.5294064177154179,0.5294064177154179,0.4316273068625113,0.5066141077039569,True,106
163.168887,106,263.680709,0.5720910551425222,0.5720910551425222,0.4301873326793555,0.5694712692315669,True,106
213.541441,121,263.770358,0.6012512320634638,0.6012512320634638,0.41904241788733926,0.47620921464333765,True,121
216.339825,140,263.874466,0.6663530302034445,0.6663530302034445,0.4185425962053833,0.5485731068792712,True,140
215.190963,126,263.971572,0.6489365047859607,0.6489365047859607,0.4258081252885842,0.5276785087746605,True,126
221.812325,121,264.057329,0.5442702324613881,0.5442702324613881,0.41816328274502057,0.45603036549025233,True,121
268.249241,132,264.155776,0.6321024528457588,0.6321024528457588,0.42730605502578767,0.5856929772553052,True,132
214.743564,136,264.256437,0.6406214521372126,0.6406214521372126,0.43322449364454657,0.4718660696349157,True,136
198.201539,127,264.349705,0.6138789905165822,0.6138789905165822,0.42591841159226257,0.5323255787882859,True,127
216.880953,122,264.996644,0.6099545422944738,0.6099545422944738,0.4290093872638292,0.5783854263389305,True,122
236.269523,127,265.155448,0.5528789757900351,0.5528789757900351,0.42558103071542763,0.46832031140720304,True,127
194.319204,120,265.243945,0.45057355683471795,0.45057355683471795,0.42429078518033947,0.5284475087671134,True,120
208.753811,133,265.346781,0.6650914055121677,0.6650914055121677,0.42854488248239797,0.4344066587576339,True,133
150.982066,109,265.434295,0.6085296229276349,0.6085296229276349,0.42634591124904203,0.5325569800573939,True,109
215.500281,142,265.54179,0.6502903590312268,0.6502903590312268,0.4274176299568374,0.48736819060023073,True,142
247.054612,140,265.645536,0.6552523903360621,0.6552523903360621,0.4286600881675633,0.538303137873523,True,140
211.264145,128,265.741699,0.6811220384171538,0.6811220384171538,0.41964761113088694,0.5478464627109714,True,128
156.753254,122,265.832723,0.6176328702711121,0.6176328702711121,0.42275199224853177,0.5196921438804428,True,122
199.364072,124,265.928549,0.618982483192225,0.618982483192225,0.42203197272791654,0.44919181989363455,True,124
215.889302,121,266.02467,0.6518348124451764,0.6518348124451764,0.43013676836643133,0.4776587371128841,True,121
172.49305,123,266.117714,0.6001705625197651,0.6001705625197651,0.42554924791431775,0.5631269067294974,True,123
176.437035,117,266.214997,0.6308437283169965,0.6308437283169965,0.4220198279159398,0.4967911046101267,True,117
252.264729,130,266.317668,0.6663156278594802,0.6663156278594802,0.42428476349708377,0.42836468531832794,True,130
211.741724,116,266.403337,0.6433269687878966,0.6433269687878966,0.4187988828219237,0.5098148023971951,True,116
197.583395,116,266.485824,0.6320771898938139,0.6320771898938139,0.4349482103529172,0.5390754378942559,True,116
209.90313,125,266.576505,0.6786220703918537,0.6786220703918537,0.42477042611427285,0.4840345552433798,True,125
211.754426,131,267.190421,0.6372801516451299,0.6372801516451299,0.4243490711709167,0.47809874455101375,True,131
192.363055,109,267.295937,0.540860673642303,0.540860673642303,0.42900887206260424,0.586960455643548,True,109
219.870301,131,267.391912,0.6520606840820061,0.6520606840820061,0.42753048211649675,0.5618338721578614,True,131
240.505661,130,267.489072,0.619693168011947,0.619693168011947,0.43148931586062683,0.5336501662980981,True,130
199.119427,128,267.583662,0.587159547442127,0.587159547442127,0.4183382993166193,0.44903143940754553,True,128
234.645501,144,267.695504,0.6584787079314812,0.6584787079314812,0.4278027038802366,0.5808729411434276,True,144
268.304839,158,267.816147,0.6166984863705139,0.6166984863705139,0.42429269154072474,0.5287182191275451,True,158
182.473053,108,267.902122,0.5525724230642732,0.5525724230642732,0.4266450376988684,0.5237867486858476,True,108
222.853513,132,268.001134,0.694148402870039,0.694148402870039,0.42204963035857745,0.5425159743409593,True,132
196.74775,116,268.089097,0.6440935691746374,0.6440935691746374,0.4244074848645149,0.4937141287156439,True,116
172.228618,115,268.173824,0.6226242074605115,0.6226242074605115,0.4314683964688031,0.446733289595254,True,115
214.307556,129,268.272387,0.6547844031600131,0.6547844031600131,0.42604886664411235,0.4597663110853229,True,129
145.565081,104,268.350008,0.49150645376248275,0.49150645376248275,0.42168426591894453,0.5304410748323003,True,104
197.501666,144,268.457129,0.6349807515138399,0.6349807515138399,0.42910623059135866,0.43745113170359984,True,144
208.75085,127,268.550289,0.6400191444493496,0.6400191444493496,0.4286630115266245,0.4823112150622177,True,127
200.218235,123,268.641556,0.6430138561821376,0.6430138561821376,0.4301393466790359,0.5647552663241924,True,123
205.482585,128,269.326565,0.630791752810216,0.630791752810216,0.4224907922643761,0.5351422803121199,True,128
144.568614,111,269.429358,0.6278177665938012,0.6278177665938012,0.44561201841771664,0.436801075084502,True,111
200.816988,121,269.519879,0.5651538304389684,0.5651538304389684,0.42264976176901403,0.5477790272216795,True,121
216.973409,124,269.614914,0.6326000456342362,0.6326000456342362,0.4182455569915699,0.46000030298047956,True,124
186.558436,119,269.706361,0.6049492367755015,0.6049492367755015,0.42293177946449745,0.4681894353321685,True,119
234.83743,142,269.813163,0.6401562183862544,0.6401562183862544,0.4202565828725271,0.48805373758895326,True,142
222.52907,126,269.906909,0.6071845697796011,0.6071845697796011,0.42901839169823025,0.5153713705397697,True,126
223.351519,128,270.005959,0.6339291586142534,0.6339291586142534,0.41888119445664224,0.5747169305259959,True,128
160.046188,124,270.101909,0.5784118613160089,0.5784118613160089,0.4215412828259971,0.5081913863582265,True,124
189.427092,106,270.179775,0.4930793787174369,0.4930793787174369,0.4249132589651654,0.4443251067776284,True,106
213.246334,123,270.273089,0.6226139554400225,0.6226139554400225,0.4189985830302626,0.46972015752459956,True,123
207.756854,135,270.371368,0.6651718389973151,0.6651718389973151,0.4324706615077389,0.49398468549901653,True,135
260.643044,150,270.484636,0.5206309579887509,0.5206309579887509,0.42705279341385705,0.538797300649541,True,150
221.923067,134,270.586072,0.6751645433284554,0.6751645433284554,0.41757936472341833,0.4904173665785868,True,134
201.454398,122,270.678776,0.6079229677929044,0.6079229677929044,0.4246272635395024,0.5170651055658199,True,122
192.588471,125,270.774388,0.5337423529715342,0.5337423529715342,0.4183005616134476,0.6292032355718058,True,125
199.161609,124,271.320465,0.6474834393788269,0.6474834393788269,0.41767587634625025,0.5444909906240764,True,124
200.85813,118,271.451415,0.5497628944760263,0.5497628944760263,0.4283696977956832,0.457682179516654,True,118
202.699394,123,271.544033,0.6274428031463147,0.6274428031463147,0.41947202760517277,0.535409582941469,True,123
268.586583,144,271.653423,0.6454346632359014,0.6454346632359014,0.43464039521495074,0.49523058790293195,True,144
232.47037,131,271.7527,0.5742338802523832,0.5742338802523832,0.42488885660240244,0.5053999807164826,True,131
171.528552,120,271.84198,0.6542411219910009,0.6542411219910009,0.4307669997660838,0.4883822078988145,True,120
198.200459,111,271.92583,0.513934701134721,0.513934701134721,0.433260795408289,0.517247600338565,True,111
203.062389,112,272.012363,0.617737636329563,0.617737636329563,0.4334165284388624,0.49034344693132237,True,112
194.701617,116,272.100947,0.6128522574722416,0.6128522574722416,0.4239074444879632,0.5197656264518875,True,116
210.417309,136,272.206802,0.6559267322556971,0.6559267322556971,0.42017757242873965,0.43334950769972974,True,136
192.332655,121,272.298694,0.6494296376709887,0.6494296376709887,0.426713356164866,0.5010827463713291,True,121
234.1482,127,272.390007,0.6038069215350216,0.6038069215350216,0.4233508346080569,0.5640355603700039,True,127
216.822417,128,272.48602,0.6059350731365766,0.6059350731365766,0.4214362494541968,0.5389169336232456,True,128
218.571642,117,272.577246,0.6455355495130731,0.6455355495130731,0.4257632787966868,0.6118394622999854,True,117
262.137824,162,272.6962,0.6138176707427415,0.6138176707427415,0.43141397621737754,0.5094631344540766,True,162
246.283676,129,272.792938,0.6250916531556422,0.6250916531556422,0.4309139547321702,0.4578875811792801,True,129
185.098826,115,273.234565,0.5693073749743374,0.5693073749743374,0.4277500975692248,0.41856533853263783,True,115
212.721191,126,273.387522,0.6253750300508538,0.6253750300508538,0.42655695941236876,0.5586790999430866,True,126
210.966641,130,273.496844,0.6295839897665337,0.6295839897665337,0.41515321350651885,0.5069761292732089,True,130
195.720105,117,273.588948,0.6230607655996087,0.6230607655996087,0.4219063801802145,0.46356152159991126,True,117
255.161147,145,273.706488,0.6225618460049679,0.6225618460049679,0.41777556279446926,0.5389086219001098,True,145
238.063897,132,273.812719,0.6532537026832361,0.6532537026832361,0.42297983383810916,0.5905363035307418,True,132
184.302927,122,273.903107,0.5865941026748691,0.5865941026748691,0.4220812562190978,0.5199568780275461,True,122
203.718533,126,274.005192,0.61971703249663,0.61971703249663,0.4330758235334924,0.5741640491958402,True,126
222.654849,131,274.107851,0.5978633342814882,0.5978633342814882,0.46406606211373974,0.4213312122575947,True,131
197.664237,118,274.202191,0.6047689597076692,0.6047689597076692,0.41595500012392805,0.5529790918536909,True,118
186.839127,111,274.288735,0.6285098089307775,0.6285098089307775,0.42229238220982923,0.5534034759290885,True,111
184.882796,112,274.377934,0.5953449553669957,0.5953449553669957,0.4189472526092143,0.5073408774074224,True,112
183.990247,122,274.472145,0.5597892704526382,0.5597892704526382,0.4241213144201977,0.5057188529487244,True,122
202.604167,122,274.566801,0.6064265724356595,0.6064265724356595,0.4268156764372127,0.46908134723930245,True,122
213.177212,126,274.662728,0.6070865570728832,0.6070865570728832,0.4245508393984032,0.5312985645304582,True,126
215.954197,123,274.755956,0.5897014447639157,0.5897014447639157,0.4295763931473368,0.49805574634422933,True,123
209.073836,124,274.851223,0.634146043795135,0.634146043795135,0.4345707117731268,0.5085823211011924,True,124
218.890534,123,275.257901,0.6178681873365719,0.6178681873365719,0.42542889793421607,0.43755435622011085,True,123
189.967247,119,275.381841,0.5621464213438843,0.5621464213438843,0.4356762083416062,0.5152663086417489,True,119
194.29804,127,275.474753,0.6331421563847565,0.6331421563847565,0.43495145836539983,0.5659604233732031,True,127
171.892717,121,275.563556,0.5919020064143505,0.5919020064143505,0.42217238700986,0.5122626969875756,True,121
182.712529,124,275.655296,0.6326552642973821,0.6326552642973821,0.4196357721530695,0.6439871537049323,True,124
210.451815,130,275.753168,0.6310996776108657,0.6310996776108657,0.43709489311609984,0.4413630528100278,True,130
201.08791,112,275.837767,0.5307198694324757,0.5307198694324757,0.4241349701009853,0.43525966282179546,True,112
178.705185,108,275.917649,0.5689906268875166,0.5689906268875166,0.4351725067866041,0.4841388440337624,True,108
205.675256,119,276.005973,0.598792801426115,0.598792801426115,0.4330172189950209,0.5093847445175209,True,119
212.669329,127,276.099895,0.6373602326177353,0.6373602326177353,0.4356138488593805,0.5852459177504455,True,127
207.008323,114,276.184283,0.6042074773031022,0.6042074773031022,0.42877983743004944,0.6213344348830204,True,114
209.145763,118,276.273099,0.5640670380906536,0.5640670380906536,0.4347610295391483,0.5056149391910427,True,118
248.774954,132,276.368671,0.632908306870612,0.632908306870612,0.4293420701917886,0.5009326785894819,True,132
237.242487,139,276.473053,0.6396280446094157,0.6396280446094157,0.4258251411918086,0.54563685943254,True,139
228.976915,126,276.570099,0.6186726815098366,0.6186726815098366,0.4334688678789457,0.6032078555968629,True,126
198.891266,138,276.6707,0.6618355894744331,0.6618355894744331,0.4151896640264332,0.43797625741182766,True,138
211.013654,117,277.266409,0.6193311891143656,0.6193311891143656,0.4249809534590505,0.5823098817554443,True,117
223.102472,123,277.393392,0.6389507816277122,0.6389507816277122,0.4333640720092912,0.5458938048296194,True,123
216.846401,133,277.502352,0.6205412564270111,0.6205412564270111,0.426273321912627,0.4483397860056323,True,133
314.355542,180,277.636614,0.7602051064268792,0.7602051064268792,0.42210675640776774,0.5054682883373725,True,180
225.452196,120,277.726861,0.5889467802219701,0.5889467802219701,0.43499804662554964,0.5026445332249014,True,120
161.089519,103,277.805742,0.44372983000093086,0.44372983000093086,0.43410514210017165,0.5646994013816602,True,103
199.881373,119,277.892508,0.6181790119496956,0.6181790119496956,0.4273408040476682,0.46513924035972887,True,119
234.453465,129,277.992364,0.6258635231955089,0.6258635231955089,0.4303825513582582,0.4710869694815035,True,129
200.291191,143,278.102405,0.7259601916337552,0.7259601916337552,0.4194203315756551,0.5059157447390595,True,143
214.640215,126,278.2008,0.6173410980048858,0.6173410980048858,0.4297746683058538,0.5362579670552915,True,126
232.683413,117,278.290109,0.5171527505830635,0.5171527505830635,0.43007707012975493,0.566437665883186,True,117
185.910814,116,278.378175,0.6150647223154526,0.6150647223154526,0.4219531884203998,0.40440094535390286,True,116
190.665652,130,278.478073,0.6512246419543022,0.6512246419543022,0.41683146905108776,0.4769034824587433,True,130
217.386864,115,278.565326,0.559860932843308,0.559860932843308,0.43112086836547553,0.48984596784367057,True,115
266.623238,144,278.67633,0.5854313699836587,0.5854313699836587,0.4215416266007147,0.5130826015628869,True,144
176.546547,114,278.761952,0.5850870010704075,0.5850870010704075,0.4210563289397991,0.5566868092823827,True,114
207.889149,124,278.854586,0.6171867279280353,0.6171867279280353,0.42088806220502534,0.5032300476597501,True,124
156.737808,112,279.399432,0.5753624754856741,0.5753624754856741,0.43513104745990766,0.5935473624557909,True,112
202.267386,127,279.515671,0.5858290500495568,0.5858290500495568,0.4348753823453959,0.48981360512939415,True,127
233.934838,130,279.610744,0.23888079299284498,0.23888079299284498,0.4225101786988416,0.48737173650101595,True,130
177.880125,116,279.695519,0.6054578018532736,0.6054578018532736,0.4216602307446969,0.4453163887100483,True,116
196.863246,117,279.785628,0.6310275616408613,0.6310275616408613,0.42384598680164565,0.495028524764929,True,117
244.038638,123,279.880598,0.6120557417177634,0.6120557417177634,0.43495819130546576,0.6004432314356979,True,123
177.447615,122,279.972138,0.6132617783874456,0.6132617783874456,0.42534321227250416,0.5625936146569388,True,122
173.600595,122,280.06461,0.5306372794610437,0.5306372794610437,0.43186558310810724,0.5058257856815297,True,122
250.828585,136,280.166708,0.6758894934258256,0.6758894934258256,0.4195494698317756,0.44100065914653974,True,136
191.134052,109,280.250287,0.5418663547099313,0.5418663547099313,0.4325728912268509,0.4711842103144418,True,109
214.381157,126,280.345582,0.5758008041490886,0.5758008041490886,0.4214345338368039,0.49951533665553205,True,126
198.173785,121,280.437847,0.5981157573297,0.5981157573297,0.4302756313374562,0.568394091654733,True,121
201.172885,126,280.531275,0.6048295139378882,0.6048295139378882,0.42009212565211757,0.5377211387116053,True,126
199.649257,115,280.617498,0.5664169068038462,0.5664169068038462,0.4245002320699392,0.5212326173245637,True,115
231.158002,138,280.72147,0.6202343074796813,0.6202343074796813,0.4293739667648195,0.545806700328194,True,138
198.396721,115,280.807535,0.6126667855550025,0.6126667855550025,0.4198424270097582,0.5103301783828024,True,115
157.287625,105,281.311506,0.5373429067555312,0.5373429067555312,0.43321931260032737,0.5936163830388886,True,105
200.331133,125,281.449488,0.5985337843472207,0.5985337843472207,0.43370683733002174,0.5238493638560886,True,125
183.582957,119,281.546948,0.5906101315062823,0.5906101315062823,0.4313912164550946,0.4959978526260799,True,119
193.565843,119,281.639124,0.6333404865813295,0.6333404865813295,0.4196117013384181,0.5278413828554345,True,119
211.588102,123,281.729875,0.599838311239511,0.599838311239511,0.42735379018460445,0.5418858840797329,True,123
191.950369,116,281.816766,0.5830192102908113,0.5830192102908113,0.4303549203129172,0.5429404108833827,True,116
173.810065,109,281.900324,0.5315577509905767,0.5315577509905767,0.4278386779746948,0.5659636299664913,True,109
255.802348,159,282.022234,0.5642992762711301,0.5642992762711301,0.42676880100783343,0.5290689047976249,True,159
212.618437,123,282.116499,0.6567391894159825,0.6567391894159825,0.4199276128556195,0.4668471272831424,True,123
165.647168,107,282.199234,0.5670069316040992,0.5670069316040992,0.4232070259501724,0.583833096885836,True,107
209.583846,124,282.296403,0.6096245926461664,0.6096245926461664,0.4342288030797069,0.5729683625642288,True,124
200.071943,136,282.400684,0.5968731153255844,0.5968731153255844,0.42784237717137424,0.49097901691917434,True,136
268.782994,144,282.511966,0.6776466049879575,0.6776466049879575,0.41698354604150956,0.4850547109463905,True,144
192.156578,133,282.614636,0.6094200661724266,0.6094200661724266,0.42940595097983153,0.5455492340038597,True,133
174.957681,113,282.699206,0.56343450512801,0.56343450512801,0.4231102631246282,0.49460911029364846,True,113
188.587126,113,282.786669,0.5858268233282109,0.5858268233282109,0.4236265558197454,0.4464173293254606,True,113
188.92112,123,282.878291,0.6188174690898867,0.6188174690898867,0.4238295651816955,0.5009018799144278,True,123
192.968149,113,283.443892,0.526074654410783,0.526074654410783,0.42988895675375693,0.533928795460471,True,113
167.336278,120,283.572346,0.6462027943905175,0.6462027943905175,0.42878561811679666,0.500225411805084,True,120
207.551758,122,283.665376,0.6051164230618729,0.6051164230618729,0.41849973249294314,0.47299603405467766,True,122
196.968007,116,283.753041,0.6226023089956377,0.6226023089956377,0.42592604012676777,0.5658968517652223,True,116
204.26004,120,283.843345,0.6160808584652675,0.6160808584652675,0.42563314755472775,0.47763330249978747,True,120
203.443864,125,283.93624,0.6066559320929099,0.6066559320929099,0.43226923224070896,0.4035111549673739,True,125
228.454903,132,284.034456,0.5924871588482096,0.5924871588482096,0.4184095641519991,0.5698433041443364,True,132
236.142157,145,284.142324,0.6813411272936108,0.6813411272936108,0.4291182744740955,0.5037379519455217,True,145
217.224174,131,284.238899,0.6124045545237737,0.6124045545237737,0.41915813715044525,0.46614910979163077,True,131
205.61954,123,284.330098,0.6383068389155355,0.6383068389155355,0.42484071754156977,0.5434574105423788,True,123
222.625748,136,284.433961,0.6588985482372607,0.6588985482372607,0.41898487727885336,0.5178393007345329,True,136
201.948652,125,284.530189,0.6244817141631281,0.6244817141631281,0.43238950878067833,0.4620490022081501,True,125
240.531665,125,284.624038,0.593133268381886,0.593133268381886,0.42950271938103524,0.5237170770469748,True,125
156.286036,114,284.712019,0.5470533597806229,0.5470533597806229,0.42958704474394055,0.5537475219546832,True,114
254.433016,143,284.819991,0.6874030815886107,0.6874030815886107,0.42704786289159563,0.4757583510674568,True,143
207.297598,123,284.914015,0.6546754708824213,0.6546754708824213,0.42773299759375905,0.4709357714208152,True,123
219.022001,137,285.484877,0.6600517947369151,0.6600517947369151,0.4194264926788433,0.559018099472419,True,137
206.143953,131,285.639337,0.6325411163568696,0.6325411163568696,0.42201535647684413,0.48262534832294074,True,131
220.034898,129,285.732075,0.5926611546410578,0.5926611546410578,0.43551516259050094,0.5004915819034519,True,129
205.021433,119,285.821289,0.5187670599278976,0.5187670599278976,0.43296637647059766,0.5104339845957249,True,119
209.486,127,285.913901,0.6113335725258501,0.6113335725258501,0.4316453702661135,0.5446193348301042,True,127
199.276245,122,286.007011,0.5611785017501051,0.5611785017501051,0.43322931741839965,0.4665236772143738,True,122
181.765263,119,286.101283,0.6147190073225727,0.6147190073225727,0.4292410741468489,0.45178788114365737,True,119
218.919628,114,286.190239,0.6201344884434289,0.6201344884434289,0.4360118432537422,0.4677128298985358,True,114
220.789783,122,286.282732,0.6063069482474698,0.6063069482474698,0.41747757306381994,0.429027266287194,True,122
212.461278,112,286.369447,0.48919514906349865,0.48919514906349865,0.4312470309564582,0.5434426696671496,True,112
251.425186,147,286.480349,0.6495472084746747,0.6495472084746747,0.4160985919656721,0.5651313079349876,True,147
182.522555,123,286.571481,0.6276509327688693,0.6276509327688693,0.4267624149011522,0.49000600536914285,True,123
197.111703,131,286.677902,0.6129231288228033,0.6129231288228033,0.4326389355561213,0.48239891664722284,True,131
229.341521,129,286.786372,0.6123922186385645,0.6123922186385645,0.428002251634215,0.47310903987294334,True,129
214.75997,117,286.876299,0.6396885992633702,0.6396885992633702,0.41861855430405964,0.6057192764217247,True,117
215.749763,121,286.965488,0.5937622841335329,0.5937622841335329,0.4198614905816785,0.5418636546884588,True,121
172.391578,116,287.048874,0.6077043291628627,0.6077043291628627,0.4204020492492434,0.5381972947119589,True,116
162.929635,112,287.471591,0.5873985912294731,0.5873985912294731,0.4344050254447168,0.5305624048496544,True,112
168.616508,111,287.571176,0.5759145587095786,0.5759145587095786,0.42548572228215475,0.45535489547143176,True,111
188.858923,112,287.651922,0.6486970120750025,0.6486970120750025,0.4259469934826984,0.4604364769669591,True,112
189.615951,134,287.751749,0.5505185826614818,0.5505185826614818,0.4196130761215323,0.5130367290052016,True,134
189.255587,112,287.836201,0.5920624164133378,0.5920624164133378,0.4274185441463709,0.5370686005257955,True,112
189.2593,128,287.935083,0.6810912402727795,0.6810912402727795,0.41983059354843794,0.47117095786607904,True,128
202.488697,114,288.017883,0.5878412454644636,0.5878412454644636,0.43244002788488056,0.5193974198885618,True,114
181.54234,127,288.112984,0.6956915573151549,0.6956915573151549,0.43495179190839267,0.487210747962596,True,127
207.776176,129,288.209597,0.6203386226551996,0.6203386226551996,0.42136013537398787,0.5157059604036767,True,129
197.808022,114,288.292801,0.6033394653831167,0.6033394653831167,0.41914403440412085,0.42855990830389584,True,114
409.786027,209,288.4531,0.7706433958802937,0.7706433958802937,0.4294452527845219,0.5129555444773755,True,209
197.468406,126,288.5454,0.6447713032909689,0.6447713032909689,0.43507951521325267,0.600060345636674,True,126
266.994602,164,288.671129,0.689513434787665,0.689513434787665,0.4353879486696785,0.5006292951508036,True,164
164.90245,109,288.749877,0.5537296816215086,0.5537296816215086,0.41775494834671695,0.4731815427999151,True,109
190.669435,118,288.838236,0.6428134140985943,0.6428134140985943,0.4292616065258333,0.5081075691054024,True,118
223.269212,128,288.93387,0.6223713980961484,0.6223713980961484,0.4361252959864071,0.5170262048830603,True,128
224.335403,123,289.615333,0.6293711585479959,0.6293711585479959,0.4200675602767794,0.5525606128116781,True,123
211.953287,134,289.730751,0.6160121430590412,0.6160121430590412,0.4206944782225552,0.4565800345035765,True,134
239.434178,123,289.831128,0.6122154880376941,0.6122154880376941,0.4200532819591567,0.44291523093481605,True,123
200.605035,112,289.912664,0.6137841547898707,0.6137841547898707,0.4211102558672912,0.460354921869751,True,112
208.79003,116,290.005694,0.5560888761964713,0.5560888761964713,0.4346229856795001,0.5034842353411453,True,116
326.778327,160,290.127304,0.6402731207894035,0.6402731207894035,0.4298014323296316,0.5605195882675238,True,160
202.234771,120,290.220127,0.5862981186013656,0.5862981186013656,0.42662860039556877,0.5375234702637278,True,120
208.888681,117,290.307199,0.6526821242769756,0.6526821242769756,0.4299826075959327,0.4321784844348008,True,117
157.783121,110,290.390903,0.5903500157439918,0.5903500157439918,0.43564401004321557,0.5626701953222977,True,110
239.300355,133,290.494439,0.6299861407527657,0.6299861407527657,0.42176877141161606,0.5542064949639048,True,133
249.890989,136,290.597111,0.535246987419235,0.535246987419235,0.424087626455544,0.5324535527733916,True,136
223.839807,117,290.684702,0.5863621825676207,0.5863621825676207,0.4292065321414973,0.47683976667959566,True,117
202.809624,126,290.781769,0.6487130457601937,0.6487130457601937,0.4264063880180689,0.47011522760359226,True,126
215.731797,115,290.86886,0.5653831032516611,0.5653831032516611,0.4189015755046257,0.5259365244837607,True,115
174.053079,126,290.966399,0.640850174685775,0.640850174685775,0.4207026071999704,0.493995099953634,True,126
179.662041,118,291.056843,0.5831048292563481,0.5831048292563481,0.4349468379866214,0.4706949261509113,True,118
207.881362,124,291.657835,0.5954960667119167,0.5954960667119167,0.41981769935623037,0.43133502780302024,True,124
224.509741,147,291.825695,0.649249457744251,0.649249457744251,0.4321837110846031,0.49976802749238586,True,147
196.194082,129,291.918219,0.5852674759267325,0.5852674759267325,0.42437453067955033,0.5458716058141925,True,129
196.922583,125,292.012079,0.6801150794159109,0.6801150794159109,0.4194318785173254,0.41193619409731635,True,125
179.188729,111,292.094558,0.6415290898170756,0.6415290898170756,0.42617447088963384,0.4649294692362439,True,111
222.989823,132,292.198772,0.6466296179405229,0.6466296179405229,0.4310175194273483,0.47006588024353096,True,132
187.592165,116,292.283522,0.564850969049904,0.564850969049904,0.4359396293136279,0.5487796803056052,True,116
258.242661,130,292.383676,0.48722518100924117,0.48722518100924117,0.4258796451368862,0.48230375553942595,True,130
243.8207,133,292.485002,0.7214953877833586,0.7214953877833586,0.4285781103786083,0.5740855480431671,True,133
193.35908,122,292.576585,0.5821157299411724,0.5821157299411724,0.42793257667066636,0.5560817719009229,True,122
161.010691,106,292.654809,0.5523938961886312,0.5523938961886312,0.41654047524754895,0.4318354876656006,True,106
205.452279,128,292.752615,0.648798581654907,0.648798581654907,0.42632797387726745,0.5010822887563038,True,128
186.386495,113,292.836646,0.590895021639289,0.590895021639289,0.4306048124377772,0.5398727470003767,True,113
194.056223,123,292.928695,0.5579282455170751,0.5579282455170751,0.431273657548734,0.47468184364266186,True,123
215.329956,120,293.017825,0.5166211363277126,0.5166211363277126,0.435408698864594,0.6110032084921062,True,120
223.450186,129,293.115556,0.638130165750234,0.638130165750234,0.4218823014229679,0.5469039859621502,True,129
242.335412,144,293.518693,0.624644771090637,0.624644771090637,0.4249062435602013,0.6305162430334594,True,144
218.259188,142,293.685391,0.6976547574543929,0.6976547574543929,0.4208359905423768,0.42704688995861934,True,142
207.967289,115,293.778712,0.6013469188763411,0.6013469188763411,0.42247620632081884,0.4812860174078641,True,115
227.555756,116,293.869026,0.5837994232056889,0.5837994232056889,0.43102919605808937,0.5423282542172471,True,116
217.0692,124,293.966224,0.561284725321154,0.561284725321154,0.42876956729130533,0.5622343590180291,True,124
275.167404,144,294.076313,0.6851018479046503,0.6851018479046503,0.4311009139478915,0.528400843327498,True,144
201.329139,116,294.164372,0.4979385125027864,0.4979385125027864,0.433137671808925,0.5992815089266498,True,116
230.831139,128,294.265247,0.5887997386748561,0.5887997386748561,0.4280721030681157,0.4772983152528681,True,128
246.57455,153,294.384559,0.7337168830083741,0.7337168830083741,0.4169089752351036,0.5681457590070141,True,153
230.636324,129,294.485045,0.6266512376931335,0.6266512376931335,0.42660365810088435,0.5392246691452688,True,129
224.98951,129,294.585379,0.6001046722091546,0.6001046722091546,0.42897690835083413,0.5426480578334596,True,129
258.42169,164,294.710257,0.6451175054327303,0.6451175054327303,0.4289114736214391,0.5541026182267298,True,164
242.540575,132,294.809519,0.6338815292479092,0.6338815292479092,0.4285998035846644,0.49508931116064236,True,132
233.70853,136,294.910213,0.6342070923204133,0.6342070923204133,0.4304257362017533,0.5254668711101091,True,136
214.057643,129,295.009554,0.6186691941141614,0.6186691941141614,0.4323646454798287,0.5045330009926718,True,129
182.618356,119,295.099538,0.5602018342896224,0.5602018342896224,0.4270403960153485,0.4573719104496653,True,119
284.995267,151,295.692916,0.7027572517825881,0.7027572517825881,0.43430470584978476,0.5422258729789339,True,151
177.094648,124,295.812638,0.6617899256651146,0.6617899256651146,0.41821824579567163,0.5096602099776957,True,124
154.133923,118,295.902965,0.6013139802881622,0.6013139802881622,0.41771172265312445,0.5359196537078859,True,118
176.221962,119,295.991989,0.610886279083171,0.610886279083171,0.43320170272751934,0.5303869266976172,True,119
211.665311,132,296.092705,0.6133315941618057,0.6133315941618057,0.42215271237012725,0.5203317497689006,True,132
194.926719,116,296.17884,0.5783837272291332,0.5783837272291332,0.42539358514321096,0.5183954952919795,True,116
218.320653,116,296.266082,0.6233753994317383,0.6233753994317383,0.4291555223072204,0.46643236843485886,True,116
304.19343,167,296.389506,0.6572205049429002,0.6572205049429002,0.43249352839248645,0.5352559283098983,True,167
247.209857,141,296.497319,0.594836567906071,0.594836567906071,0.43020942400144596,0.5088861394912665,True,141
165.60051,120,296.584929,0.6645923904824267,0.6645923904824267,0.4287134092128628,0.46657371128230746,True,120
216.58186,126,296.681521,0.6633254170322257,0.6633254170322257,0.4251911949883268,0.4728224894436248,True,126
241.81291,133,296.779327,0.6839525560490035,0.6839525560490035,0.4228870851795155,0.5208055784106544,True,133
199.193582,130,296.874383,0.6286999295420639,0.6286999295420639,0.42071000302705175,0.48414280499944773,True,130
234.950754,132,296.973489,0.6415220314435861,0.6415220314435861,0.4269758139942489,0.49111697178331715,True,132
231.164139,138,297.0738,0.585786952675599,0.585786952675599,0.4222025679116483,0.519429700445518,True,138
227.282823,122,297.16644,0.6204086950431807,0.6204086950431807,0.43187408290398277,0.512990431127984,True,122
286.084932,141,297.526519,0.6323712015152133,0.6323712015152133,0.42016785662812095,0.47950650174014875,True,141
189.430465,111,297.645808,0.5543322334885483,0.5543322334885483,0.4313634478714118,0.5302365102373492,True,111
212.233179,114,297.730132,0.6061891999359715,0.6061891999359715,0.4314501793629962,0.5733861207303924,True,114
232.386398,135,297.827837,0.6572698635276378,0.6572698635276378,0.43529717584020944,0.5268050186143267,True,135
204.306891,121,297.918391,0.6157989443567683,0.6157989443567683,0.435300981133438,0.541899002366217,True,121
223.032953,130,298.021457,0.6483880047621718,0.6483880047621718,0.4324359571004455,0.5169437710248702,True,130
318.660397,163,298.144076,0.6377784657525198,0.6377784657525198,0.43237966078745965,0.5170007603828076,True,163
222.013252,138,298.246994,0.6738780658805301,0.6738780658805301,0.42577874814038935,0.5041777888405145,True,138
256.886016,146,298.353473,0.6191309832470734,0.6191309832470734,0.4357366603218358,0.5463847898019787,True,146
225.48338,134,298.454088,0.613449094390282,0.613449094390282,0.4216323959724477,0.5283534563104729,True,134
244.300406,133,298.550488,0.6394616689503237,0.6394616689503237,0.429135870893374,0.5871829883400714,True,133
272.098288,136,298.651592,0.6750832714544887,0.6750832714544887,0.42602067366392177,0.4945653912799691,True,136
246.073057,132,298.751204,0.6465449124401169,0.6465449124401169,0.425113863527658,0.49597230502353357,True,132
220.381166,127,298.842863,0.6349233676192071,0.6349233676192071,0.43560134557349006,0.520251284866399,True,127
209.63678,120,298.930252,0.674243131567101,0.674243131567101,0.4236331982416903,0.542820302721224,True,120
218.632682,130,299.51126,0.6257493404208563,0.6257493404208563,0.4345658759673749,0.5300521319429773,True,130
276.728887,147,299.66502,0.6933225661659225,0.6933225661659225,0.42379605704204154,0.535426172349851,True,147
231.703638,127,299.756479,0.6576680750366928,0.6576680750366928,0.43598126912275437,0.5549199346863429,True,127
260.798251,134,299.855546,0.6276318258581026,0.6276318258581026,0.42235519426850426,0.5003489890636837,True,134
242.552021,147,299.963367,0.6710949846078205,0.6710949846078205,0.4334030056788436,0.4470041806745822,True,147
201.961534,119,300.048943,0.621010879476973,0.621010879476973,0.43550242533605427,0.589914313714446,True,119
240.509148,135,300.150986,0.5709663404838917,0.5709663404838917,0.4329221488736582,0.5537238480635842,True,135
224.732398,121,300.239106,0.6555944813646496,0.6555944813646496,0.4284271914280479,0.5473574020985509,True,121
237.798548,131,300.339811,0.6773051675345337,0.6773051675345337,0.4216687545058098,0.4918289519474552,True,131
180.113489,113,300.423057,0.5692580332976674,0.5692580332976674,0.4248881308445586,0.5004091200874656,True,113
259.123119,139,300.525063,0.6451178650326956,0.6451178650326956,0.4204357133364326,0.5357977993588652,True,139
199.490824,125,300.621537,0.6191947256308297,0.6191947256308297,0.435815632356834,0.5366388888572968,True,125
167.865693,110,300.702709,0.578951010033858,0.578951010033858,0.4334156216804689,0.49016938610450483,True,110
227.288037,125,300.794114,0.6439319892395963,0.6439319892395963,0.42217860981759886,0.5894937627714011,True,125
192.870428,117,300.877971,0.6459969275574065,0.6459969275574065,0.4231439922671597,0.5539884836010587,True,117
259.449736,132,300.976222,0.6593421887574957,0.6593421887574957,0.41990742563564315,0.4808946908063332,True,132
200.741184,140,301.593112,0.6056011703427304,0.6056011703427304,0.426236209714546,0.5487239121747886,True,140
204.125725,115,301.692383,0.6333028567475837,0.6333028567475837,0.41754430757857297,0.5011234277215875,True,115
228.05995,141,301.8155,0.6449052158224404,0.6449052158224404,0.4225961405726337,0.5284838011263596,True,141
198.328984,127,301.913328,0.5954027279781934,0.5954027279781934,0.43154683528182597,0.5263559547627114,True,127
255.62785,146,302.023989,0.6490676652840247,0.6490676652840247,0.42612606883613724,0.49518814161789276,True,146
204.377795,129,302.118587,0.6459036956739179,0.6459036956739179,0.42050188694628454,0.491936858531125,True,129
181.026314,118,302.211788,0.5858650031578264,0.5858650031578264,0.42365977622192547,0.4971148030773225,True,118
190.251327,123,302.313018,0.6465006496655058,0.6465006496655058,0.43158428439393953,0.47253218865117497,True,123
185.342896,124,302.414085,0.6502737540003799,0.6502737540003799,0.41882805296622566,0.5038689208108691,True,124
247.754443,128,302.5199,0.5567421247576239,0.5567421247576239,0.4213752857263647,0.47645748194130333,True,128
212.183993,120,302.639609,0.6283393780517861,0.6283393780517861,0.43412439869339103,0.5052287343872642,True,120
181.409261,122,302.740064,0.6184841059036649,0.6184841059036649,0.4334436374020425,0.5653625465599637,True,122
210.823027,113,302.834743,0.562551724750757,0.562551724750757,0.43092380793768165,0.5699175750047155,True,113
187.744289,117,302.930324,0.5967324601331361,0.5967324601331361,0.4216538703881925,0.5172983437377936,True,117
215.302964,134,303.037053,0.7164888471684626,0.7164888471684626,0.4226365971703431,0.5570939148585945,True,134
209.554706,127,303.147705,0.592840901669519,0.592840901669519,0.42974657842269753,0.46824292808198426,True,127
243.750684,156,303.747573,0.6394926300414422,0.6394926300414422,0.42287703667969834,0.48473602058810605,True,156
244.765667,155,303.912399,0.7225863676272268,0.7225863676272268,0.4322358861884228,0.5399308190001159,True,155
244.926915,136,304.016968,0.6379633901230443,0.6379633901230443,0.42760072979937935,0.5322457681600535,True,136
194.845083,114,304.103752,0.5635424290933447,0.5635424290933447,0.427121037243926,0.5420296258331732,True,114
234.112963,140,304.218303,0.6828773781897577,0.6828773781897577,0.4331651874831232,0.5298443205423525,True,140
212.43397,136,304.330044,0.649187945223735,0.649187945223735,0.42669437537067917,0.53661278463775,True,136
244.770401,129,304.435075,0.6218909136827857,0.6218909136827857,0.4314429969167478,0.44998268657464846,True,129
200.683391,116,304.523619,0.6113423321800308,0.6113423321800308,0.4204744367914266,0.5307184279196403,True,116
234.887776,128,304.625358,0.670511605225578,0.670511605225578,0.42743914918788883,0.5638456497264553,True,128
225.543002,139,304.753391,0.6249340931096511,0.6249340931096511,0.433327305671029,0.5291983769546552,True,139
243.280897,145,304.864724,0.6995792581120941,0.6995792581120941,0.42015620520697355,0.5044101484086809,True,145
191.700531,122,304.956878,0.594002952359605,0.594002952359605,0.4225843133325846,0.5100854714277168,True,122
208.235837,116,305.047316,0.5780305722681336,0.5780305722681336,0.4198653464345183,0.5095451264866302,True,116
189.31585,116,305.140769,0.6451330178813003,0.6451330178813003,0.42672150920367535,0.5236889375092723,True,116
211.686042,119,305.233882,0.4928156063082286,0.4928156063082286,0.42565941150892034,0.5418251801536623,True,119
222.761291,111,305.322675,0.575142783464276,0.575142783464276,0.43590270576905826,0.5305667972299352,True,111
205.014026,128,305.839295,0.6103932335740201,0.6103932335740201,0.4301231541198627,0.5128265271986713,True,128
196.163436,138,305.995373,0.675488173144569,0.675488173144569,0.43206526532824974,0.5190669764442274,True,138
247.38162,151,306.114773,0.6360197232568925,0.6360197232568925,0.42261842888752493,0.4814250467858308,True,151
217.681405,124,306.213635,0.6127957473298734,0.6127957473298734,0.42937570584987,0.547693806296658,True,124
220.95898,127,306.315413,0.6912184990915954,0.6912184990915954,0.42075521339085725,0.5186367695487103,True,127
193.757898,125,306.414841,0.6173646744868171,0.6173646744868171,0.43258217323086284,0.5499457232537605,True,125
180.153368,118,306.504514,0.5657775641620503,0.5657775641620503,0.426652027526575,0.5100094623467953,True,118
259.115057,146,306.612053,0.62051275564435,0.62051275564435,0.4291573021450846,0.556792015588446,True,146
232.614602,134,306.721875,0.6564687076392427,0.6564687076392427,0.4162042607866973,0.5288983442526385,True,134
250.000778,127,306.830801,0.6216872085740012,0.6216872085740012,0.41902215369956675,0.5151719168806034,True,127
175.82067,115,306.926973,0.6166439323064707,0.6166439323064707,0.4326159345812433,0.5484832210658325,True,115
192.383137,132,307.033602,0.6823537725459315,0.6823537725459315,0.43128006884352266,0.47982353438338066,True,132
276.543673,152,307.154926,0.6691934207705285,0.6691934207705285,0.4183441139193982,0.4620547728995539,True,152
174.140399,118,307.255097,0.48194196885447765,0.48194196885447765,0.4219725583341746,0.562029862459734,True,118
249.868153,134,307.365218,0.5873448851963923,0.5873448851963923,0.42313536724376816,0.5395988746620227,True,134
175.443504,110,307.454942,0.5767139826372584,0.5767139826372584,0.42905313092788483,0.5614331113947754,True,110
208.370376,123,308.086063,0.6224608452283666,0.6224608452283666,0.4372486963135951,0.44545208998377617,True,123
201.021276,120,308.214962,0.6708186168201372,0.6708186168201372,0.4335694589610243,0.531834788931728,True,120
150.410004,108,308.29551,0.5030563348088996,0.5030563348088996,0.426877137366496,0.45216399923607853,True,108
203.372027,130,308.401697,0.62874098170482,0.62874098170482,0.41883170104930073,0.5272836462933904,True,130
195.471923,131,308.50615,0.6295292741950375,0.6295292741950375,0.4197020562096232,0.4479093199084175,True,131
172.894358,121,308.605653,0.6305498399504175,0.6305498399504175,0.4230887865347659,0.454944873684946,True,121
177.237238,128,308.7173,0.6294472168621474,0.6294472168621474,0.42741816065599497,0.5816972146834913,True,128
250.906434,137,308.832762,0.6355907538306643,0.6355907538306643,0.43214604086660113,0.5028400552553495,True,137
191.034997,112,308.923616,0.600389131089904,0.600389131089904,0.4353352170150577,0.5735841250543195,True,112
252.79794,141,309.039285,0.6295147161661823,0.6295147161661823,0.43423566200512526,0.5042615538549662,True,141
271.474688,146,309.157617,0.5770635807780508,0.5770635807780508,0.43271894684382967,0.5294179660927916,True,146
206.66836,118,309.277356,0.612539184358692,0.612539184358692,0.4349671220777683,0.5306195521415294,True,118
214.255973,114,309.372164,0.5541155752175878,0.5541155752175878,0.43598756174096515,0.5235504475657458,True,114
221.700371,116,309.461301,0.6361381044712049,0.6361381044712049,0.4267212399397676,0.44920836789520374,True,116
222.384532,132,309.565409,0.6825427061927156,0.6825427061927156,0.4280200494283477,0.533750087867537,True,132
203.67861,131,309.664828,0.6400625116153282,0.6400625116153282,0.4317521558224637,0.5373707465465463,True,131
205.190139,124,310.246085,0.6188113891267962,0.6188113891267962,0.4273523847546698,0.5485178480549902,True,124
230.393638,125,310.379277,0.5719378092285872,0.5719378092285872,0.43019279060431137,0.5089653019939384,True,125
191.742387,123,310.474345,0.6408925867801317,0.6408925867801317,0.420089416401217,0.49623631895814974,True,123
224.081736,128,310.571177,0.6880070157761019,0.6880070157761019,0.43064561071769486,0.5844626981099981,True,128
201.193751,116,310.666959,0.586633407153663,0.586633407153663,0.42662042750615725,0.5179594921232533,True,116
271.200266,135,310.774809,0.6640213280757812,0.6640213280757812,0.43362645745895173,0.5619907852946723,True,135
207.814064,120,310.873689,0.5815639714616736,0.5815639714616736,0.42934817582122276,0.552112967821044,True,120
189.089634,118,310.96865,0.6206117833749001,0.6206117833749001,0.43158844893930914,0.5330476056534343,True,118
174.1282,118,311.068072,0.6355261379752549,0.6355261379752549,0.42751088668320736,0.5327653368883277,True,118
221.763907,124,311.177919,0.643094371367901,0.643094371367901,0.43602586167243507,0.4975056239907164,True,124
243.862776,138,311.291308,0.6360496050299785,0.6360496050299785,0.43254791036960255,0.5187957936675109,True,138
212.865179,134,311.39923,0.6689426262155446,0.6689426262155446,0.4281653431657614,0.5674289786560538,True,134
174.701628,119,311.496915,0.5912685629320926,0.5912685629320926,0.42405608475430673,0.5812263048489035,True,119
179.340216,130,311.594387,0.619472571379793,0.619472571379793,0.4360863564219699,0.544444634177936,True,130
211.160472,126,311.696351,0.6243515090591679,0.6243515090591679,0.42607153974526146,0.5091389288084466,True,126
228.566141,140,311.811631,0.6499098667012114,0.6499098667012114,0.41687583600579015,0.48207111999006064,True,140
247.932033,134,312.292927,0.6069696299989168,0.6069696299989168,0.42486661393186004,0.6061409688692618,True,134
294.81253,181,312.500451,0.6707463854448223,0.6707463854448223,0.4228771205280298,0.550776351472974,True,181
216.58672,122,312.602659,0.6337075616358789,0.6337075616358789,0.4227242526310989,0.5687523115005675,True,122
201.302604,120,312.698685,0.5981405403244678,0.5981405403244678,0.4354995142130424,0.5604248058861259,True,120
242.351255,124,312.800271,0.6336658863727553,0.6336658863727553,0.42676928570496303,0.5343778626058753,True,124
195.244199,125,312.908859,0.6242512177968135,0.6242512177968135,0.4316811104708191,0.5601472987497967,True,125
276.948599,149,313.030715,0.6439397364679527,0.6439397364679527,0.42183376894058466,0.557319387572899,True,149
185.611674,117,313.125491,0.615415448526421,0.615415448526421,0.4343366496933173,0.489171109434746,True,117
220.116121,130,313.234284,0.6199868445160318,0.6199868445160318,0.4351630915902441,0.579205248611525,True,130
263.683765,132,313.341459,0.5766931809301301,0.5766931809301301,0.41866933447195065,0.505978198904941,True,132
220.147378,131,313.445442,0.5530613835582818,0.5530613835582818,0.4228854110538152,0.5417406283769471,True,131
174.636885,111,313.535531,0.6209419281793113,0.6209419281793113,0.43475423416715747,0.4990501453137843,True,111
219.375247,125,313.633299,0.5890221407119519,0.5890221407119519,0.4180572460568075,0.505656960183958,True,125
208.383164,116,313.731933,0.573858961042491,0.573858961042491,0.42159213902541504,0.5612218760316363,True,116
316.832515,176,313.896312,0.7352065991417398,0.7352065991417398,0.4302631586657269,0.4753273136244912,True,176
200.27614,124,313.996336,0.6241873192205211,0.6241873192205211,0.4180903905994738,0.5550329340698661,True,124
225.036994,139,314.474634,0.42513908576298515,0.42513908576298515,0.4163873759160632,0.5583530974428386,True,139
221.483766,129,314.618801,0.6482568614237327,0.6482568614237327,0.4235023772450464,0.5562906941147399,True,129
230.690484,154,314.760335,0.652375168353384,0.652375168353384,0.42976203459287476,0.5518855909784027,True,154
151.958206,112,314.847649,0.6263791778068588,0.6263791778068588,0.4252275572275199,0.5174969587760826,True,112
212.626174,128,314.950876,0.5843004575989635,0.5843004575989635,0.43110905190414334,0.4947645785324284,True,128
209.3052,130,315.055863,0.6416353175100529,0.6416353175100529,0.4332497856942055,0.5062961462103373,True,130
215.588769,127,315.164888,0.6629037355977316,0.6629037355977316,0.42575417740022475,0.4674961116148158,True,127
208.779325,139,315.280522,0.6164576477465391,0.6164576477465391,0.42001010734843075,0.47847649142050386,True,139
207.665319,126,315.388109,0.5758695932328252,0.5758695932328252,0.42574690205958854,0.51103004100665,True,126
234.891269,124,315.498446,0.5792173038696239,0.5792173038696239,0.4327626501021418,0.5453099288399009,True,124
207.028786,122,315.596743,0.6503989912190752,0.6503989912190752,0.4335531851587702,0.4895720878108058,True,122
204.212486,116,315.692296,0.5858987863936931,0.5858987863936931,0.4208503316864938,0.5614583316974693,True,116
172.111367,118,315.796803,0.6278270611871638,0.6278270611871638,0.4205191623669039,0.5111438104146442,True,118
227.685442,135,315.910356,0.6315317366882297,0.6315317366882297,0.43262296187745564,0.5786500450714899,True,135
222.127197,115,316.006227,0.6363782518102359,0.6363782518102359,0.42844631692103063,0.5824632671108576,True,115
268.067381,139,316.120998,0.6557923760796512,0.6557923760796512,0.42670378616366345,0.4654697001319545,True,139
185.225395,116,316.673513,0.6295952552525124,0.6295952552525124,0.4227765497657247,0.533440007762167,True,116
177.144884,119,316.81188,0.6512008888745626,0.6512008888745626,0.43309666543964825,0.5400144986271711,True,119
224.41256,125,316.921216,0.6432401992150308,0.6432401992150308,0.41729187796252953,0.45888560795262817,True,125
245.635112,130,317.039466,0.667150233111955,0.667150233111955,0.4171776339529821,0.48446244455196485,True,130
235.755348,127,317.145004,0.5946127992430744,0.5946127992430744,0.43098907778661766,0.5544561020988718,True,127
246.720993,159,317.276779,0.7264657817204605,0.7264657817204605,0.4215097679249326,0.46563741272976894,True,159
215.635041,118,317.376692,0.6039586459976455,0.6039586459976455,0.42905029643940007,0.5074298206113608,True,118
220.460247,127,317.482716,0.662511856274519,0.662511856274519,0.41880680191750896,0.495308622725844,True,127
199.700468,120,317.58296,0.6228100142460934,0.6228100142460934,0.42638403153354365,0.5310980824693938,True,120
216.805314,130,317.695621,0.5963879569306461,0.5963879569306461,0.4220547886962658,0.5876641416563201,True,130
254.889969,138,317.807965,0.671898428658802,0.671898428658802,0.43523687054160665,0.5010128865318612,True,138
212.026437,147,317.934924,0.6730285993267605,0.6730285993267605,0.42241175912194673,0.4997810230417882,True,147
216.671147,117,318.03301,0.6311835128318738,0.6311835128318738,0.43055940293067385,0.5355285528167337,True,117
231.839255,131,318.14747,0.7022744281760602,0.7022744281760602,0.43169079218016715,0.5771167050237038,True,131
206.18021,115,318.25167,0.5403695000656032,0.5403695000656032,0.4195953434772254,0.5260819084893867,True,115
210.854392,126,318.370713,0.5674760256311815,0.5674760256311815,0.4312397170499938,0.527873573604281,True,126
197.093251,136,319.071952,0.7056092557429304,0.7056092557429304,0.4170032713177014,0.46242725708532767,True,136
232.346361,142,319.202739,0.5908846510336451,0.5908846510336451,0.43213808536982573,0.5426989886279668,True,142
239.346226,133,319.310395,0.6090193504032583,0.6090193504032583,0.43580620741419107,0.5295474832019336,True,133
280.707003,152,319.42948,0.6883945622437286,0.6883945622437286,0.4298747148931499,0.5526011275670639,True,152
205.704743,131,319.530049,0.6760350157441266,0.6760350157441266,0.4188630354199976,0.5218995008762868,True,131
223.909979,129,319.631044,0.6545174200986241,0.6545174200986241,0.43428381778686526,0.5571435120698258,True,129
228.575247,128,319.736037,0.6081066958720444,0.6081066958720444,0.42382301115767784,0.5042823325574192,True,128
268.256083,148,319.86143,0.49839596385852525,0.49839596385852525,0.4287882434432128,0.6578502995711679,True,148
208.142396,108,319.961058,0.5882852257890856,0.5882852257890856,0.4356672121358762,0.5317027048058919,True,108
211.417281,127,320.062525,0.6103305687953381,0.6103305687953381,0.42232081987337183,0.5065286914173928,True,127
171.592152,116,320.151157,0.5251026370631084,0.5251026370631084,0.42176857478796626,0.5660298754834334,True,116
227.878336,144,320.259785,0.6585480665554961,0.6585480665554961,0.4190055562594921,0.4382445519150988,True,144
217.298387,131,320.366639,0.6383513118990208,0.6383513118990208,0.4311972492779,0.5703425377018637,True,131
207.265097,118,320.456152,0.5712958014869428,0.5712958014869428,0.4256993432017281,0.5129991147683395,True,118
195.423519,125,320.554442,0.6533401214895892,0.6533401214895892,0.425040073050691,0.4572721011113236,True,125
235.883454,132,320.652655,0.6342470916103565,0.6342470916103565,0.4260287344181409,0.47957798017312786,True,132
204.980477,120,321.371581,0.46691034564848183,0.46691034564848183,0.41418440962016484,0.4759563015364683,True,120
278.14476,159,321.50247,0.691103426669465,0.691103426669465,0.432479549216045,0.5609297061630862,True,159
279.52324,144,321.612304,0.6818799909691096,0.6818799909691096,0.41969418915854717,0.54570188587662,True,144
296.469419,149,321.72573,0.6787903926334709,0.6787903926334709,0.41945926247172405,0.5348621298066925,True,149
213.063458,124,321.815993,0.6558751417488962,0.6558751417488962,0.42581433592154094,0.48023878086858796,True,124
291.991915,128,321.909552,0.684776596747888,0.684776596747888,0.4353603435394412,0.5363089561575244,True,128
244.397332,132,322.011416,0.6398911260343279,0.6398911260343279,0.43227333131940243,0.5146250943647149,True,132
253.146686,149,322.124756,0.6740434691878983,0.6740434691878983,0.43397192830037407,0.509069559960176,True,149
187.291631,109,322.207644,0.4989833381864398,0.4989833381864398,0.43125311259566373,0.5424585802289402,True,109
238.480889,118,322.296532,0.5038809368099095,0.5038809368099095,0.42689310967026106,0.5059920673416053,True,118
177.021536,128,322.390634,0.654325465475652,0.654325465475652,0.4359795987831828,0.4647446587114792,True,128
191.236765,112,322.475438,0.5725380066034601,0.5725380066034601,0.42525365242873026,0.5149593967225471,True,112
258.634176,137,322.576983,0.6177132054572574,0.6177132054572574,0.41867929267307374,0.567497371157155,True,137
236.210385,144,322.686419,0.6137192401200372,0.6137192401200372,0.416851032506001,0.4653835105121784,True,144
215.516593,130,322.781401,0.6463210660986547,0.6463210660986547,0.4261937285557052,0.5102943071762315,True,130
201.66456,123,323.324782,0.6594786555652736,0.6594786555652736,0.4226204898581321,0.5409979895895327,True,123
258.127105,149,323.478172,0.6599082057438042,0.6599082057438042,0.4231697684431244,0.5331466115518754,True,149
168.076248,111,323.55979,0.5766182007371283,0.5766182007371283,0.43520215548643054,0.49821700600587276,True,111
181.731747,121,323.647858,0.6163433814690974,0.6163433814690974,0.41717874114617565,0.5063906900069159,True,121
250.821127,132,323.744455,0.6254458085258912,0.6254458085258912,0.4222786487246573,0.5304823650926899,True,132
253.532466,123,323.836908,0.62042145568442,0.62042145568442,0.4336347739125652,0.5343833692270527,True,123
250.0416,134,323.933688,0.5896742585676706,0.5896742585676706,0.42119267931865584,0.5557859874190021,True,134
220.456297,127,324.025219,0.6017806601243926,0.6017806601243926,0.42101344766424087,0.5380351275338353,True,127
174.39331,119,324.115149,0.6458221904251402,0.6458221904251402,0.42670877323822676,0.5357336941353984,True,119
252.095873,139,324.218331,0.6871650763542135,0.6871650763542135,0.42403321804046773,0.5102030708702486,True,139
204.655957,131,324.313044,0.5906498090157868,0.5906498090157868,0.43329468252926584,0.5465904340557899,True,131
213.915171,128,324.411562,0.5842342045374219,0.5842342045374219,0.421292734372981,0.5785793765687344,True,128
201.959992,126,324.50445,0.6575060238032803,0.6575060238032803,0.43086823853666206,0.5271470182500755,True,126
216.698086,123,324.594573,0.662030700325886,0.662030700325886,0.4489356957588661,0.4213344220143577,True,123
213.92135,122,324.685671,0.6068781153164253,0.6068781153164253,0.4255309182423498,0.5306772279902916,True,122
177.75802,119,324.771667,0.6172871723992451,0.6172871723992451,0.43000181299881884,0.5742022731453514,True,119
223.827133,125,325.139721,0.5917805219723523,0.5917805219723523,0.43091019766590866,0.5316516785776099,True,125
276.098596,140,325.273689,0.5734793556936814,0.5734793556936814,0.4355256262790708,0.5386307427371388,True,140
229.284649,126,325.373675,0.6850713671336542,0.6850713671336542,0.43535205332896365,0.4746267898259201,True,126
212.807499,115,325.458383,0.6016885110478732,0.6016885110478732,0.43200253638785646,0.5542511311258824,True,115
210.342721,118,325.544172,0.5562802889491951,0.5562802889491951,0.43051476470364763,0.5003051368987617,True,118
265.949096,140,325.647092,0.634054081696235,0.634054081696235,0.4152965420951248,0.5735109117715914,True,140
192.957297,116,325.730559,0.5850218949099497,0.5850218949099497,0.42744317567550943,0.5085497508278786,True,116
193.843456,121,325.818722,0.6156774531337049,0.6156774531337049,0.4308881979719382,0.5321639807179234,True,121
220.833222,129,325.911772,0.6149376945162612,0.6149376945162612,0.4143033559235614,0.47319565912157363,True,129
202.297686,117,325.999701,0.5440412537082433,0.5440412537082433,0.41595144581141946,0.5929425473487328,True,117
207.83396,123,326.090872,0.5832715037508418,0.5832715037508418,0.4292795583983976,0.4834033334506867,True,123
190.916252,124,326.184658,0.6211821184032422,0.6211821184032422,0.41353507709217924,0.47944946436033054,True,124
209.959952,127,326.281582,0.6188667512904231,0.6188667512904231,0.4236296903798895,0.5419553191428524,True,127
72.412188,149,326.394077,-0.3522726150979931,-0.3522726150979931,0.5370359648986381,0.4391402633304229,True,149
227.239233,125,326.486077,0.5840586314357357,0.5840586314357357,0.42988677535910846,0.5542466049799665,True,125
223.135997,129,326.58068,0.6323371341732271,0.6323371341732271,0.45734248942618033,0.445837510493812,True,129
187.992237,125,327.265196,0.6639699755904691,0.6639699755904691,0.43105714954504376,0.49494965737715607,True,125
277.252503,138,327.396834,0.6245707182596901,0.6245707182596901,0.42344809962686947,0.5357736345505921,True,138
188.402149,123,327.511781,0.6172299322047575,0.6172299322047575,0.42165052654250984,0.510083061978303,True,123
205.021022,121,327.600064,0.6209535049178637,0.6209535049178637,0.4302127801325582,0.5046199698973322,True,121
226.108204,125,327.692618,0.641893320149643,0.641893320149643,0.43331084634779565,0.5813191238609153,True,125
215.634274,140,327.795682,0.6865849272281996,0.6865849272281996,0.43147341285831126,0.4917558393506428,True,140
205.604286,116,327.879637,0.6035456479133522,0.6035456479133522,0.41877389467687964,0.5186748309893148,True,116
205.13623,119,327.967856,0.6265085313096781,0.6265085313096781,0.4249041334762856,0.5196224105912741,True,119
228.665598,120,328.054252,0.4789807312950801,0.4789807312950801,0.43266876391472237,0.6435351972180103,True,120
176.018307,127,328.149503,0.6877528532636574,0.6877528532636574,0.41879542063082253,0.5096822922725275,True,127
213.463912,126,328.2552,0.6075082202248094,0.6075082202248094,0.43167276569027613,0.5213069123890763,True,126
229.292959,135,328.355103,0.6733607182543451,0.6733607182543451,0.43599026975114,0.48151637041550704,True,135
205.450343,126,328.448481,0.5993352709053956,0.5993352709053956,0.43066719746772525,0.5350336386007764,True,126
257.157771,135,328.545978,0.6530094360775824,0.6530094360775824,0.4271447878274885,0.5351769991661816,True,135
174.353631,123,328.637496,0.619612871574661,0.619612871574661,0.4350147026866533,0.5682175594305472,True,123
200.618147,124,328.729749,0.6173814304705313,0.6173814304705313,0.45560859676520005,0.44343678694085525,True,124
240.933548,137,328.833109,0.6701644633635458,0.6701644633635458,0.4194593175597829,0.4647432363310272,True,137
178.135092,122,329.284483,0.5211144929137291,0.5211144929137291,0.4226360302754489,0.48079414260820935,True,122
183.490711,120,329.389123,0.6058278986577788,0.6058278986577788,0.4345423777965958,0.5340416778919507,True,120
263.580383,159,329.507532,0.5625178551025745,0.5625178551025745,0.4272247339022237,0.5326839064806775,True,159
209.097111,134,329.605757,0.6450818690404468,0.6450818690404468,0.43439227730237623,0.6019190082487902,True,134
214.337678,116,329.692504,0.5745043004355325,0.5745043004355325,0.4335398824367648,0.5846328224880146,True,116
241.275996,136,329.795111,0.6050083196483282,0.6050083196483282,0.4325136226510931,0.5098437329463362,True,136
200.408158,123,329.883701,0.6687817094319746,0.6687817094319746,0.43012514282658487,0.4856182371624467,True,123
239.425125,131,329.981592,0.6460534677828149,0.6460534677828149,0.4334788612925715,0.5437455143838003,True,131
264.342197,133,330.080574,0.7245169840007613,0.7245169840007613,0.4260679981710618,0.4837948499227799,True,133
257.978579,133,330.178881,0.5707369485122811,0.5707369485122811,0.42590118401723115,0.5172622449106677,True,133
192.068925,114,330.263955,0.6249991509566255,0.6249991509566255,0.4251111418044766,0.5275897738188239,True,114
213.866259,117,330.34815,0.5458914163028129,0.5458914163028129,0.4139741956475233,0.4804662961475579,True,117
221.960718,122,330.458724,0.6344552019459573,0.6344552019459573,0.43446517954244784,0.5522898652641389,True,122
159.96237,111,330.538399,0.5909305338502772,0.5909305338502772,0.42508911124097587,0.4350231437255248,True,111
201.207687,115,330.621531,0.5510796405755659,0.5510796405755659,0.4209740972788489,0.4583152514079278,True,115
213.200906,119,330.710018,0.6452145723285352,0.6452145723285352,0.4324543297482086,0.43237738960155386,True,119
223.648451,121,331.300859,0.5678926574957163,0.5678926574957163,0.41927079124992084,0.5756897746064711,True,121
209.242169,120,331.427801,0.6553533856956573,0.6553533856956573,0.4320888773037413,0.47369302357456167,True,120
258.732087,142,331.530161,0.6822406197930799,0.6822406197930799,0.4225210662963623,0.4430428329116674,True,142
206.125966,113,331.613345,0.5931263864062113,0.5931263864062113,0.426535506421848,0.44220388032958946,True,113
295.756072,165,331.734365,0.634025671363617,0.634025671363617,0.42353358638964644,0.5040147385379168,True,165
219.869211,134,331.833584,0.6144686377940441,0.6144686377940441,0.4205578115117941,0.456004896106903,True,134
220.264291,137,331.934503,0.6548357927713495,0.6548357927713495,0.42694156958586216,0.5013048045950793,True,137
178.242456,124,332.024241,0.6321575466670972,0.6321575466670972,0.424759481375848,0.5303205246386286,True,124
272.366865,136,332.124274,0.631165468541005,0.631165468541005,0.4283342711901384,0.5705370135120765,True,136
223.932401,128,332.218117,0.6696042146014127,0.6696042146014127,0.42749059993885813,0.5649442104116541,True,128
209.905537,121,332.307325,0.6225947404700296,0.6225947404700296,0.42803495596736835,0.45950101659027626,True,121
277.668338,147,332.413696,0.6758939709254544,0.6758939709254544,0.41663087878722965,0.5052548990775059,True,147
256.126607,148,332.534132,0.6966753602638865,0.6966753602638865,0.41900802746258753,0.48336084694651044,True,148
194.508178,109,332.616914,0.5788924258537582,0.5788924258537582,0.4310222280433974,0.5368971893380488,True,109
239.818169,146,332.72876,0.6793318860101039,0.6793318860101039,0.4180739155323948,0.434426989873795,True,146
208.578265,127,333.241405,0.628964137150812,0.628964137150812,0.43386563638282344,0.49375028855883846,True,127
195.723803,115,333.364648,0.47066081645315994,0.47066081645315994,0.42069524917227813,0.5082502697343878,True,115
224.598911,128,333.481529,0.6384610868319046,0.6384610868319046,0.4216360491176661,0.5294779902382455,True,128
233.997312,139,333.591299,0.6436638806811059,0.6436638806811059,0.4278754467124037,0.5076976811504257,True,139
241.253012,137,333.695816,0.6973393781514343,0.6973393781514343,0.415714946711599,0.5252315612439167,True,137
229.955618,129,333.79621,0.64306905614059,0.64306905614059,0.4158956918446496,0.49708181331095325,True,129
261.900268,134,333.897207,0.628924729774066,0.628924729774066,0.4290778090239471,0.48530484597137036,True,134
206.991645,121,333.992189,0.598967279357236,0.598967279357236,0.41648415449394594,0.44729551829316316,True,121
217.325136,122,334.084716,0.596133772058834,0.596133772058834,0.418688621035534,0.518427178614681,True,122
272.534645,158,334.201599,0.7284855444499018,0.7284855444499018,0.4297077784227932,0.5381184879781771,True,158
192.401179,117,334.287557,0.6269260082121619,0.6269260082121619,0.4232529221420571,0.5216060404758198,True,117
181.71945,120,334.378576,0.57550488793617,0.57550488793617,0.4279216434578905,0.5427368179743788,True,120
203.157538,137,334.479162,0.6611710926136551,0.6611710926136551,0.4194390866851256,0.4328362288914563,True,137
187.559413,110,334.559424,0.5947716272994055,0.5947716272994055,0.4288462668151273,0.5035065491255573,True,110
210.591187,124,334.649151,0.6223878959230129,0.6223878959230129,0.4167306356944298,0.4479699972637504,True,124
186.226754,121,334.738124,0.5702391839511602,0.5702391839511602,0.42189051384630744,0.5080429905441961,True,121
234.652868,134,335.24614,0.7119065725819056,0.7119065725819056,0.41941459925158914,0.48426210549665066,True,134
235.948201,141,335.373185,0.6797547850588143,0.6797547850588143,0.4171468293654385,0.5570354921841658,True,141
217.88768,127,335.48594,0.6682255006845762,0.6682255006845762,0.4236687399623872,0.5615874381633348,True,127
284.687724,153,335.599011,0.6901835201082335,0.6901835201082335,0.4177820321610488,0.5604707994415579,True,153
219.632079,128,335.694044,0.6241228485744678,0.6241228485744678,0.4212780181807585,0.5625479830608116,True,128
214.569715,146,335.801475,0.6672626276308835,0.6672626276308835,0.4175322348643029,0.5147844714833507,True,146
286.306808,154,335.917124,0.6893353182321561,0.6893353182321561,0.42647991617234976,0.4998857572506691,True,154
195.051128,124,336.008853,0.6542684438472862,0.6542684438472862,0.42648691908468994,0.4770542364930252,True,124
191.884282,122,336.099141,0.6095294860564031,0.6095294860564031,0.4354170742970004,0.512944085343288,True,122
172.752736,128,336.19168,0.6209885462924916,0.6209885462924916,0.43178178888603275,0.6055293924996022,True,128
188.363325,115,336.280173,0.621369329072622,0.621369329072622,0.43498015020141084,0.5628257735585573,True,115
240.457108,152,336.392624,0.6848429642961937,0.6848429642961937,0.43455705005416845,0.5496706225678257,True,152
250.090814,135,336.492271,0.6618130642479775,0.6618130642479775,0.43547402139117675,0.5166577248382962,True,135
253.121928,131,336.590141,0.6561760924640483,0.6561760924640483,0.42473658448443713,0.47484996166177257,True,131
225.324295,124,336.681231,0.6101357182492954,0.6101357182492954,0.4278524344716134,0.5139507271084881,True,124
319.303805,155,337.164581,0.6805733320118218,0.6805733320118218,0.42101470749858894,0.532861033166475,True,155
224.737093,133,337.294175,0.6474010958192423,0.6474010958192423,0.435646753043715,0.5165743910423504,True,133
205.762168,127,337.40888,0.6321405143471561,0.6321405143471561,0.43487559656471625,0.5371134987121456,True,127
227.419081,129,337.504529,0.6943517533905318,0.6943517533905318,0.42558051608825276,0.5507961923386849,True,129
223.443472,128,337.597405,0.6698371292720035,0.6698371292720035,0.4339790615281978,0.5941361558171443,True,128
216.908321,127,337.689007,0.6710968523475682,0.6710968523475682,0.4358102431132648,0.6347577592769829,True,127
197.069132,125,337.781761,0.6527267554586923,0.6527267554586923,0.43212830149528797,0.4893380449887736,True,125
216.917258,120,337.868707,0.6127926760672093,0.6127926760672093,0.42263923606822473,0.48409451560759154,True,120
224.114693,128,337.964453,0.6516255963512357,0.6516255963512357,0.4239134006266622,0.5341101704214125,True,128
213.461864,123,338.054945,0.6349409353478274,0.6349409353478274,0.43327154922454486,0.6281588367868816,True,123
179.01048,116,338.139994,0.6077981450041703,0.6077981450041703,0.42977271784426957,0.4740227305502561,True,116
197.766585,114,338.223466,0.6515902456186584,0.6515902456186584,0.4177413396191427,0.49627514417454976,True,114
187.861569,123,338.312879,0.5683749760765551,0.5683749760765551,0.4267409688478821,0.5928080478756048,True,123
201.415125,118,338.401376,0.639915331367125,0.639915331367125,0.42856627554765314,0.5923850628315841,True,118
206.238633,135,338.501601,0.6053654967368387,0.6053654967368387,0.4345942194669812,0.5216337025338078,True,135
250.679626,139,338.603227,0.7155236333710132,0.7155236333710132,0.42839802559189816,0.519692394722193,True,139
239.765313,142,338.70857,0.627673474480751,0.627673474480751,0.42256323460403233,0.5491574610254769,True,142
244.103558,127,339.16808,0.6968061492621197,0.6968061492621197,0.4167775710068115,0.5138730821275325,True,127
430.306824,237,339.358687,0.7339379430087571,0.7339379430087571,0.4195130346348387,0.5024085765218709,True,237
241.96828,138,339.462682,0.6849561867586986,0.6849561867586986,0.4211642412108596,0.4783022162395071,True,138
281.854661,157,339.576991,0.6290007451016302,0.6290007451016302,0.4271718383672774,0.4977212666736496,True,157
241.116581,143,339.679869,0.678611231202807,0.678611231202807,0.4275143103240612,0.5856128138285089,True,143
215.497256,117,339.767548,0.6019064404582437,0.6019064404582437,0.43298997384721694,0.5498961568505548,True,117
220.87215,133,339.864093,0.6599849909760767,0.6599849909760767,0.42042020441583855,0.5108045181935841,True,133
230.072208,127,339.958349,0.6242575683365232,0.6242575683365232,0.43138576563117603,0.5485329605769778,True,127
199.642116,115,340.038172,0.6076322156838392,0.6076322156838392,0.42864753494948693,0.5009865034509987,True,115
226.870399,138,340.137884,0.6677040308693369,0.6677040308693369,0.4282909679240063,0.5429055739570583,True,138
217.629313,121,340.230036,0.6224380312076228,0.6224380312076228,0.42412985691025135,0.4541464058453697,True,121
255.744621,146,340.336371,0.7274920727917883,0.7274920727917883,0.4341226499746109,0.5495175221341738,True,146
202.145979,127,340.429243,0.6438671438737947,0.6438671438737947,0.4359626993341952,0.5448861350251684,True,127
284.503143,167,340.550701,0.7599105478495545,0.7599105478495545,0.43392807762949354,0.5041353017750311,True,167
213.900866,121,341.132929,0.5791796609005915,0.5791796609005915,0.4304879240159224,0.5204611660077869,True,121
222.389527,123,341.265128,0.6621643757093543,0.6621643757093543,0.4186335913771447,0.48539019364731273,True,123
226.453714,126,341.356792,0.5437505814242325,0.5437505814242325,0.43378611071925943,0.5566887323564916,True,126
246.907591,134,341.460875,0.6804107290828881,0.6804107290828881,0.43056606941150644,0.5178890848847646,True,134
191.879215,123,341.553476,0.6353262322270774,0.6353262322270774,0.4243305508952188,0.45299095891756164,True,123
218.048558,127,341.649279,0.6480721638053218,0.6480721638053218,0.4211540946752444,0.4787040065091368,True,127
247.560768,136,341.751231,0.6712579457715552,0.6712579457715552,0.4279625941725171,0.5077122976096445,True,136
240.684922,131,341.851282,0.6835400224248428,0.6835400224248428,0.4296333275706161,0.5013128833551261,True,131
194.5228,122,341.942791,0.6080525312626305,0.6080525312626305,0.431986084378324,0.5601771939057031,True,122
215.352934,132,342.038338,0.6041490008599824,0.6041490008599824,0.42574570470095574,0.5044866788322875,True,132
306.140145,148,342.147539,0.6993026106186712,0.6993026106186712,0.4292787295481094,0.5303740712463648,True,148
212.43563,123,342.239815,0.5943872312579473,0.5943872312579473,0.4239524969287479,0.49397001466504653,True,123
191.148812,117,342.325618,0.6529685827029807,0.6529685827029807,0.42481287028526565,0.47362395745915825,True,117
239.803414,137,342.428479,0.7358027660559231,0.7358027660559231,0.4245147075054074,0.5316642140278025,True,137
221.860729,126,342.521801,0.6627483882002817,0.6627483882002817,0.4331597244734763,0.5151198173364704,True,126
195.166641,121,342.610585,0.6574736872914444,0.6574736872914444,0.42251844318551424,0.4658220286159337,True,121
411.850619,201,343.187276,0.46985042051422765,0.46985042051422765,0.43458459602573823,0.6025449414593019,True,201
199.881203,116,343.290234,0.507354397744049,0.507354397744049,0.43518794415850603,0.6187723066254146,True,116
206.24412,119,343.380297,0.6211941901615036,0.6211941901615036,0.4295502525216236,0.5490964624060203,True,119
288.265002,162,343.498914,0.631426764600145,0.631426764600145,0.42211166120639276,0.4731027895106553,True,162
219.321109,134,343.612987,0.6063793597199287,0.6063793597199287,0.42867830194936263,0.5132025521867165,True,134
196.512355,116,343.699831,0.620211759066581,0.620211759066581,0.43053800199896614,0.4803646709870269,True,116
186.243394,111,343.794538,0.6457727041397122,0.6457727041397122,0.42879845750874446,0.4748832573437828,True,111
187.867175,118,343.88733,0.619029895155078,0.619029895155078,0.4188261016463107,0.5525471504826466,True,118
220.961263,132,343.990483,0.6575138725907586,0.6575138725907586,0.42260301311082515,0.5126390205654279,True,132
223.321305,124,344.084228,0.5761489687779124,0.5761489687779124,0.4257402252071107,0.5044684757668059,True,124
283.922525,158,344.205187,0.7176807437721437,0.7176807437721437,0.4359406130513093,0.53277822791832,True,158
214.087257,136,344.30547,0.599289155950686,0.599289155950686,0.43379925042246975,0.48900694069206707,True,136
245.004542,129,344.403297,0.5898646787407581,0.5898646787407581,0.4329138911920651,0.5480157733944083,True,129
202.730996,115,344.494365,0.6316170111411994,0.6316170111411994,0.4184748249864516,0.5826886096666465,True,115
248.671788,123,344.590842,0.6076941523930752,0.6076941523930752,0.42655160629304134,0.46508999495199427,True,123
246.159738,134,345.11236,0.6547661600745982,0.6547661600745982,0.4265822656035598,0.4912575860504644,True,134
235.412704,117,345.24087,0.6085349052872495,0.6085349052872495,0.42262278479798443,0.5373552556162151,True,117
201.42737,121,345.360455,0.6364528743533213,0.6364528743533213,0.43502307484239733,0.5497645177263379,True,121
238.284386,149,345.480422,0.615273229144217,0.615273229144217,0.4321327440777502,0.5205147894163491,True,149
223.360701,129,345.580424,0.5883001255832948,0.5883001255832948,0.42126030263057457,0.5205155743569457,True,129
258.977942,124,345.677902,0.6482214620140462,0.6482214620140462,0.4335569350542074,0.5699648510663831,True,124
235.319538,124,345.776324,0.6661538397437747,0.6661538397437747,0.4301818226042875,0.5379095421703628,True,124
192.441323,123,345.870471,0.6577199449319544,0.6577199449319544,0.4264485371060197,0.5072290239040362,True,123
296.206125,145,345.986521,0.6833450354206395,0.6833450354206395,0.4303058411726163,0.5090231010015356,True,145
189.666583,118,346.076546,0.581867212779937,0.581867212779937,0.41974003736513615,0.49623114945384794,True,118
213.703307,125,346.174239,0.6291882698083098,0.6291882698083098,0.4259890736782066,0.5136597819677353,True,125
216.725994,125,346.268117,0.5977968328261357,0.5977968328261357,0.42622956096656145,0.5110261105753088,True,125
229.593567,122,346.362518,0.6237789814426168,0.6237789814426168,0.42858793723071575,0.4971256540509963,True,122
248.584771,155,346.483257,0.2740528022197153,0.2740528022197153,0.4233399361807053,0.45872601840383576,True,155
239.275792,114,346.569819,0.6000535009330296,0.6000535009330296,0.4278359026546549,0.42057276629045137,True,114
216.619244,126,346.668282,0.6321327506142106,0.6321327506142106,0.4246776605134215,0.438615199165405,True,126
192.744693,117,346.757713,0.60705852066671,0.60705852066671,0.4183292712687193,0.48112728016555084,True,117
188.945749,117,347.768329,0.6142303952456631,0.6142303952456631,0.42307540642904506,0.494029650491509,True,117
263.778248,135,347.912592,0.6639885392676416,0.6639885392676416,0.4186028650304959,0.5169917199894988,True,135
247.817114,125,348.01098,0.5579356306849996,0.5579356306849996,0.41852297965738344,0.5121158430971281,True,125
212.286038,120,348.10426,0.6413878933707609,0.6413878933707609,0.4287028763191495,0.5209311679665055,True,120
240.768701,137,348.212941,0.6392776799135461,0.6392776799135461,0.4213252753333733,0.5191034259744192,True,137
256.039334,147,348.330037,0.6905414082057113,0.6905414082057113,0.4246528318239534,0.537908919521064,True,147
221.371765,122,348.421919,0.6289044619786233,0.6289044619786233,0.4216110786233237,0.5438822394440344,True,122
217.389916,130,348.524246,0.6524120711776155,0.6524120711776155,0.43244269774305366,0.46974930854937386,True,130
225.087535,122,348.616967,0.6430551418092934,0.6430551418092934,0.4189767018212771,0.4887194134600992,True,122
249.304267,152,348.739442,0.6826871664369536,0.6826871664369536,0.42074929335848343,0.45711525936232406,True,152
224.552621,123,348.833727,0.633229580322507,0.633229580322507,0.42094268735173634,0.49861595917111234,True,123
248.11751,123,348.929781,0.6402448805639037,0.6402448805639037,0.42073154695987947,0.4956621994607654,True,123
284.371363,143,349.045737,0.4012877177773242,0.4012877177773242,0.430886810220101,0.5978052904669753,True,143
244.019349,143,349.152622,0.6842069844513846,0.6842069844513846,0.4325795433559348,0.4746582352524574,True,143
211.77697,117,349.244439,0.6499693534897477,0.6499693534897477,0.4264666550229439,0.4753712769137738,True,117
236.746208,125,349.66092,0.6008866748552716,0.6008866748552716,0.42874953583805997,0.5080580198559955,True,125
326.002872,181,349.830199,0.5944703568108731,0.5944703568108731,0.43049297830135014,0.6138797042366916,True,181
321.212187,160,349.95306,0.5665870017212525,0.5665870017212525,0.4352186052854582,0.5891680055498256,True,160
245.256893,131,350.049541,0.659280715312768,0.659280715312768,0.4257360467705278,0.4745591117523127,True,131
297.552562,171,350.179532,0.6349767633831053,0.6349767633831053,0.4234892639639779,0.567001884799645,True,171
202.216489,123,350.275516,0.6172421088166556,0.6172421088166556,0.42129698647038133,0.5168718344206181,True,123
213.999904,135,350.378532,0.6235808064632568,0.6235808064632568,0.43186653173059014,0.46451860238794573,True,135
210.411844,126,350.474767,0.5933204970379022,0.5933204970379022,0.42421228017296203,0.5538298976205092,True,126
211.205893,129,350.570473,0.6325330855744212,0.6325330855744212,0.42746008456540224,0.572438353229209,True,129
281.30744,130,350.667825,0.42162119866414605,0.42162119866414605,0.4323892215083267,0.5600472167996855,True,130
213.921704,122,350.76032,0.6013572703897354,0.6013572703897354,0.4274418093037454,0.4687354653923225,True,122
215.445048,126,350.856093,0.6215282351058639,0.6215282351058639,0.4318422599291804,0.49612773946490096,True,126
267.737268,154,350.971927,0.6123414524992147,0.6123414524992147,0.4278582017086226,0.5162140780072318,True,154
197.895707,116,351.058519,0.6214129875576282,0.6214129875576282,0.41722571791627794,0.4840879519070053,True,116
219.020038,121,351.149692,0.5369708690520788,0.5369708690520788,0.4185805879388794,0.5025612501012894,True,121
205.255978,121,351.70027,0.6914562505018105,0.6914562505018105,0.42377140203166336,0.5079000592732028,True,121
216.572356,125,351.823384,0.691235018501052,0.691235018501052,0.42320727465665164,0.44471899162876694,True,125
218.472929,132,351.939206,0.6383703537083082,0.6383703537083082,0.4254605441222643,0.5014495082558567,True,132
223.366998,131,352.043209,0.701963616465271,0.701963616465271,0.430208404471016,0.5379720976397591,True,131
230.486519,122,352.137296,0.5681925540431986,0.5681925540431986,0.4239736991377387,0.6027583708811594,True,122
263.523412,143,352.251574,0.6323278988718254,0.6323278988718254,0.4277182100456821,0.4377832768960992,True,143
207.365162,129,352.350661,0.6447860743486872,0.6447860743486872,0.4300784373493404,0.5120717572643527,True,129
222.362372,127,352.460291,0.6735327628213316,0.6735327628213316,0.4142540414991741,0.47744734271651124,True,127
280.0349,134,352.617718,0.565100954826936,0.565100954826936,0.4254985634553425,0.537498744128774,True,134
206.908199,137,352.756512,0.710835716000864,0.710835716000864,0.42753758420963067,0.5022557448450371,True,137
239.560208,130,352.855953,0.6369756396987271,0.6369756396987271,0.4321806243662716,0.5181631546425468,True,130
341.498099,162,352.979672,0.6242497062351745,0.6242497062351745,0.43049327285833955,0.5694540641705526,True,162
297.682847,157,353.105973,0.5567029167737074,0.5567029167737074,0.42581611065647207,0.5890294504374305,True,157
237.243603,139,353.252168,0.6353797848512078,0.6353797848512078,0.41504038162256646,0.48158521033746593,True,139
222.567264,113,353.351342,0.6440807741598025,0.6440807741598025,0.43263009638804484,0.5678244837254947,True,113
239.717761,121,353.448953,0.6753819931528537,0.6753819931528537,0.421570265514273,0.5393254139088948,True,121
266.4718,140,354.322751,0.7448020738056298,0.7448020738056298,0.4224084376898635,0.5157489732568326,True,140
214.193229,128,354.432726,0.662873492525898,0.662873492525898,0.4332280358566225,0.45174350873707736,True,128
220.497795,121,354.531748,0.6535207426702471,0.6535207426702471,0.4250860240508724,0.5479966379626511,True,121
230.707952,121,354.627301,0.6099553273636446,0.6099553273636446,0.42736827561017654,0.45440853419398847,True,121
217.920784,125,354.731141,0.6904476332552196,0.6904476332552196,0.4219336867455717,0.548750220004761,True,125
215.78834,115,354.821195,0.594973114819041,0.594973114819041,0.4201458468181211,0.5084620186797351,True,115
240.773921,122,354.916709,0.6881377136747845,0.6881377136747845,0.4218663761725142,0.4987047224524616,True,122
210.409232,122,355.016137,0.6139942631226499,0.6139942631226499,0.42681231657637436,0.5379288302431608,True,122
208.038576,126,355.112471,0.6143846078379501,0.6143846078379501,0.42649987948820745,0.49741247427959606,True,126
230.799195,133,355.214104,0.6211434908640118,0.6211434908640118,0.4243581283453172,0.5996226923504102,True,133
235.05804,133,355.316958,0.642058199478449,0.642058199478449,0.43511833250765575,0.5616412599097279,True,133
190.786871,121,355.410787,0.6790201196547734,0.6790201196547734,0.4254208084805161,0.4803691687278256,True,121
181.17473,126,355.507491,0.5618891607126473,0.5618891607126473,0.42886634475703417,0.5397678200971723,True,126
271.376944,153,355.626346,0.5371675601730763,0.5371675601730763,0.4211945342529257,0.5593670191881366,True,153
188.503694,110,355.715789,0.586673023238089,0.586673023238089,0.4258500014787447,0.4952929436070155,True,110
261.220201,147,355.835414,0.6736582323010054,0.6736582323010054,0.41977512039656417,0.4770621620446974,True,147
259.838151,156,356.420262,0.6913031140477991,0.6913031140477991,0.427019394029608,0.5157131966704116,True,156
163.497967,187,356.579399,0.006912635107506154,0.006912635107506154,0.5142579409323773,0.41925457880730105,True,187
212.776727,125,356.676815,0.6150766328826729,0.6150766328826729,0.42123673697719316,0.5008338838028704,True,125
204.076439,118,356.764656,0.6397204912287219,0.6397204912287219,0.4250992251515437,0.5159242504834451,True,118
247.242155,125,356.859095,0.634675279078745,0.634675279078745,0.4359933426970547,0.5463127338708442,True,125
239.011779,151,356.971806,0.7352088537080866,0.7352088537080866,0.42987715856243336,0.4588778384455961,True,151
221.359051,127,357.069676,0.6275097322423454,0.6275097322423454,0.42001743584764045,0.5038446878911828,True,127
240.091309,142,357.181812,0.726387898854148,0.726387898854148,0.4273020991110991,0.4717032290593359,True,142
288.99981,166,357.310116,0.6182905355776535,0.6182905355776535,0.4233968904929004,0.5906709600511632,True,166
238.388334,125,357.418334,0.6870795819009985,0.6870795819009985,0.41763994750050953,0.520533608127782,True,125
236.069302,125,357.517495,0.5901778875388944,0.5901778875388944,0.428745494477767,0.5053769655334687,True,125
197.485009,110,357.612553,0.5279853852261263,0.5279853852261263,0.4262615543058,0.5672352892397241,True,110
221.685295,132,357.716352,0.6449096725894794,0.6449096725894794,0.4220931610100525,0.49880704266571635,True,132
221.255315,116,357.813614,0.5748669347912966,0.5748669347912966,0.4321873986492533,0.5405748650427746,True,116
238.741236,135,357.933438,0.6682339607116332,0.6682339607116332,0.43437604475957353,0.5138428480898497,True,135
229.296259,131,358.461151,0.6722555910660585,0.6722555910660585,0.4180586935614209,0.5648561525983526,True,131
174.071994,130,358.581004,0.5328693346183927,0.5328693346183927,0.44642582173083484,0.44729358371963146,True,130
199.296808,124,358.672143,0.5763361140552217,0.5763361140552217,0.42827074235175605,0.6011238990726884,True,124
236.613433,125,358.767319,0.5777062783359808,0.5777062783359808,0.435753471376898,0.49175258848911446,True,125
222.839783,120,358.859642,0.6713142559342264,0.6713142559342264,0.43512462262260515,0.5433084393208618,True,120
222.602191,121,358.948922,0.5977217224696402,0.5977217224696402,0.41940884163882647,0.5453213586917032,True,121
296.563734,161,359.074656,0.7647316014351012,0.7647316014351012,0.4288921403799126,0.5337643860959486,True,161
198.867991,125,359.174264,0.3916527003110536,0.3916527003110536,0.43499010803603577,0.49340003260994836,True,125
233.797721,129,359.270028,0.6944279921714877,0.6944279921714877,0.41730854149662994,0.44321328854273656,True,129
226.242462,113,359.358462,0.5861403142992107,0.5861403142992107,0.424101491154201,0.4498005936949129,True,113
214.716738,123,359.459526,0.6461848190601308,0.6461848190601308,0.4239788751799054,0.5136195817379912,True,123
208.416779,124,359.567095,0.6281781630750268,0.6281781630750268,0.42921831785684694,0.46023094440226126,True,124
234.335756,139,359.673455,0.6573710355683277,0.6573710355683277,0.4195509077730794,0.5648509587834667,True,139
248.689185,140,359.780027,0.7011289846112629,0.7011289846112629,0.430327518841511,0.572984674689649,True,140
210.406619,145,359.897629,0.6521946658310677,0.6521946658310677,0.42276344243108843,0.5196303196235195,True,145
202.837861,123,360.003671,0.6037353245956477,0.6037353245956477,0.42761667298646133,0.509539159865641,True,123
250.107401,133,360.614652,0.6035179802835627,0.6035179802835627,0.42563382086572127,0.5193680364521902,True,133
214.773525,118,360.724122,0.5593547577236331,0.5593547577236331,0.4349914284587299,0.5372205129980858,True,118
256.741232,143,360.832511,0.623398403301613,0.623398403301613,0.4333442300807483,0.5591828041729544,True,143
203.517369,134,360.934258,0.6860229750150252,0.6860229750150252,0.4245118100953559,0.515869517902718,True,134
251.906606,141,361.04029,0.7201489944010746,0.7201489944010746,0.4289982653718725,0.5886121581447914,True,141
235.039586,124,361.134016,0.6242688691671535,0.6242688691671535,0.4229332245540066,0.518131003606224,True,124
256.715861,128,361.238322,0.6579234454456377,0.6579234454456377,0.4253669084812858,0.5366692625294546,True,128
273.635386,147,361.360611,0.6683918071017995,0.6683918071017995,0.4207526526224774,0.5831145380997956,True,147
187.167961,116,361.455517,0.597669040482367,0.597669040482367,0.42776735302363444,0.4429095497334377,True,116
237.555069,125,361.551448,0.6555891950939693,0.6555891950939693,0.43104915851923203,0.5131274862348603,True,125
232.717989,120,361.646218,0.6323723073272948,0.6323723073272948,0.4282406539227992,0.5503281192430047,True,120
278.060095,155,361.773353,0.7052529769631578,0.7052529769631578,0.42265494004342474,0.47397570593979754,True,155
196.65519,121,361.875209,0.6545936155172745,0.6545936155172745,0.42547464203917607,0.5411564707079032,True,121
222.224648,119,361.978937,0.6027501672535219,0.6027501672535219,0.43224383034385905,0.6194840004653952,True,119
202.198073,119,362.077869,0.6224574427305006,0.6224574427305006,0.4273013087597474,0.485418826490273,True,119
201.995341,116,362.659655,0.6210792155080045,0.6210792155080045,0.42248314508083296,0.5815259768785481,True,116
234.370788,128,362.795429,0.6461108279411143,0.6461108279411143,0.42512814636301155,0.48225939024491743,True,128
206.551943,126,362.930864,0.6619817889516987,0.6619817889516987,0.4196796505703665,0.4921667432434784,True,126
254.92606,135,363.041054,0.7136037697438746,0.7136037697438746,0.4254456900515688,0.523184502627368,True,135
236.481006,123,363.146392,0.6662970105378038,0.6662970105378038,0.43869054729955537,0.41263654531984373,True,123
227.888501,125,363.244126,0.6329402984563803,0.6329402984563803,0.4327686198870309,0.5053880207405388,True,125
255.570899,121,363.333764,0.5397737008617813,0.5397737008617813,0.4226709784136361,0.5871175513702139,True,121
178.218217,127,363.442246,0.6370026745355458,0.6370026745355458,0.42046329611777566,0.5175936263078351,True,127
225.402154,123,363.544441,0.6489025399907121,0.6489025399907121,0.4218236915538795,0.5364801243907613,True,123
254.755206,145,363.667962,0.6772560954514163,0.6772560954514163,0.41484648637388477,0.46480985007799824,True,145
226.781908,136,363.772261,0.660209638484195,0.660209638484195,0.4195732143086184,0.4690264152742628,True,136
237.284113,128,363.875446,0.6221564208345746,0.6221564208345746,0.42634006857764706,0.5993931874226075,True,128
241.101216,152,363.994353,0.7443143091650072,0.7443143091650072,0.4240207281832551,0.6031930000930744,True,152
196.091241,126,364.097762,0.6236868066061135,0.6236868066061135,0.42706486732351295,0.6137762148289342,True,126
204.70309,119,364.189795,0.6209196504276275,0.6209196504276275,0.42827149775009954,0.5215319903421884,True,119
234.786676,136,364.293865,0.7076439144049415,0.7076439144049415,0.4294087058974748,0.5351406618155712,True,136
215.892541,131,364.802307,0.5363832198983532,0.5363832198983532,0.43513872937197146,0.5516219178746594,True,131
209.596464,132,364.95316,0.6103939887304686,0.6103939887304686,0.4171121027627367,0.47012413743381953,True,132
185.982303,133,365.060568,0.6918789298615977,0.6918789298615977,0.42585181052389465,0.4448969313341622,True,133
216.503604,124,365.163386,0.6735799501674071,0.6735799501674071,0.42978699663570324,0.5238343820474824,True,124
242.214544,137,365.276464,0.6299209616544846,0.6299209616544846,0.4342305430660782,0.5199926635205516,True,137
230.799163,142,365.389247,0.6389967508132441,0.6389967508132441,0.4324468759893052,0.4960256251043723,True,142
243.815445,139,365.507797,0.6367284072951751,0.6367284072951751,0.42678137458584237,0.620984343794035,True,139
239.217713,143,365.620579,0.649309137616458,0.649309137616458,0.42394862968404307,0.49777304054665633,True,143
253.863276,139,365.731796,0.6417913638210835,0.6417913638210835,0.4328608464764217,0.6342191975038521,True,139
221.870783,147,365.852963,0.6157099745476012,0.6157099745476012,0.42124040885028047,0.46286618845608296,True,147
298.065291,150,365.98,0.6705210489466068,0.6705210489466068,0.43161847578997686,0.48505602469048,True,150
254.501453,170,366.115073,0.7198832405335103,0.7198832405335103,0.4185483021472071,0.5405720305766898,True,170
241.899657,133,366.226199,0.6894509053467957,0.6894509053467957,0.418930719108283,0.5243002736747039,True,133
275.041101,138,366.332561,0.6762257454932911,0.6762257454932911,0.42699764677697727,0.5307859400288646,True,138
194.364513,124,366.430968,0.6467285687773646,0.6467285687773646,0.4185393574690178,0.4741273577944242,True,124
254.137893,144,367.038589,0.6800029204093174,0.6800029204093174,0.4348764392503224,0.475889000292962,True,144
178.473244,167,367.19376,0.15060601859724923,0.15060601859724923,0.4324570112386421,0.6057211469507471,True,167
290.383437,158,367.325099,0.6601563412898721,0.6601563412898721,0.4213957193082778,0.5232400083750754,True,158
194.411637,118,367.419481,0.6236308743340585,0.6236308743340585,0.42296752212338695,0.5543233759005944,True,118
221.856785,122,367.518221,0.6302697987116558,0.6302697987116558,0.4352751640571739,0.5348820623766758,True,122
217.43588,123,367.61787,0.6456029641176372,0.6456029641176372,0.433897039445747,0.5187888586575717,True,123
223.133924,139,367.727681,0.6849014538742674,0.6849014538742674,0.42094019587962694,0.5215520729075807,True,139
224.138045,128,367.828341,0.5890899575102457,0.5890899575102457,0.42549824399444036,0.5237505945984334,True,128
275.610165,135,367.939338,0.5420233317140931,0.5420233317140931,0.42157065001039895,0.49888263725376586,True,135
263.118772,140,368.052612,0.6580706217158999,0.6580706217158999,0.42909485357728766,0.5353775731944266,True,140
191.261734,125,368.151088,0.6086395879069492,0.6086395879069492,0.420962751181289,0.5060422255603246,True,125
236.82979,132,368.261497,0.5947799425673508,0.5947799425673508,0.42331864568791605,0.5353048615060975,True,132
234.429154,124,368.360507,0.6788497301545957,0.6788497301545957,0.42643995556222253,0.5127429013483322,True,124
203.278509,130,368.485587,0.6172661115612258,0.6172661115612258,0.4242030144542506,0.5221012321800866,True,130
203.62114,135,368.588951,0.6762936375104212,0.6762936375104212,0.4213164447015121,0.5238886158495587,True,135
218.556747,132,369.501448,0.6792195093096499,0.6792195093096499,0.42677669655595213,0.5803488897021055,True,132
251.354682,147,369.67186,0.7065423831707821,0.7065423831707821,0.42954596622698404,0.48763267363636464,True,147
237.479398,139,369.78292,0.6709837083394732,0.6709837083394732,0.4210731376489084,0.44093629598609535,True,139
239.956597,123,369.880966,0.655539062138944,0.655539062138944,0.4314927118494867,0.5628622883469407,True,123
281.837825,131,369.985567,0.6634150622635052,0.6634150622635052,0.4323856440614474,0.5341856632281281,True,131
248.482854,130,370.093433,0.7066023059714379,0.7066023059714379,0.4310705151877482,0.5968896721289159,True,130
226.793349,127,370.187263,0.643991201956167,0.643991201956167,0.4347198507629127,0.4827383953827312,True,127
245.134297,135,370.306844,0.640415214220466,0.640415214220466,0.4225460585066745,0.4731162605551794,True,135
259.863238,136,370.425574,0.6175506545621323,0.6175506545621323,0.429775594958278,0.5684991644489531,True,136
215.452958,130,370.530365,0.5959952989835484,0.5959952989835484,0.427981947850957,0.50571141678016,True,130
258.668983,136,370.638695,0.6279943698051201,0.6279943698051201,0.41658856751506224,0.4915989145106158,True,136
266.08394,149,370.75412,0.700549820211178,0.700549820211178,0.4331902859869722,0.46939547543274524,True,149
178.513029,122,370.846037,0.634271003712759,0.634271003712759,0.41736111558027245,0.5042941140738103,True,122
233.259152,145,370.959062,0.6604695300762481,0.6604695300762481,0.4256926862167199,0.48654883201228766,True,145
235.108885,127,371.056328,0.6264404293034989,0.6264404293034989,0.4211699939393874,0.5055707129201131,True,127
202.251628,113,371.142373,0.6052592486809064,0.6052592486809064,0.42592092051482083,0.516119722628368,True,113
249.289236,140,371.533814,0.680799726250893,0.680799726250893,0.4343911268591654,0.47671448730869787,True,140
216.503777,122,371.639513,0.640400779313954,0.640400779313954,0.42500451748270984,0.44089409514060224,True,122
199.186324,117,371.723379,0.5916650406899663,0.5916650406899663,0.4393172386260216,0.4260198131805336,True,117
238.872684,148,371.834387,0.6625558679275788,0.6625558679275788,0.425693370188206,0.44566005268619424,True,148
270.052615,149,371.94523,0.5837676285650858,0.5837676285650858,0.43313559176765115,0.5774504560593475,True,149
291.838467,163,372.062829,0.7658734690039678,0.7658734690039678,0.43045156897657516,0.5235619017713427,True,163
264.953581,148,372.174009,0.6664733848908188,0.6664733848908188,0.4244954903893,0.49778336814813084,True,148
232.590797,141,372.286562,0.5883009667103802,0.5883009667103802,0.43416671763026704,0.49780141737616074,True,141
274.280044,141,372.39607,0.6977118498550555,0.6977118498550555,0.43560172330993946,0.5293010927455112,True,141
240.927695,127,372.489382,0.5877779889158384,0.5877779889158384,0.42795286349744016,0.5004123650042153,True,127
256.88577,142,372.592595,0.6742748255427686,0.6742748255427686,0.424342673821291,0.4649152134024722,True,142
265.923327,143,372.695808,0.7155960673530697,0.7155960673530697,0.4257010875937199,0.47415315247964607,True,143
212.845906,113,372.779947,0.5856669984573101,0.5856669984573101,0.4216562045978642,0.5621139718898426,True,113
185.352898,122,372.867977,0.6250075301017473,0.6250075301017473,0.43180858023380597,0.45528368816865666,True,122
269.900061,133,372.963484,0.6966817136345753,0.6966817136345753,0.4275220958118018,0.43955375101816585,True,133
278.806523,145,373.388344,0.6585447174394398,0.6585447174394398,0.44612523913668606,0.4270233366324133,True,145
311.810809,164,373.531387,0.7666641469410582,0.7666641469410582,0.4295754086912001,0.4387788456075703,True,164
222.611756,126,373.624429,0.6158571256090414,0.6158571256090414,0.4309074236668463,0.47799430845197693,True,126
250.251205,135,373.726442,0.5835829179058646,0.5835829179058646,0.4253232853119244,0.5047674765484785,True,135
313.237207,157,373.843283,0.7026298731041929,0.7026298731041929,0.4184280272401001,0.5751474487652638,True,157
227.430282,120,373.934851,0.6194466025005083,0.6194466025005083,0.43405540504137946,0.5810772187628471,True,120
258.453638,153,374.051128,0.656112265062778,0.656112265062778,0.43026512597179106,0.44198989438428293,True,153
252.368608,123,374.140717,0.3793179049683698,0.3793179049683698,0.42725164275799504,0.6452396728964421,True,123
225.463528,133,374.237644,0.6948405435630765,0.6948405435630765,0.4330251788570849,0.4472084773443534,True,133
200.68486,123,374.327033,0.6494764808295875,0.6494764808295875,0.4148546568506723,0.47120381124458977,True,123
214.28354,119,374.418191,0.5899609977463595,0.5899609977463595,0.4246490295539979,0.4849595562758127,True,119
292.392056,155,374.527095,0.7019482883493743,0.7019482883493743,0.4208032545371318,0.4732637942597972,True,155
251.857751,140,374.632606,0.719367222458686,0.719367222458686,0.4352257979976591,0.5087391274645063,True,140
237.124999,143,374.737613,0.5461965675090723,0.5461965675090723,0.42603305168125327,0.4816850089000252,True,143
254.014561,143,375.174486,0.629140452947644,0.629140452947644,0.4255752062570711,0.5238704172440166,True,143
270.26434,161,375.333642,0.5058043093748319,0.5058043093748319,0.4226001715663771,0.5001406010154577,True,161
280.045165,152,375.449718,0.6935131273559325,0.6935131273559325,0.4163995688920667,0.494625605470665,True,152
269.456324,139,375.553613,0.6541580461909985,0.6541580461909985,0.423448440320569,0.503705739586937,True,139
249.29375,140,375.653834,0.6161465239559858,0.6161465239559858,0.42270515737875464,0.4281058666078635,True,140
243.087082,126,375.746594,0.6492718793881623,0.6492718793881623,0.4168691274075609,0.49999660444887223,True,126
308.241838,158,375.862608,0.690981217053435,0.690981217053435,0.4206842608738757,0.5355342142454989,True,158
234.329033,141,375.964527,0.6446236976420964,0.6446236976420964,0.425260996907023,0.45867733913203823,True,141
243.919954,135,376.064975,0.6477790050868926,0.6477790050868926,0.4335396157538613,0.5229635874024257,True,135
247.706594,126,376.155537,0.6282128915341189,0.6282128915341189,0.4313037862299421,0.47965553391196786,True,126
218.285804,118,376.238799,0.6396980959053146,0.6396980959053146,0.42376271486698386,0.4870869002963289,True,118
218.425866,125,376.329288,0.6538925138253674,0.6538925138253674,0.4206385995114999,0.47568350235804513,True,125
246.762931,121,376.416104,0.6383233422074677,0.6383233422074677,0.4325251508373708,0.4868637055934779,True,121
220.292608,119,376.499757,0.5943305228398283,0.5943305228398283,0.42532573728917666,0.5416113475672524,True,119
241.267631,139,376.599995,0.6725983248368564,0.6725983248368564,0.4262401201215845,0.4923928521781476,True,139
278.30574,135,376.90661,0.6352988192005949,0.6352988192005949,0.4252526091524669,0.4535364328663603,True,135
211.461482,125,377.043519,0.5634809230722049,0.5634809230722049,0.435719401590926,0.5135088699834798,True,125
224.47893,128,377.153798,0.6757460980902598,0.6757460980902598,0.42010942427473386,0.4765655578413808,True,128
195.967401,128,377.250215,0.6457536030230966,0.6457536030230966,0.42773746312225075,0.5330825653175076,True,128
227.201266,121,377.33944,0.6485341799751676,0.6485341799751676,0.4305380665843072,0.5797123968154861,True,121
252.001896,125,377.431994,0.5876997841387315,0.5876997841387315,0.4261271252917153,0.44952987022310575,True,125
269.66684,152,377.547215,0.6389198985467551,0.6389198985467551,0.4196221182877176,0.6117347606814503,True,152
252.8936,136,377.647611,0.7133550577287319,0.7133550577287319,0.431883503423823,0.570838936574183,True,136
218.552205,120,377.734768,0.5958194238439012,0.5958194238439012,0.4159280851638597,0.5069932011994881,True,120
247.013493,137,377.834535,0.6345580981313488,0.6345580981313488,0.4271013145993089,0.46684875869880627,True,137
298.422381,167,377.957078,0.6929928195212183,0.6929928195212183,0.4277066455300714,0.4924681760820874,True,167
267.449709,147,378.066081,0.6164015918932351,0.6164015918932351,0.42164293546232917,0.4286735900794771,True,147
214.291946,114,378.151299,0.6175333082101144,0.6175333082101144,0.4182269931051282,0.4932805188087126,True,114
257.641366,144,378.257451,0.7093981715411796,0.7093981715411796,0.4187642593959116,0.42561715418561513,True,144
217.105345,142,378.360778,0.6901996091136455,0.6901996091136455,0.4312608448662817,0.49845558576508114,True,142
211.856381,129,378.455815,0.6638597208423836,0.6638597208423836,0.42802003910285974,0.4651179571964327,True,129
201.630194,124,378.837759,0.6088946116072883,0.6088946116072883,0.4299131363426793,0.5049075314476398,True,124
204.395277,119,378.960804,0.5606560558662458,0.5606560558662458,0.42591440817649007,0.5051639205970371,True,119
255.624821,146,379.068597,0.6863405313158207,0.6863405313158207,0.42825244555938474,0.5335861126190935,True,146
247.931511,121,379.156936,0.6070963871591081,0.6070963871591081,0.42671594247518796,0.4861426013077994,True,121
233.374285,147,379.265091,0.6678690176077609,0.6678690176077609,0.42908902933996196,0.43163589101781374,True,147
304.758174,173,379.389796,0.653887990624966,0.653887990624966,0.4253185366314171,0.5403223171257768,True,173
298.751046,169,379.51595,0.7381351496999076,0.7381351496999076,0.4322388308617462,0.5470876482293344,True,169
235.093906,130,379.612095,0.6489782505699426,0.6489782505699426,0.4252565071318021,0.4944809673513408,True,130
212.233411,128,379.706306,0.6376381955823439,0.6376381955823439,0.42382252625874645,0.4668715122295096,True,128
304.768987,171,379.829181,0.6310193122124778,0.6310193122124778,0.4302777934223798,0.5493990161054746,True,171
262.664666,142,379.933333,0.682236721997482,0.682236721997482,0.41752007400947355,0.47531056405703126,True,142
247.003319,125,380.023918,0.6103960520240528,0.6103960520240528,0.41677130771868764,0.5068688736407218,True,125
239.163202,134,380.1222,0.7061133845131217,0.7061133845131217,0.42299839829169,0.491768518918717,True,134
261.572027,142,380.22459,0.6353512682983797,0.6353512682983797,0.4273806246764954,0.5275297245690101,True,142
201.115087,125,380.586926,0.613360527373363,0.613360527373363,0.4352930858915594,0.5370588518383039,True,125
259.222015,146,380.737846,0.733810008499603,0.733810008499603,0.4205711864957907,0.49063946741194725,True,146
272.939017,145,380.860472,0.6841828626506556,0.6841828626506556,0.4354136830252269,0.5288788399718952,True,145
300.295892,152,380.981346,0.7535207360816862,0.7535207360816862,0.422663905588778,0.4902992677751874,True,152
213.108689,122,381.076663,0.638368967653819,0.638368967653819,0.43320608508745384,0.5309287992017192,True,122
205.529925,123,381.167159,0.667326572769985,0.667326572769985,0.42289660602670726,0.5584830111333218,True,123
213.268051,115,381.284285,0.5519335062122058,0.5519335062122058,0.41997654973573006,0.474271713053639,True,115
195.668163,118,381.37664,0.5700111337335014,0.5700111337335014,0.43173062714811783,0.5119020504824853,True,118
294.290571,154,381.494148,0.6865920194282442,0.6865920194282442,0.432194188326541,0.5333387690593454,True,154
333.679077,198,381.645476,0.7539476681860309,0.7539476681860309,0.42375623647425664,0.4350458903685388,True,198
230.895348,117,381.73626,0.5286596218177503,0.5286596218177503,0.432954402909634,0.4402187814244397,True,117
277.801823,128,381.826643,0.6077818226705651,0.6077818226705651,0.4344558997538782,0.5325903085609061,True,128
274.629062,148,381.94242,0.6375125082299211,0.6375125082299211,0.42198545125636044,0.5359816530913966,True,148
204.537358,127,382.048269,0.6076278421080155,0.6076278421080155,0.4242376809319725,0.5433858178290838,True,127
270.250186,134,382.14955,0.6913667774935252,0.6913667774935252,0.4216129671124282,0.4688001946051722,True,134
205.629472,122,382.69602,0.6447699419003133,0.6447699419003133,0.4302659663500014,0.5505901901631731,True,122
250.29132,117,382.795219,0.5967483752173149,0.5967483752173149,0.43547235412948115,0.5089694820562697,True,117
238.754014,121,382.909268,0.6325784502110453,0.6325784502110453,0.4336671318670023,0.5169436515532765,True,121
269.656669,156,383.025915,0.6522367195413388,0.6522367195413388,0.42868331529379033,0.4962828249804667,True,156
209.444138,117,383.115187,0.6643599189050146,0.6643599189050146,0.42077084012091265,0.48262003218778643,True,117
260.741499,140,383.219536,0.6644618961209041,0.6644618961209041,0.4187325243834257,0.5254284042330691,True,140
200.396323,116,383.305013,0.5642533506914382,0.5642533506914382,0.42869448036664176,0.5379194759464112,True,116
250.317271,127,383.39877,0.6617091720872583,0.6617091720872583,0.42062965356687393,0.48439918766590534,True,127
235.756078,129,383.495033,0.6330767097299682,0.6330767097299682,0.42583839544423957,0.49661791541247535,True,129
248.983245,127,383.589777,0.6359128282237374,0.6359128282237374,0.4246180071127285,0.4412810009971573,True,127
234.157328,129,383.685839,0.5138694541492334,0.5138694541492334,0.43347460898483475,0.6319024935962148,True,129
234.511243,124,383.77682,0.6284525699879266,0.6284525699879266,0.4283195125014513,0.47089429276957634,True,124
246.34843,149,383.886752,0.7296541545971502,0.7296541545971502,0.4202409419206036,0.4454139428457971,True,149
218.055703,117,383.973526,0.6374770981239165,0.6374770981239165,0.4199418370130768,0.4649882322775496,True,117
214.692239,135,384.07437,0.7152664509433321,0.7152664509433321,0.44047060862763904,0.41251474593310206,True,135
223.738638,130,384.168887,0.6903492630481125,0.6903492630481125,0.4290783044671417,0.5551137037098761,True,130
261.160911,128,384.547492,0.5842004315772492,0.5842004315772492,0.43116649207367663,0.4506439233150157,True,128
229.880497,132,384.688843,0.6130897912981735,0.6130897912981735,0.4229290172123837,0.5789592275384916,True,132
284.878347,143,384.801279,0.5927967326223331,0.5927967326223331,0.43082752106464844,0.48124691494817967,True,143
241.446282,145,384.905988,0.6977309051160737,0.6977309051160737,0.4230799958481801,0.49613355307994456,True,145
231.133911,134,385.001685,0.6561393541829091,0.6561393541829091,0.42809566690599765,0.49072848838348515,True,134
224.316547,129,385.104595,0.6533345081258943,0.6533345081258943,0.4284830228005656,0.5811402555178975,True,129
240.138541,149,385.21375,0.6990196907145917,0.6990196907145917,0.41847110496288786,0.4318956245960778,True,149
229.533062,116,385.298644,0.632687473257781,0.632687473257781,0.43051292661208956,0.5219786312012268,True,116
217.718043,125,385.395047,0.6484075514986161,0.6484075514986161,0.4310796576689005,0.5170430863389183,True,125
241.778512,124,385.488152,0.6010154899708213,0.6010154899708213,0.4307311024792077,0.4736296821016581,True,124
253.683421,143,385.594907,0.6603777451852982,0.6603777451852982,0.4253002472130952,0.4705921146459562,True,143
227.103328,132,385.700886,0.6490190678104762,0.6490190678104762,0.4298698520840262,0.4917569093549933,True,132
292.170924,180,385.837059,0.7282045955367656,0.7282045955367656,0.4268320349356669,0.5935696238924459,True,180
220.034895,128,385.931418,0.6293329236860348,0.6293329236860348,0.4235170803673205,0.5188607179589996,True,128
260.628517,139,386.034769,0.6953703554769356,0.6953703554769356,0.42600353339009334,0.44514832305485486,True,139
210.653459,120,386.500763,0.6728095310512102,0.6728095310512102,0.42559269340875866,0.4846621127934802,True,120
259.562379,136,386.644449,0.6466597767443473,0.6466597767443473,0.4326838491260213,0.5008358225042577,True,136
275.496543,162,386.77408,0.7119847355624787,0.7119847355624787,0.42625000530750273,0.5761478627855714,True,162
219.590302,152,386.887482,0.7202704906209575,0.7202704906209575,0.41859214420049884,0.5527559157930084,True,152
308.957824,171,387.016985,0.7069460054689507,0.7069460054689507,0.42272273020920714,0.47780591711658177,True,171
401.192441,215,387.180391,0.7863225576717681,0.7863225576717681,0.4217442730565753,0.5437296601764592,True,215
217.696458,124,387.274107,0.6471827526234545,0.6471827526234545,0.4250637817443761,0.5277419353424475,True,124
235.050929,133,387.377965,0.7000452194752214,0.7000452194752214,0.4262395271941321,0.513039397859121,True,133
273.305992,142,387.510779,0.7321368440629729,0.7321368440629729,0.43391540682392904,0.5262199411403297,True,142
211.19376,118,388.084009,0.6233434741548833,0.6233434741548833,0.42140144673407326,0.4688944040947275,True,118
246.420611,127,388.258898,0.6460317281273777,0.6460317281273777,0.42293580971826555,0.5785316430395656,True,127
199.874058,115,388.352768,0.6018162627208756,0.6018162627208756,0.4292114033416207,0.5286000918018333,True,115
204.355976,136,388.45936,0.584139216365775,0.584139216365775,0.4257102421878425,0.46579365125435096,True,136
222.441694,130,388.558166,0.6418222760456896,0.6418222760456896,0.42639261783780796,0.4623411638683578,True,130
240.169889,122,388.654374,0.6657396602845292,0.6657396602845292,0.43562292631452776,0.5074804395721413,True,122
252.064825,147,389.21446,0.6802100356921092,0.6802100356921092,0.4283567669010634,0.4998075222459233,True,147
221.819485,114,389.325008,0.581098815673867,0.581098815673867,0.43475966089540213,0.4822592136400557,True,114
245.591423,136,389.42928,0.7009376843513399,0.7009376843513399,0.429209205505533,0.5112065484782186,True,136
230.411163,126,389.523985,0.6172637569536372,0.6172637569536372,0.4281737054841019,0.5484180367420038,True,126
211.103406,124,389.62489,0.5996250592395894,0.5996250592395894,0.4252425343264522,0.49271893944099215,True,124
199.709583,111,389.713939,0.5531450831503417,0.5531450831503417,0.42057197549932945,0.5290536945241032,True,111
273.016757,130,389.814362,0.6556837864691075,0.6556837864691075,0.43005702232865317,0.46792712202129993,True,130
206.195983,112,389.900068,0.6051349419409052,0.6051349419409052,0.42276992719222933,0.4587723284512269,True,112
230.691633,127,390.001006,0.6289801446557535,0.6289801446557535,0.4320375217859716,0.5936733782074466,True,127
286.768747,154,390.124253,0.7019872250313347,0.7019872250313347,0.42174305057829414,0.49168031899986014,True,154
277.702948,151,390.241872,0.6752078392471542,0.6752078392471542,0.4322011181331035,0.5551195350640994,True,151
129.810503,178,390.390596,-0.32912283479404364,-0.32912283479404364,0.5190069186932585,0.4391891501428008,True,178
256.375296,142,390.506432,0.6529781813860227,0.6529781813860227,0.42241905984174044,0.5209118243116613,True,142
225.007762,127,390.610132,0.6620078637561246,0.6620078637561246,0.4204044395654692,0.45924100829605474,True,127
136.015739,119,390.702717,0.12361359373725583,0.12361359373725583,0.42124829949926895,0.5699851473207137,True,119
234.344163,127,391.811155,0.6085075453584223,0.6085075453584223,0.4324855668244312,0.5500418912022536,True,127
277.044041,153,391.979602,0.61301937935211,0.61301937935211,0.41898381241179,0.4910962362393994,True,153
227.546751,132,392.079143,0.5418322976876838,0.5418322976876838,0.4321726851847915,0.5380743874902566,True,132
235.238985,131,392.179235,0.6624690648326258,0.6624690648326258,0.42488385079265706,0.5102350951089251,True,131
247.049907,123,392.269593,0.5991899314292012,0.5991899314292012,0.43155682741635737,0.5002451215886039,True,123
241.24943,121,392.359887,0.4740755257532898,0.4740755257532898,0.42313871769095973,0.5125253447983619,True,121
216.72062,124,392.452779,0.6491802509840144,0.6491802509840144,0.41911496605127735,0.4789916204220296,True,124
270.142566,150,392.568899,0.47772644545665294,0.47772644545665294,0.4231495949040572,0.6127623481883039,True,150
215.282131,124,392.66566,0.6205159517660901,0.6205159517660901,0.43057992335589784,0.4852381004408949,True,124
254.152949,131,392.763395,0.5968907576881195,0.5968907576881195,0.42238355858553783,0.3978104383139477,True,131
278.612344,147,392.873274,0.6793486576639409,0.6793486576639409,0.4263144844710936,0.48564992042035654,True,147
227.089676,125,392.964141,0.6080022373369531,0.6080022373369531,0.42138706594238573,0.4511455037810547,True,125
212.2167,126,393.060979,0.6591110090104451,0.6591110090104451,0.4203018497122168,0.48330314830879656,True,126
217.121282,122,393.153837,0.638092550223419,0.638092550223419,0.4266995387498766,0.45604371132101384,True,122
250.34056,134,393.251819,0.677221906435678,0.677221906435678,0.41753439111239254,0.4638304781755429,True,134
233.414267,126,393.34497,0.6518025857509282,0.6518025857509282,0.42381496359121784,0.4588499039862599,True,126
218.285049,135,393.684852,0.7144268686592132,0.7144268686592132,0.43040851615650105,0.5391630968582829,True,135
239.278448,126,393.7944,0.640185353164541,0.640185353164541,0.442226937557957,0.4234044443604486,True,126
209.346941,135,393.891365,0.6665921570766802,0.6665921570766802,0.4171998124357847,0.5724399453193525,True,135
263.547897,135,393.991755,0.6210999151819935,0.6210999151819935,0.4272320828787221,0.5257601597820785,True,135
332.502994,187,394.130165,0.5595867963246116,0.5595867963246116,0.4360451933630193,0.47889542112192834,True,187
288.681994,162,394.253836,0.7483013951856488,0.7483013951856488,0.43260361802048186,0.4576447260407983,True,162
265.547997,153,394.370093,0.47131730344332295,0.47131730344332295,0.4239954073337646,0.5404177534003423,True,153
217.208369,116,394.45807,0.5819263332023109,0.5819263332023109,0.43482609985348036,0.4895359392208981,True,116
257.908089,129,394.555818,0.5651101828497459,0.5651101828497459,0.42825284376903605,0.56415206836211,True,129
235.193794,137,394.658993,0.6540025337486715,0.6540025337486715,0.4203174888261407,0.4570383847318928,True,137
262.663631,142,394.765696,0.603949168172518,0.603949168172518,0.43095460417735304,0.5692407291168545,True,142
203.542686,122,394.860492,0.5753965555694629,0.5753965555694629,0.43505995291217375,0.5552395048706714,True,122
250.419465,149,394.969913,0.6266728241871352,0.6266728241871352,0.43593451831355606,0.4913891877864165,True,149
258.790824,130,395.067204,0.6227709122113942,0.6227709122113942,0.4178024699435637,0.4543218967981466,True,130
166.438882,110,395.150887,0.55063465847167,0.55063465847167,0.430300016894639,0.5187562753166299,True,110
214.393652,120,395.594367,0.6459895645935722,0.6459895645935722,0.4283008818265882,0.5093947252065639,True,120
365.20688,181,395.753608,0.7725681951046304,0.7725681951046304,0.4233242216305238,0.5448628539724799,True,181
199.637543,133,395.854186,0.6100682583494447,0.6100682583494447,0.43236816502274367,0.4945242638038138,True,133
159.724098,128,395.948472,0.16027616018412819,0.16027616018412819,0.41837361407475965,0.5078517084945378,True,128
250.268155,131,396.04519,0.6836652205164718,0.6836652205164718,0.4264358056698196,0.4985054977187055,True,131
191.380182,120,396.133815,0.6221618046250226,0.6221618046250226,0.4268553239896468,0.5271443314259515,True,120
217.334198,129,396.229975,0.6695081768870108,0.6695081768870108,0.4230241607648387,0.48987198825952516,True,129
269.044448,135,396.328949,0.5494228708430791,0.5494228708430791,0.42624317888168145,0.5221486793645229,True,135
269.485641,141,396.432546,0.6281436323879013,0.6281436323879013,0.42626715164724127,0.5121134859156025,True,141
248.337505,136,396.53388,0.6748867283644139,0.6748867283644139,0.4304090112131104,0.5054346101607282,True,136
184.329492,116,396.62063,0.6582985700004079,0.6582985700004079,0.4269388170631583,0.46420763137872706,True,116
319.048907,188,396.761491,0.6095542378326361,0.6095542378326361,0.4284926846709382,0.5155730915582757,True,188
311.624884,175,396.894938,0.7475003593728397,0.7475003593728397,0.43104394780501565,0.44076110890581355,True,175
239.273325,123,396.986243,0.5817916007481919,0.5817916007481919,0.4149273776028733,0.4393669653787673,True,123
329.756758,145,397.723471,0.5162407873416764,0.5162407873416764,0.42881138413678155,0.5213114004166903,True,145
269.53891,151,397.877957,0.6587538582327647,0.6587538582327647,0.4197602350486951,0.521490107316342,True,151
230.939913,144,397.985729,0.7004505610609264,0.7004505610609264,0.42376004538156903,0.505378922541127,True,144
233.382855,126,398.080069,0.6645404265998724,0.6645404265998724,0.4321879342435917,0.6292776096088006,True,126
194.475969,123,398.171695,0.674347501860935,0.674347501860935,0.4243520563753559,0.5089307504100009,True,123
221.451514,138,398.276031,0.6510179985951278,0.6510179985951278,0.42810398949918643,0.4337385293714931,True,138
247.268589,119,398.365927,0.5983721493254747,0.5983721493254747,0.42298482322946007,0.506546890134536,True,119
232.136054,128,398.463217,0.6430392947095797,0.6430392947095797,0.43599118500760925,0.4623004553129415,True,128
277.755483,145,398.572335,0.6828394378291698,0.6828394378291698,0.42953348705026145,0.5092484018599459,True,145
249.121959,128,398.671786,0.657776272356962,0.657776272356962,0.4205085347293232,0.48608080610647403,True,128
138.740071,202,398.828604,-0.16110528873179375,-0.16110528873179375,0.46348680591574243,0.44951122213513106,True,202
268.934877,135,398.932824,0.6123335907457482,0.6123335907457482,0.4348136119708801,0.60907544923964,True,135
240.797765,143,399.039016,0.5919680324201555,0.5919680324201555,0.41718634743083294,0.5230248215489537,True,143
239.274126,120,399.130213,0.5600008790869729,0.5600008790869729,0.42588380851669283,0.5232805991927012,True,120
242.149327,132,399.232322,0.6235727684912217,0.6235727684912217,0.4332025416421555,0.5304482223720206,True,132
205.653822,120,399.738067,0.6192128866949435,0.6192128866949435,0.4332870857684504,0.5043924396075495,True,120
222.671747,121,399.855272,0.6167691590466616,0.6167691590466616,0.4343337255193342,0.4393060436788697,True,121
245.432008,127,399.955617,0.656378710244329,0.656378710244329,0.42400820290463065,0.4530116630228377,True,127
281.327968,135,400.056343,0.575973129473194,0.575973129473194,0.4256253938600814,0.6226388769272343,True,135
221.911297,124,400.146568,0.5209659482465782,0.5209659482465782,0.41796712781043305,0.4268072360588019,True,124
246.372373,146,400.256166,0.6858163637882141,0.6858163637882141,0.43092602640737865,0.5300125190503201,True,146
207.248049,138,400.35763,0.6739382920069669,0.6739382920069669,0.4252215512688498,0.456883366266566,True,138
228.54156,122,400.44628,0.6153632787094813,0.6153632787094813,0.4171333122897998,0.5073244001516831,True,122
274.517433,137,400.546051,0.6963130664852998,0.6963130664852998,0.42505119985962914,0.5394063334104866,True,137
209.048001,115,400.630854,0.5703640013488669,0.5703640013488669,0.42675104407260417,0.49465906098276907,True,115
219.323549,119,400.718591,0.6130801449160576,0.6130801449160576,0.42959643665348257,0.47022988707916674,True,119
240.474646,132,400.814511,0.6117999594734547,0.6117999594734547,0.4360188428479472,0.5254294757162595,True,132
244.771879,139,400.916353,0.711648985991656,0.711648985991656,0.42600107352906796,0.4522135001857012,True,139
263.750265,143,401.020249,0.6850279035253749,0.6850279035253749,0.41930012061786703,0.5419287794225666,True,143
239.063986,129,401.116529,0.6575225058328739,0.6575225058328739,0.4559304676883427,0.44343724418483776,True,129
237.560774,121,401.206699,0.6720981174056686,0.6720981174056686,0.41686259616842847,0.5237309669736777,True,121
242.147465,140,401.642815,0.6638816345856472,0.6638816345856472,0.43475277030008835,0.5320517980614318,True,140
260.103122,137,401.777536,0.6399353399618363,0.6399353399618363,0.4360025296863091,0.5721407108945462,True,137
227.56576,125,401.867211,0.6270866062395417,0.6270866062395417,0.431010732845459,0.5513326858563775,True,125
241.230268,125,401.961735,0.553931888996393,0.553931888996393,0.43593242990572584,0.5172368894263457,True,125
203.321249,124,402.049989,0.6304911554030894,0.6304911554030894,0.42407162137890453,0.5392922677358166,True,124
239.361884,153,402.1633,0.642823073579254,0.642823073579254,0.4291855913217478,0.48368318510251834,True,153
215.4688,122,402.258436,0.7006961457437574,0.7006961457437574,0.4198312068338546,0.507957582077449,True,122
301.058766,152,402.371459,0.6581004799941584,0.6581004799941584,0.4316942769933196,0.6228615676480943,True,152
273.981178,127,402.466044,0.38074732705186193,0.38074732705186193,0.41538988758517864,0.4826292287366851,True,127
267.807348,133,402.563336,0.7085206140972128,0.7085206140972128,0.43118075592717886,0.5672495600014972,True,133
279.517947,166,402.688064,0.6227588999261532,0.6227588999261532,0.4353608144130455,0.5309932658396186,True,166
270.985576,141,402.793896,0.6169366341375558,0.6169366341375558,0.4277924592988755,0.551205435325469,True,141
291.286826,156,402.909696,0.6455151172365421,0.6455151172365421,0.42630400301528076,0.6169917016524483,True,156
255.23949,130,403.004287,0.6683801192530431,0.6683801192530431,0.4357537884847555,0.5029422395173795,True,130
240.873604,130,403.101222,0.6480856180300933,0.6480856180300933,0.41698106901699916,0.5425298195399357,True,130
212.38429,120,403.597591,0.6247450808201037,0.6247450808201037,0.42580668507726416,0.4710253468780327,True,120
303.144132,161,403.748527,0.7707301830609451,0.7707301830609451,0.435573037299504,0.5039508237057132,True,161
189.31526,123,403.83792,0.6331803994890921,0.6331803994890921,0.43390542354091294,0.598853759076696,True,123
165.235302,119,403.924983,0.5915806520734809,0.5915806520734809,0.43377209506296927,0.5036208825998515,True,119
288.849359,134,404.0228,0.5418156519902607,0.5418156519902607,0.4212761898199142,0.5746625236356173,True,134
242.707228,131,404.121032,0.642474895453894,0.642474895453894,0.4298885213296293,0.5410405281450026,True,131
305.322432,148,404.233139,0.48515421840933365,0.48515421840933365,0.42988736284754375,0.5686193737801464,True,148
284.556167,144,404.341313,0.6665973445243221,0.6665973445243221,0.4266452982275695,0.48079542960628535,True,144
199.775721,132,404.441344,0.6582025543127878,0.6582025543127878,0.42570695139572806,0.5084304565870909,True,132
262.490455,123,404.534628,0.6548746169394584,0.6548746169394584,0.4328674251791291,0.5593267880837929,True,123
195.620545,121,404.626141,0.5815611373326669,0.5815611373326669,0.42191531101989765,0.509241524314374,True,121
233.409958,132,404.737475,0.610464941404332,0.610464941404332,0.43594790698262864,0.6136463714085092,True,132
220.107606,118,404.826639,0.6446071466263626,0.6446071466263626,0.43356710027935136,0.49454922775515087,True,118
174.848515,144,404.936216,0.17032831250508398,0.17032831250508398,0.431579472520715,0.602218907262476,True,144
242.597917,132,405.034942,0.6532780401895091,0.6532780401895091,0.4236793691378651,0.5703229364870512,True,132
275.213508,160,405.968966,0.6031980657061737,0.6031980657061737,0.421194266764803,0.5007990224470672,True,160
241.555422,149,406.103271,0.6835758349392026,0.6835758349392026,0.4187514614981604,0.5082802514833707,True,149
258.481453,142,406.215787,0.7633952371478776,0.7633952371478776,0.4221053580701109,0.4765313746614856,True,142
309.740795,171,406.344953,0.6272004821898046,0.6272004821898046,0.4303254691027133,0.4817411369995334,True,171
419.918194,247,406.533483,0.783389596059894,0.783389596059894,0.42018491527038104,0.48152087544452216,True,247
222.628958,124,406.629335,0.6013465445242152,0.6013465445242152,0.43075852242633317,0.5808314543967389,True,124
265.765029,139,406.734905,0.6867014502264244,0.6867014502264244,0.41956230780309384,0.44052290375553976,True,139
219.312852,131,406.835269,0.6668489807521999,0.6668489807521999,0.43518190348397523,0.5112099124905538,True,131
209.68875,134,406.933993,0.6622129449020983,0.6622129449020983,0.4357565384786556,0.49412660071795705,True,134
282.794561,163,407.054736,0.673824018613143,0.673824018613143,0.4318961462977683,0.4799913100798158,True,163
227.519359,115,407.139964,0.5587550514867637,0.5587550514867637,0.43576631548387573,0.5613529246923169,True,115
242.300667,133,407.23819,0.7059198771553642,0.7059198771553642,0.4224410041685925,0.4981863193101767,True,133
152.990257,176,407.368571,-0.11556620330704925,-0.11556620330704925,0.5827966222219098,0.4338020592586298,True,176
240.713712,145,407.475277,0.6279553420943124,0.6279553420943124,0.42616722532145285,0.4808849883146975,True,145
218.864451,139,408.149761,0.6658929810914992,0.6658929810914992,0.4249994371926661,0.506908136014722,True,139
220.340677,128,408.266314,0.6479454223149027,0.6479454223149027,0.42540394519365005,0.5625451924262799,True,128
215.924943,134,408.366992,0.6878481513405773,0.6878481513405773,0.4407048499479372,0.44046125962115346,True,134
156.345574,200,408.520659,-0.1541603623640068,-0.1541603623640068,0.45578482853952673,0.44312572467276046,True,200
244.338556,142,408.624423,0.6888162721768528,0.6888162721768528,0.4272315050752911,0.525503409584573,True,142
357.391928,183,408.761388,0.6851979673783923,0.6851979673783923,0.42356160634198664,0.5130120325576386,True,183
194.879411,111,408.844469,0.5564193213679117,0.5564193213679117,0.434004516969725,0.5064400840927574,True,111
230.92671,127,408.938112,0.6244530312298467,0.6244530312298467,0.4253741330759208,0.6078532944034487,True,127
228.468319,126,409.029023,0.669443257920188,0.669443257920188,0.4323786831619744,0.423957893488327,True,126
204.947139,130,409.130357,0.5886991064856394,0.5886991064856394,0.43247347201643743,0.5501786112002869,True,130
188.824738,106,409.208639,0.6227547758463376,0.6227547758463376,0.4228638941051107,0.47888254126968166,True,106
249.224639,131,409.304029,0.5982833685830334,0.5982833685830334,0.4194783222156852,0.5488057055392725,True,131
244.126186,121,409.392245,0.6539166942766101,0.6539166942766101,0.4347264764524972,0.4928477354645121,True,121
281.04103,151,409.506144,0.6742929904943588,0.6742929904943588,0.422533562227841,0.4743267907558388,True,151
219.618776,135,409.604506,0.6148740546339297,0.6148740546339297,0.43475585058494876,0.547906606746516,True,135
186.416582,110,410.50013,0.4812413496058396,0.4812413496058396,0.42818809114415435,0.5786169094081267,True,110
426.754414,236,410.697185,0.7164090872548918,0.7164090872548918,0.4289805177866401,0.6117651176148464,True,236
242.708446,133,410.795634,0.7410086561974979,0.7410086561974979,0.427013707217471,0.4440974165774772,True,133
238.660565,125,410.888517,0.6560897748822493,0.6560897748822493,0.4313217722876653,0.5092933003130831,True,125
249.185806,130,410.986731,0.6463048193898859,0.6463048193898859,0.4213161413282305,0.44659241807281025,True,130
269.49108,132,411.083211,0.7056807287202705,0.7056807287202705,0.41981737326380636,0.534561283641232,True,132
271.153544,132,411.182517,0.637193398881684,0.637193398881684,0.4360085191550053,0.5222020130856756,True,132
233.389859,137,411.283039,0.7468804365929916,0.7468804365929916,0.42803127233216265,0.500657553782336,True,137
296.692229,163,411.402652,0.7246446698722777,0.7246446698722777,0.4335194075260288,0.4726500067220356,True,163
203.808562,121,411.491087,0.6479057130190419,0.6479057130190419,0.4272376690440375,0.5068135896052546,True,121
198.125566,123,411.580524,0.675871217939209,0.675871217939209,0.4209110311199714,0.5406314467936674,True,123
253.093392,144,411.689411,0.5990723316948826,0.5990723316948826,0.4264393457626621,0.5915425098505593,True,144
233.524071,131,411.786717,0.6405862363589179,0.6405862363589179,0.4246281777771927,0.558162981808267,True,131
157.147096,202,411.942817,-0.27699285637840443,-0.27699285637840443,0.49597735956212907,0.4306239599322756,True,202
370.5003,221,412.733655,0.6410932048721776,0.6410932048721776,0.43007551685874706,0.521339692743268,True,221
285.499989,133,412.829316,0.6400532523436099,0.6400532523436099,0.4347321999138352,0.5490060828544223,True,133
212.792101,125,412.917201,0.5945161767871003,0.5945161767871003,0.42415106154504706,0.4636056956591349,True,125
232.285514,132,413.013643,0.7213090943753089,0.7213090943753089,0.43183415453588697,0.4889828683151167,True,132
191.43522,127,413.107867,0.6128402821067233,0.6128402821067233,0.4252978053248052,0.5454247682887245,True,127
225.585465,126,413.205697,0.5713822350500654,0.5713822350500654,0.42175808459949266,0.4919052477577251,True,126
237.359214,128,413.303156,0.6393329477813323,0.6393329477813323,0.4333098724658317,0.5547393688022009,True,128
254.069095,129,413.397945,0.6059104823362857,0.6059104823362857,0.431226376291496,0.5190415696896363,True,129
245.605136,132,413.495193,0.6055001830926058,0.6055001830926058,0.4179865408025888,0.5937722146293845,True,132
264.262789,135,413.593662,0.6199128047074317,0.6199128047074317,0.427731908011305,0.5408363308771839,True,135
262.801178,142,413.696127,0.7446743100085278,0.7446743100085278,0.4263140273633839,0.4582328815315283,True,142
348.532269,185,413.833515,0.7200846499241859,0.7200846499241859,0.43612532780274166,0.5238518220136308,True,185
251.630294,146,413.942091,0.6863212632583338,0.6863212632583338,0.4267448911823284,0.5339959117489652,True,146
328.959251,172,414.06804,0.7675592482422385,0.7675592482422385,0.4262684926761542,0.4509067886500955,True,172
219.595183,124,414.639398,0.6672169795070296,0.6672169795070296,0.4355752418635895,0.553682064175999,True,124
310.644826,151,414.794662,0.6709127015408771,0.6709127015408771,0.43362099973643103,0.43988097242011537,True,151
200.568654,115,414.880121,0.6204054243016117,0.6204054243016117,0.4199228907321316,0.5504196305260097,True,115
263.315697,174,415.009216,0.6893590008934929,0.6893590008934929,0.4272513725490626,0.4999041864898299,True,174
280.18039,127,415.106964,0.47480069351569254,0.47480069351569254,0.43402815631047353,0.5305659807273628,True,127
237.083531,127,415.202441,0.614788867979458,0.614788867979458,0.4147851299363737,0.43785750799993667,True,127
226.241111,128,415.298521,0.5410209025021162,0.5410209025021162,0.430552066084872,0.5463976461698572,True,128
267.155789,131,415.392786,0.63646814807986,0.63646814807986,0.4251819144045229,0.5399480046648006,True,131
222.475992,133,415.493655,0.6574524428685405,0.6574524428685405,0.42096793576756203,0.4633977432536083,True,133
233.630637,140,415.597646,0.6942895987080085,0.6942895987080085,0.42036594063266924,0.48247079377034385,True,140
196.758617,116,415.684942,0.6363904879945504,0.6363904879945504,0.4342214317330028,0.5058429745275139,True,116
234.63753,137,415.78895,0.7234920175081039,0.7234920175081039,0.42951036875560733,0.506972465580108,True,137
226.149982,126,415.884362,0.6646168284919947,0.6646168284919947,0.42531360044619065,0.484235626699976,True,126
242.230829,135,415.983576,0.722202582585935,0.722202582585935,0.4334290052522365,0.5042322715406818,True,135
261.218059,135,416.084878,0.6772925484597295,0.6772925484597295,0.4356849542636022,0.5000260849896818,True,135
207.863492,128,416.40445,0.6413285426667492,0.6413285426667492,0.4259307952977595,0.6144816704673836,True,128
267.310242,143,416.552423,0.36175339495108216,0.36175339495108216,0.4273186993857761,0.5321997972435456,True,143
199.938298,118,416.648744,0.6693868977334039,0.6693868977334039,0.4299905787106921,0.4846313925933913,True,118
240.422993,139,416.749489,0.6694079185115334,0.6694079185115334,0.4229828936356792,0.5342750275026894,True,139
244.39706,150,416.859265,0.637783293908012,0.637783293908012,0.4213802909434441,0.4441380950870285,True,150
329.533892,167,416.98634,0.7359593535218957,0.7359593535218957,0.4242591488986679,0.43702360432097875,True,167
246.60378,123,417.076884,0.6335154303018882,0.6335154303018882,0.4339014270056948,0.5855768637516999,True,123
212.67492,118,417.160695,0.6167792372614604,0.6167792372614604,0.4205697748539976,0.5571573923093661,True,118
203.370929,123,417.253049,0.6686403182582376,0.6686403182582376,0.43678493083460135,0.4498607122767514,True,123
317.038015,172,417.379,0.6883595387645131,0.6883595387645131,0.4285752267743181,0.5166838943420893,True,172
221.53583,134,417.477905,0.6539146865384425,0.6539146865384425,0.42770195063649286,0.5579698378535038,True,134
253.03334,137,417.579022,0.6823550994440232,0.6823550994440232,0.4332963912176643,0.5543375338355458,True,137
266.886687,120,417.670754,0.3960331214957461,0.3960331214957461,0.4350337172435889,0.4580171233868843,True,120
288.191738,153,417.78288,0.6935642081931148,0.6935642081931148,0.42383374094565246,0.4890965825430611,True,153
290.991886,142,417.888853,0.6955178277850652,0.6955178277850652,0.42295994174194906,0.4445866661342044,True,142
207.979336,129,418.480199,0.6891112042705906,0.6891112042705906,0.4315642426557978,0.49149804339304903,True,129
288.543216,150,418.650303,0.7393533059132874,0.7393533059132874,0.4204237297551566,0.4589847616222109,True,150
254.003253,129,418.746496,0.6712610092945965,0.6712610092945965,0.4256958202222439,0.5631968606349361,True,129
312.464998,166,418.875514,0.31937121066521773,0.31937121066521773,0.4250722812934046,0.5436455641598801,True,166
236.672893,126,418.966474,0.6493433923290536,0.6493433923290536,0.4169425139692316,0.4725196497312748,True,126
248.620702,133,419.06318,0.6693160926222578,0.6693160926222578,0.429728427876667,0.44312836346851686,True,133
226.976278,127,419.158409,0.6169623169044947,0.6169623169044947,0.4250101645649727,0.5318444073747122,True,127
215.593338,118,419.245901,0.6388717918593707,0.6388717918593707,0.4267874321777935,0.5251048251348903,True,118
285.930378,164,419.363757,0.6899194739198914,0.6899194739198914,0.41660908881317416,0.4815348617702182,True,164
294.28212,168,419.487973,0.7291187071965126,0.7291187071965126,0.4180290484044507,0.5018624752514306,True,168
211.618778,121,419.578346,0.5951998520934358,0.5951998520934358,0.4278749547500274,0.4971476472350277,True,121
226.762929,111,419.660976,0.584489615691422,0.584489615691422,0.4389606229658194,0.42644088357545995,True,111
274.444025,158,419.778637,0.5403167275982967,0.5403167275982967,0.41981724504494494,0.5870722998457432,True,158
349.612975,166,419.899741,0.7406246467300728,0.7406246467300728,0.43357370477302454,0.5310207488941265,True,166
307.086196,133,419.998172,0.5206394748288686,0.5206394748288686,0.42049354815734313,0.531027141004972,True,133
247.286344,136,420.658685,0.6894172448437006,0.6894172448437006,0.43128269928074736,0.4686266748460076,True,136
214.87694,131,420.793864,0.6270108298828112,0.6270108298828112,0.42906243099858427,0.4646808423092805,True,131
279.099033,136,420.89219,0.7011679296474237,0.7011679296474237,0.4295001045168739,0.49622770981908343,True,136
303.546892,158,421.008995,0.6982874477169393,0.6982874477169393,0.430325806059416,0.5223909908833598,True,158
253.917131,270,421.208776,-0.1662658442284975,-0.1662658442284975,0.483595931062716,0.4443536785067063,True,270
277.631212,145,421.315083,0.5399493411847321,0.5399493411847321,0.4348436277129352,0.48831421510206113,True,145
227.799667,132,421.415995,0.6305654658746145,0.6305654658746145,0.4352976687877065,0.5610589648368653,True,132
248.428376,132,421.512129,0.5556227596034699,0.5556227596034699,0.428599234716888,0.4886191823356533,True,132
253.794987,132,421.60782,0.6321659013361546,0.6321659013361546,0.4329647974853231,0.5211096803864873,True,132
227.434468,129,421.704047,0.6353149547921811,0.6353149547921811,0.4322735319959256,0.4819443746180797,True,129
310.966646,152,421.814781,0.6196529642722723,0.6196529642722723,0.4259293672180129,0.45277432286851704,True,152
233.905552,137,421.915022,0.6984295360078597,0.6984295360078597,0.4195113487577853,0.6014313118106205,True,137
220.893645,122,422.002308,0.5634151062824339,0.5634151062824339,0.43202390116991307,0.5821474878034252,True,122
273.405872,137,422.106438,0.5895234085761437,0.5895234085761437,0.4219169608114836,0.5288372037761639,True,137
243.568465,120,422.754189,0.6307414436696617,0.6307414436696617,0.43178617226724014,0.5251056145569819,True,120
268.931753,151,422.899592,0.7493579355572337,0.7493579355572337,0.4233971148675587,0.5279990781083517,True,151
127.705067,185,423.037222,-0.2845110415663575,-0.2845110415663575,0.5506404532342001,0.4473468970363459,True,185
166.956511,218,423.199539,-0.25444640307460015,-0.25444640307460015,0.5089879537673552,0.43988133927301654,True,218
260.857146,130,423.294014,0.6978820402319843,0.6978820402319843,0.42982477926474744,0.47822449925786015,True,130
232.732382,124,423.384011,0.6444533966360396,0.6444533966360396,0.426238671401162,0.5429270683123797,True,124
250.847648,135,423.484586,0.5522746627115555,0.5522746627115555,0.4286201451641904,0.4823277830290943,True,135
240.780329,146,423.591947,0.6952903719843986,0.6952903719843986,0.4359658126909347,0.49376834261420954,True,146
364.818145,198,423.739482,0.7804465366493537,0.7804465366493537,0.4358475209369791,0.48076963480420853,True,198
222.836297,119,423.826123,0.5522928711172407,0.5522928711172407,0.42155475865739456,0.5142041367591023,True,119
264.355897,130,423.923968,0.6736331723661447,0.6736331723661447,0.4313804128796285,0.5948258881296025,True,130
297.630522,188,424.06386,0.504783098358117,0.504783098358117,0.41954235198574796,0.5513619945326251,True,188
241.652931,143,424.171455,0.7153726461898314,0.7153726461898314,0.4253844357727035,0.4939874069843615,True,143
231.758742,134,425.099086,0.6952679256932509,0.6952679256932509,0.4447083124045655,0.41786839013402477,True,134
292.42021,151,425.249787,0.6860215812100161,0.6860215812100161,0.42352354371267953,0.5219300986805064,True,151
280.899783,147,425.366392,0.6862880239496364,0.6862880239496364,0.4306701892386709,0.5852177294932022,True,147
264.517122,119,425.4536,0.5245151190563766,0.5245151190563766,0.433481129075584,0.5653576599375683,True,119
136.020953,159,425.56973,0.02581764950626028,0.02581764950626028,0.5902943642055649,0.4411208242715948,True,159
258.940264,128,425.663295,0.7262247191091176,0.7262247191091176,0.4338872150623178,0.5465605681971053,True,128
305.498367,159,425.782765,0.6609234524706533,0.6609234524706533,0.4330834918531414,0.48839691905010757,True,159
299.364119,141,425.886011,0.68821393407399,0.68821393407399,0.4206313150778544,0.4413709090227873,True,141
208.575001,125,425.978184,0.6026152580300486,0.6026152580300486,0.4350898268414849,0.5653223642642744,True,125
272.346407,140,426.08077,0.6573856410138098,0.6573856410138098,0.42746749942033135,0.4707751108245431,True,140
291.671841,173,426.20966,0.6875331992421725,0.6875331992421725,0.4239633318252136,0.5695294373857683,True,173
253.404965,132,426.309036,0.6061150064130069,0.6061150064130069,0.4171451257780617,0.45009330280005794,True,132
244.789468,139,426.413991,0.5751235006529684,0.5751235006529684,0.43327240749528745,0.5390804555880897,True,139
231.158934,126,426.509468,0.6621026273295576,0.6621026273295576,0.4296335202296203,0.5068324845737449,True,126
270.517546,144,426.616799,0.7003765147051243,0.7003765147051243,0.4246567271091119,0.4558101861761767,True,144
201.367434,116,426.961876,0.599747482907127,0.599747482907127,0.42931512884818346,0.5333581824568802,True,116
269.770301,149,427.115429,0.6709557529811194,0.6709557529811194,0.4359044700774899,0.6406982157152412,True,149
264.002697,134,427.212441,0.6889608998113976,0.6889608998113976,0.4285449820131486,0.49207082425452336,True,134
271.643233,138,427.312901,0.604208078162067,0.604208078162067,0.42543789312018815,0.5611737321232994,True,138
138.756842,197,427.458836,-0.22414699344536193,-0.22414699344536193,0.5957751692759559,0.44575128615436915,True,197
195.531459,126,427.54973,0.5685541384817732,0.5685541384817732,0.43199890646086353,0.4932460434273906,True,126
290.838206,162,427.671674,0.6679989201181981,0.6679989201181981,0.4472985676547077,0.4469905389808947,True,162
225.697691,121,427.760721,0.6831777821808158,0.6831777821808158,0.42666568958808765,0.5513036274489788,True,121
249.111172,141,427.865524,0.7137043596793508,0.7137043596793508,0.4321663893766802,0.42808523825029066,True,141
283.032361,152,427.975971,0.6748142310940178,0.6748142310940178,0.4259963854021549,0.5385990300137926,True,152
253.616151,137,428.075716,0.7015845139462317,0.7015845139462317,0.4237602797118133,0.5482690136466869,True,137
121.294823,157,428.193277,-0.15250491789909626,-0.15250491789909626,0.5681053752366981,0.42080125157728687,True,157
284.812508,155,428.307338,0.5905293409717063,0.5905293409717063,0.42961450570572135,0.5191526423042112,True,155
264.487264,150,428.42079,0.5841000729027401,0.5841000729027401,0.4256653084722559,0.5136749924316091,True,150
219.765859,122,429.210915,0.6334699132577899,0.6334699132577899,0.43596086274810836,0.4971830198701346,True,122
242.004825,123,429.323383,0.6325382851978636,0.6325382851978636,0.4275001743523724,0.4929507736642592,True,123
285.544139,148,429.430741,0.6706710392221368,0.6706710392221368,0.4341172426104113,0.5198670731664128,True,148
285.693122,142,429.537081,0.7024193256974787,0.7024193256974787,0.4281558313346087,0.5035013633955737,True,142
242.165502,141,429.642779,0.659257469441419,0.659257469441419,0.4280952684332942,0.4615895544184795,True,141
225.910838,117,429.731937,0.6328965798156632,0.6328965798156632,0.4304226457154729,0.5124578455881402,True,117
300.739795,153,429.845235,0.785910046422149,0.785910046422149,0.41491011835631886,0.512556898641452,True,153
270.932561,149,429.958214,0.6122385960153869,0.6122385960153869,0.42114442965566085,0.5181653474567277,True,149
360.480991,179,430.091727,0.6275794276493425,0.6275794276493425,0.43126991376011375,0.5378086568087751,True,179
287.020501,161,430.211529,0.733445174718665,0.733445174718665,0.41631225792671245,0.5338293712578448,True,161
223.77206,137,430.312273,0.6446968435741588,0.6446968435741588,0.4194152711634234,0.4749079034569141,True,137
298.672263,150,430.424928,0.36533083613000905,0.36533083613000905,0.43490405770709084,0.541478025864027,True,150
203.150851,132,430.524902,0.6778437656674335,0.6778437656674335,0.42371893855685905,0.48404669907581305,True,132
279.087058,153,430.638167,0.6779267186039184,0.6779267186039184,0.4198426672844209,0.46544615059802597,True,153
184.381906,116,431.257512,0.6785448948040528,0.6785448948040528,0.43245022639445047,0.5099412254635359,True,116
227.86383,133,431.386835,0.5790200861712428,0.5790200861712428,0.43372391962516016,0.5810798090658593,True,133
253.420727,149,431.50581,0.72973429433164,0.72973429433164,0.4181184975011264,0.524531555875562,True,149
245.272632,143,431.610947,0.6718326523228333,0.6718326523228333,0.4250793757602649,0.5079707069086251,True,143
291.207127,155,431.724972,0.7041240526069431,0.7041240526069431,0.4337325590730433,0.5079371813557746,True,155
260.173305,143,431.827042,0.6791040845134457,0.6791040845134457,0.4275230474410036,0.4699755650446756,True,143
249.109003,128,431.921829,0.6760780853596132,0.6760780853596132,0.43081451637976464,0.563987154111377,True,128
249.060288,137,432.022658,0.6544305723974874,0.6544305723974874,0.4163825805399841,0.4680453304463035,True,137
258.930401,126,432.114679,0.6085248767419643,0.6085248767419643,0.4241583869619054,0.5249686337109903,True,126
245.131773,127,432.208787,0.6550840115658015,0.6550840115658015,0.43359187019636625,0.5713473263265308,True,127
270.336113,145,432.312182,0.7274839762092342,0.7274839762092342,0.43165570105635664,0.524882468145507,True,145
246.899683,124,432.403402,0.5129976043709916,0.5129976043709916,0.4279942129034525,0.6272617802579852,True,124
252.407776,140,432.507977,0.5988585386298839,0.5988585386298839,0.41706041721296544,0.4542499319474396,True,140
242.795806,117,432.593096,0.6356305130549729,0.6356305130549729,0.4178080127545549,0.4479333197440524,True,117
316.502007,151,432.705709,0.7583266626460365,0.7583266626460365,0.41484703907220827,0.5075543473513427,True,151
130.345898,176,433.253464,-0.18743051987493028,-0.18743051987493028,0.4972786102976564,0.44352111803893696,True,176
206.490465,125,433.382667,0.6444508218887631,0.6444508218887631,0.43324102668273773,0.5044509740281119,True,125
228.341848,120,433.468939,0.6094676152197759,0.6094676152197759,0.42217797539361074,0.48953905288487054,True,120
237.865676,124,433.560441,0.6481437497275067,0.6481437497275067,0.43021350095663824,0.4685381893946248,True,124
237.220363,116,433.64461,0.6104117443611846,0.6104117443611846,0.42607228136854697,0.45237678295155503,True,116
249.240017,139,433.748142,0.719589212709005,0.719589212709005,0.41686145254210183,0.45220275098327173,True,139
280.139801,143,433.853316,0.711988645264636,0.711988645264636,0.42524742851292885,0.5024766871910648,True,143
215.24045,129,433.9473,0.6163228344019908,0.6163228344019908,0.42241294318826783,0.43624346525467816,True,129
294.57794,141,434.049061,0.6743109976517029,0.6743109976517029,0.42058968337335756,0.5024795532047267,True,141
259.204037,135,434.146784,0.5849556857725696,0.5849556857725696,0.4339691260640699,0.5185168207107782,True,135
249.417551,132,434.245958,0.6023802289862852,0.6023802289862852,0.42961642784566817,0.572816802564721,True,132
271.935527,128,434.339186,0.6375241817692429,0.6375241817692429,0.4160387057410122,0.44433135211054675,True,128
284.762508,132,434.436675,0.6379206672775165,0.6379206672775165,0.4358126965398554,0.5151516023654513,True,132
214.109502,116,434.520748,0.6033166601434178,0.6033166601434178,0.41497775133667986,0.4642398272502563,True,116
252.388223,133,434.620094,0.695920264475298,0.695920264475298,0.4247914869429858,0.4748039780446348,True,133
149.901498,172,435.20229,-0.18570813335979053,-0.18570813335979053,0.5306132301935684,0.4422097828296993,True,172
283.670064,144,435.347665,0.7029402694475354,0.7029402694475354,0.42842649606872707,0.49329496157202224,True,144
267.048145,129,435.457451,0.6199926759615874,0.6199926759615874,0.4266544214341796,0.54417814757086,True,129
243.087402,126,435.55044,0.6516513992514937,0.6516513992514937,0.4502247920436802,0.4484803255054509,True,126
265.999382,125,435.641156,0.4781824490729776,0.4781824490729776,0.43178163692132604,0.6380819964718522,True,125
264.364269,134,435.737471,0.6452573267689111,0.6452573267689111,0.4311407169555412,0.5186780702027372,True,134
249.534705,139,435.842244,0.7436073378766805,0.7436073378766805,0.41761417727288463,0.47666727900455785,True,139
268.670056,147,435.951665,0.7114991544710626,0.7114991544710626,0.43260423434351103,0.5046834643467315,True,147
316.634491,161,436.073048,0.6338049671611234,0.6338049671611234,0.4175443411847828,0.46637767432443933,True,161
279.027275,150,436.187534,0.5888768164839369,0.5888768164839369,0.42149229590788023,0.4681527199225018,True,150
140.694851,172,436.315706,-0.24534187922829312,-0.24534187922829312,0.5684827358603048,0.4205459596972801,True,172
283.149288,142,436.418196,0.7854359607412966,0.7854359607412966,0.4324969025053605,0.47597359492863967,True,142
262.866224,135,436.516872,0.7092562231914169,0.7092562231914169,0.4256750477956338,0.4439167538842737,True,135
231.702012,126,436.611374,0.661300187411838,0.661300187411838,0.43733140794666947,0.43212467090254286,True,126
220.335097,129,436.707585,0.6155133527391164,0.6155133527391164,0.4289689373394752,0.5890741433945162,True,129
270.336771,145,437.284115,0.7030773289608148,0.7030773289608148,0.4261637990449975,0.49014369939308,True,145
223.666106,140,437.438673,0.6900352229726174,0.6900352229726174,0.4297785493283397,0.5049759843673771,True,140
107.197436,166,437.560375,-0.24999989982464468,-0.24999989982464468,0.589504586215579,0.4260473742316162,True,166
278.896076,144,437.669333,0.6497321872457603,0.6497321872457603,0.4193196237211864,0.46554146129581936,True,144
260.551323,125,437.764309,0.6818938993988914,0.6818938993988914,0.42819966113944335,0.514881211113177,True,125
261.908336,137,437.869749,0.739788788913611,0.739788788913611,0.4257841015479024,0.5175826050178141,True,137
266.230322,123,437.959791,0.6309264331105477,0.6309264331105477,0.42035181333462296,0.5151643914345115,True,123
257.111872,135,438.057174,0.6585764465367872,0.6585764465367872,0.4256755605810174,0.4870204738883649,True,135
255.913162,149,438.175447,0.6825676668389151,0.6825676668389151,0.42169777098607225,0.4876062866317138,True,149
312.278239,139,438.285254,0.45999372707346525,0.45999372707346525,0.42878318664971843,0.565596728493442,True,139
227.609308,131,438.383811,0.6961581127166996,0.6961581127166996,0.42558886160932496,0.41515842482730214,True,131
254.471613,139,438.484963,0.7085167805730325,0.7085167805730325,0.4258013692850218,0.4722839516785033,True,139
275.83009,154,438.597546,0.7306927007532927,0.7306927007532927,0.4356966776528613,0.5422194371901995,True,154
285.099854,143,438.703861,0.7365003421642589,0.7365003421642589,0.42368411930161753,0.5487918965956421,True,143
239.222312,132,438.801177,0.6314762993634688,0.6314762993634688,0.42462877695543544,0.49734911260562437,True,132
247.184157,142,439.402578,0.7276070094506448,0.7276070094506448,0.43007553625720923,0.5040155880581586,True,142
258.46993,144,439.524909,0.6625069078972274,0.6625069078972274,0.4346712924036674,0.4489327476890132,True,144
253.793407,126,439.61629,0.648906485131719,0.648906485131719,0.4296946703291696,0.4807210993026089,True,126
282.736952,146,439.722526,0.5907804375827063,0.5907804375827063,0.4349200237159326,0.49981752857668127,True,146
194.936745,125,439.812825,0.6943498215150412,0.6943498215150412,0.4339197403004802,0.5049664396159596,True,125
244.598768,144,439.917686,0.6513727689000721,0.6513727689000721,0.4314483744881706,0.5154219100439456,True,144
264.982812,144,440.027174,0.7100041992038882,0.7100041992038882,0.4311230671808056,0.5833615541787563,True,144
237.295825,132,440.124492,0.6732758563077379,0.6732758563077379,0.43300203522579417,0.4658478208299329,True,132
211.216581,114,440.211232,0.6514246399390288,0.6514246399390288,0.42274442616553826,0.5155565011021166,True,114
229.70945,131,440.306204,0.5773433486558481,0.5773433486558481,0.4292666400643594,0.5984217774503481,True,131
251.778221,129,440.401181,0.6705220701204317,0.6705220701204317,0.42733432812988187,0.5085548221142334,True,129
205.95374,122,440.490691,0.6235385375354111,0.6235385375354111,0.42316547272993205,0.5403061963537322,True,122
172.185653,238,440.66498,-0.22114043641069006,-0.22114043641069006,0.4959522807037139,0.44963472912372354,True,238
328.768086,158,440.783878,0.555406609337487,0.555406609337487,0.43457844049940453,0.5869903857642034,True,158
269.86354,138,441.456229,0.6729435196059114,0.6729435196059114,0.42314513554635247,0.47250340183029116,True,138
224.750831,117,441.574612,0.4654604521177249,0.4654604521177249,0.42458160959121954,0.5538689253344635,True,117
276.375202,141,441.685846,0.6477690842957627,0.6477690842957627,0.43106200356597413,0.46208769145368656,True,141
259.042747,140,441.786397,0.6986119354934144,0.6986119354934144,0.4286461132753122,0.5723051862914269,True,140
240.034644,126,441.880124,0.6977350832080037,0.6977350832080037,0.4182607633596795,0.47292511346735683,True,126
269.519164,142,441.986848,0.7137197057072472,0.7137197057072472,0.420241018755701,0.5043025199126085,True,142
268.930064,160,442.10788,0.7497670895432369,0.7497670895432369,0.4350888731691449,0.5438795126452123,True,160
263.885459,136,442.211817,0.6726858241691788,0.6726858241691788,0.4184100188712386,0.4988112471475729,True,136
266.199001,130,442.308125,0.6718211583556284,0.6718211583556284,0.42158737022770054,0.47593347407759445,True,130
283.87473,155,442.430075,0.6755266221685584,0.6755266221685584,0.42413481527522484,0.48108893673897835,True,155
258.426424,134,442.52918,0.737377333869263,0.737377333869263,0.4248351827035728,0.5668353053417616,True,134
241.377761,125,442.625199,0.6315200673311948,0.6315200673311948,0.4268902116437978,0.4858648174888274,True,125
253.467611,130,442.721637,0.6380358280454225,0.6380358280454225,0.41923055475071475,0.5460760620835262,True,130
312.078127,146,442.830436,0.5405410126259539,0.5405410126259539,0.43535940578082555,0.5160601143336127,True,146
236.157864,137,442.932674,0.6322129300751592,0.6322129300751592,0.4284983996980099,0.5000440497704914,True,137
231.024536,130,443.161472,0.6999370112378998,0.6999370112378998,0.42637367506728746,0.5635274530163573,True,130
326.84741,147,443.31508,0.627372235281092,0.627372235281092,0.42273959351749874,0.5704101537496122,True,147
273.917146,138,443.419293,0.7164537274212315,0.7164537274212315,0.4160641676935077,0.4727558030752222,True,138
274.75982,135,443.518019,0.6812490603823244,0.6812490603823244,0.4335878339024333,0.552971528913328,True,135
212.216433,133,443.617625,0.6782631595512187,0.6782631595512187,0.4221579440654601,0.46325529034752166,True,133
224.092164,138,443.721404,0.6900118257036677,0.6900118257036677,0.4334407571041784,0.4769584830734393,True,138
222.797168,136,443.822525,0.6529678598643108,0.6529678598643108,0.4296808772230924,0.573907670011334,True,136
259.717386,134,443.923693,0.5122929557093666,0.5122929557093666,0.4202233410689172,0.51498873656136,True,134
231.752437,123,444.015886,0.6107709756067055,0.6107709756067055,0.43345047136754494,0.5459297576143264,True,123
214.248453,120,444.106815,0.6975619246692334,0.6975619246692334,0.4270595920669893,0.5277852407821217,True,120
271.050138,127,444.203225,0.3944217281993091,0.3944217281993091,0.42587879597677003,0.6382619147174964,True,127
270.44632,147,444.314709,0.7566519733332997,0.7566519733332997,0.430837495971325,0.5300900524821783,True,147
224.436994,128,444.411008,0.6914650911916695,0.6914650911916695,0.419642957372083,0.4837645761041434,True,128
271.269637,152,444.519497,0.6595841523487606,0.6595841523487606,0.4273507347505459,0.5698063485704982,True,152
266.179475,123,444.610785,0.6862113118018957,0.6862113118018957,0.4344934623457047,0.46546887280000954,True,123
221.23957,120,444.879164,0.6929767692101777,0.6929767692101777,0.4210666015402392,0.5319864186764323,True,120
223.352531,115,445.013066,0.6236618432809772,0.6236618432809772,0.4269514315198952,0.45061453403799306,True,115
255.895147,118,445.108026,0.5887189925628471,0.5887189925628471,0.4295874343552208,0.46785423787590397,True,118
239.051123,131,445.204822,0.45352778003967004,0.45352778003967004,0.4345776346613038,0.5632257432406248,True,131
216.420763,116,445.293399,0.5928546761919808,0.5928546761919808,0.43172050796168965,0.5186127778373917,True,116
272.941553,134,445.395692,0.6500786948712246,0.6500786948712246,0.4356184749232049,0.5533810086025114,True,134
191.058078,116,445.482908,0.6431231365729771,0.6431231365729771,0.4204970437509371,0.47339788560200036,True,116
272.080168,152,445.598216,0.6949806461271498,0.6949806461271498,0.4309044242575635,0.5291000304035074,True,152
278.596155,138,445.70187,0.6884068200011499,0.6884068200011499,0.41826834916085603,0.5098275622392106,True,138
322.952153,156,445.818245,0.7146787558182076,0.7146787558182076,0.4347199065152738,0.5341882475623949,True,156
286.406569,149,445.928358,0.6881198245124684,0.6881198245124684,0.4183214880437321,0.4523992254894743,True,149
215.53573,119,446.017668,0.6242178063368617,0.6242178063368617,0.4335450017547466,0.48791300974944796,True,119
251.398792,128,446.111306,0.6270217249444666,0.6270217249444666,0.41844466743586994,0.5175138502464607,True,128
286.791734,148,446.219374,0.700777544430039,0.700777544430039,0.41801823390062354,0.5541826067605115,True,148
378.047778,206,446.370117,0.6993423125407874,0.6993423125407874,0.41804990915886314,0.42580482309727574,True,206
263.249945,150,446.717257,0.7132132896593418,0.7132132896593418,0.42525539961478626,0.42112428481753567,True,150
258.093792,138,446.870739,0.698581174361053,0.698581174361053,0.4250646819397669,0.4997261431110379,True,138
193.504823,123,446.965034,0.6173317340076213,0.6173317340076213,0.4338174426168997,0.4714226857166894,True,123
233.195504,128,447.057152,0.6443020301688878,0.6443020301688878,0.4215821855197764,0.48015177123695185,True,128
326.505751,166,447.183869,0.7507182057953092,0.7507182057953092,0.41700765185216576,0.5184693136813076,True,166
273.266062,129,447.283882,0.6088920126239273,0.6088920126239273,0.43165341954739544,0.576970555801809,True,129
240.75655,126,447.379257,0.6783678350168749,0.6783678350168749,0.43437355099366115,0.5442297399318073,True,126
242.034533,146,447.498028,0.6049772668461675,0.6049772668461675,0.42994725156541036,0.5027470818987338,True,146
209.739249,114,447.586731,0.6187443181825925,0.6187443181825925,0.417757253543857,0.5023975049403221,True,114
295.267347,140,447.700074,0.7159222397703013,0.7159222397703013,0.4319889133047979,0.4936517296092635,True,140
253.999743,133,447.802685,0.6565617456357787,0.6565617456357787,0.43184539468100314,0.4473453422265593,True,133
226.269079,116,447.893391,0.6682796767761654,0.6682796767761654,0.43117578616224067,0.47686131745125326,True,116
220.600572,130,447.994306,0.6584707865106805,0.6584707865106805,0.43552466170839094,0.5493124031890986,True,130
233.310358,140,448.10381,0.7055333429109106,0.7055333429109106,0.4291464183427113,0.5059054146683122,True,140
204.411253,131,448.204791,0.6653806802085469,0.6653806802085469,0.43613999462161496,0.5543891236985061,True,131
281.265801,157,448.562719,0.7101777811908335,0.7101777811908335,0.43821599521530136,0.44304919939065956,True,157
304.817989,161,448.73585,0.7881919086997461,0.7881919086997461,0.4148131842450677,0.4245214812632646,True,161
225.446633,117,448.82127,0.6488624471906415,0.6488624471906415,0.4221514044986042,0.5038741946591451,True,117
317.573249,167,448.942592,0.7522781457888271,0.7522781457888271,0.43070125624467065,0.45891080041894133,True,167
385.896947,206,449.096714,0.7968241105913819,0.7968241105913819,0.4336983792644192,0.5179834378580777,True,206
276.544099,141,449.198699,0.7351129511015512,0.7351129511015512,0.4337695723452845,0.5784582880443858,True,141
321.55227,163,449.316414,0.7066108884284993,0.7066108884284993,0.43263318801464606,0.5677235326977915,True,163
172.536441,216,449.476868,-0.050147326930601185,-0.050147326930601185,0.4258891723931768,0.5958255740751119,True,216
198.306216,126,449.568579,0.64053031704536,0.64053031704536,0.43370252279377325,0.4760480550108965,True,126
295.183985,142,449.671621,0.7086638581358872,0.7086638581358872,0.42213548251469907,0.5063418568884634,True,142
232.995541,118,449.760241,0.655932699072404,0.655932699072404,0.43349910735840713,0.4864120420191991,True,118
260.359502,136,449.863518,0.633217588584909,0.633217588584909,0.43265818486780155,0.5237613463072578,True,136
249.007204,133,449.965407,0.7020548751820369,0.7020548751820369,0.41987995729069066,0.43358328293369375,True,133
237.560493,124,450.060602,0.6225921177638831,0.6225921177638831,0.4345396351130936,0.5486156628016282,True,124
262.959513,139,450.760439,0.6674926837231474,0.6674926837231474,0.4237880486955039,0.4401624265533071,True,139
229.216736,115,450.857605,0.6433171634036707,0.6433171634036707,0.4287341261234015,0.5145879318529085,True,115
244.705183,128,450.960408,0.676375007880471,0.676375007880471,0.42920651313893443,0.4984798572514907,True,128
98.316415,147,451.069,-0.30171990175926383,-0.30171990175926383,0.48800263516227627,0.4454393391058259,True,147
269.199193,128,451.164196,0.6975095231698742,0.6975095231698742,0.42718362915957214,0.5387231369495101,True,128
249.526583,130,451.258457,0.6076025335071178,0.6076025335071178,0.4244309361344317,0.4736184250187093,True,130
289.398608,160,451.375331,0.750769008142394,0.750769008142394,0.4320608031676476,0.5079011628276883,True,160
249.700296,141,451.48146,0.6583460011051124,0.6583460011051124,0.4204599522175363,0.470862625044473,True,141
220.071495,121,451.566493,0.5182007446913732,0.5182007446913732,0.4351470378440903,0.4931417823519656,True,121
210.755213,125,451.654492,0.6698277759715462,0.6698277759715462,0.42931336892442445,0.5615627840255065,True,125
259.579602,130,451.750562,0.5030462263880172,0.5030462263880172,0.4354430582395253,0.557236550141635,True,130
225.001912,120,451.8403,0.6540653375284762,0.6540653375284762,0.4317415168157229,0.51070258282362,True,120
306.199869,152,451.953079,0.7597149806857869,0.7597149806857869,0.426194008971304,0.5372309914023436,True,152
265.459524,128,452.047558,0.49134025950170734,0.49134025950170734,0.41979533164059957,0.5617018406890223,True,128
247.331313,134,452.145523,0.6707988304506151,0.6707988304506151,0.42008428701037326,0.4793154017231549,True,134
272.224479,159,452.695926,0.7132766900083434,0.7132766900083434,0.434976901892447,0.5517775571267945,True,159
224.222424,121,452.828754,0.6330855425567142,0.6330855425567142,0.43028674180429904,0.49985664330989743,True,121
295.052121,145,452.945558,0.7756855708973596,0.7756855708973596,0.42961697490517786,0.5505716041604174,True,145
216.38552,120,453.035505,0.6292864614262782,0.6292864614262782,0.4359564330674396,0.5688559589124598,True,120
250.838487,127,453.133204,0.7209435051491796,0.7209435051491796,0.4250453987034317,0.452694626705443,True,127
225.732887,115,453.215697,0.6032750213284604,0.6032750213284604,0.4265248022455656,0.4698940025677698,True,115
369.274996,171,453.341511,0.7823201755546604,0.7823201755546604,0.42447887068916673,0.5302882223107285,True,171
241.631282,130,453.434726,0.6341849361057067,0.6341849361057067,0.42275115088690013,0.4795501625613159,True,130
316.028425,150,453.542365,0.7610070079938397,0.7610070079938397,0.42661663762940294,0.4980872052809698,True,150
352.072599,162,453.660652,0.7769222375850698,0.7769222375850698,0.4290572902402772,0.5382777819460892,True,162
274.54066,135,453.760489,0.6023393662437196,0.6023393662437196,0.42186768087243054,0.5179593769031373,True,135
262.501953,138,453.859775,0.6096384813000265,0.6096384813000265,0.4268206137034448,0.43493804920257995,True,138
206.738105,131,453.954449,0.7039808226683029,0.7039808226683029,0.4305988908287848,0.520303821223101,True,131
266.534168,140,454.060241,0.5757193637145762,0.5757193637145762,0.4295657574350391,0.5481900446382802,True,140
236.225654,127,454.154618,0.6657638356562696,0.6657638356562696,0.4354203132219271,0.5317709667276956,True,127
199.081078,123,454.437143,0.6995569371183026,0.6995569371183026,0.4354578769838167,0.47821569380856416,True,123
271.338801,153,454.602053,0.7312110581448908,0.7312110581448908,0.424362612570385,0.5012632640553072,True,153
224.266515,128,454.703052,0.5850062278322569,0.5850062278322569,0.43580203088472674,0.5257649472412552,True,128
267.424671,148,454.814817,0.70705873802727,0.70705873802727,0.4176646126692913,0.5156166216062817,True,148
271.775667,143,454.920488,0.6000281756737009,0.6000281756737009,0.43596612199067136,0.5643436741449853,True,143
265.374402,132,455.02015,0.37120513016061124,0.37120513016061124,0.4238431443755531,0.583703975829479,True,132
297.850086,139,455.122165,0.7101848759417491,0.7101848759417491,0.4196013113566511,0.5596748805889605,True,139
232.138969,122,455.211053,0.6472869147692639,0.6472869147692639,0.43285525520569407,0.44731439872774187,True,122
263.978017,142,455.314081,0.6555366409718616,0.6555366409718616,0.4359638832627365,0.5614345333414881,True,142
229.814416,121,455.404735,0.6251835602506647,0.6251835602506647,0.42325717430309645,0.5861796071793459,True,121
227.23856,117,455.493414,0.6183749106216646,0.6183749106216646,0.448231732515386,0.4187851276110486,True,117
319.3891,158,455.607794,0.5635513739391691,0.5635513739391691,0.43175123919055525,0.6190937404299529,True,158
255.472662,125,455.696961,0.634818874556389,0.634818874556389,0.4161290815110836,0.502452477503265,True,125
333.588219,175,455.831717,0.6680546685732208,0.6680546685732208,0.42793282848853087,0.5174973264513084,True,175
229.703537,128,455.929442,0.708493224107911,0.708493224107911,0.4287059172178688,0.4524613377033163,True,128
223.364448,132,456.25822,0.7104866010373222,0.7104866010373222,0.4457845121209104,0.4375069460629778,True,132
269.719719,127,456.388378,0.6423648823545031,0.6423648823545031,0.4299551742106903,0.4921561575318921,True,127
244.931015,126,456.500102,0.6232672776470995,0.6232672776470995,0.4251005735329949,0.47108149225382345,True,126
266.680085,139,456.605257,0.7061023308625234,0.7061023308625234,0.43117989413110586,0.5933730184887656,True,139
300.754475,159,456.726082,0.7464173132732902,0.7464173132732902,0.42520882791104714,0.44052188621016664,True,159
318.738296,141,456.83303,0.7566757914048943,0.7566757914048943,0.4303142259869724,0.5341664052602969,True,141
126.668854,154,456.948343,-0.21299958408791442,-0.21299958408791442,0.5992936773063138,0.4443313352053414,True,154
271.377776,145,457.055414,0.7163048143072435,0.7163048143072435,0.42329211324779076,0.4494052519473569,True,145
360.886675,163,457.179225,0.6886855119301272,0.6886855119301272,0.4312565265669441,0.4894890980060667,True,163
326.97872,150,457.289665,0.7257398802398007,0.7257398802398007,0.42342291321690223,0.4682815084842626,True,150
249.290824,124,457.378496,0.6219012178560995,0.6219012178560995,0.4261826067944983,0.5042471489704837,True,124
267.403596,132,457.474792,0.6799336921451062,0.6799336921451062,0.42622253981368646,0.4418776208796255,True,132
300.822181,149,457.582235,0.731751381454867,0.731751381454867,0.42537790218259297,0.5007122515520755,True,149
244.574944,127,457.67343,0.5889811064044274,0.5889811064044274,0.421213816977452,0.5297716613062258,True,127
271.397692,143,457.776537,0.658927913966586,0.658927913966586,0.4314030444630823,0.5485774945318739,True,143
256.679886,126,458.124252,0.6381389710497214,0.6381389710497214,0.42695337298182173,0.39850892046250125,True,126
281.868394,147,458.26507,0.677317333275238,0.677317333275238,0.4277987999566889,0.5094992185155671,True,147
233.293059,122,458.353453,0.6335315360180296,0.6335315360180296,0.41786318369471503,0.4896568724585274,True,122
182.847178,122,458.442349,0.6943581558260336,0.6943581558260336,0.43431180523584967,0.4919889621748305,True,122
217.402068,121,458.530187,0.6166588069554892,0.6166588069554892,0.42460584485576536,0.528407676839857,True,121
179.609877,197,458.673332,-0.017702048869724867,-0.017702048869724867,0.42771814359156757,0.5584898441040196,True,197
305.002244,148,458.783171,0.6734198489147356,0.6734198489147356,0.42668650604340613,0.4691250448659666,True,148
135.936527,160,458.905111,0.02096961492948915,0.02096961492948915,0.5151136333348032,0.43543664992561665,True,160
251.869335,130,458.999682,0.5502862493939393,0.5502862493939393,0.4165870517109983,0.5110464255992454,True,130
214.09378,126,459.092108,0.599125839573545,0.599125839573545,0.43218587272521736,0.5531202242282468,True,126
311.743159,160,459.208898,0.73144347555554,0.73144347555554,0.42428189792602056,0.5167200802766004,True,160
260.56986,132,459.303938,0.66803827789767,0.66803827789767,0.4218956340478966,0.4463571957771521,True,132
266.212382,127,459.395521,0.5975703097252981,0.5975703097252981,0.4232332445270471,0.5322333580033319,True,127
224.374889,129,459.488482,0.6644537947260357,0.6644537947260357,0.42760109769478444,0.46727014951340956,True,129
204.14648,116,459.574547,0.6692450262426218,0.6692450262426218,0.4187263324818157,0.4359002984488375,True,116
233.980347,132,460.535428,0.7000647381629804,0.7000647381629804,0.452160977083193,0.4479724051730392,True,132
279.000095,153,460.676619,0.7159802112810643,0.7159802112810643,0.42907327625697494,0.5191168277230679,True,153
341.894527,200,460.829071,0.7791528672256933,0.7791528672256933,0.42494598541976064,0.4980045538922686,True,200
245.327014,116,460.915022,0.5346028075461418,0.5346028075461418,0.4231648080391297,0.5950199585310209,True,116
248.209271,127,461.011841,0.700935372604183,0.700935372604183,0.4327953587593871,0.5390998636188452,True,127
304.214488,152,461.122756,0.6060268231564384,0.6060268231564384,0.41724313567381605,0.47385049061535367,True,152
232.854493,135,461.224381,0.7496794632742543,0.7496794632742543,0.42899164592840217,0.4837156874129477,True,135
281.295317,144,461.328025,0.7248601557315475,0.7248601557315475,0.43417833972971825,0.481092357919579,True,144
239.861944,128,461.421365,0.6727713474201531,0.6727713474201531,0.4333050186091284,0.45344869146423133,True,128
225.943487,122,461.513967,0.6718776911807376,0.6718776911807376,0.4333843508956919,0.5174709726582649,True,122
229.552221,139,461.615866,0.6909563166532862,0.6909563166532862,0.4320277363655559,0.45127827170285256,True,139
245.74696,137,461.71443,0.7005645088493653,0.7005645088493653,0.4228678076680568,0.4367210461495605,True,137
285.61035,143,461.817227,0.7325959945209317,0.7325959945209317,0.426059901032111,0.4562681553073556,True,143
317.182572,157,461.938214,0.7489923015266923,0.7489923015266923,0.44196592586515837,0.42103554420422606,True,157
263.411371,126,462.212645,0.641104211782948,0.641104211782948,0.4291723004151486,0.46260194876292965,True,126
277.957922,174,462.384085,0.6711101532246355,0.6711101532246355,0.4225655679255401,0.4455884659299961,True,174
300.153613,140,462.484696,0.5158871475115601,0.5158871475115601,0.43330982722838113,0.5482321233172573,True,140
216.729679,122,462.574645,0.6735684192785855,0.6735684192785855,0.41737059725572195,0.4536221661276143,True,122
297.565543,145,462.680445,0.7311596024996754,0.7311596024996754,0.4316137021955384,0.4702075390311265,True,145
278.252691,130,462.776053,0.6514360221658843,0.6514360221658843,0.4296904758171138,0.49121515805281396,True,130
345.116142,186,462.910685,0.651630899548033,0.651630899548033,0.4315951444860705,0.4886083800749879,True,186
205.225405,122,462.999005,0.6695210802007423,0.6695210802007423,0.4349454272430877,0.5187459758417404,True,122
217.613898,122,463.087459,0.6096535562556417,0.6096535562556417,0.4285456967916832,0.5013710010408018,True,122
233.975172,128,463.179262,0.6617599478857908,0.6617599478857908,0.43046400954891917,0.5000456363226219,True,128
274.580132,153,463.29125,0.7013914664340409,0.7013914664340409,0.42916812330069204,0.4844123777405956,True,153
318.566222,159,463.409739,0.7820368266460342,0.7820368266460342,0.4190420560103008,0.42318815888782335,True,159
203.644048,149,463.519411,0.7638731028751019,0.7638731028751019,0.42115862198364534,0.46383863525596586,True,149
242.144098,131,463.616974,0.624926630225022,0.624926630225022,0.42490364556676957,0.4713365032816551,True,131
251.21336,122,463.704735,0.6953119686329005,0.6953119686329005,0.4284327286244826,0.47576472628919864,True,122
350.243875,168,464.156163,0.42459138622441933,0.42459138622441933,0.43168489824701645,0.574240577273875,True,168
231.223509,131,464.255174,0.7089002411310409,0.7089002411310409,0.4214618160054654,0.5513256803065976,True,131
262.37,134,464.356227,0.6983409428764201,0.6983409428764201,0.43497539077984,0.5365757172628768,True,134
205.037178,124,464.450978,0.676679123195985,0.676679123195985,0.42883823148549577,0.5398582885630708,True,124
286.853282,164,464.578334,0.7878817016705665,0.7878817016705665,0.432314800008362,0.4513693006181979,True,164
272.581238,142,464.695733,0.6754185571673739,0.6754185571673739,0.43495482877005287,0.5066446082194667,True,142
251.342655,114,464.780276,0.583838473996302,0.583838473996302,0.4323157265910933,0.499479419381162,True,114
219.17806,121,464.874682,0.6036958983121141,0.6036958983121141,0.43621559702368395,0.4491523816723358,True,121
426.047303,195,465.019788,0.5583919893263483,0.5583919893263483,0.4226889229205383,0.556615858682839,True,195
313.351377,163,465.141918,0.7196781257431103,0.7196781257431103,0.427788219355204,0.4583433660769042,True,163
273.278081,152,465.251465,0.7902365331441186,0.7902365331441186,0.4354159752680953,0.4253033803979348,True,152
261.638248,126,465.342479,0.6801261802925211,0.6801261802925211,0.4301318573258446,0.5170180417333675,True,126
256.008564,135,465.442716,0.6645976279971471,0.6645976279971471,0.4309081071884659,0.45834001397175067,True,135
238.674959,132,465.540022,0.6573434657262623,0.6573434657262623,0.4270762474952152,0.4491241553749279,True,132
292.086538,158,465.948336,0.6748568460246959,0.6748568460246959,0.42353558109034134,0.4694329646132422,True,158
195.950797,111,466.053124,0.6228902765104191,0.6228902765104191,0.42038394338042484,0.4584957798820039,True,111
322.350073,155,466.16764,0.7947995973144028,0.7947995973144028,0.41899983078765707,0.5955158508691343,True,155
243.205795,126,466.262517,0.6708224792438287,0.6708224792438287,0.4356863880678009,0.5886004958060804,True,126
267.533801,137,466.363204,0.736491383200162,0.736491383200162,0.4329056156370801,0.48758816230704016,True,137
282.535153,155,466.478787,0.7747941203127139,0.7747941203127139,0.4300087623668055,0.5065777746594584,True,155
225.30741,117,466.564861,0.6169269186336391,0.6169269186336391,0.4165184619215729,0.48943848247545724,True,117
275.846797,131,466.661397,0.5310439986299204,0.5310439986299204,0.4290376495620695,0.631574087511384,True,131
226.035428,112,466.746973,0.6175631413283407,0.6175631413283407,0.41959531110801424,0.4357735777701264,True,112
246.097869,131,466.849082,0.6936880912355776,0.6936880912355776,0.42383152266658236,0.5654230615499872,True,131
227.003707,122,466.939646,0.5995198106382027,0.5995198106382027,0.47007019319442983,0.4499300022965708,True,122
236.239586,115,467.024938,0.6273370167885459,0.6273370167885459,0.42969419187926866,0.5086180290194817,True,115
226.764862,133,467.126571,0.6867370858562429,0.6867370858562429,0.4288742642329129,0.5451515396198546,True,133
231.83916,126,467.219421,0.6704807003588806,0.6704807003588806,0.4361456108520872,0.48086896138449264,True,126
250.613085,133,467.320383,0.7052225578714728,0.7052225578714728,0.4199506550280922,0.42008624804864475,True,133
382.285498,191,467.721045,0.6893176700734501,0.6893176700734501,0.4235370593907558,0.4785084767566691,True,191
275.842913,136,467.856687,0.6787611011614451,0.6787611011614451,0.43247244877345387,0.4988074211109346,True,136
221.03631,120,467.95383,0.6340408645040514,0.6340408645040514,0.426556050112353,0.493198503871191,True,120
146.82248,149,468.06685,0.12765663038897748,0.12765663038897748,0.5629191390007242,0.4270703739779057,True,149
230.147981,136,468.172442,0.7043591067166783,0.7043591067166783,0.42924401496410175,0.5368555980301504,True,136
348.97083,159,468.292171,0.7815202465793254,0.7815202465793254,0.4224476860599396,0.48845710211455723,True,159
250.588178,135,468.394229,0.7324431135268709,0.7324431135268709,0.4165251196290875,0.4292903112530493,True,135
318.52935,166,468.519193,0.7641362969624139,0.7641362969624139,0.427827535001911,0.5197146856112789,True,166
326.749337,169,468.650226,0.7583296720860634,0.7583296720860634,0.4201216330326119,0.4757318499119895,True,169
303.55256,158,468.768879,0.756971135194269,0.756971135194269,0.435023017887576,0.39068564490968605,True,158
268.743414,154,468.883447,0.7626967922279216,0.7626967922279216,0.4286858639266038,0.4422220268602405,True,154
283.774421,146,468.991785,0.7386075020568434,0.7386075020568434,0.41784718497946005,0.4242091226121453,True,146
293.286886,135,469.091947,0.6784010840515335,0.6784010840515335,0.4305743048252216,0.535189333494767,True,135
263.144759,131,469.189029,0.622770224732569,0.622770224732569,0.4341790421239789,0.5391570196907962,True,131
210.928964,121,469.280545,0.6747865416933452,0.6747865416933452,0.42036942288727264,0.48215488021958064,True,121
301.98852,157,469.628366,0.765963484211156,0.765963484211156,0.4296444301999813,0.44506973845308173,True,157
335.926463,166,469.764677,0.5930750389613572,0.5930750389613572,0.42758790633682614,0.48578945437127763,True,166
251.897662,141,469.868628,0.7633173026844328,0.7633173026844328,0.4180450428543701,0.4552545391253402,True,141
270.198581,140,469.971864,0.6805579440102961,0.6805579440102961,0.4360797326919255,0.4736059102132295,True,140
344.254658,253,470.160309,0.26552636891616554,0.26552636891616554,0.42602134805946523,0.6048604391846073,True,253
282.782233,143,470.264369,0.7470569140671389,0.7470569140671389,0.42708375759722617,0.501823644656211,True,143
285.033879,145,470.381434,0.7196654126887231,0.7196654126887231,0.4195797982668747,0.5127452367525904,True,145
310.38177,165,470.504398,0.7357674002921198,0.7357674002921198,0.4279121042013462,0.5315884651826968,True,165
228.089754,122,470.59156,0.6378513786009673,0.6378513786009673,0.4262269443731733,0.4296887741090814,True,122
232.493859,124,470.681054,0.7121769768802673,0.7121769768802673,0.41749732315690574,0.4810997916470363,True,124
348.583445,188,470.820419,0.7726482215847632,0.7726482215847632,0.42715039452261244,0.5119825302005531,True,188
324.863372,173,470.948439,0.7469142829418035,0.7469142829418035,0.4336563984506804,0.46698456094142327,True,173
323.856543,155,471.602766,0.6902225509958805,0.6902225509958805,0.42259742122190724,0.47145650205809014,True,155
213.994094,109,471.711395,0.6315174861635503,0.6315174861635503,0.4183439030123598,0.43485449080961724,True,109
265.897579,142,471.834536,0.7524178905578902,0.7524178905578902,0.41965786005478456,0.5130345988821136,True,142
287.093057,148,471.949976,0.6042259151668227,0.6042259151668227,0.4299607895250152,0.5610962385446379,True,148
281.715323,136,472.061363,0.6492054338183252,0.6492054338183252,0.4298096683908414,0.5283260838947634,True,136
417.113535,192,472.250504,0.8175425679204206,0.8175425679204206,0.42499373477925534,0.45619375178827437,True,192
282.133087,147,472.400966,0.7097374632666437,0.7097374632666437,0.42608179105736216,0.5028157265894262,True,147
324.279246,175,472.568397,0.33416409431897975,0.33416409431897975,0.43338622265900884,0.517370587421428,True,175
245.306046,134,472.681146,0.662681953035089,0.662681953035089,0.43376777253450705,0.5484764351135895,True,134
285.233083,146,472.821567,0.7311900241853898,0.7311900241853898,0.4220399290944484,0.5221439174620538,True,146
239.967556,121,472.933051,0.6518905751589593,0.6518905751589593,0.43415307545997406,0.43195527240220377,True,121
251.021339,133,473.039975,0.7154229519188666,0.7154229519188666,0.4215393069961812,0.4764179730564596,True,133
271.876898,133,473.143561,0.6814349658479931,0.6814349658479931,0.43095864299473335,0.5112853732379925,True,133
322.087155,174,473.272748,0.7600536182099368,0.7600536182099368,0.42153885231882854,0.6108183616707278,True,174
283.538709,148,473.765594,0.680638820379733,0.680638820379733,0.4320859268325535,0.5033611668696387,True,148
206.227417,114,473.874931,0.5482343213274198,0.5482343213274198,0.42410972355709864,0.6100957596510812,True,114
262.329108,131,473.990467,0.6318332954473854,0.6318332954473854,0.42003744441654783,0.4950631250218517,True,131
286.339635,140,474.095088,0.6786498589713367,0.6786498589713367,0.4341819142662385,0.47195857372095507,True,140
301.152285,142,474.20128,0.6640145237995251,0.6640145237995251,0.4358377147313836,0.5001011305826307,True,142
308.398119,150,474.311133,0.7170918577704921,0.7170918577704921,0.4382623402533268,0.4288326585550195,True,150
291.623845,158,474.426532,0.7653038929394114,0.7653038929394114,0.42238600964856493,0.5635655175462367,True,158
154.363774,168,474.553139,-0.17283247336363666,-0.17283247336363666,0.5916243759978868,0.43433555233219734,True,168
273.49121,144,474.659159,0.6338328244132365,0.6338328244132365,0.42901058149227334,0.4611448888757351,True,144
295.63253,145,474.765389,0.7507013663112148,0.7507013663112148,0.45115073172793557,0.44996145520587255,True,145
262.816483,119,474.851798,0.6297892239056595,0.6297892239056595,0.4219224869262347,0.5126033748409364,True,119
251.932554,130,474.946249,0.6510333636150905,0.6510333636150905,0.4321241921211194,0.5070682745953425,True,130
385.502341,179,475.079098,0.600939020498555,0.600939020498555,0.42954084234923134,0.5150078855986124,True,179
278.893078,134,475.177359,0.7160101078860186,0.7160101078860186,0.43068639276659754,0.5421711006872284,True,134
272.515975,136,475.276194,0.6650601119704889,0.6650601119704889,0.42944434012673866,0.5441240015472123,True,136
246.829005,127,475.858567,0.6164958001977807,0.6164958001977807,0.43318426259206166,0.531977196773858,True,127
213.012604,126,475.988609,0.6133864170291665,0.6133864170291665,0.43060541977248296,0.5268864783505908,True,126
124.045048,187,476.127569,-0.24792015985990284,-0.24792015985990284,0.5399302016082267,0.4358321603387463,True,187
238.663616,127,476.225283,0.6837418443050056,0.6837418443050056,0.4261825180278966,0.46451553063385853,True,127
238.334344,132,476.325804,0.7658297075193621,0.7658297075193621,0.4356866295944612,0.4333772407955033,True,132
257.064452,135,476.426469,0.6904859967136359,0.6904859967136359,0.43455020846922954,0.48448594239301096,True,135
270.005571,133,476.525485,0.6408799981390513,0.6408799981390513,0.42944260578657195,0.5403242438702258,True,133
238.03709,130,476.623482,0.688622425844426,0.688622425844426,0.48252396186165974,0.44887723082107317,True,130
239.464993,124,476.718143,0.6512336558928868,0.6512336558928868,0.42619819990779934,0.5335509899253648,True,124
178.923199,197,476.879768,-0.2062325367077085,-0.2062325367077085,0.530818690164095,0.44352107900110027,True,197
399.842519,202,477.056407,0.7758732012829404,0.7758732012829404,0.48326338355566645,0.43742845127106234,True,202
261.512448,137,477.164806,0.6733328381773654,0.6733328381773654,0.41734206926708284,0.46749478364698194,True,137
285.794679,140,477.28314,0.7281256109209371,0.7281256109209371,0.427479267893272,0.46628766030462004,True,140
320.508802,159,477.413783,0.713857461253058,0.713857461253058,0.43471622003422344,0.4894997007844183,True,159
305.301905,152,478.26641,0.5808514688928614,0.5808514688928614,0.41790896058908955,0.5908347633524322,True,152
432.822119,191,478.428596,0.5427164009235048,0.5427164009235048,0.4289868294594795,0.6087506437440348,True,191
341.385363,170,478.559999,0.5866738235220388,0.5866738235220388,0.42864348804639807,0.5565186015811103,True,170
232.828531,127,478.663522,0.6756240638420032,0.6756240638420032,0.4225818265183402,0.5135255928164817,True,127
264.14439,145,478.778574,0.6946336647982075,0.6946336647982075,0.4290818591232422,0.517926716235373,True,145
428.471572,199,478.932865,0.5567684459539632,0.5567684459539632,0.4255266248424607,0.42944268908054845,True,199
372.004081,171,479.067527,0.5051392416434569,0.5051392416434569,0.42022219388693055,0.5245697731670915,True,171
273.823998,133,479.172371,0.6701588447545649,0.6701588447545649,0.4322825293508154,0.4578970074751204,True,133
282.504616,136,479.277854,0.6687297500253256,0.6687297500253256,0.42597596341398664,0.4156798625026485,True,136
313.434728,168,479.414904,0.7238163468574471,0.7238163468574471,0.4359140381817254,0.4668953974883844,True,168
255.804411,137,479.521923,0.7156014292999632,0.7156014292999632,0.4319337059206343,0.46013302069024137,True,137
191.655706,148,479.639997,0.17264338592388365,0.17264338592388365,0.4197548948636723,0.437556222637459,True,148
250.861752,127,479.744399,0.6548919977865404,0.6548919977865404,0.4229455627570151,0.431946681127403,True,127
210.666319,115,480.555784,0.6271751492166788,0.6271751492166788,0.42549401480758814,0.4682419224856016,True,115
269.077654,138,480.691494,0.6858621502870648,0.6858621502870648,0.4344087651565391,0.45333885220217723,True,138
292.067453,146,480.812131,0.7123525625189839,0.7123525625189839,0.41833812797073744,0.47173184542223,True,146
201.847207,113,480.901834,0.6367175138022806,0.6367175138022806,0.43022474551949375,0.49516693303502934,True,113
251.215048,125,480.998102,0.6704522591566504,0.6704522591566504,0.42150895644212066,0.5573981854586502,True,125
268.889556,134,481.1019,0.7136290272175898,0.7136290272175898,0.429945360219571,0.5209344314718162,True,134
255.882907,138,481.21006,0.7237561252549527,0.7237561252549527,0.44556869298105933,0.403981495529913,True,138
229.711118,125,481.303416,0.6193173619398852,0.6193173619398852,0.4221239324193658,0.5522321707245986,True,125
288.096227,138,481.410598,0.6816607592491104,0.6816607592491104,0.4208442548031293,0.47563183025910155,True,138
246.81071,141,481.519407,0.6937009677039511,0.6937009677039511,0.4228898661774155,0.4484352302810955,True,141
210.570853,109,481.597967,0.642208668491017,0.642208668491017,0.41799352696999137,0.4406259586301011,True,109
263.057985,137,481.703235,0.6834338854757838,0.6834338854757838,0.4406101973339528,0.43791221352914106,True,137
390.741702,200,481.862284,0.8902436087715575,0.8902436087715575,0.4253391736439845,0.5691363037717866,True,200
235.789731,128,481.957276,0.639978215427657,0.639978215427657,0.432927679750075,0.4707456058752837,True,128
162.795017,183,482.097562,-0.17915809124036114,-0.17915809124036114,0.5460764373913909,0.4442739868665554,True,183
277.529863,142,482.671344,0.4667106689350734,0.4667106689350734,0.4243778709647849,0.5158888727603589,True,142
262.639405,134,482.809349,0.6936024349007491,0.6936024349007491,0.4333578220325001,0.5280607491557987,True,134
277.362314,134,482.923425,0.6170670920537438,0.6170670920537438,0.42279343503510963,0.48667749584692704,True,134
333.835599,157,483.065566,0.7192851913265079,0.7192851913265079,0.43018868547588807,0.49152272213981874,True,157
256.938786,149,483.190012,0.7122445286802229,0.7122445286802229,0.4265550097095643,0.49736472543027616,True,149
610.523018,361,483.497687,1.0225706747585144,1.0225706747585144,0.4196365894143172,0.4628641774501946,True,361
258.73202,131,483.606373,0.5767017599108323,0.5767017599108323,0.4320159548241198,0.5286015947972798,True,131
254.461641,137,483.778425,0.7382836939409034,0.7382836939409034,0.43389679786558116,0.5024073246128891,True,137
243.941165,136,483.901316,0.7519485425777517,0.7519485425777517,0.4232611860797905,0.46158005455767714,True,136
344.630802,171,484.093454,0.8411557609759599,0.8411557609759599,0.42217163120067874,0.46125785116804374,True,171
115.231574,146,484.214048,-0.2596544353110633,-0.2596544353110633,0.5518736968501028,0.440905787826306,True,146
269.572795,132,484.314495,0.6055636679158007,0.6055636679158007,0.41833467568676375,0.5083104291492082,True,132
305.947325,151,484.433258,0.729621161307192,0.729621161307192,0.4227582895871048,0.4720606067300527,True,151
255.27733,120,485.218516,0.5851656461088288,0.5851656461088288,0.41576208068501797,0.5136190291226126,True,120
324.825206,180,485.373938,0.7934003665487332,0.7934003665487332,0.42483813032698853,0.5293325617122715,True,180
228.868251,120,485.465745,0.4435996681903309,0.4435996681903309,0.4324615656808059,0.5454932472738064,True,120
254.440965,119,485.564617,0.6603576909479582,0.6603576909479582,0.42828816049711915,0.5295865701242263,True,119
332.871316,160,485.696423,0.752326059058888,0.752326059058888,0.4607735969309453,0.449965007911179,True,160
248.041211,133,485.810415,0.6933913826099398,0.6933913826099398,0.42959710613534186,0.4309301815552648,True,133
288.649069,143,485.927264,0.6720234680709302,0.6720234680709302,0.45216158779188753,0.44448379639762936,True,143
223.452642,119,486.026242,0.6326074240388955,0.6326074240388955,0.42427309085807274,0.4901698586670794,True,119
235.847685,136,486.13355,0.7173668593652338,0.7173668593652338,0.4210937325285927,0.4777742023013479,True,136
238.615823,127,486.241333,0.6271505242209772,0.6271505242209772,0.43421797520400834,0.44312739738701024,True,127
219.431947,121,486.345723,0.5699750945790455,0.5699750945790455,0.4537276750617642,0.4289421288116748,True,121
287.629271,138,486.462062,0.6634616388473175,0.6634616388473175,0.4309847733628157,0.5448167726863534,True,138
252.265185,127,486.565149,0.656704611581475,0.656704611581475,0.4237741022890219,0.49078097435160356,True,127
231.59203,135,486.67735,0.564228680171156,0.564228680171156,0.43427590003871686,0.5202696998276158,True,135
272.176774,140,486.789872,0.6853472050464533,0.6853472050464533,0.4392229853143142,0.4364082529459339,True,140
268.882906,140,487.275343,0.6450850944876875,0.6450850944876875,0.43565979606029764,0.5608313633808528,True,140
270.590936,149,487.412815,0.7680816973048128,0.7680816973048128,0.426243560304132,0.5562951428892872,True,149
227.188352,119,487.516032,0.5816608612511622,0.5816608612511622,0.4353548736847977,0.5197404813516613,True,119
233.109605,148,487.652822,0.6818455982249314,0.6818455982249314,0.42415846384065153,0.5725687818637062,True,148
302.929446,147,487.764138,0.7738695646656115,0.7738695646656115,0.42653764116519766,0.4196588217979965,True,147
228.720816,125,487.860704,0.694789982664039,0.694789982664039,0.43185031972053367,0.46124828913446525,True,125
288.545391,145,487.972742,0.7091410355438985,0.7091410355438985,0.41974419452003287,0.4920528198741506,True,145
215.068042,121,488.069817,0.6093567404735938,0.6093567404735938,0.42730510387288284,0.4654875982889124,True,121
136.640134,178,488.208896,-0.1489828306770122,-0.1489828306770122,0.5955030596960066,0.4497036677851313,True,178
314.02818,156,488.332395,0.7548229320960695,0.7548229320960695,0.43203322155197527,0.44238232566738456,True,156
254.097511,116,488.431884,0.6083210201705941,0.6083210201705941,0.4255725687001653,0.45766906894637877,True,116
239.898258,128,488.551452,0.6431266652243264,0.6431266652243264,0.4234507718138143,0.5124551405209965,True,128
225.190255,120,488.646132,0.6422305409336334,0.6422305409336334,0.42326632783341767,0.4229514120039283,True,120
268.189927,130,488.749382,0.580066530170049,0.580066530170049,0.43580350487876474,0.5110744279471924,True,130
395.379139,182,488.897164,0.659322240539359,0.659322240539359,0.43008367626328997,0.5437569180312537,True,182
324.627988,150,489.688977,0.35124117436898317,0.35124117436898317,0.4283438621635515,0.6535900667382083,True,150
281.909612,147,489.809103,0.7557982193860963,0.7557982193860963,0.43487858153943404,0.4827578187518743,True,147
322.789665,159,489.939819,0.7476254757666084,0.7476254757666084,0.41966930190405516,0.4632928335022332,True,159
266.52615,145,490.051364,0.6914834582048415,0.6914834582048415,0.4345834744142182,0.4655996561416606,True,145
260.833887,141,490.155027,0.7024454675369118,0.7024454675369118,0.42881574012380774,0.5535774167403185,True,141
272.847089,141,490.268088,0.7694719613247905,0.7694719613247905,0.4157051226279537,0.4002962692340555,True,141
282.038114,148,490.383352,0.36103275818831976,0.36103275818831976,0.4291461620468189,0.5772280217252324,True,148
244.901984,132,490.488132,0.4749445023766909,0.4749445023766909,0.4352570714337615,0.6540563750465802,True,132
235.522571,125,490.586731,0.7008268457362373,0.7008268457362373,0.42342539356946407,0.5392327297623836,True,125
272.906516,144,490.698668,0.6961737608250077,0.6961737608250077,0.42629395458939334,0.43053995993027816,True,144
257.41023,150,490.823423,0.6584796372662772,0.6584796372662772,0.43294074546328803,0.38862607402850835,True,150
244.35766,131,490.930447,0.6641519756592699,0.6641519756592699,0.4207863421066554,0.4244623704550919,True,131
269.279591,151,491.056322,0.8055615674010771,0.8055615674010771,0.4230979694482049,0.45904812458791755,True,151
319.78219,149,491.172241,0.7051991645887661,0.7051991645887661,0.43374717276055924,0.427204577428622,True,149
243.826071,124,491.826291,0.6414682208571041,0.6414682208571041,0.4558919068725842,0.44282230318849314,True,124
381.403286,167,491.973055,0.7657323762255372,0.7657323762255372,0.41997808134628895,0.5132341143640761,True,167
167.768627,168,492.1205,0.10920724174610803,0.10920724174610803,0.42337406085673984,0.4885935028463003,True,168
286.787528,149,492.23423,0.683904004264728,0.683904004264728,0.4345166839664029,0.5276137850805908,True,149
110.648029,151,492.350835,-0.27321477401518335,-0.27321477401518335,0.5409769580244871,0.4466083919195809,True,151
247.711378,129,492.454327,0.6702411177706947,0.6702411177706947,0.4356856390569939,0.5095184338281009,True,129
362.450056,202,492.619159,0.5780796509542918,0.5780796509542918,0.43235404818044115,0.5431411043320963,True,202
315.329673,146,492.731825,0.6780293005384833,0.6780293005384833,0.43494862148782426,0.5011971925413963,True,146
228.216756,127,492.830428,0.5864858518946264,0.5864858518946264,0.4267209327185845,0.4033926996403209,True,127
298.033646,174,492.967397,0.7724407216400359,0.7724407216400359,0.42336501876678545,0.5116899593501643,True,174
330.628993,184,493.112697,0.8040711855725368,0.8040711855725368,0.42791549897285214,0.4638118261612537,True,184
328.778793,159,493.234309,0.7526418151591321,0.7526418151591321,0.43694353626976695,0.44896623787120693,True,159
299.948471,148,493.353484,0.7206949492464079,0.7206949492464079,0.4371680199150543,0.41926768984168533,True,148
359.322692,157,494.233866,0.734500432828351,0.734500432828351,0.43175098250118854,0.5059054881215455,True,157
246.255191,126,494.358225,0.6482840501282909,0.6482840501282909,0.42744899437428713,0.4773735977682639,True,126
287.675856,150,494.475026,0.7156791053481312,0.7156791053481312,0.42400681555658076,0.5021783732434152,True,150
367.910383,171,494.607447,0.8194317808483484,0.8194317808483484,0.42745833726588184,0.5216064924291093,True,171
231.65394,129,494.705302,0.6575115441825173,0.6575115441825173,0.4330011449182155,0.48547510326260007,True,129
250.184213,132,494.807195,0.7428147188107022,0.7428147188107022,0.4267956728992114,0.4693420942891094,True,132
254.559488,133,494.908075,0.688328761626376,0.688328761626376,0.419976394402024,0.5477360612514119,True,133
333.038806,174,495.038607,0.7940719442423242,0.7940719442423242,0.42656818237567257,0.5257025153639473,True,174
320.814088,146,495.160017,0.7221388559770682,0.7221388559770682,0.4319533713990375,0.528890374377429,True,146
312.995946,145,495.270666,0.615832372213178,0.615832372213178,0.4224842371555588,0.5067115347232032,True,145
273.411947,136,495.380277,0.7003089642252298,0.7003089642252298,0.42111487656382635,0.4981979299395945,True,136
218.459075,121,495.474183,0.6135425800038246,0.6135425800038246,0.42603629324170833,0.464559116569195,True,121
229.461981,120,495.569807,0.6719416201463118,0.6719416201463118,0.434645822317587,0.5115760222805864,True,120
235.156833,132,495.673252,0.6603212842809743,0.6603212842809743,0.4639289120218004,0.4482506116088534,True,132
275.918306,130,495.779458,0.7411878931148947,0.7411878931148947,0.4193831034045485,0.4457364250812285,True,130
264.794566,129,496.130563,0.6262717293419595,0.6262717293419595,0.4358092064096129,0.43948381974064304,True,129
275.88663,126,496.251363,0.4261046042612142,0.4261046042612142,0.4201900286864972,0.5467098061920372,True,126
156.641872,177,496.384935,-0.15897662868276774,-0.15897662868276774,0.6060091616337041,0.4480563775703405,True,177
252.817858,141,496.491336,0.7500157107727015,0.7500157107727015,0.4153428084171783,0.4158655028214316,True,141
279.518537,137,496.593365,0.6418254140483086,0.6418254140483086,0.4524111448299886,0.39309051280845925,True,137
225.825855,125,496.687207,0.6674373017859815,0.6674373017859815,0.4347835287519798,0.39748822844101794,True,125
304.974904,157,496.805134,0.7930358922312837,0.7930358922312837,0.41848507302986593,0.4407854473431641,True,157
327.355821,171,496.930005,0.64924865848915,0.64924865848915,0.4298185898847405,0.5400990111447093,True,171
317.900276,182,497.064358,0.765592461095878,0.765592461095878,0.43538557359881586,0.4654757106766198,True,182
285.665152,153,497.185342,0.7220384811723047,0.7220384811723047,0.4260296342663146,0.5200653805281774,True,153
415.889926,218,497.358498,0.8285525475444137,0.8285525475444137,0.4213229700944318,0.43267104819047514,True,218
251.856721,130,497.45847,0.7353337754523773,0.7353337754523773,0.4280946004400941,0.4561745712067034,True,130
251.651542,115,497.549437,0.6366000530755034,0.6366000530755034,0.4397271891751181,0.43435098595754873,True,115
289.600321,144,498.164273,0.6764091953269371,0.6764091953269371,0.4238952536510918,0.40870057155711803,True,144
183.322892,248,498.396564,-0.2038990777264268,-0.2038990777264268,0.4568675491726819,0.44513493613167704,True,248
398.685516,184,498.5387,0.6382242907507298,0.6382242907507298,0.43505657164565925,0.6148422152760307,True,184
251.553824,136,498.644398,0.7025749091471785,0.7025749091471785,0.42296926551685526,0.579177462508919,True,136
302.923397,149,498.763636,0.5946462270787943,0.5946462270787943,0.43125919734258694,0.5921245931095213,True,149
298.814342,146,498.879313,0.757557132506935,0.757557132506935,0.4195196004136342,0.4272176733557954,True,146
333.477264,180,499.025577,0.7564874418090857,0.7564874418090857,0.4198784031855814,0.4717808940199133,True,180
212.794771,114,499.116873,0.6242691496787584,0.6242691496787584,0.4317338770873761,0.5596992186030993,True,114
339.057797,148,499.235601,0.5729312946867603,0.5729312946867603,0.42079771250083586,0.5141408285735314,True,148
263.752667,158,499.359491,0.28317642056874837,0.28317642056874837,0.4263807243636972,0.563591887824284,True,158
312.77515,165,499.481684,0.72697010464197,0.72697010464197,0.4227207130813008,0.487589145032867,True,165
281.341035,152,499.597623,0.7037220788984564,0.7037220788984564,0.43321930783886314,0.43976580251526076,True,152
290.290085,155,499.717931,0.6812332136661992,0.6812332136661992,0.42211232651388336,0.49210055375569617,True,155
296.590625,155,500.719205,0.7434358766901474,0.7434358766901474,0.429602044895062,0.473565653807276,True,155
248.9643,134,500.844785,0.7066799728565756,0.7066799728565756,0.42837296467702224,0.5034845274276998,True,134
238.69951,126,500.939096,0.6234662446346546,0.6234662446346546,0.422494889500407,0.46664734389852425,True,126
349.70261,168,501.072982,0.7634796058664689,0.7634796058664689,0.44312571595486766,0.4184440064427013,True,168
265.408413,133,501.175426,0.6486068362318912,0.6486068362318912,0.43272357313412674,0.4460604117012836,True,133
354.708493,191,501.319092,0.7880355017834798,0.7880355017834798,0.42781856106370414,0.42553159744125957,True,191
319.315251,153,501.434998,0.7902222357688033,0.7902222357688033,0.4351684880786537,0.5120058763160261,True,153
135.180595,153,501.554473,-0.15889525283326317,-0.15889525283326317,0.57886577759934,0.44921947628102377,True,153
343.73838,160,501.674507,0.7609657548631691,0.7609657548631691,0.4180947411487256,0.46603236220508515,True,160
263.18068,152,501.790527,0.7856567348535977,0.7856567348535977,0.4313497386923594,0.43006445525670256,True,152
337.55993,165,501.91885,0.7489798235497609,0.7489798235497609,0.42848720608086427,0.5114632316591254,True,165
304.753604,137,502.026184,0.4708014847068311,0.4708014847068311,0.4344665335949425,0.48836527950938435,True,137
252.001355,128,502.120636,0.693113816792381,0.693113816792381,0.4184408526120611,0.4908008127445056,True,128
316.989685,163,502.676313,0.7580774741935075,0.7580774741935075,0.4469428215792764,0.4476491098817748,True,163
312.988465,154,502.820749,0.6130931010314602,0.6130931010314602,0.4220877205244927,0.5355134629268082,True,154
273.929371,138,502.942183,0.7196341559991177,0.7196341559991177,0.4200828447241611,0.46160082820191584,True,138
284.770423,140,503.050389,0.7426794052523672,0.7426794052523672,0.41869511205071497,0.4610876762405193,True,140
304.473943,161,503.174853,0.6840042776573202,0.6840042776573202,0.4311839090058391,0.5785214931161987,True,161
273.324677,133,503.278014,0.4866499966916584,0.4866499966916584,0.4203975552724343,0.542483465078675,True,133
143.623069,189,503.427996,-0.27867949963387023,-0.27867949963387023,0.48951938315672294,0.4474178765399637,True,189
241.863159,122,503.524611,0.6805620547328856,0.6805620547328856,0.4342636231471066,0.41599608738157645,True,122
276.204159,137,503.629679,0.7072662926764041,0.7072662926764041,0.46252227842596955,0.4095020993330674,True,137
424.45424,197,503.78635,0.8006076048674275,0.8006076048674275,0.4233795337529099,0.47539139727380647,True,197
272.583482,141,503.899066,0.7176389532449635,0.7176389532449635,0.4297549233141827,0.443487174666832,True,141
364.002488,184,504.052951,0.8346458779950258,0.8346458779950258,0.4277395376443456,0.5065022341898922,True,184
271.570505,140,504.167828,0.7016812844955896,0.7016812844955896,0.43593567503154346,0.5013819385898702,True,140
338.295054,155,504.292488,0.7926639063527078,0.7926639063527078,0.4218178143536186,0.4356303968532799,True,155
265.377155,137,504.927422,0.745297336846458,0.745297336846458,0.43273136598273565,0.4305222026737582,True,137
334.407404,151,505.087826,0.7469285958831327,0.7469285958831327,0.42925411434914834,0.4466491206148671,True,151
263.537453,144,505.202861,0.6737278594968272,0.6737278594968272,0.4330600565890634,0.4604509873970272,True,144
283.967983,135,505.30694,0.7110885917553159,0.7110885917553159,0.42490070181246725,0.44787073558139695,True,135
242.138765,130,505.408582,0.6767341762270526,0.6767341762270526,0.4256064765706615,0.41281075918732424,True,130
234.533518,126,505.509132,0.6177885263411528,0.6177885263411528,0.4182433223231762,0.4800021948068989,True,126
303.621853,146,505.622156,0.7086734444113321,0.7086734444113321,0.44493943204891095,0.4489721781317133,True,146
93.601712,128,505.71913,-0.27435832998016224,-0.27435832998016224,0.547588353367612,0.4399975464618989,True,128
275.551949,153,505.842695,0.7495101498220785,0.7495101498220785,0.4345486126456126,0.5859538805747322,True,153
345.764435,165,505.975732,0.6804147537970996,0.6804147537970996,0.4311407617281227,0.42653422230647636,True,165
289.008003,141,506.086302,0.741833757884188,0.741833757884188,0.4292014145234674,0.49375912960256746,True,141
267.403276,135,506.192653,0.7047845752748595,0.7047845752748595,0.4282350042124674,0.4581365408030773,True,135
289.822002,148,506.307794,0.6671244538269433,0.6671244538269433,0.42844811353365736,0.4299994849372735,True,148
450.755121,205,506.467227,0.5756039784945493,0.5756039784945493,0.42266130053631584,0.5441415095706952,True,205
311.150444,139,506.77891,0.49446668389614085,0.49446668389614085,0.4357327576197971,0.5157428408369604,True,139
263.384752,132,506.902782,0.6895765252304743,0.6895765252304743,0.430269039829263,0.5352229019347786,True,132
224.918357,125,506.995233,0.665070541530128,0.665070541530128,0.4338228826799338,0.40776005891922407,True,125
296.182717,148,507.106353,0.7823873706275662,0.7823873706275662,0.4170745837358623,0.4248926221950606,True,148
273.649609,133,507.21214,0.6804005243498322,0.6804005243498322,0.4726443171625924,0.4387077031146234,True,133
257.775216,123,507.304411,0.6417109732350235,0.6417109732350235,0.4349293751275132,0.5016135157486874,True,123
304.65477,159,507.426648,0.7556109773656469,0.7556109773656469,0.42731936958280897,0.5719143168318803,True,159
306.452798,145,507.539408,0.6683374959888269,0.6683374959888269,0.4212532746163102,0.4446055592017866,True,145
302.717497,153,507.654791,0.7415176811567141,0.7415176811567141,0.42080675271085705,0.4892708181807858,True,153
300.512834,162,507.776164,0.7438119216460974,0.7438119216460974,0.4275174292406839,0.482653863528521,True,162
283.574541,149,507.890083,0.7053684832528198,0.7053684832528198,0.4330459173488471,0.47236446466284054,True,149
235.729663,126,507.986046,0.6482792724608283,0.6482792724608283,0.4312401358999611,0.49951923327578446,True,126
318.043031,155,508.101402,0.6518968773288033,0.6518968773288033,0.43368780994580486,0.5836344023046842,True,155
220.200425,204,508.255762,-0.11362445439278412,-0.11362445439278412,0.5670298082768811,0.4306573753335184,True,204
225.431688,119,508.677528,0.6858272684483133,0.6858272684483133,0.42620419312384794,0.550782167232256,True,119
316.763693,152,508.828953,0.7766973147690557,0.7766973147690557,0.4255593534949076,0.536455380998377,True,152
269.885361,136,508.929899,0.6838761247530067,0.6838761247530067,0.4213366703070508,0.41056274455456254,True,136
250.904061,138,509.034277,0.6434354002632617,0.6434354002632617,0.44108102259992144,0.4463423811588575,True,138
266.322408,140,509.142787,0.6310559310986947,0.6310559310986947,0.4335996088886214,0.4234429448178362,True,140
300.223427,162,509.26591,0.6574346882989819,0.6574346882989819,0.42174920451891307,0.5104545961444888,True,162
261.590053,126,509.36026,0.5924923805128361,0.5924923805128361,0.4294422045675192,0.5007387610698709,True,126
405.62005,192,509.5052,0.7055065616922136,0.7055065616922136,0.4173975813791252,0.40411884752833804,True,192
226.861403,130,509.605084,0.5450183295635249,0.5450183295635249,0.42273135071121265,0.45903459702765337,True,130
261.172411,139,509.710355,0.6659694006993173,0.6659694006993173,0.43476562614371134,0.47910688545021574,True,139
370.603089,177,509.845056,0.8498777789343513,0.8498777789343513,0.442136615378745,0.4415394417091549,True,177
238.420226,122,509.934819,0.6681668674432194,0.6681668674432194,0.4455954288281841,0.4130465804053987,True,122
346.69023,163,510.055438,0.7370475285843444,0.7370475285843444,0.4262361984936479,0.521400727028589,True,163
245.668534,124,510.149887,0.6968516121129683,0.6968516121129683,0.4163909144794771,0.48392496579412486,True,124
218.932875,134,510.450515,0.7149231541437214,0.7149231541437214,0.44550226569128343,0.44852290831655245,True,134
305.889786,136,510.592533,0.790506360353103,0.790506360353103,0.4290177284950791,0.5211214436212773,True,136
256.246334,121,510.679374,0.6823893990524353,0.6823893990524353,0.4244836136858887,0.49365076338784186,True,121
264.208905,129,510.780032,0.7011977137896497,0.7011977137896497,0.4264100498850666,0.40489204972436577,True,129
227.490794,126,510.872775,0.6053294745293032,0.6053294745293032,0.4353168096689788,0.5236192832769536,True,126
248.613619,128,510.971874,0.727087289724202,0.727087289724202,0.42098263594805624,0.47684985939302316,True,128
255.932457,122,511.065529,0.6547546952321655,0.6547546952321655,0.4177391457118463,0.4537556683681699,True,122
280.631128,150,511.183048,0.766937711332065,0.766937711332065,0.42243392459722884,0.4897059426985605,True,150
296.576287,153,511.296857,0.7948804681177543,0.7948804681177543,0.4306006951847042,0.45712624045142897,True,153
249.820331,125,511.390748,0.6679954826710435,0.6679954826710435,0.46850713669624977,0.43531216352069185,True,125
318.650903,153,511.504746,0.7528262825777062,0.7528262825777062,0.41958615300787944,0.46525057775775813,True,153
218.225907,120,511.595363,0.6377887222882228,0.6377887222882228,0.4217128696408939,0.5877057977469191,True,120
235.014153,117,511.683242,0.6779865058055045,0.6779865058055045,0.4192852730142384,0.43924059457055237,True,117
322.47313,160,511.801843,0.7657699165189609,0.7657699165189609,0.42023854030852675,0.4418542517453075,True,160
393.204993,265,512.205338,0.10153419899026511,0.10153419899026511,0.575598307820627,0.44498734193748146,True,265
290.181738,150,512.36948,0.6702745071303893,0.6702745071303893,0.423897757529905,0.4652043002317502,True,150
321.921851,165,512.494897,0.8220715088685602,0.8220715088685602,0.42486185438750973,0.516552195113131,True,165
226.023842,131,512.594718,0.7279332080006229,0.7279332080006229,0.4268709761836205,0.4660479197477812,True,131
276.046324,132,512.69696,0.653352816907578,0.653352816907578,0.4671604178134077,0.44044618811464287,True,132
306.943183,153,512.816774,0.7078848589229146,0.7078848589229146,0.43014732532449307,0.43371583254845225,True,153
311.2425,149,512.934761,0.7612215556670558,0.7612215556670558,0.4693684814218755,0.4262384634779997,True,149
143.236029,180,513.079915,-0.22793611917589235,-0.22793611917589235,0.5693141123079756,0.4357735737975513,True,180
350.782063,162,513.203026,0.7607349989245317,0.7607349989245317,0.4288694519311583,0.4367103427802035,True,162
284.278971,148,513.314173,0.7845307859130685,0.7845307859130685,0.42850220273450806,0.4131677591634004,True,148
266.218494,136,513.419384,0.7381188128250563,0.7381188128250563,0.43607760693337777,0.4751625203012999,True,136
417.103913,201,513.579115,0.8406291580449096,0.8406291580449096,0.4193262473457752,0.4505209027555954,True,201
224.059691,117,513.667104,0.6041287086667502,0.6041287086667502,0.4305157283876944,0.5066447363788101,True,117
339.933131,155,513.783091,0.5062623764673606,0.5062623764673606,0.4331139869485486,0.608938277402583,True,155
276.037053,134,514.376374,0.6086836435616533,0.6086836435616533,0.4685853744254297,0.42732154654242666,True,134
349.64098,176,514.557893,0.8027081086717863,0.8027081086717863,0.42134485357214885,0.5647768965234264,True,176
328.569753,160,514.678096,0.742292092428847,0.742292092428847,0.4379675848895141,0.4182226911159095,True,160
293.066204,150,514.794053,0.6073896351540163,0.6073896351540163,0.4356541059130194,0.5743950674856172,True,150
303.088249,159,514.916157,0.7265439401812879,0.7265439401812879,0.4231360210699909,0.4581096076461958,True,159
155.254272,174,515.050575,-0.06463786855256111,-0.06463786855256111,0.5190245689192539,0.44099739151689815,True,174
241.689352,125,515.145305,0.27008867852603785,0.27008867852603785,0.4345626541400332,0.6470499543809256,True,125
258.514156,137,515.248195,0.6950894411844969,0.6950894411844969,0.4290472331306681,0.5131538987479142,True,137
233.258117,114,515.334288,0.6189644590611536,0.6189644590611536,0.4185766245459214,0.4820352598659037,True,114
251.850174,124,515.429085,0.708250297736921,0.708250297736921,0.4295777621185202,0.46114852838135134,True,124
293.039767,140,515.5306,0.6985195077370285,0.6985195077370285,0.4702593031967879,0.4460512978095208,True,140
109.919435,157,515.65385,-0.25105300330703656,-0.25105300330703656,0.5674359284755215,0.44210972149162436,True,157
295.874085,141,515.766183,0.6387677586678197,0.6387677586678197,0.42749578205052413,0.4805700046164904,True,141
278.640068,142,515.877587,0.7118006591303783,0.7118006591303783,0.4332777837648075,0.4733919292891661,True,142
309.890689,144,516.642424,0.7241979556776909,0.7241979556776909,0.42406346698598846,0.5030190949779426,True,144
400.031856,176,516.809346,0.8488759090661866,0.8488759090661866,0.42130890350724015,0.4608896180092251,True,176
307.025824,166,516.938227,0.6818768836679532,0.6818768836679532,0.4174516637359706,0.5513676914680595,True,166
48.901474,121,517.031232,-0.2843139076337559,-0.2843139076337559,0.5597371933663143,0.42688738926971126,True,121
316.429366,147,517.14487,0.5642176688714123,0.5642176688714123,0.42631032239874245,0.5184444424221153,True,147
229.524848,127,517.241971,0.6888464105055265,0.6888464105055265,0.4325794360093594,0.4836602123282263,True,127
278.475975,137,517.347739,0.7145665125864858,0.7145665125864858,0.4275998031863821,0.45462541218848024,True,137
270.63815,151,517.461059,0.734888031115385,0.734888031115385,0.4355870199646839,0.5487871514930452,True,151
281.311,139,517.564878,0.6193761085943119,0.6193761085943119,0.42816342292433085,0.5557989284409733,True,139
338.956573,173,517.700301,0.3733418589127785,0.3733418589127785,0.4259195358795774,0.549997304591131,True,173
239.208397,124,517.792219,0.6509195422024238,0.6509195422024238,0.41906233679771726,0.4681387880864921,True,124
338.455227,150,517.903317,0.5581982971394626,0.5581982971394626,0.4276117794952855,0.5581917530754664,True,150
272.547726,131,518.003402,0.6522050399226049,0.6522050399226049,0.4350406367511728,0.5645624966190156,True,131
266.343709,144,518.111812,0.6875802851373142,0.6875802851373142,0.4296331628113667,0.4260697933435605,True,144
238.330095,128,518.637171,0.6953034846769033,0.6953034846769033,0.4256873568533389,0.47364509429610085,True,128
226.719034,124,518.787004,0.7261721751413129,0.7261721751413129,0.4292416358785133,0.46766783086302005,True,124
274.693671,142,518.896488,0.6983284970263425,0.6983284970263425,0.4185575170499997,0.41995298031547196,True,142
388.672327,189,519.03929,0.8064752864864796,0.8064752864864796,0.427818989811048,0.4954139580612167,True,189
261.813398,135,519.14171,0.6347227658400879,0.6347227658400879,0.4258125593583467,0.5562938253396588,True,135
260.084231,139,519.24634,0.7575908206355912,0.7575908206355912,0.4214128488164289,0.5218421441111362,True,139
223.340253,119,519.334458,0.721470404298428,0.721470404298428,0.4206405817937394,0.4852816712769509,True,119
219.677348,125,519.426765,0.6983350073632447,0.6983350073632447,0.43035539870543726,0.48488438352404994,True,125
302.126384,142,519.532273,0.7018650896359779,0.7018650896359779,0.4225726440531504,0.47292058465261994,True,142
94.102052,170,519.662339,-0.221317973924188,-0.221317973924188,0.5901699819731452,0.43925813708550177,True,170
121.148939,131,519.75961,-0.06728427110551717,-0.06728427110551717,0.5861255489075753,0.44245559341040797,True,131
299.771436,153,519.871607,0.7410272671755795,0.7410272671755795,0.45201808968303075,0.42658602593908057,True,153
245.075287,129,519.968959,0.5045653216450826,0.5045653216450826,0.4197223260615307,0.49834298204164723,True,129
290.217736,144,520.078834,0.7117495163420327,0.7117495163420327,0.43319002519176664,0.4124927822744227,True,144
342.309265,161,520.200776,0.7638232595464928,0.7638232595464928,0.42330253167844956,0.4650847287630064,True,161
271.568597,138,520.954981,0.6354784240603758,0.6354784240603758,0.42713996658863157,0.5326321744274507,True,138
222.748036,197,521.117925,0.1658924197006695,0.1658924197006695,0.4271996910835707,0.5056807645750219,True,197
290.6668,133,521.220786,0.6840811171748715,0.6840811171748715,0.43872849892345966,0.4423884111498987,True,133
346.663359,189,521.366824,0.7861728074415878,0.7861728074415878,0.4508277185922137,0.4379549548143277,True,189
261.095351,144,521.483495,0.735069035514162,0.735069035514162,0.42473882304295474,0.48709821530372954,True,144
238.348704,129,521.580786,0.622758573946168,0.622758573946168,0.4344368202043704,0.5159400360062936,True,129
251.278012,124,521.677726,0.6486421720507055,0.6486421720507055,0.42759356506497986,0.5559382489360364,True,124
298.092557,148,521.788322,0.700015974931821,0.700015974931821,0.4445100725197908,0.42694540481134075,True,148
330.783325,167,521.916772,0.7582839447255211,0.7582839447255211,0.41400359823938837,0.45244980308481164,True,167
215.540043,121,522.00853,0.5953272765974357,0.5953272765974357,0.4303843020982893,0.536114449692376,True,121
278.036947,119,522.097813,0.6380562073706214,0.6380562073706214,0.4269805264433521,0.4348235422189232,True,119
362.062167,179,522.232991,0.8070844316726729,0.8070844316726729,0.4221676839589,0.5031232593712144,True,179
265.223827,130,522.332059,0.665135461151355,0.665135461151355,0.42483992728009307,0.4818167610067815,True,130
330.13497,162,523.020105,0.7652225333331455,0.7652225333331455,0.45019503756764984,0.4038923914802457,True,162
464.273558,200,523.226892,0.6755061645944533,0.6755061645944533,0.43572184098923616,0.5887277790175608,True,200
302.294542,148,523.335269,0.7534492476843894,0.7534492476843894,0.4259938106707335,0.4677622270841698,True,148
267.380443,138,523.438386,0.7289208456516543,0.7289208456516543,0.4299835960419822,0.48335179445904164,True,138
289.755373,143,523.545117,0.7546934129843417,0.7546934129843417,0.4283195205274498,0.4252770825608257,True,143
133.732299,168,523.677815,-0.18358328273883637,-0.18358328273883637,0.5267911577658966,0.4477783664941555,True,168
144.484897,164,523.806043,-0.17905069362706774,-0.17905069362706774,0.5692846836145685,0.4409305821802161,True,164
226.116432,120,523.897114,0.6078237282024204,0.6078237282024204,0.42611617966944504,0.4405543709244504,True,120
319.273559,159,524.015805,0.7734595145946142,0.7734595145946142,0.4324977054929182,0.5164584779081354,True,159
259.550671,140,524.119518,0.7144791020309621,0.7144791020309621,0.4252560921029383,0.49553167248078933,True,140
409.560692,197,524.272709,0.7805297756229626,0.7805297756229626,0.44480366151624356,0.4323258414361013,True,197
269.185267,125,524.366506,0.6463339090492553,0.6463339090492553,0.422561207187024,0.5198958358008271,True,125
303.94336,148,524.478302,0.7027049678072493,0.7027049678072493,0.43565250638731473,0.43798704347533074,True,148
262.805686,138,524.583949,0.31919127343933534,0.31919127343933534,0.43289361283107186,0.5370791470946886,True,138
293.59195,136,525.442855,0.7023395382249901,0.7023395382249901,0.42091351296140034,0.47843650439183666,True,136
281.873096,139,525.55926,0.6281614303712546,0.6281614303712546,0.430412625310095,0.5469421098522268,True,139
355.08532,166,525.686088,0.7608607889839576,0.7608607889839576,0.4185886316218067,0.5041711139802958,True,166
291.94979,137,525.788387,0.6705001134058223,0.6705001134058223,0.42482109083914266,0.5019749618216288,True,137
283.42615,138,525.891782,0.6981863391758678,0.6981863391758678,0.4184660922087737,0.5153145007239208,True,138
229.504583,131,525.988489,0.6671449491320418,0.6671449491320418,0.4454012076036461,0.43413006009039196,True,131
283.215744,140,526.092453,0.7319676545028839,0.7319676545028839,0.43417044780908515,0.5042652482567733,True,140
259.260331,124,526.183133,0.6703919555134648,0.6703919555134648,0.4269640897857591,0.4687596639194094,True,124
251.586577,124,526.278085,0.6275707191314832,0.6275707191314832,0.42017235243572965,0.4624181566062366,True,124
285.965377,140,526.383602,0.687373548140841,0.687373548140841,0.4181056738545048,0.488708089388728,True,140
249.256427,114,526.469549,0.6400102677545115,0.6400102677545115,0.42817932860442537,0.4321677560668116,True,114
276.917004,139,526.575007,0.40252288993003343,0.40252288993003343,0.433383305998461,0.6424445890739852,True,139
271.953807,131,526.674289,0.6664105995681497,0.6664105995681497,0.41863687349616363,0.4365033375278424,True,131
317.228738,156,526.793204,0.7826499736206896,0.7826499736206896,0.44064806294165226,0.4415995985025454,True,156
229.4117,126,526.889674,0.6867998637739412,0.6867998637739412,0.42081595011098716,0.4295721528862863,True,126
374.450284,167,527.168771,0.7964400488316002,0.7964400488316002,0.42427107459568586,0.46263844882237926,True,167
250.575454,129,527.282264,0.6870902709930773,0.6870902709930773,0.421811805594817,0.4689876059999373,True,129
305.945009,138,527.384634,0.620849393973371,0.620849393973371,0.4273368235692628,0.5221053345271884,True,138
238.467904,147,527.49599,0.7916451757583512,0.7916451757583512,0.4211981374624704,0.4264378085331946,True,147
220.29963,118,527.583366,0.6645173968252097,0.6645173968252097,0.43371747486843754,0.5153056202371593,True,118
282.468068,131,527.679939,0.6923808707457931,0.6923808707457931,0.42091052164457055,0.4566223670186766,True,131
274.456302,112,527.767038,0.3448715229871427,0.3448715229871427,0.42721775231950887,0.5009329000953631,True,112
268.79641,133,527.867392,0.6376300461719954,0.6376300461719954,0.4199554517436132,0.46844629712290636,True,133
227.257772,118,527.952828,0.5957594829816831,0.5957594829816831,0.42263349018990204,0.5218974996704434,True,118
283.161409,149,528.065103,0.7909835722288088,0.7909835722288088,0.4240193945563093,0.44177677081091504,True,149
268.358283,132,528.163435,0.5553117007717211,0.5553117007717211,0.42456123528463674,0.48602497482242796,True,132
294.068272,134,528.265306,0.3029826478270454,0.3029826478270454,0.43056144062691293,0.6224534777664175,True,134
328.494791,166,528.389111,0.8035606291988455,0.8035606291988455,0.42695535323565065,0.5046067420198147,True,166
281.176951,145,528.499547,0.7373131126910454,0.7373131126910454,0.4427638441554721,0.43761203358982026,True,145
108.661302,130,528.601615,-0.03870804768589271,-0.03870804768589271,0.4234986549375881,0.49473897902855035,True,130
199.606179,201,529.133321,0.05478457075593288,0.05478457075593288,0.41747645134209627,0.5483757301886891,True,201
259.063711,128,529.232955,0.6557700745561108,0.6557700745561108,0.42959764085447133,0.594069889849531,True,128
316.477441,149,529.346416,0.551333962999702,0.551333962999702,0.4276212977326741,0.4866613077335322,True,149
282.330245,148,529.460123,0.7646055726678703,0.7646055726678703,0.4285865235354925,0.4762184038923422,True,148
259.044844,130,529.560094,0.7101508275980228,0.7101508275980228,0.4240069436752131,0.47615288393731164,True,130
291.833973,136,529.664084,0.7249706429996498,0.7249706429996498,0.4182556857420609,0.44104228677634627,True,136
371.969482,203,529.81967,0.7847927386700987,0.7847927386700987,0.42255663229086954,0.474912034733773,True,203
265.938669,127,529.914062,0.6110751173779724,0.6110751173779724,0.4326171708895238,0.43101547117110367,True,127
407.321268,170,530.041776,0.5255962995426127,0.5255962995426127,0.4261510721889061,0.5752476620487915,True,170
243.465742,122,530.132956,0.6466641776367834,0.6466641776367834,0.42487867989280254,0.5047166761249573,True,122
209.152045,119,530.223845,0.6473690475658138,0.6473690475658138,0.4268397951457261,0.4671645596600459,True,119
395.70476,183,530.362625,0.861319555750965,0.861319555750965,0.4314193132908676,0.5271739856513423,True,183
272.197346,141,530.4701,0.6888701134105166,0.6888701134105166,0.42158502758127886,0.4878986499673011,True,141
359.906254,176,531.040246,0.6894768331955978,0.6894768331955978,0.4360703684047591,0.5235070482552313,True,176
340.181357,175,531.222103,0.6820681456165122,0.6820681456165122,0.42311942991787355,0.460040089762199,True,175
284.691275,138,531.324607,0.6144964005554036,0.6144964005554036,0.44501293350577975,0.4385556201906062,True,138
296.133058,138,531.427496,0.7180770978532848,0.7180770978532848,0.43169333838732427,0.4980034862038868,True,138
154.941544,185,531.567177,-0.18720356720737313,-0.18720356720737313,0.6025863221044692,0.4391530627445808,True,185
239.4192,121,531.659609,0.6868818436179239,0.6868818436179239,0.42895072834973896,0.5062490300942336,True,121
320.663426,166,531.786026,0.826306448812687,0.826306448812687,0.4210569631648264,0.4152893835551825,True,166
234.897217,119,531.87412,0.6776068470191691,0.6776068470191691,0.41854412092503257,0.4551329706812351,True,119
310.286402,145,531.983305,0.7259231785991872,0.7259231785991872,0.4255833066664738,0.49346552669672744,True,145
293.234905,149,532.096159,0.6357471323112833,0.6357471323112833,0.48743945187166465,0.4284450007518469,True,149
281.355847,140,532.201401,0.5859415542721697,0.5859415542721697,0.4353181019637807,0.5004316234489764,True,140
248.964335,133,532.300105,0.6303002400809931,0.6303002400809931,0.4324053271940631,0.537212651914383,True,133
258.653162,145,532.413466,0.7257038999078916,0.7257038999078916,0.4150495198965721,0.4646552315761739,True,145
302.954613,158,532.532766,0.549758264713892,0.549758264713892,0.42640494944476226,0.5285386981133234,True,158
265.999791,126,533.117943,0.663756369539637,0.663756369539637,0.43165871736477707,0.45669994970242817,True,126
290.529432,150,533.270672,0.7374179977891006,0.7374179977891006,0.4324110041667808,0.42386961278980484,True,150
285.750747,147,533.38223,0.3175640961496495,0.3175640961496495,0.42872944743119334,0.6884450784481639,True,147
232.225818,130,533.476993,0.6772915763350761,0.6772915763350761,0.42192121525861603,0.43442989346615896,True,130
338.211645,166,533.600161,0.7268536109183441,0.7268536109183441,0.43232468436395705,0.596258050695164,True,166
328.10788,159,533.721621,0.6903555047179449,0.6903555047179449,0.4381231860123711,0.44974368696877065,True,159
251.508102,203,533.877174,-0.11268898201911405,-0.11268898201911405,0.5525367369606144,0.4445657763742675,True,203
237.750372,117,533.963376,0.6212239345972894,0.6212239345972894,0.43644424284305466,0.4290700989060787,True,117
263.243351,125,534.056492,0.6166292443723254,0.6166292443723254,0.4335670938204281,0.4120489920192929,True,125
294.173556,144,534.163231,0.7289957321363911,0.7289957321363911,0.42375500677916506,0.4203328867245438,True,144
289.118567,173,534.290212,0.7430590617178581,0.7430590617178581,0.4165037483306014,0.48575847193238597,True,173
251.207146,130,534.386353,0.6787044503749983,0.6787044503749983,0.43287277953327713,0.53110649062427,True,130
238.767609,133,534.48768,0.7293483657378943,0.7293483657378943,0.41852747500899445,0.49790311956409095,True,133
264.483704,143,534.593377,0.679587653631942,0.679587653631942,0.42795811803592043,0.534667733361142,True,143
