#{"t_start": 1790429342.822162, "env_id": "None"}
r,l,t,forward_distance,x,height,upright,fallen,episode_step
845.140973,429,1.721894,0.10822904869973347,0.10822904869973347,0.4185373027815379,0.5186900030126578,True,429
812.593679,508,2.539343,0.19238641657654323,0.19238641657654323,0.4559596281708958,0.42673001683366646,True,508
781.955332,502,3.335281,0.2008284194323797,0.2008284194323797,0.4663886142552045,0.4326359700747652,True,502
819.837532,455,4.067986,0.14034088092456165,0.14034088092456165,0.4392624965919374,0.4363712095730457,True,455
560.023088,384,5.634775,0.07632559998326284,0.07632559998326284,0.4725784387410367,0.44788768121136113,True,384
316.842031,255,6.047848,0.04605538785347525,0.04605538785347525,0.4262255223880122,0.5519414907715823,True,255
502.475255,283,6.504084,0.02022182020797175,0.02022182020797175,0.42552959234260557,0.5419295989436256,True,283
503.635769,389,7.146227,0.06769255218015502,0.06769255218015502,0.41402643885337115,0.5194698241093968,True,389
1274.386432,757,8.39296,0.3560490682296295,0.3560490682296295,0.46601056189731405,0.421989972192285,True,757
575.880475,370,10.117748,0.08672661817288232,0.08672661817288232,0.42406031970459623,0.4183930816485422,True,370
515.559794,290,10.603903,0.08052520936103533,0.08052520936103533,0.4218273412802048,0.5207102176784825,True,290
271.013927,255,11.029749,0.029943117813993104,0.029943117813993104,0.41344734498548336,0.5456477705795614,True,255
1033.408681,600,12.000935,0.2067461297069674,0.2067461297069674,0.4627552991210988,0.44908642766377493,True,600
678.071438,402,12.650808,0.057714647532182764,0.057714647532182764,0.41385353724335777,0.5180490950391434,True,402
307.632499,261,13.083242,0.08278498154272235,0.08278498154272235,0.4166339032816346,0.5013222435961509,True,261
609.190133,297,14.569655,0.03658231492147792,0.03658231492147792,0.41771953897708297,0.5223047460960837,True,297
578.953023,380,15.186839,0.11123735225841713,0.11123735225841713,0.4608217262068285,0.4282592822133012,True,380
726.812935,538,16.071732,0.1791394740032081,0.1791394740032081,0.4271244701600741,0.4334226180046317,True,538
395.538378,275,16.56267,0.021568775376181747,0.021568775376181747,0.43083473904778724,0.5104857141280563,True,275
1051.850241,568,18.531625,0.21746846470538872,0.21746846470538872,0.4162256264188054,0.42521811163054424,True,568
503.887318,349,19.146981,0.03736424583371502,0.03736424583371502,0.47565302752478494,0.4277005073562751,True,349
962.961523,748,20.383112,0.31721825059791187,0.31721825059791187,0.4720584804985175,0.440779533676503,True,748
638.580957,306,20.918814,0.08888702644200883,0.08888702644200883,0.41894643913496693,0.49641132421434625,True,306
825.997096,496,21.744593,0.16055375314116757,0.16055375314116757,0.4767301289289042,0.44646790573462897,True,496
439.598046,284,23.218879,0.030164812524222845,0.030164812524222845,0.41799866658709095,0.5043863838265299,True,284
525.55008,356,23.792316,0.10277555899710916,0.10277555899710916,0.4631862872779708,0.4425827199460165,True,356
943.267381,425,24.526347,0.06191343666140129,0.06191343666140129,0.42883470096713566,0.5225904062252155,True,425
946.955913,607,25.675458,0.177684522325163,0.177684522325163,0.4491072082877597,0.42629828167404143,True,607
758.211967,676,27.956278,0.3090528071390341,0.3090528071390341,0.45348485888284207,0.4192578561819758,True,676
839.87165,459,28.702708,0.20059179848777445,0.20059179848777445,0.4426673972994125,0.42337082177228846,True,459
859.569139,471,29.482498,0.15805653585730453,0.15805653585730453,0.4587301427692031,0.44073038748465054,True,471
802.714538,493,30.315038,0.2262854413856307,0.2262854413856307,0.46958995070783277,0.4387380975725984,True,493
848.055034,459,31.183619,0.18326949828197953,0.18326949828197953,0.4477719841201066,0.44689493020028614,True,459
918.362445,756,33.634114,0.16936421944512345,0.16936421944512345,0.46826898639122566,0.44776992480640865,True,756
791.563818,472,34.426476,0.23161717337574417,0.23161717337574417,0.4805993939931522,0.44878268994386555,True,472
389.672194,275,34.88858,-0.020379800021539076,-0.020379800021539076,0.4293544266440921,0.5267066682139133,True,275
749.408577,492,35.686577,0.15970001624425226,0.15970001624425226,0.4795576091086253,0.44036961367098043,True,492
832.615694,502,37.534786,0.2166503708391702,0.2166503708391702,0.47341046838197814,0.43063464977835286,True,502
905.208461,469,38.287437,0.18539342562138025,0.18539342562138025,0.46133984750837237,0.44861207173200496,True,469
587.535028,368,38.904135,0.1108488329935205,0.1108488329935205,0.4619279770868241,0.42499624526053703,True,368
600.507862,297,39.389256,0.03108666301906468,0.03108666301906468,0.4269685588890037,0.543909130226237,True,297
889.061564,487,41.178017,0.19160272876379572,0.19160272876379572,0.43471476332294556,0.43322707628804424,True,487
603.867364,374,41.843528,0.14856218945853292,0.14856218945853292,0.4561396308236741,0.4253232117021142,True,374
642.042906,296,42.33427,0.05509457533543938,0.05509457533543938,0.4205685763856788,0.5276411829342061,True,296
802.408711,496,43.169291,0.22737825103139425,0.22737825103139425,0.47339544800779737,0.43573974390998926,True,496
642.72649,298,43.666609,0.06067472090249759,0.06067472090249759,0.41778051621223056,0.5164093586273195,True,298
604.035162,295,44.155213,0.06647073919162605,0.06647073919162605,0.4302195261403326,0.5315131032424886,True,295
516.787865,324,45.693385,0.03841270766962696,0.03841270766962696,0.47111419082072564,0.44818703388818015,True,324
625.328261,298,46.204235,0.03898218383795424,0.03898218383795424,0.4184281561549766,0.5238121744278975,True,298
1055.488049,618,47.206629,0.267616544511087,0.267616544511087,0.44728215443510333,0.41776190220369097,True,618
1060.032898,676,48.310432,0.24191791452266243,0.24191791452266243,0.44042444720840085,0.4211939683460988,True,676
508.800845,285,48.779562,0.025593341659481166,0.025593341659481166,0.41260825880281626,0.5402131722222867,True,285
354.086632,277,50.29512,0.10119077617008486,0.10119077617008486,0.44742457108498196,0.4256250287125182,True,277
871.901467,465,51.069384,0.1646924258501857,0.1646924258501857,0.4115230602457476,0.4165502103879261,True,465
489.763446,281,51.534077,0.02384957247345886,0.02384957247345886,0.4195737286608657,0.5404277327941326,True,281
866.07087,478,52.329404,0.1753000193873728,0.1753000193873728,0.45251705856658253,0.44189174963966343,True,478
580.514815,360,52.937044,0.12628026862059225,0.12628026862059225,0.46544268650292037,0.4495966978156614,True,360
359.638848,266,53.381886,0.06769467076463608,0.06769467076463608,0.42499359444120566,0.5444034288500835,True,266
807.450404,534,55.346036,0.2081747824679509,0.2081747824679509,0.4759744337753247,0.4383805045002509,True,534
592.618515,420,56.05055,0.13243747931150102,0.13243747931150102,0.44491970546410076,0.4432252432223672,True,420
328.77909,261,56.497706,-0.0015019495000124757,-0.0015019495000124757,0.4182982952094976,0.540673732992837,True,261
639.960139,318,57.028859,0.069773297561111,0.069773297561111,0.416326158719595,0.4907130989228151,True,318
569.183227,318,57.569723,0.03863499999491453,0.03863499999491453,0.4382994324800661,0.4407405964305036,True,318
821.010692,474,59.334753,0.1966342125822202,0.1966342125822202,0.44684437760751466,0.4474547567475287,True,474
611.783218,405,60.014775,0.15487215481930122,0.15487215481930122,0.46051896889421107,0.4459897225755576,True,405
371.661495,272,60.473055,0.04050994669787643,0.04050994669787643,0.4237152465982765,0.5267442626333046,True,272
368.036889,273,60.924906,0.020848950390361776,0.020848950390361776,0.4284475049055997,0.5346483912941024,True,273
216.985075,241,61.341993,0.037556073031150106,0.037556073031150106,0.42570796292425694,0.5903557954344648,True,241
548.455957,349,61.932768,0.058271518157040014,0.058271518157040014,0.45699321942278115,0.42385726653723693,True,349
753.168599,424,63.554606,0.34810420104172113,0.34810420104172113,0.4168449637495274,0.4708011009447269,True,424
785.986995,492,64.469759,0.19904350331648601,0.19904350331648601,0.46373589597562515,0.42357976621240473,True,492
314.067622,277,64.951979,0.020447405433614566,0.020447405433614566,0.4292558634787733,0.5335884531065714,True,277
686.694611,402,65.620606,0.12618976946908766,0.12618976946908766,0.4305567620185301,0.5419163725161543,True,402
1038.416215,658,66.726712,0.2729379331593521,0.2729379331593521,0.45733439248138186,0.42994423783414354,True,658
616.061622,293,68.136166,0.0885147143741257,0.0885147143741257,0.42328738055738185,0.5560353384611026,True,293
637.369044,300,68.644168,0.06882602882415889,0.06882602882415889,0.4245046906792232,0.4889382633227484,True,300
426.751637,274,69.100905,0.055855012415751006,0.055855012415751006,0.41822260357084934,0.5059697936406871,True,274
319.581102,286,69.578817,0.14251101913256442,0.14251101913256442,0.4578393987763582,0.42394268156580867,True,286
1062.206901,827,70.959017,0.4770714904574348,0.4770714904574348,0.4621794405738791,0.44318052985074663,True,827
597.168932,342,72.410607,0.07441649128907638,0.07441649128907638,0.4583827004659422,0.43275106838450045,True,342
296.601036,255,72.849592,0.04620310168901475,0.04620310168901475,0.4204981214866782,0.5037497087257805,True,255
782.951868,524,73.739478,0.25849356082670466,0.25849356082670466,0.45918894914656727,0.4258342090032615,True,524
359.957291,263,74.18207,0.027155648124745746,0.027155648124745746,0.4256452962769118,0.5322263897574973,True,263
798.486392,562,75.126789,0.21938088621426283,0.21938088621426283,0.46867551497228943,0.4440653969476194,True,562
1090.810374,732,77.269075,0.32605906666750795,0.32605906666750795,0.4674211655261257,0.44462377465572706,True,732
823.270591,484,78.078173,0.17300666544888005,0.17300666544888005,0.449059464040111,0.42462738193035676,True,484
699.527584,488,78.887886,0.12277664132955031,0.12277664132955031,0.4740395363203924,0.44133353852033985,True,488
618.37432,330,79.440532,0.1306739758358274,0.1306739758358274,0.46529380368525247,0.44891705462362863,True,330
1175.77507,554,81.261979,0.036493348644675606,0.036493348644675606,0.4304613855282707,0.5135707784198619,True,554
881.488856,432,81.997766,0.11290289540568477,0.11290289540568477,0.4190681146417363,0.5215749962663725,True,432
869.65818,465,82.779352,0.18362837302852464,0.18362837302852464,0.4127801870512749,0.4497534644247357,True,465
475.318067,286,83.261234,0.042344504226163655,0.042344504226163655,0.41523398818983226,0.5026708755678038,True,286
740.859279,557,84.176357,0.13997448857226608,0.13997448857226608,0.4702964934756351,0.43795268810372523,True,557
554.117026,317,85.663739,0.02584997285605837,0.02584997285605837,0.41705726325739895,0.4531383427986859,True,317
818.383472,554,86.593763,0.2395621108175358,0.2395621108175358,0.44939230771183025,0.4239675021314071,True,554
941.484787,498,87.433194,0.2181627779470489,0.2181627779470489,0.46309364901822037,0.44047525123777814,True,498
589.347597,366,88.052439,0.08966693328530705,0.08966693328530705,0.4740534001489508,0.4428251869994712,True,366
820.100657,493,89.623779,0.19634537532334184,0.19634537532334184,0.4793936071115004,0.4473602294574066,True,493
602.881067,398,90.288887,0.06376998667840682,0.06376998667840682,0.4153360646737729,0.48146184317428725,True,398
1015.893644,628,91.324421,0.24005223229275915,0.24005223229275915,0.45885158061876646,0.4198701826691848,True,628
633.914986,364,91.915123,0.11680202716008628,0.11680202716008628,0.4703510120719452,0.43594469405942193,True,364
572.883023,322,92.433544,0.06872905453098906,0.06872905453098906,0.4273441083418967,0.44842131747718866,True,322
607.631233,301,93.779611,0.017832823666754084,0.017832823666754084,0.41948837875871775,0.5243852508362251,True,301
540.190577,349,94.352485,0.08189787176240583,0.08189787176240583,0.4783673536639354,0.44697593733047447,True,349
585.252443,290,94.829715,0.048249280885359604,0.048249280885359604,0.42646317578324466,0.5610575423761366,True,290
436.353131,269,95.277893,0.049901706160083936,0.049901706160083936,0.42031921524914345,0.4840584230721366,True,269
341.223572,263,95.704815,0.013163664399172947,0.013163664399172947,0.42627334659221144,0.5156928288089019,True,263
569.323503,349,96.289276,0.09096064357661793,0.09096064357661793,0.4690425206246617,0.4495536864149609,True,349
897.523016,467,98.172127,0.16220235156267343,0.16220235156267343,0.4372092936902269,0.427599733074957,True,467
268.64035,244,98.581896,0.030858177184470616,0.030858177184470616,0.4270017826978234,0.5435615139305352,True,244
397.079047,276,99.031809,0.03555083401027091,0.03555083401027091,0.42243359146124565,0.5121211919803177,True,276
366.218371,264,99.460107,0.024821146282474692,0.024821146282474692,0.43121553689673525,0.5410394361325213,True,264
408.633669,281,99.915346,0.0056346365303009075,0.0056346365303009075,0.41409299860499793,0.5025999405763679,True,281
572.671261,317,100.433611,0.01943727384150448,0.01943727384150448,0.4168578653047265,0.46103989631149767,True,317
426.263506,269,100.870391,0.06433519042369733,0.06433519042369733,0.4307052319269228,0.5420161527395511,True,269
590.209879,338,102.053208,0.1166232298867236,0.1166232298867236,0.46034806722465077,0.4320140732764465,True,338
588.778678,315,102.627078,0.05737919818359345,0.05737919818359345,0.4176050695343603,0.47302138720735704,True,315
484.308528,282,103.084852,0.048077496296102425,0.048077496296102425,0.413231743199922,0.5269330713914808,True,282
688.112017,300,103.580216,0.09213423298044827,0.09213423298044827,0.4182594248011333,0.4972351627330163,True,300
519.438804,369,104.188423,0.10359713052363431,0.10359713052363431,0.46878860352503104,0.42604090997275923,True,369
597.702105,336,104.738894,0.10392013653667002,0.10392013653667002,0.4687980579061038,0.43660143070686036,True,336
519.61381,398,105.384078,0.08723270106488953,0.08723270106488953,0.4497654763313337,0.4276739854505377,True,398
794.615236,514,107.131639,0.21277259678099594,0.21277259678099594,0.47975629973026696,0.4487525227988154,True,514
283.550244,250,107.533333,0.05824369270730347,0.05824369270730347,0.4198004653457705,0.5488619181522468,True,250
473.421898,285,107.999681,0.04878487559404671,0.04878487559404671,0.4218105007639474,0.5345251749438168,True,285
668.231069,307,108.502735,0.1062864461133342,0.1062864461133342,0.4264110901100789,0.5436651295813548,True,307
765.498556,565,109.415024,0.2257156510508542,0.2257156510508542,0.47570043051295985,0.4321884956933029,True,565
607.925208,301,110.752946,0.060234561887038816,0.060234561887038816,0.4225670179069769,0.5187273390284737,True,301
976.950105,667,111.835624,0.2846970587757342,0.2846970587757342,0.4574388645361418,0.42499971226243644,True,667
338.307587,260,112.253612,0.06932067250950592,0.06932067250950592,0.4201295268904294,0.5103934618479583,True,260
433.584701,270,112.687094,0.04009933514801964,0.04009933514801964,0.4303588706017608,0.5360308829318671,True,270
467.20285,271,113.154006,0.09648168635803933,0.09648168635803933,0.4143908138793627,0.5059274995851443,True,271
1286.463906,723,115.278073,0.2963089469045694,0.2963089469045694,0.4685013798709144,0.4254182680777001,True,723
554.549119,333,115.816188,0.05928297347986259,0.05928297347986259,0.46578717860950636,0.43768303593149727,True,333
993.542818,794,117.101499,0.8543921690497013,0.8543921690497013,0.445463430773653,0.4447091690230342,True,794
323.506901,257,117.529307,0.020205490737617446,0.020205490737617446,0.42643227472656814,0.5204921224307087,True,257
508.98435,283,117.984428,0.0670047956990605,0.0670047956990605,0.4214598706549277,0.532928649755865,True,283
529.629519,284,119.404948,0.06608077558503185,0.06608077558503185,0.41901016035416133,0.5275873974185457,True,284
616.683635,315,119.921746,0.09428407589996032,0.09428407589996032,0.42989773590328345,0.4465443835759771,True,315
797.710382,418,120.639053,0.1349003788894727,0.1349003788894727,0.41837953088434143,0.49815800247734865,True,418
609.701838,311,121.166156,0.07634393365539846,0.07634393365539846,0.41891353136629256,0.4788863594020677,True,311
1369.541318,715,122.322707,0.3216940937015325,0.3216940937015325,0.4288091929034287,0.4834152530769736,True,715
615.2149,358,123.952516,0.10942816559825722,0.10942816559825722,0.4514318143110053,0.4263334566569384,True,358
881.298645,506,124.799266,0.2442194295119066,0.2442194295119066,0.4719370052165817,0.44969500147180425,True,506
319.3465,261,125.238467,0.046134941969170895,0.046134941969170895,0.414968918709469,0.5177782925603575,True,261
618.059972,320,125.779724,0.07747425226570229,0.07747425226570229,0.42606776429091864,0.45890332131005745,True,320
316.649692,258,126.21516,0.06450907840665197,0.06450907840665197,0.4293570699585341,0.5262148538502998,True,258
604.517247,312,126.72596,0.057194293294257285,0.057194293294257285,0.4247886997900667,0.4499156687726742,True,312
744.250933,457,128.419661,0.08242616268094781,0.08242616268094781,0.429755116122758,0.42219487477283085,True,457
270.449022,248,128.830616,0.04795474457656147,0.04795474457656147,0.41453662022577703,0.5122703000325245,True,248
660.605494,302,129.317639,0.061114605746665836,0.061114605746665836,0.4180494768183505,0.5215764280968662,True,302
844.023484,479,130.086807,0.14484100073653722,0.14484100073653722,0.47923702358627385,0.43588637782244644,True,479
382.069012,266,130.513613,0.07085952169610675,0.07085952169610675,0.4280162846156259,0.5344753998857914,True,266
1189.027421,658,132.438838,0.34132611683884284,0.34132611683884284,0.45384469465759225,0.4255068618802184,True,658
533.964431,379,133.052151,0.1291434142616886,0.1291434142616886,0.4618189371252792,0.4373512124861634,True,379
935.949554,476,133.830251,0.24297460642001373,0.24297460642001373,0.44732219662967293,0.423021888704799,True,476
590.754914,315,134.340039,0.05607588124187183,0.05607588124187183,0.42859369793085283,0.44320606945875013,True,315
901.034721,523,135.216482,-0.42447801018712655,-0.42447801018712655,0.42289784348119347,0.4556502113985741,True,523
405.285912,274,136.607421,0.034273825094625336,0.034273825094625336,0.4142293963678139,0.5058819717527142,True,274
432.650227,274,137.042825,0.06808282290334298,0.06808282290334298,0.43079227080681015,0.510137252404565,True,274
609.870373,371,137.639212,0.14078379517144998,0.14078379517144998,0.4743975819410626,0.4458225243666946,True,371
876.141147,456,138.379798,0.2097310533273691,0.2097310533273691,0.417006696423113,0.42661366213806756,True,456
351.983011,263,138.806413,0.05189067653176079,0.05189067653176079,0.41787929237676874,0.5208937392415962,True,263
422.998822,276,139.253762,0.0500834820522028,0.0500834820522028,0.42285240545515407,0.4902121059409786,True,276
459.973064,275,140.552995,0.06926674655340924,0.06926674655340924,0.41534252318384257,0.506899917496441,True,275
425.887524,270,141.043281,0.09144965516150981,0.09144965516150981,0.414530075663897,0.5059283928002394,True,270
382.248483,267,141.479681,0.039364840439779995,0.039364840439779995,0.43073931614101024,0.53733006609995,True,267
398.643565,273,141.924021,0.033671772813106945,0.033671772813106945,0.42805959025740253,0.5205224860837938,True,273
531.597761,286,142.396013,0.04749816950510403,0.04749816950510403,0.42452681630796213,0.49728853640968573,True,286
774.778609,449,143.124414,0.10728641937173437,0.10728641937173437,0.4302062825592165,0.4474069989566707,True,449
638.778538,317,143.638834,0.10461799965150761,0.10461799965150761,0.42862027816995807,0.4781951366338182,True,317
451.491638,274,144.788425,0.028945953489106283,0.028945953489106283,0.42311055093299405,0.5025770482369765,True,274
605.067524,317,145.29593,0.05795243787255233,0.05795243787255233,0.4301537471069801,0.46800491668920347,True,317
467.410131,279,145.745658,0.08207280115269967,0.08207280115269967,0.42741330877382305,0.5182502130507506,True,279
379.999885,264,146.177013,0.05845036203692409,0.05845036203692409,0.41347778072508773,0.4897890207549065,True,264
811.994462,585,147.120963,0.2616098222228913,0.2616098222228913,0.4595800717833,0.441783101426663,True,585
947.1027,468,147.873644,0.18488390793032006,0.18488390793032006,0.45578013368532394,0.43603221849863066,True,468
590.963893,393,149.381486,0.07060617880691017,0.07060617880691017,0.4227825963796948,0.5227304890944316,True,393
914.995645,463,150.133311,0.18446403203279138,0.18446403203279138,0.4158202664566435,0.42184360601296594,True,463
468.088201,277,150.587776,0.037625804441857556,0.037625804441857556,0.43055178765709573,0.5143689379792038,True,277
323.316932,257,151.003953,0.03977665789744604,0.03977665789744604,0.42327005335496104,0.5214329057692385,True,257
618.674938,320,151.522238,0.09896858955140107,0.09896858955140107,0.4392140043663624,0.442281480860387,True,320
1136.473926,767,153.584398,0.17694368174071004,0.17694368174071004,0.47247031612256657,0.44287191266582965,True,767
302.288375,249,153.990773,0.033532079492792154,0.033532079492792154,0.4157190210793866,0.5108768063997783,True,249
287.629722,247,154.403461,0.061780718045654597,0.061780718045654597,0.4163596709580432,0.505907831812081,True,247
812.152734,498,155.219825,0.20940151586624942,0.20940151586624942,0.4578687161966273,0.4333782382720703,True,498
820.622975,443,155.948998,0.09481413661863276,0.09481413661863276,0.41818134011507185,0.43064250110680713,True,443
785.737185,553,157.629263,0.12916571839807775,0.12916571839807775,0.43141515506058303,0.4183226998760421,True,553
622.931278,322,158.150874,0.06765897671054354,0.06765897671054354,0.42610739849831947,0.4394164755023101,True,322
771.48752,517,159.002631,0.18251085012591015,0.18251085012591015,0.46912694068253635,0.443914258586008,True,517
869.026951,487,159.808174,0.19133520326840733,0.19133520326840733,0.46880918101504293,0.4430959904032164,True,487
582.065114,283,160.268005,0.06889035560247059,0.06889035560247059,0.4147299513986053,0.5272782740483845,True,283
948.30536,474,161.685182,0.2559035613556556,0.2559035613556556,0.44614658870205104,0.4429903888081811,True,474
593.21523,369,162.273501,0.12332132101738408,0.12332132101738408,0.4715065152619358,0.4404909615263284,True,369
383.764138,271,162.710449,0.05299705639720624,0.05299705639720624,0.4242441392194505,0.5178150121164942,True,271
583.869697,323,163.225959,0.055595450223744965,0.055595450223744965,0.4223371508244158,0.42139721149647885,True,323
909.368852,436,163.926759,0.10752266942765969,0.10752266942765969,0.42574226510731183,0.454174129568773,True,436
650.634037,302,164.931019,0.08035959994947349,0.08035959994947349,0.42981669944816747,0.5256441414353032,True,302
604.573915,355,165.550534,0.11721579428542421,0.11721579428542421,0.47143238510960844,0.43973551354449397,True,355
348.348255,262,165.974594,0.03085402300506642,0.03085402300506642,0.42195296031094887,0.5154552706560555,True,262
286.476653,253,166.388052,0.04939539473268329,0.04939539473268329,0.4218602911056328,0.5187975370046182,True,253
350.349188,264,166.816682,0.035942156025328305,0.035942156025328305,0.41744192048475365,0.5099683261227325,True,264
730.153934,313,167.315752,0.09614165909656773,0.09614165909656773,0.42261582807692216,0.5052992907662767,True,313
1452.921053,708,169.508586,0.3781387779241444,0.3781387779241444,0.42304828320430815,0.46470937356626274,True,708
479.161243,278,169.952612,0.059650312889212874,0.059650312889212874,0.4301426671039011,0.532442823304311,True,278
866.496092,478,170.735902,0.2057629669970595,0.2057629669970595,0.42032814004908975,0.41945177152911145,True,478
831.529526,595,171.697242,0.27124420644787917,0.27124420644787917,0.45811340079366125,0.43747066777888405,True,595
600.483051,326,172.229827,0.0913419431473791,0.0913419431473791,0.46067249724623693,0.42815376404982536,True,326
571.851322,376,173.897539,0.11725182797624834,0.11725182797624834,0.4578660361423318,0.4301243111567887,True,376
313.470839,253,174.311136,0.06105767353568229,0.06105767353568229,0.4299113507808196,0.5162000966562165,True,253
1054.593686,689,175.419156,0.20599089917550625,0.20599089917550625,0.45426134679678065,0.4278242231473354,True,689
421.694352,274,175.868232,0.049741327961140426,0.049741327961140426,0.4266992996125338,0.5264113698111428,True,274
797.4073,514,176.688454,0.17764835293466838,0.17764835293466838,0.47216594772686926,0.447582107344185,True,514
351.748308,273,178.16083,0.03774150299145872,0.03774150299145872,0.4300591605701129,0.5231783036169321,True,273
656.734811,353,178.746616,0.13611234243120407,0.13611234243120407,0.479848202396276,0.43914730090735177,True,353
599.245954,367,179.355061,0.13464982756343055,0.13464982756343055,0.45983420708607037,0.43010138026046096,True,367
382.800268,263,179.777761,0.04730202909927825,0.04730202909927825,0.4193769873261428,0.514397494659454,True,263
489.529092,280,180.23256,0.0421567833522047,0.0421567833522047,0.4177728007020237,0.5211942371279162,True,280
610.302832,439,180.941399,0.19726516258756874,0.19726516258756874,0.48285482905499283,0.4468868323126215,True,439
925.068062,481,182.774367,0.19851822663008054,0.19851822663008054,0.48884763389777547,0.446637875147385,True,481
635.341393,320,183.374817,0.08676873511069126,0.08676873511069126,0.4126826420648911,0.4304458579741666,True,320
280.746498,253,183.790183,0.013185853486867367,0.013185853486867367,0.42880212489081415,0.5546869192841838,True,253
861.172053,462,184.562994,0.1980730085624484,0.1980730085624484,0.4478784527287852,0.4329541221247988,True,462
460.975486,275,185.013743,0.08225356043820886,0.08225356043820886,0.4192883439631975,0.47901827798779706,True,275
606.855855,377,185.639221,0.15931883934064978,0.15931883934064978,0.4723437665176638,0.44921896760605223,True,377
818.569835,496,187.534781,0.19494842517622624,0.19494842517622624,0.468125425620499,0.4314782013738198,True,496
383.571556,273,187.976068,0.06401982707183468,0.06401982707183468,0.41640847676471304,0.5130706484310531,True,273
412.567023,272,188.42089,0.054492549742855854,0.054492549742855854,0.4183647579325955,0.49143933517601057,True,272
235.395833,239,188.815794,0.03147858335704707,0.03147858335704707,0.4201395606783602,0.5404099027846512,True,239
473.75637,278,189.275255,0.03554909094300852,0.03554909094300852,0.42349356652063846,0.5183946092360685,True,278
631.390144,370,189.904605,0.13454229505796217,0.13454229505796217,0.47834027393665396,0.4457768608180683,True,370
652.935161,292,191.525669,0.07236431257397198,0.07236431257397198,0.43121996926686323,0.553011996780716,True,292
345.508122,266,192.054789,0.04846771159778615,0.04846771159778615,0.4247567735206405,0.506505705494563,True,266
384.615665,267,192.528133,0.033653375338343366,0.033653375338343366,0.4176096652683118,0.49077460247344673,True,267
368.18733,261,192.958917,0.06184313784297903,0.06184313784297903,0.4283746441515229,0.5281251329193355,True,261
1135.111277,826,194.31102,0.16515491739580251,0.16515491739580251,0.4633851968566958,0.42206438804978264,True,826
766.637573,485,195.738496,0.1892448380563426,0.1892448380563426,0.46366055544366336,0.43512642907221144,True,485
809.912848,424,196.437518,0.09859434863173203,0.09859434863173203,0.4238107446132849,0.49943256413649767,True,424
635.779714,353,197.010695,0.10027453277335774,0.10027453277335774,0.45545690693080393,0.4199482187402206,True,353
880.377917,522,197.863719,0.21050017645038258,0.21050017645038258,0.4414614915664542,0.43006016543565917,True,522
879.458351,516,198.702493,0.2389935126604346,0.2389935126604346,0.47003662561989534,0.4415092648710829,True,516
1216.963277,627,200.683189,0.3215306324616859,0.3215306324616859,0.4555980840957533,0.42195932135956776,True,627
500.676712,289,201.165735,0.03424802074716189,0.03424802074716189,0.4117480016629409,0.5212384737436497,True,289
508.017126,281,201.632747,0.0590311516570847,0.0590311516570847,0.4312403748995091,0.5424216236077408,True,281
712.032408,530,202.49204,0.09902985402853934,0.09902985402853934,0.45843236818213173,0.42950024476847387,True,530
1151.07609,619,204.454899,0.30301476279943496,0.30301476279943496,0.472550973539632,0.4417760832590723,True,619
370.637733,260,204.88714,0.06910297745890667,0.06910297745890667,0.4219611970690907,0.5212453891609288,True,260
910.590084,460,205.644053,0.2082996044514409,0.2082996044514409,0.4287429345902851,0.5162334512170405,True,460
437.085194,279,206.101743,0.045915659173901384,0.045915659173901384,0.4155945769097127,0.49487653415946725,True,279
466.170638,288,206.579879,0.02539002206453859,0.02539002206453859,0.42042707917255184,0.5157922036104358,True,288
687.035739,302,207.071467,0.10220130276735427,0.10220130276735427,0.4283412393064089,0.4784698387630228,True,302
674.873031,305,208.437775,0.057782848989763574,0.057782848989763574,0.42698692550223194,0.5086024295656002,True,305
560.893886,280,208.945408,0.055538344552443275,0.055538344552443275,0.42189503138603734,0.5374269480053439,True,280
304.83443,257,209.375866,0.04928962037620467,0.04928962037620467,0.4152332545783429,0.48705283014736983,True,257
662.022515,360,209.968349,0.13686691207098764,0.13686691207098764,0.4769805078045508,0.43464853651765095,True,360
408.223423,267,210.421814,0.04234067792926754,0.04234067792926754,0.41611966958816027,0.49302826838704256,True,267
1171.87384,593,211.40239,0.31248293232340857,0.31248293232340857,0.42675943649821696,0.4167929688047843,True,593
649.418109,330,212.941117,0.08901240324524448,0.08901240324524448,0.4476130569319043,0.4478968363684159,True,330
401.109774,276,213.409715,0.013846844911792519,0.013846844911792519,0.4283487207416021,0.5336820214511641,True,276
548.263572,283,213.869184,0.09755813872363941,0.09755813872363941,0.41788765416902246,0.4961598471143649,True,283
590.330535,283,214.343272,0.0790772877015257,0.0790772877015257,0.41993202469139235,0.5504658155294402,True,283
931.551892,432,215.064804,0.11760053713444922,0.11760053713444922,0.42520273196234154,0.4682937076491121,True,432
630.804793,326,215.60639,0.07803509572805628,0.07803509572805628,0.4303303941862703,0.435334134463091,True,326
584.977104,312,216.127356,0.06785489111626261,0.06785489111626261,0.4218841582349537,0.4949083877086811,True,312
486.520871,281,217.423888,0.04671765192057566,0.04671765192057566,0.42270723828920914,0.5104606294324288,True,281
259.678351,255,217.848641,0.029800271609382954,0.029800271609382954,0.4174016312408724,0.49597066257821787,True,255
649.537413,296,218.339105,0.08424723254228977,0.08424723254228977,0.4283459443851401,0.5444629475213394,True,296
644.089126,309,218.861896,0.039309662193086764,0.039309662193086764,0.4261470267830936,0.49643489362060084,True,309
414.25815,269,219.307617,0.09049990511131194,0.09049990511131194,0.4234197923757351,0.5074083475316146,True,269
607.090155,327,219.865754,0.05112368652178642,0.05112368652178642,0.4652989002522337,0.43906185298153466,True,327
223.354095,256,220.295771,-0.025912390891429698,-0.025912390891429698,0.41607574551798726,0.5317799719048102,True,256
343.147253,262,221.720485,0.03557821427535601,0.03557821427535601,0.4146109761892022,0.5206847955698275,True,262
334.827932,262,222.159101,0.06318965832533979,0.06318965832533979,0.42830207996205677,0.5481442646849437,True,262
304.243769,250,222.574785,0.08083769791634524,0.08083769791634524,0.4304866931913698,0.5358491434416448,True,250
695.011155,309,223.128592,0.1107539434279534,0.1107539434279534,0.4272519906744015,0.5009994215823336,True,309
661.544715,288,223.613999,0.08864035768615056,0.08864035768615056,0.4240898769453669,0.573071004544766,True,288
630.552328,345,224.186464,0.12739991348309818,0.12739991348309818,0.4703215202178154,0.4292847721661203,True,345
296.344972,247,224.607695,0.032352161932267996,0.032352161932267996,0.42962654296369895,0.5473949250758524,True,247
351.042954,266,226.055021,0.03021487699317104,0.03021487699317104,0.427474778286794,0.5092119217348842,True,266
594.60429,292,226.565362,0.08087435065165968,0.08087435065165968,0.4197047150977024,0.5285084457769267,True,292
475.626092,274,227.020228,0.042434946431585796,0.042434946431585796,0.41645765971383314,0.4891163990751928,True,274
868.464848,548,227.930203,0.1868788911803863,0.1868788911803863,0.42652026673447635,0.42199761559920623,True,548
333.345881,259,228.365314,0.04897297269202527,0.04897297269202527,0.4177857295293418,0.4906248509908843,True,259
908.047686,471,229.140594,0.23936591439390126,0.23936591439390126,0.4706847789074912,0.4282491452336655,True,471
421.866181,270,230.620938,0.04110362102923676,0.04110362102923676,0.4267121119448308,0.5070497261787895,True,270
424.435864,265,231.065376,0.06464758495544533,0.06464758495544533,0.4190464856264732,0.5153313852699288,True,265
697.703963,314,231.593853,0.06417895453530455,0.06417895453530455,0.43033923186413375,0.5023874322296464,True,314
967.519304,530,232.486954,0.22667346815026312,0.22667346815026312,0.47598160509200554,0.4420161898359107,True,530
585.972758,319,233.027247,0.06878946916822593,0.06878946916822593,0.45658613190899233,0.44911136908511784,True,319
263.004159,248,233.443697,0.022430334215430205,0.022430334215430205,0.4201340714212755,0.538756688338306,True,248
887.17714,462,235.266335,0.209092286135702,0.209092286135702,0.4627136922609174,0.4186730009873628,True,462
539.844527,278,235.733666,0.08880464864788921,0.08880464864788921,0.4238617047837761,0.5190922884639886,True,278
321.50943,245,236.150223,0.02271211464132477,0.02271211464132477,0.42885129856853804,0.5271749198244042,True,245
398.353244,274,236.605802,0.040828350560490397,0.040828350560490397,0.4302427046968299,0.5011275087913598,True,274
352.98998,269,237.05188,0.02646857715704676,0.02646857715704676,0.4129576580006838,0.4996597475736192,True,269
674.691434,313,237.578651,0.06969866606452875,0.06969866606452875,0.427797914545308,0.47777895899283523,True,313
387.897182,272,238.033009,0.04814067662953495,0.04814067662953495,0.41954235581328786,0.5078358043758933,True,272
238.908534,233,239.41538,0.07813466986121889,0.07813466986121889,0.42116225284548275,0.5725096303202342,True,233
888.32969,490,240.270214,0.17313442816213115,0.17313442816213115,0.47365559055168954,0.4442916042293914,True,490
475.572833,279,240.737564,0.06550821110168653,0.06550821110168653,0.4194466764062905,0.503543625682957,True,279
884.835655,520,241.605472,0.17858990378672374,0.17858990378672374,0.46174791070101423,0.428356631619031,True,520
391.968802,265,242.043486,0.051620587906979744,0.051620587906979744,0.41574372355465183,0.48018482448559785,True,265
274.683666,248,242.459215,0.03966558978133301,0.03966558978133301,0.4134076693969293,0.46521799664960556,True,248
361.975941,260,243.789525,0.06874467518752567,0.06874467518752567,0.4262289595810446,0.5169284795260141,True,260
383.41406,269,244.263033,0.04730577114056505,0.04730577114056505,0.41721552250553773,0.5137346573399564,True,269
699.077064,328,244.838293,0.10090085050360968,0.10090085050360968,0.4276868849334386,0.4331339319282398,True,328
338.141447,267,245.28131,0.04340316305849058,0.04340316305849058,0.41881659969386026,0.5138799621301312,True,267
415.258471,269,245.724702,0.04811535911194807,0.04811535911194807,0.4169585927725579,0.5024249145490313,True,269
666.036288,293,246.205992,0.07835887205285952,0.07835887205285952,0.4305852328936487,0.5858401579613048,True,293
1035.363741,457,246.952565,0.2294625371639008,0.2294625371639008,0.41769763505546903,0.4683644045036917,True,457
889.446403,546,248.804043,0.25838874299153197,0.25838874299153197,0.46506874083885114,0.42894966855165795,True,546
542.304349,276,249.265312,0.09502738908338702,0.09502738908338702,0.42057731791593794,0.5141134002849858,True,276
248.919771,249,249.684464,0.02024616593522529,0.02024616593522529,0.4227473349668146,0.5297606918828477,True,249
632.054647,318,250.266046,0.08654517728933171,0.08654517728933171,0.4350270950845938,0.4290774215053897,True,318
846.87463,484,251.100274,0.18564926781290433,0.18564926781290433,0.45951990466644,0.42804031705968126,True,484
1000.642046,459,252.558584,0.21795299182807742,0.21795299182807742,0.4149889905743551,0.4391496042255543,True,459
328.781307,255,252.986228,0.02822291395174975,0.02822291395174975,0.4275938642544648,0.5340960890374252,True,255
350.417947,258,253.410998,0.05104808210380744,0.05104808210380744,0.43066121060899204,0.5428204076547426,True,258
1163.194735,655,254.484838,0.40839281285257356,0.40839281285257356,0.47255878727813905,0.42397914309996193,True,655
644.974365,309,254.996635,0.0517579625122043,0.0517579625122043,0.42261020115809284,0.5242996118578285,True,309
630.507708,294,255.482042,0.05633997521210839,0.05633997521210839,0.4290375657967875,0.5311173065617861,True,294
415.56114,268,256.913513,0.059877575985346876,0.059877575985346876,0.42432856191456453,0.5094586364692294,True,268
535.971304,288,257.380163,0.04280350824350606,0.04280350824350606,0.43098162720040073,0.5329234259610102,True,288
293.247327,243,257.777514,0.07195186605944776,0.07195186605944776,0.42275863032913574,0.5422034187344328,True,243
475.126367,274,258.240461,0.07901902291126083,0.07901902291126083,0.41881176978430856,0.5163566885556456,True,274
468.807364,280,258.714716,0.04678015341731284,0.04678015341731284,0.42906653552795015,0.5176105234922141,True,280
598.690439,297,259.203216,0.09507685643341166,0.09507685643341166,0.430490658345834,0.5091549578825981,True,297
506.604925,283,259.679299,0.06475900094488495,0.06475900094488495,0.42624436803268073,0.5346936133009345,True,283
941.230195,464,261.510087,0.22066551700764034,0.22066551700764034,0.4651010894180216,0.44886716438852947,True,464
617.734173,307,262.011688,0.027595698853183782,0.027595698853183782,0.419268882946258,0.5071882948681286,True,307
487.791241,277,262.475478,0.05701507434482066,0.05701507434482066,0.4238765656622988,0.500346864702449,True,277
328.033189,261,262.905507,0.0438308710900515,0.0438308710900515,0.42511640058164996,0.5207230894943191,True,261
626.402805,301,263.395882,0.045988561217775406,0.045988561217775406,0.42948892805400674,0.5340846508788574,True,301
471.413554,276,263.834082,0.0547203877011011,0.0547203877011011,0.4142386808890532,0.4492678466635772,True,276
922.434527,486,265.314027,0.2519136292890986,0.2519136292890986,0.48085296166032176,0.4399627227455272,True,486
365.86769,263,265.732113,0.009615357660482451,0.009615357660482451,0.42665526715980023,0.5067246785820794,True,263
669.003645,302,266.217147,0.06738271629715083,0.06738271629715083,0.42655041977288677,0.5426781984137088,True,302
1008.041337,436,266.907757,-0.1888895527377564,-0.1888895527377564,0.4162655426613879,0.45795686948789516,True,436
378.692608,261,267.340719,0.034743779923284715,0.034743779923284715,0.4172414738973341,0.5077550407495166,True,261
411.796919,265,267.783998,0.06822941663662985,0.06822941663662985,0.42491865314892163,0.503207997153553,True,265
483.342731,279,268.254514,0.06170533230627241,0.06170533230627241,0.4133030734966986,0.4889856196742855,True,279
481.933981,279,269.665119,0.07840239230600968,0.07840239230600968,0.42751629955948056,0.5054198693751035,True,279
385.94261,264,270.106703,0.06130858857823502,0.06130858857823502,0.4170578604216453,0.49350079362579286,True,264
896.952155,507,270.953682,0.21619303176724897,0.21619303176724897,0.4566263122221863,0.43963960175599853,True,507
912.970752,437,271.687244,0.17292657321266752,0.17292657321266752,0.4189423576151593,0.47204470028935824,True,437
328.841082,261,272.127946,0.03499746187240834,0.03499746187240834,0.4238554370873704,0.5148426199029742,True,261
412.037326,273,272.577605,0.06838798253721469,0.06838798253721469,0.4227708128715478,0.517198531684857,True,273
263.484459,230,273.721804,0.07159110094915898,0.07159110094915898,0.4244003639157438,0.5752353195547183,True,230
518.162143,279,274.209681,0.06520292276277087,0.06520292276277087,0.4160718022879206,0.47689198014159295,True,279
910.402477,462,274.969375,0.029954525438255872,0.029954525438255872,0.4653847967540532,0.42985121956836553,True,462
246.344504,236,275.355232,0.04774678860398778,0.04774678860398778,0.4221115084046461,0.5810550401854915,True,236
421.868849,272,275.794858,0.048815829214302234,0.048815829214302234,0.41724421735949513,0.5007579381679761,True,272
416.153992,266,276.224892,0.05756094518244787,0.05756094518244787,0.4268219036886709,0.5138011906542245,True,266
351.586289,255,276.636251,0.05351006068333218,0.05351006068333218,0.4186684030757153,0.5229740305446094,True,255
387.479982,268,278.041167,0.04304299397148114,0.04304299397148114,0.41377492104604746,0.5256202803219275,True,268
936.042362,476,278.843735,0.22242447248898276,0.22242447248898276,0.44513231843317136,0.44084585853974256,True,476
605.631518,415,279.531392,0.16229200206926292,0.16229200206926292,0.46760548234827826,0.4442998127284752,True,415
514.341741,290,280.013194,0.03942933384966603,0.03942933384966603,0.42697576436243956,0.5545647854477972,True,290
638.832192,313,280.560012,0.06635852533218307,0.06635852533218307,0.425747341766425,0.49489212623451223,True,313
468.265358,273,281.006858,0.049732759443062505,0.049732759443062505,0.4153778173674074,0.4950988950927246,True,273
657.724694,323,282.220799,0.09205456019090814,0.09205456019090814,0.4338246784279717,0.428872905229118,True,323
417.431322,273,282.663515,0.050300391627802976,0.050300391627802976,0.4240331253817097,0.5219790906337982,True,273
704.55287,309,283.162913,0.09989561849176884,0.09989561849176884,0.4261485643924039,0.5037427748365273,True,309
557.790522,286,283.636606,0.07579984668183369,0.07579984668183369,0.4233312618649664,0.48598155725172265,True,286
370.291846,259,284.063498,0.06023158740524395,0.06023158740524395,0.4154416073042135,0.5033419360412335,True,259
295.326173,267,284.513824,0.029983664862165894,0.029983664862165894,0.420987760232667,0.5253857254571244,True,267
313.298553,272,284.963019,0.022582406356829884,0.022582406356829884,0.42332155415877565,0.500579053789814,True,272
409.063395,261,285.406124,0.09259818330492497,0.09259818330492497,0.42436326683201536,0.5169311507746538,True,261
648.572743,303,286.830657,0.07153434228886922,0.07153434228886922,0.43105300896684196,0.5244482760906255,True,303
364.179527,255,287.24997,0.06003579115957775,0.06003579115957775,0.425721556827227,0.5088038099246678,True,255
431.394319,275,287.692579,0.06322077757414749,0.06322077757414749,0.42159685412085157,0.4898301447219962,True,275
408.38752,272,288.131301,0.05034408927524656,0.05034408927524656,0.4197653467426747,0.49976282470845024,True,272
395.789656,265,288.562221,0.06291185704991095,0.06291185704991095,0.42423970268343425,0.5202151864270675,True,265
485.491598,277,289.024459,0.04708625786456599,0.04708625786456599,0.42175603654496513,0.5078492589747656,True,277
315.23777,254,289.456131,0.07291313883409072,0.07291313883409072,0.42953078505744585,0.508666515469206,True,254
500.018025,288,290.958385,0.08532775909444767,0.08532775909444767,0.4172891998699159,0.47994987545929974,True,288
283.422558,251,291.372579,0.047527065168326284,0.047527065168326284,0.42024542967825,0.524590531263229,True,251
246.750907,246,291.784097,0.034801145059184434,0.034801145059184434,0.42423349549676703,0.5368025997381316,True,246
554.291319,282,292.245989,0.06617252979888312,0.06617252979888312,0.41707360204330335,0.521043497701292,True,282
648.24634,283,292.701835,0.024669874422417477,0.024669874422417477,0.41659042071153096,0.48663348533439216,True,283
921.301691,465,293.45786,0.195799630449754,0.195799630449754,0.43977988874475654,0.4168995043486711,True,465
424.628836,269,293.891529,0.056898538758155565,0.056898538758155565,0.4166831495318852,0.4912644034807457,True,269
284.515653,247,295.328812,0.07931780042228323,0.07931780042228323,0.4163827096046168,0.5005311827615131,True,247
649.180504,295,295.803472,0.06690672402694435,0.06690672402694435,0.4155612003371807,0.5065214022134256,True,295
355.129877,267,296.245469,0.031459469812400866,0.031459469812400866,0.41443488330835904,0.4767267479616146,True,267
913.876177,503,297.091821,0.23642377926029778,0.23642377926029778,0.4738542229868844,0.4370242180700614,True,503
636.166251,311,297.649076,0.05524339498033251,0.05524339498033251,0.4272070516815336,0.535210188013069,True,311
500.254782,281,298.118648,0.0612329001061273,0.0612329001061273,0.42059654195768237,0.5051865587169606,True,281
887.100722,481,299.697546,0.21813449907217916,0.21813449907217916,0.46384075158469257,0.44374700026338326,True,481
258.878023,238,300.085974,0.06015701328582125,0.06015701328582125,0.4141489448438555,0.5807614336550934,True,238
382.003029,266,300.518395,0.045077624849515885,0.045077624849515885,0.4234717623420829,0.5279944933512085,True,266
282.819058,242,300.921639,0.05033613615816102,0.05033613615816102,0.4190207907532317,0.5302169924768287,True,242
659.154315,329,301.466144,0.13601097340118268,0.13601097340118268,0.4639630946059411,0.42809549850180745,True,329
418.179544,271,301.919221,0.0487844226205766,0.0487844226205766,0.4312101252793,0.5162726207712014,True,271
388.857373,267,302.361938,0.05899135415713927,0.05899135415713927,0.4311862133643619,0.5225967052016146,True,267
656.147155,323,303.789491,0.08624375059723383,0.08624375059723383,0.448476379937195,0.4267121818595867,True,323
681.38358,359,304.42992,0.21181834662854024,0.21181834662854024,0.4767402905426589,0.4462257647367701,True,359
711.282404,309,304.931967,0.06919089297650126,0.06919089297650126,0.4299059782902042,0.49943036804279567,True,309
264.800582,250,305.338774,0.02446417626709916,0.02446417626709916,0.4194248887054152,0.5123985186595347,True,250
659.803932,537,306.21673,0.32776449711194405,0.32776449711194405,0.4821951523166682,0.4431763870216977,True,537
1287.896404,594,308.203429,0.12922502742865272,0.12922502742865272,0.44307396746134103,0.42181486986981387,True,594
452.704086,277,308.660453,0.05472371849736457,0.05472371849736457,0.42254140050785444,0.4982707397262124,True,277
621.573265,322,309.191447,0.08801987340858448,0.08801987340858448,0.4550898222863045,0.4392108204806642,True,322
906.514507,543,310.083308,0.24615112866276537,0.24615112866276537,0.46203051506474785,0.43865916624380547,True,543
634.011151,340,310.63923,0.06478015965788227,0.06478015965788227,0.4803272187871082,0.44962999994675645,True,340
269.363319,250,311.073286,0.03250624504659898,0.03250624504659898,0.42993896036223617,0.549067038738136,True,250
334.075236,258,312.379601,0.05013081221678571,0.05013081221678571,0.41784179326160514,0.49876304174543595,True,258
271.21233,248,312.868934,0.03367517643405,0.03367517643405,0.42236489387005394,0.5104697703782503,True,248
369.709946,270,313.359128,0.04070605711287182,0.04070605711287182,0.4197317717622352,0.4919938935910624,True,270
243.913211,234,313.750482,0.032465472487478005,0.032465472487478005,0.4197572104870933,0.5580326305236919,True,234
393.66381,266,314.201819,0.06028510058317776,0.06028510058317776,0.43073997488430754,0.5052879794983522,True,266
627.486348,303,314.703065,0.06946498329026168,0.06946498329026168,0.4200995302528271,0.522170370041795,True,303
870.726683,519,315.561088,0.21166942814025336,0.21166942814025336,0.44932298888018685,0.43199381332565184,True,519
619.736409,320,317.033345,0.05756349019300268,0.05756349019300268,0.44364924502543623,0.4255247583518285,True,320
882.068069,470,317.816778,0.20433698455507424,0.20433698455507424,0.4772443307834139,0.44949486630652574,True,470
1013.88553,565,318.769528,0.2998146646563782,0.2998146646563782,0.4817759700152271,0.4339720242678731,True,565
375.575809,272,319.229786,0.06628299766500186,0.06628299766500186,0.4171588188067634,0.5045890190300538,True,272
686.641848,311,319.756964,0.06176907799009405,0.06176907799009405,0.41488137661300273,0.5334963443687212,True,311
632.16633,315,321.167045,0.08571416211767086,0.08571416211767086,0.4199718290596424,0.439934087400405,True,315
391.638724,262,321.664706,0.0769072452860499,0.0769072452860499,0.42395361526234165,0.5187078449477702,True,262
647.430206,352,322.245148,0.08556557633016398,0.08556557633016398,0.4761228901375405,0.44311290714619955,True,352
549.944354,279,322.707391,-0.031012973413808882,-0.031012973413808882,0.41494145803811444,0.45848220080846935,True,279
511.153575,274,323.166113,0.10167474473322692,0.10167474473322692,0.42688713431893605,0.4775077947008929,True,274
662.852085,319,323.685433,0.07059067747485943,0.07059067747485943,0.4229938742787306,0.49911230402327855,True,319
299.367172,257,324.099382,0.037261147909551616,0.037261147909551616,0.42644380419454864,0.4997170323004465,True,257
618.607639,306,325.567453,0.07548593590047861,0.07548593590047861,0.41576243761804876,0.4738628269026239,True,306
742.157425,343,326.160255,0.12727337533787206,0.12727337533787206,0.41717670977931026,0.4128228790098946,True,343
653.889558,324,326.69491,0.10204165955841915,0.10204165955841915,0.433696517125698,0.4249386359502675,True,324
676.825112,315,327.199566,0.07134914074292777,0.07134914074292777,0.41251388758367113,0.4546808511380616,True,315
638.821828,323,327.72729,0.08686421395650953,0.08686421395650953,0.42956199725679217,0.462730227372501,True,323
613.77505,305,328.224337,0.04767097259931208,0.04767097259931208,0.4265980592517641,0.4709612032223288,True,305
278.441954,249,328.62994,0.07103077911475666,0.07103077911475666,0.4163922003428348,0.4806482606190199,True,249
412.85171,275,330.021656,0.036296186384469104,0.036296186384469104,0.43071072079368966,0.5325424513038515,True,275
658.802191,322,330.536473,0.0740396798454496,0.0740396798454496,0.43011637260054625,0.4408104043281125,True,322
365.355815,267,330.969985,0.06585946363048314,0.06585946363048314,0.4218858684026453,0.5051752024863603,True,267
339.804361,260,331.389163,0.0367527149588722,0.0367527149588722,0.41285933049447926,0.4887221242098177,True,260
611.575732,425,332.083175,0.2482057861157195,0.2482057861157195,0.48695313129459605,0.4402187912850117,True,425
622.518184,291,332.560048,0.062438170465965497,0.062438170465965497,0.4257384135404507,0.5428324957918607,True,291
636.2471,335,333.12145,0.09059202320369639,0.09059202320369639,0.4710654111090111,0.42917395882434456,True,335
318.619293,256,334.541523,0.05937214968248845,0.05937214968248845,0.41710311820640794,0.5239887681359412,True,256
368.955899,257,334.961438,0.0665303710146706,0.0665303710146706,0.43130708700474507,0.5156743778133602,True,257
686.831126,325,335.499485,0.08599085222378446,0.08599085222378446,0.42228439243135224,0.4348063942633939,True,325
631.463729,301,335.990452,0.09816034218595711,0.09816034218595711,0.41978361143474746,0.5196222336461501,True,301
478.494277,269,336.43301,0.05954961328041446,0.05954961328041446,0.4289668480660131,0.49576284686445454,True,269
347.470575,248,336.8392,0.05750509996991119,0.05750509996991119,0.4291582387079878,0.5113703038437235,True,248
705.713807,314,337.347979,0.05635257605061929,0.05635257605061929,0.4286848012321963,0.4971039937457221,True,314
685.374041,315,338.885719,0.07574755734040117,0.07574755734040117,0.42995590087751123,0.46916832001024583,True,315
537.601612,278,339.334376,0.05422647155044236,0.05422647155044236,0.42054919047101635,0.5086704644603486,True,278
1135.494261,451,340.063899,0.24581945269517405,0.24581945269517405,0.41756778901786107,0.5007236853754448,True,451
491.154571,273,340.512858,0.052084172008452716,0.052084172008452716,0.41433858363184606,0.48273452345976847,True,273
680.641191,337,341.06333,0.1343109224707031,0.1343109224707031,0.48589139684839205,0.44435095059096535,True,337
450.656569,275,341.517961,0.0356523846747984,0.0356523846747984,0.43084852342166413,0.4915658764718178,True,275
549.679113,285,342.95452,0.05798160269507963,0.05798160269507963,0.4173453971400545,0.5267543297885153,True,285
305.911238,243,343.385979,0.09206217350613259,0.09206217350613259,0.4200186883138807,0.5567701239094573,True,243
531.74848,282,343.848219,0.0634893507473091,0.0634893507473091,0.41510560033754584,0.5095956680406661,True,282
650.294863,465,344.604556,0.23192407315056443,0.23192407315056443,0.4664120233099852,0.4469465415917719,True,465
383.290843,270,345.045139,0.030312874376950703,0.030312874376950703,0.4232756403029289,0.517883292015631,True,270
303.034345,245,345.446211,0.047150181619201766,0.047150181619201766,0.42959116419418236,0.5258051487272165,True,245
642.586639,372,346.04966,0.11810814983657345,0.11810814983657345,0.48318447966199785,0.4488291554559025,True,372
1000.707325,487,347.665447,0.2295053540537952,0.2295053540537952,0.4682151450709772,0.4255889311613935,True,487
498.985485,284,348.120908,0.0629190478596841,0.0629190478596841,0.423222450463202,0.5005781070753395,True,284
731.531264,347,348.68506,0.15045338806933115,0.15045338806933115,0.4641297434025465,0.4304746874641342,True,347
952.154875,471,349.446202,-0.2538710363690622,-0.2538710363690622,0.498529315460918,0.4492333882750859,True,471
601.369398,295,349.922216,0.06079341933244163,0.06079341933244163,0.41290397784279464,0.5099507144273772,True,295
595.86526,355,351.241901,0.07315887547950149,0.07315887547950149,0.47350807462805755,0.4343001400734547,True,355
499.909546,277,351.704111,0.0589318976131059,0.0589318976131059,0.42476857233061166,0.498257119219537,True,277
828.141429,634,352.751096,0.44927507043049925,0.44927507043049925,0.4767579448471539,0.42873935263914714,True,634
921.480712,414,353.436464,-0.227342909042875,-0.227342909042875,0.41189785708075266,0.45111187048330437,True,414
487.055568,270,353.883825,0.08318207985940297,0.08318207985940297,0.4303206297358846,0.5118682080490781,True,270
1150.344105,458,355.148296,-0.30176740639325794,-0.30176740639325794,0.41403775196675896,0.4382606245601238,True,458
708.862976,326,355.720687,0.11306607882303517,0.11306607882303517,0.44088272062513606,0.4218357875738752,True,326
749.457765,310,356.250636,0.11731710716309866,0.11731710716309866,0.41782765653567266,0.4531887306347877,True,310
941.386249,464,357.054428,0.2572576263449677,0.2572576263449677,0.4779519527100013,0.4436318234703372,True,464
321.845027,253,357.500313,0.02297568308461163,0.02297568308461163,0.4130650782078002,0.48333198914739495,True,253
696.348517,322,358.048817,0.10429256481479407,0.10429256481479407,0.4468222214181954,0.44451199021441695,True,322
564.92714,284,358.520716,0.08771520350306762,0.08771520350306762,0.4219120634883642,0.4904452363818358,True,284
694.005141,319,359.719113,0.09825723310600726,0.09825723310600726,0.4449168213889671,0.4425215394470856,True,319
757.014923,299,360.214974,-0.48288627830028846,-0.48288627830028846,0.42352803074907086,0.4932121821599466,True,299
661.377143,335,360.764004,0.09850213039443806,0.09850213039443806,0.4707394609075712,0.449942418697428,True,335
475.847083,279,361.225266,0.05189108644419664,0.05189108644419664,0.4248673987965124,0.4913922215008404,True,279
655.657762,419,361.91985,0.1432095729961043,0.1432095729961043,0.4706889941867756,0.4270721195147781,True,419
375.649858,259,362.351459,0.03548306400137395,0.03548306400137395,0.41597331204717725,0.5139343347624152,True,259
661.28469,366,363.735011,0.15622862469312082,0.15622862469312082,0.47391439681674213,0.446693774024569,True,366
608.490948,307,364.258265,0.04594444495448169,0.04594444495448169,0.4194042680443511,0.4782288403902727,True,307
733.17828,296,364.756816,0.0981211231282743,0.0981211231282743,0.42715247871832107,0.5130540933415666,True,296
307.97521,270,365.208612,0.053887097088100085,0.053887097088100085,0.4232324643565823,0.49566832555110013,True,270
712.942435,325,365.737603,0.09333533123567454,0.09333533123567454,0.45550906944360237,0.4327696899658107,True,325
675.210129,299,366.252331,0.04862861798171925,0.04862861798171925,0.41344568115526475,0.4802748258432577,True,299
489.745862,280,366.759149,0.026160638631882786,0.026160638631882786,0.417832093085233,0.5006849159904516,True,280
750.456777,307,368.292856,0.08793312807756924,0.08793312807756924,0.4302991819606239,0.5134830392052281,True,307
715.000652,305,368.791251,0.09549029359782547,0.09549029359782547,0.4170459999165666,0.4675397599494538,True,305
947.184954,527,369.647531,0.2917962027634839,0.2917962027634839,0.4529562275819333,0.4308775741240531,True,527
719.176885,304,370.144671,0.05880178118385967,0.05880178118385967,0.42387864340390446,0.5173232773188539,True,304
712.556851,314,370.655989,0.07059972213915755,0.07059972213915755,0.41417653966594514,0.4723799426684236,True,314
352.163805,255,371.075713,0.04425778325657394,0.04425778325657394,0.4269659554667914,0.505469303466589,True,255
889.73244,491,372.823011,0.19460683415205265,0.19460683415205265,0.46721044653141786,0.44068977907796064,True,491
770.48493,327,373.362699,0.18650321151762805,0.18650321151762805,0.4300367556096621,0.4598151627820577,True,327
708.165949,309,373.877767,0.08357726004881992,0.08357726004881992,0.42072280993448163,0.47299427479565526,True,309
955.800257,462,374.667957,0.24525969759427996,0.24525969759427996,0.4709258679708031,0.44663343527264593,True,462
647.362792,300,375.842608,0.06192483634354045,0.06192483634354045,0.43129693730799035,0.5532154200464853,True,300
403.264363,261,377.121632,0.04696135187345662,0.04696135187345662,0.42434225106422363,0.5264142896042345,True,261
463.538912,273,377.650841,0.05963863064210639,0.05963863064210639,0.42711734129413065,0.4897787618814461,True,273
997.965107,460,378.51198,0.24373939848533382,0.24373939848533382,0.46139278356183916,0.4268447574843409,True,460
702.923706,333,379.112269,0.11399692284248274,0.11399692284248274,0.481549464453264,0.44316026218596427,True,333
366.712011,249,379.561108,0.033187271413283766,0.033187271413283766,0.42968409178080363,0.5443761526088267,True,249
832.157959,404,380.298941,-0.19963876250947868,-0.19963876250947868,0.4279126049553056,0.46468740084626287,True,404
1037.861145,458,381.864196,0.23522843595677667,0.23522843595677667,0.44528078534791327,0.4221342437634076,True,458
475.794392,278,382.381063,0.03208376935405678,0.03208376935405678,0.41305643630811995,0.4858478435799594,True,278
943.656829,488,383.25818,0.2057991054388887,0.2057991054388887,0.4699739340969346,0.4273287165810408,True,488
377.751121,257,383.691712,0.05041208722931841,0.05041208722931841,0.4249340735497375,0.5153855645053071,True,257
524.82384,268,384.147941,0.10211836460437125,0.10211836460437125,0.4164760062289174,0.48392144234186085,True,268
621.909287,292,384.640647,0.08527088594322804,0.08527088594322804,0.4194755608646365,0.5360254981332883,True,292
487.227406,275,385.09186,0.041209332047982175,0.041209332047982175,0.4119581746335662,0.4700891458558947,True,275
1028.783334,454,386.776098,0.25918763508235776,0.25918763508235776,0.42559743519425625,0.4470018252155957,True,454
1276.406129,583,387.758747,-0.08536784479876768,-0.08536784479876768,0.4661394815375906,0.44695296653889466,True,583
568.724737,282,388.233456,0.10422801754073754,0.10422801754073754,0.41352015942924186,0.46378573956786145,True,282
1033.02785,430,388.958585,0.10483338816042159,0.10483338816042159,0.4201255731096852,0.5201205104628884,True,430
615.373882,294,389.450439,0.05878399545655305,0.05878399545655305,0.42555070303625486,0.5114608878274471,True,294
668.886398,342,390.518035,0.13498414281086138,0.13498414281086138,0.4793973833939815,0.4307433990276619,True,342
676.640983,290,391.003417,0.062339196397420735,0.062339196397420735,0.42137868842008896,0.522438102448321,True,290
519.293843,276,391.463721,0.046936739679049086,0.046936739679049086,0.4277057909253376,0.4912891164262814,True,276
977.236601,476,392.265033,0.14714190507113953,0.14714190507113953,0.4985597014505632,0.44956463123491563,True,476
1055.772701,468,393.047082,0.2730709388070656,0.2730709388070656,0.4155150749073376,0.41585414382652375,True,468
570.334307,271,393.985289,0.14497017444337917,0.14497017444337917,0.424763715939152,0.4804442961873436,True,271
372.129787,252,394.438009,0.03074658294023369,0.03074658294023369,0.421971109105322,0.522686578616572,True,252
556.621594,284,394.905251,0.052433043551610985,0.052433043551610985,0.43087980002039566,0.5448866848684603,True,284
419.955632,263,395.338425,0.04630549762908707,0.04630549762908707,0.4150184764772953,0.4987954528962764,True,263
656.591364,359,395.927149,0.18103718717420028,0.18103718717420028,0.48272644720651553,0.443358216813896,True,359
662.834383,314,396.437584,0.04971763672027987,0.04971763672027987,0.42122651953147566,0.4840613686199352,True,314
719.379477,298,396.926165,0.08826147047952258,0.08826147047952258,0.4222541462388537,0.5038470687836722,True,298
609.429809,289,398.372161,0.04933546910158749,0.04933546910158749,0.4141646152028517,0.5308798447531275,True,289
350.168176,254,398.832999,0.07161811288639697,0.07161811288639697,0.4200310374615819,0.4859598594758757,True,254
679.89147,325,399.369524,0.08055929778539574,0.08055929778539574,0.4603248126450473,0.4370394240155857,True,325
673.522283,325,399.902203,0.08234383633069026,0.08234383633069026,0.4485505718729641,0.4262575643017385,True,325
789.894955,412,400.575643,0.3692723858216115,0.3692723858216115,0.4148981197948646,0.45939291698140144,True,412
702.592936,361,401.158744,0.1915355732501828,0.1915355732501828,0.4868254591872124,0.4384475383820108,True,361
603.650084,280,401.613943,0.10174636206497215,0.10174636206497215,0.4196643519151063,0.4807238739757065,True,280
351.035267,253,403.047858,0.015499875285225296,0.015499875285225296,0.42741552785303616,0.5127137448534997,True,253
712.909614,314,403.567575,0.0958573616883122,0.0958573616883122,0.41313902512864403,0.4481352483667846,True,314
610.567837,288,404.044034,0.04822038304982998,0.04822038304982998,0.41364083266222446,0.5061935457607327,True,288
741.125447,309,404.539837,0.11346105296385088,0.11346105296385088,0.4165546385726997,0.46798247179414487,True,309
1288.614963,741,405.732254,0.44888895307114157,0.44888895307114157,0.4607271082350696,0.4312104264136407,True,741
1005.657521,472,407.200009,0.22427327075889275,0.22427327075889275,0.4421739158542374,0.4286930441524972,True,472
648.653224,393,407.844046,0.16970078345718653,0.16970078345718653,0.47529573678491366,0.44548166572646714,True,393
614.600226,285,408.31144,0.09130192936303813,0.09130192936303813,0.4234876895386303,0.4867070701766843,True,285
702.728819,382,408.934276,0.16679667083254668,0.16679667083254668,0.4570048602444412,0.44295792608642476,True,382
429.32773,265,409.367237,0.0516040420258098,0.0516040420258098,0.42193198994290393,0.4948525318295061,True,265
407.418991,263,409.814051,0.046056400538854216,0.046056400538854216,0.4174608991494528,0.5035955273232184,True,263
789.003642,342,411.421659,0.16807690414877596,0.16807690414877596,0.4212708263039499,0.43238775477756203,True,342
747.536654,315,411.952391,0.11205550204618404,0.11205550204618404,0.42538076090254534,0.4671956036942761,True,315
700.934042,291,412.433643,-0.03019121816612422,-0.03019121816612422,0.42851626516078256,0.5239190158808811,True,291
471.924726,269,412.873661,0.06841468619455124,0.06841468619455124,0.4181054324272357,0.4887752767008067,True,269
274.704198,250,413.291739,0.009268945731922995,0.009268945731922995,0.4289236676436289,0.5432056707372215,True,250
613.861987,298,413.77256,0.06971981450828493,0.06971981450828493,0.4285485373649852,0.5549105365041749,True,298
372.856745,260,414.193086,0.048109504329706745,0.048109504329706745,0.41903346284234827,0.5197900776865779,True,260
691.379802,319,415.781732,0.10798572907184165,0.10798572907184165,0.4290510738871423,0.42784727441337966,True,319
672.543266,284,416.23968,0.11828368177745262,0.11828368177745262,0.4212829805171778,0.5023928124353539,True,284
453.394251,266,416.717199,0.0635937164435434,0.0635937164435434,0.4267025365037309,0.5255594424833915,True,266
298.351823,240,417.117082,0.04049996770998441,0.04049996770998441,0.4228708765912427,0.5283117209557956,True,240
563.095957,277,417.564965,0.07382613423892213,0.07382613423892213,0.43025092307391954,0.4991015729277234,True,277
721.712761,300,418.084188,0.0664760879884518,0.0664760879884518,0.42941694673647984,0.48560669469554824,True,300
1041.261888,466,418.846074,0.29811905382925336,0.29811905382925336,0.4289568102140187,0.41357816521430896,True,466
492.45264,275,420.147579,0.05044213307681866,0.05044213307681866,0.4158201545156368,0.48631495275117165,True,275
528.21767,281,420.609267,0.05628621558456296,0.05628621558456296,0.41909352263265737,0.5225505014367587,True,281
1085.854843,477,421.393967,0.26102961703956273,0.26102961703956273,0.4768671903372327,0.44530604345575203,True,477
698.939132,305,421.895527,0.0677961146380403,0.0677961146380403,0.41435318734811794,0.47094600441432183,True,305
523.129411,275,422.360967,0.05618367411168215,0.05618367411168215,0.4283929959383539,0.4927656621466199,True,275
474.579183,269,422.794143,0.05857601012382537,0.05857601012382537,0.41636001871879635,0.4608732427947697,True,269
666.007191,385,424.315104,0.16785757306457397,0.16785757306457397,0.4477420913729452,0.433367566990465,True,385
784.404773,399,424.959542,-0.1411917386438296,-0.1411917386438296,0.4294183911421779,0.46840029531729904,True,399
988.724668,536,425.830857,0.27584680425605634,0.27584680425605634,0.4653095034951617,0.4463002439442188,True,536
518.969711,273,426.272354,0.05540538396400127,0.05540538396400127,0.42653758422028837,0.5030233914706698,True,273
438.733959,262,426.695264,-0.10271466231525653,-0.10271466231525653,0.4132811694863872,0.4645404932692478,True,262
291.470891,246,427.105001,0.040949182904888026,0.040949182904888026,0.41343928140976965,0.5342000680192895,True,246
448.816563,268,428.55439,0.06162283612040772,0.06162283612040772,0.4182564971532858,0.5071542120421833,True,268
608.323888,301,429.084411,0.055144912972438814,0.055144912972438814,0.4136469890122766,0.4906199117034311,True,301
500.156286,272,429.523509,0.05561525846998296,0.05561525846998296,0.41729114513419235,0.47938700033498893,True,272
495.183105,271,429.959293,0.05373426976204357,0.05373426976204357,0.4284104845860199,0.4942969967127571,True,271
730.387623,302,430.454058,0.09675967873524235,0.09675967873524235,0.4190210349322553,0.4720643789634502,True,302
1067.571487,432,431.150415,0.18988105677792375,0.18988105677792375,0.4129405124778623,0.47372845127290575,True,432
586.766413,285,431.605317,0.11091433531015078,0.11091433531015078,0.4131831709630469,0.4656076441416899,True,285
596.675077,278,432.973624,0.09723774394729094,0.09723774394729094,0.42406607909570976,0.47043638692108325,True,278
553.404287,277,433.436748,0.06768019563576272,0.06768019563576272,0.41921592530191787,0.494725091942641,True,277
621.112602,300,433.920856,0.04125312980196514,0.04125312980196514,0.42692961156872017,0.4850789675596308,True,300
669.537936,337,434.475428,0.12556380557591562,0.12556380557591562,0.46436609656246924,0.4307048911686551,True,337
636.995534,297,435.00333,0.05368969093978879,0.05368969093978879,0.41629661879573965,0.498489038022063,True,297
730.526807,318,435.555886,0.08851018802176959,0.08851018802176959,0.4247960743244067,0.4806379033015197,True,318
1018.869716,485,437.062743,0.23325867046737597,0.23325867046737597,0.46543045288527024,0.4252461561381645,True,485
469.236743,262,437.480978,0.017619101986837474,0.017619101986837474,0.42012585793955276,0.4787480184315977,True,262
671.88655,302,437.966129,0.09104806606483694,0.09104806606483694,0.43005398612106543,0.5539384254153097,True,302
576.636104,282,438.425965,0.05953898970576438,0.05953898970576438,0.42524921093914336,0.5042162241849013,True,282
1069.717426,508,439.248587,0.28800301492821045,0.28800301492821045,0.4323457188183546,0.42648397384844855,True,508
666.373017,293,439.71555,-0.27234947027733203,-0.27234947027733203,0.42876942317403816,0.5033180938610131,True,293
721.826309,296,440.187486,0.07422382327706041,0.07422382327706041,0.4201777515707585,0.4946623517946406,True,296
958.274026,423,441.786185,0.3160143954694836,0.3160143954694836,0.4129569741246445,0.47889985179967093,True,423
705.314207,389,442.497557,-0.0730019763537727,-0.0730019763537727,0.41312577242812054,0.46882026467909077,True,389
727.730481,315,443.02832,0.10381149000745601,0.10381149000745601,0.42560692038509723,0.4428462703415154,True,315
352.149409,258,443.441698,0.01998113458805346,0.01998113458805346,0.42257341807282256,0.5072692227118915,True,258
482.388615,268,443.87926,0.09881865117406621,0.09881865117406621,0.4185476247827013,0.48046904092375053,True,268
695.184235,293,444.346445,0.08033365406897436,0.08033365406897436,0.41612753626008253,0.5146195800345733,True,293
733.63282,346,445.899908,-0.5017526856577832,-0.5017526856577832,0.4759552549191521,0.44547472813216016,True,346
1065.09933,485,446.697302,0.28420087832079294,0.28420087832079294,0.4554871694117978,0.448072417961495,True,485
711.285726,318,447.23622,0.09940973316538898,0.09940973316538898,0.42449382328621,0.41871020161194283,True,318
708.96886,303,447.723941,0.06087318093436985,0.06087318093436985,0.42049631176898505,0.4818091750714542,True,303
1090.214356,443,448.442939,-0.2707475698791554,-0.2707475698791554,0.42288798558553387,0.4718450860527249,True,443
1015.251454,750,450.246034,0.809002359621762,0.809002359621762,0.4465895293835562,0.4398670534840668,True,750
759.299149,296,450.723223,0.10750590041485777,0.10750590041485777,0.4155616052935063,0.5142031519611223,True,296
1040.549762,537,451.59341,0.24616868936671202,0.24616868936671202,0.4359790233410634,0.4313371266638134,True,537
454.215081,261,452.014613,0.09852767263259564,0.09852767263259564,0.4176833572341617,0.5176978661824717,True,261
474.113635,268,452.449307,0.04218226500110087,0.04218226500110087,0.41313961413646555,0.4901462649792552,True,268
999.956022,535,454.385838,0.26441414243965566,0.26441414243965566,0.4670144702901255,0.439883616873788,True,535
688.876881,334,454.92595,0.12045589133322314,0.12045589133322314,0.4769676709175143,0.4361859873901366,True,334
427.159155,268,455.360672,0.056314855143326514,0.056314855143326514,0.42628470053319845,0.5272621222944321,True,268
820.073992,301,455.844263,-0.1009631298085653,-0.1009631298085653,0.4224134079359902,0.49591871003496496,True,301
706.653766,373,456.467818,-0.3617838521552635,-0.3617838521552635,0.44181424712671846,0.4395726015034763,True,373
370.904473,253,456.879293,0.09077313392198207,0.09077313392198207,0.4199580640884363,0.486343817315212,True,253
758.39766,300,458.301797,0.042783910831918834,0.042783910831918834,0.42115593487758507,0.47520243598133793,True,300
469.745457,270,458.734051,-0.07401727530524664,-0.07401727530524664,0.42834865069723893,0.5082069683752961,True,270
568.207101,276,459.205625,0.06330899325505823,0.06330899325505823,0.4129959331897316,0.49165682048389525,True,276
1105.554157,506,460.021003,0.32749527783418186,0.32749527783418186,0.46172621185336843,0.44207722066753063,True,506
260.97383,236,460.407704,0.04901132914081375,0.04901132914081375,0.42739911029079836,0.5985224705354902,True,236
716.315484,384,461.028994,0.19463928161309718,0.19463928161309718,0.46632974405226435,0.4439625566528348,True,384
711.63012,290,462.297251,0.10841890024817352,0.10841890024817352,0.42954426039938015,0.5312156960545836,True,290
722.965238,353,462.894084,0.1977099240126586,0.1977099240126586,0.4746578508486138,0.43218610534942165,True,353
706.094807,360,463.472973,0.1071997290574885,0.1071997290574885,0.4824972243896002,0.43305900248124385,True,360
687.41746,380,464.078318,0.1555467251590473,0.1555467251590473,0.44340689969957264,0.42005305253506664,True,380
461.603649,265,464.506207,0.03355351055195518,0.03355351055195518,0.4232948225619793,0.4942150073794325,True,265
730.429951,385,465.127424,0.21951426271209926,0.21951426271209926,0.45532017097151145,0.4281795839207246,True,385
1050.496699,437,466.564748,0.10332252967220819,0.10332252967220819,0.4294807812270176,0.5085824763215566,True,437
698.795029,299,467.051317,0.06320279410401201,0.06320279410401201,0.4179034873529851,0.46700307820751347,True,299
473.775598,272,467.498862,0.04384263179538258,0.04384263179538258,0.42769846333220474,0.5333759396725207,True,272
439.399554,265,467.928576,0.04401722274800007,0.04401722274800007,0.4207305152310883,0.4973155568787789,True,265
660.29986,293,468.395324,0.10415474749420958,0.10415474749420958,0.42602675985732086,0.5269183380738885,True,293
704.704894,365,468.974196,0.17193668723745079,0.17193668723745079,0.4760803165462977,0.43291664676597663,True,365
835.238096,303,469.463882,0.07314184362570061,0.07314184362570061,0.42690706337436773,0.48783899337492964,True,303
697.802185,329,471.006495,0.09338878084211011,0.09338878084211011,0.45609505119798044,0.4337137130774874,True,329
704.74051,412,471.676495,0.20812040504771007,0.20812040504771007,0.44985468516571553,0.4400326530140509,True,412
1084.367853,447,472.406122,0.1180219631404716,0.1180219631404716,0.4211405691545452,0.4334505429379161,True,447
668.566852,308,472.902743,0.07363763052966935,0.07363763052966935,0.42166873494718293,0.476314602248617,True,308
496.079902,276,473.347349,0.03655514508363319,0.03655514508363319,0.4248292765115272,0.49148773117303185,True,276
976.424707,414,474.777903,-0.38567514650807483,-0.38567514650807483,0.4133840125733277,0.47071045667447786,True,414
963.04172,504,475.735659,0.2196202893230247,0.2196202893230247,0.4476221905022357,0.43001776676812126,True,504
1090.199859,475,476.518036,0.2493989181444317,0.2493989181444317,0.4711565980274893,0.4484687478831491,True,475
820.780165,311,477.02342,0.10116160406889409,0.10116160406889409,0.4181234075165804,0.45489691373074775,True,311
1027.470738,472,477.823867,0.27170291117712647,0.27170291117712647,0.4687356177187632,0.4212353486977524,True,472
1104.296671,437,479.028853,0.245250330408998,0.245250330408998,0.41515448716973397,0.5222717559078471,True,437
1333.539487,652,480.080968,0.36233333403100487,0.36233333403100487,0.4766115971536573,0.42256764981558126,True,652
690.953248,343,480.645527,0.10394944722940452,0.10394944722940452,0.4766517673663884,0.43758939523615425,True,343
711.643856,318,481.169102,0.09944512388357829,0.09944512388357829,0.4304503897349729,0.46652202092037964,True,318
1100.62333,496,481.968276,0.3084234244689291,0.3084234244689291,0.48441429340070025,0.44658925856629034,True,496
1163.965298,452,483.347146,0.2560745302902625,0.2560745302902625,0.4206099610906252,0.48226288272790413,True,452
771.389805,315,483.848403,-0.49402692139009763,-0.49402692139009763,0.4301093130258733,0.4889838124140422,True,315
657.365707,407,484.509927,0.1729791218022021,0.1729791218022021,0.45817533340262423,0.4399442115288655,True,407
763.622441,337,485.054284,0.085368698769602,0.085368698769602,0.468503923594676,0.426838135514977,True,337
557.402202,279,485.503561,0.046234346550263504,0.046234346550263504,0.4263135959105093,0.4792729084864332,True,279
1071.164347,463,486.762818,0.2622429574340288,0.2622429574340288,0.4280244010717972,0.4278253269390532,True,463
741.653094,296,487.261239,-0.3367240303514491,-0.3367240303514491,0.4183122038299491,0.480693340093869,True,296
1047.591798,427,487.972805,0.25598113553728424,0.25598113553728424,0.4222674913771106,0.512761204139081,True,427
712.252031,335,488.532923,0.10764505976957103,0.10764505976957103,0.4855525811105306,0.4401967293991137,True,335
483.940396,267,488.986377,-0.4895118722052695,-0.4895118722052695,0.4235631420427928,0.49175350105993965,True,267
660.697021,370,489.604553,0.1425331660202218,0.1425331660202218,0.47094615297162856,0.44199640263628226,True,370
748.966188,309,491.091068,0.11427392101860205,0.11427392101860205,0.4302663445021478,0.4912386131266376,True,309
781.700223,341,491.663328,0.18815971314306834,0.18815971314306834,0.47465874269119007,0.44478358966408715,True,341
1061.855167,485,492.471629,0.2596821842058227,0.2596821842058227,0.4670203772438769,0.42564782707289917,True,485
410.179324,272,492.92073,0.020648665799626018,0.020648665799626018,0.43046419768505695,0.5189870970312678,True,272
683.834664,286,493.398495,0.09588224500170102,0.09588224500170102,0.4171359352726689,0.4998364828902851,True,286
741.599262,314,493.966635,0.07175046838599407,0.07175046838599407,0.42751080087946014,0.4882929296226865,True,314
1045.349398,469,495.456769,0.2539445472935394,0.2539445472935394,0.4360024244903032,0.4166858619272307,True,469
1045.250153,508,496.292024,0.26067410967708143,0.26067410967708143,0.47175645559919677,0.4419226250535901,True,508
766.556485,341,496.851468,0.16998669628385193,0.16998669628385193,0.4720953769335907,0.44826401077346933,True,341
1015.941287,409,497.575217,0.21114430508503712,0.21114430508503712,0.41421110210658296,0.5229984625409769,True,409
724.44244,371,498.232728,0.1640870044677369,0.1640870044677369,0.45937094623893654,0.4293263902272508,True,371
651.897201,286,499.332198,0.049443609683757314,0.049443609683757314,0.4121878832082504,0.5012044005853649,True,286
1121.336272,439,500.068204,0.2608981184970293,0.2608981184970293,0.42196627856221397,0.5336055374641396,True,439
806.698618,306,500.576259,-0.02622699290059531,-0.02622699290059531,0.4228057617751051,0.4914140126967107,True,306
717.489833,402,501.232929,0.2055141320012579,0.2055141320012579,0.449633149131764,0.4366739347653426,True,402
809.071891,318,501.730971,-0.5567557701703479,-0.5567557701703479,0.4230155158478832,0.4712433401891751,True,318
752.438498,333,502.271416,0.09267298135657695,0.09267298135657695,0.47457669167158734,0.4353532990042271,True,333
1115.674382,435,503.92748,0.18113583140527753,0.18113583140527753,0.4207674567240338,0.4940493936184899,True,435
599.136598,275,504.394013,0.12111891768997478,0.12111891768997478,0.4174699937009919,0.4592045741332483,True,275
716.339351,305,504.90455,0.0701119459996906,0.0701119459996906,0.4206445863468763,0.4688504457851976,True,305
532.474746,268,505.353053,-0.09412991516959572,-0.09412991516959572,0.42598592679472214,0.4677968586147842,True,268
749.183703,428,506.058603,0.2104266386811424,0.2104266386811424,0.47140206587928135,0.4351379794525867,True,428
1150.788566,440,506.775489,0.2816848192329229,0.2816848192329229,0.42904545341031036,0.516900612624156,True,440
684.552245,299,508.142329,0.05123148888788627,0.05123148888788627,0.4208950446887559,0.4962631818415262,True,299
747.635404,311,508.655596,0.08114771688022765,0.08114771688022765,0.4218325960430734,0.4572837838989962,True,311
1109.335466,482,509.447857,0.2864577118274386,0.2864577118274386,0.42470511514924847,0.4155320650535759,True,482
494.277875,263,509.883753,-0.01690118281764224,-0.01690118281764224,0.42587468296249265,0.4770183526911243,True,263
701.43629,430,510.591193,0.1950116440007529,0.1950116440007529,0.47911193948875685,0.4422194477233543,True,430
494.064973,264,511.095782,0.07738298965720833,0.07738298965720833,0.43105404619012266,0.512929346125457,True,264
1094.979923,541,513.016351,0.2789088011386088,0.2789088011386088,0.46557249246382093,0.44063784119065397,True,541
752.14211,294,513.513372,-0.2674537836256423,-0.2674537836256423,0.4281601144839477,0.49436136968990835,True,294
741.35822,297,514.019158,0.08215761136037818,0.08215761136037818,0.42229471466032875,0.5106294315652341,True,297
719.124336,305,514.558349,0.05108792357782399,0.05108792357782399,0.4178107863102321,0.4474448817445482,True,305
1182.290852,450,515.332067,0.21898603843372091,0.21898603843372091,0.430565697067527,0.5403008623933822,True,450
475.261313,278,516.835982,0.04681306838662568,0.04681306838662568,0.42239338761234124,0.5068358908485344,True,278
700.478966,334,517.392196,0.10821131732852667,0.10821131732852667,0.4743133205672807,0.42666964886653325,True,334
769.61103,361,517.990399,0.1723769329707244,0.1723769329707244,0.4994437005956592,0.44703874871513066,True,361
1823.705204,853,519.411689,0.5234895286901287,0.5234895286901287,0.45870160681543304,0.4298713604335653,True,853
710.524675,431,520.795913,0.17817679371444384,0.17817679371444384,0.4707597464942933,0.43398570758889254,True,431
633.165225,296,521.335478,0.06792404539347031,0.06792404539347031,0.4216676896948202,0.5332690029614393,True,296
761.780342,300,521.814012,0.09389623547445386,0.09389623547445386,0.4158293137618348,0.4999419491124381,True,300
688.927728,403,522.467614,0.1811656593438343,0.1811656593438343,0.4504363964174904,0.43572220097160724,True,403
721.011544,451,523.207732,0.2577664154235108,0.2577664154235108,0.45413735622015156,0.4298597947364071,True,451
624.779663,281,523.667638,0.08727283265730947,0.08727283265730947,0.4239307150067641,0.46474883086506924,True,281
1137.882614,439,524.785659,0.2632243172940007,0.2632243172940007,0.41835841779029626,0.5222707139835712,True,439
747.562679,385,525.40381,0.17012485414466783,0.17012485414466783,0.4560919303794123,0.4481223598439535,True,385
688.361367,380,526.013118,0.1867432886981562,0.1867432886981562,0.44940922899452834,0.44980256544861935,True,380
1198.229139,451,526.732105,0.23450670544807947,0.23450670544807947,0.4172347645780144,0.47846569967236585,True,451
1103.951907,473,527.497386,0.01664217696737163,0.01664217696737163,0.48252752117094627,0.4447621309006409,True,473
1183.969002,441,528.752591,0.17297015434537094,0.17297015434537094,0.42167750743397653,0.4857612491476491,True,441
600.685673,283,529.216275,-0.32713759146670573,-0.32713759146670573,0.4308369867984598,0.44097845391236085,True,283
720.845714,358,529.788854,-0.11156019541845894,-0.11156019541845894,0.46133869588389653,0.40762112199657097,True,358
770.815691,299,530.2758,0.07374447541151818,0.07374447541151818,0.4226885077394749,0.47466290030304403,True,299
757.505635,338,530.822402,0.14308211251967046,0.14308211251967046,0.46764161834030593,0.4478958772320688,True,338
740.630498,348,531.386442,0.15681621499347273,0.15681621499347273,0.4651191989483834,0.42212370826439,True,348
771.198602,307,532.481839,0.09359831991870109,0.09359831991870109,0.4249837878047342,0.5134268984660152,True,307
745.527443,345,533.02691,0.14241586901481387,0.14241586901481387,0.468981662583962,0.4313500512130386,True,345
782.875303,308,533.517637,0.06437425384051823,0.06437425384051823,0.42834050510785027,0.5165067573031707,True,308
758.599573,304,534.005789,0.08548468551623983,0.08548468551623983,0.4276430373085562,0.5233645877997993,True,304
1059.937781,426,534.686346,0.2449238329919318,0.2449238329919318,0.42744849566749993,0.5138693252563539,True,426
745.615028,381,535.29348,0.19276482623872632,0.19276482623872632,0.4205610448019048,0.41952698513180126,True,381
1171.486871,461,536.587886,0.24569499957167987,0.24569499957167987,0.42975602926161705,0.43124484143428526,True,461
708.227412,332,537.131872,0.14798946555025677,0.14798946555025677,0.4760083399883237,0.4369941235370258,True,332
1068.802635,460,537.889882,0.16231320200982918,0.16231320200982918,0.4476092465840379,0.4195367847757344,True,460
1073.551125,429,538.602401,0.1347653243484174,0.1347653243484174,0.42639562972796075,0.47511383075858316,True,429
604.558835,289,539.111823,0.05461241638273269,0.05461241638273269,0.4128791069407429,0.4936302431962946,True,289
1145.655275,468,540.485852,0.25100614559867174,0.25100614559867174,0.41755953814788727,0.4754435462548427,True,468
515.243578,265,540.918724,-0.23686301951335417,-0.23686301951335417,0.4202374131160657,0.495255622814291,True,265
1123.540307,471,541.72018,0.27114056794143987,0.27114056794143987,0.4696218147039065,0.4312659238154519,True,471
1060.550472,529,542.661986,0.27550430512965696,0.27550430512965696,0.44665470291420023,0.4298811355603168,True,529
835.202394,316,543.198651,0.16359673578862496,0.16359673578862496,0.4138483942620468,0.47629455795387066,True,316
629.643979,283,544.80071,0.0650728635845193,0.0650728635845193,0.42210178467954135,0.5180034756227084,True,283
585.893595,271,545.306152,-0.13874299535735726,-0.13874299535735726,0.42152025593041376,0.4575213855103987,True,271
1166.239065,454,546.066031,0.27234701202333417,0.27234701202333417,0.41260411789081936,0.4554613303508745,True,454
550.286574,273,546.523686,0.06618602357370876,0.06618602357370876,0.4289998246117046,0.4868012374715943,True,273
760.093292,355,547.110295,0.19662051103784914,0.19662051103784914,0.47702284159397157,0.4250553153945671,True,355
730.312381,290,547.595121,-0.3199647010675169,-0.3199647010675169,0.4193014541380009,0.4603788648731701,True,290
711.388889,434,549.415416,0.18477647278816844,0.18477647278816844,0.46406469237021974,0.4219974102479864,True,434
722.901471,292,549.911497,-0.4232340991095957,-0.4232340991095957,0.41148241091281784,0.4518887344637903,True,292
680.33307,288,550.392915,0.08130622476387525,0.08130622476387525,0.4242339041160197,0.5126969227193716,True,288
783.167567,375,551.023107,0.16829083611570445,0.16829083611570445,0.4676120647314502,0.4291272739969661,True,375
1109.58112,463,551.828023,0.24171878080572504,0.24171878080572504,0.4471585456535198,0.4378909938403661,True,463
797.229824,342,552.412925,-0.26267007965801314,-0.26267007965801314,0.4914615990269465,0.4365400100187886,True,342
574.556389,279,553.494742,0.058233012210117376,0.058233012210117376,0.41787989795020775,0.4742118532537895,True,279
758.234325,320,554.06281,0.12229796163089504,0.12229796163089504,0.45316866913255427,0.4285550293809444,True,320
848.559257,310,554.569626,0.09085729813923009,0.09085729813923009,0.42987795257707345,0.4797226336609045,True,310
1121.823757,514,555.419049,0.32537579914937065,0.32537579914937065,0.46574589020959223,0.43109972185247153,True,514
756.908367,305,555.916696,0.07540956610297853,0.07540956610297853,0.4188233367603397,0.46391613461144915,True,305
1025.423522,421,556.613385,-0.11618557934967375,-0.11618557934967375,0.416671378827675,0.4788547855737053,True,421
1158.398298,435,558.108718,0.2668212855642894,0.2668212855642894,0.428984699758575,0.5334039375488259,True,435
770.289867,300,558.608337,0.08822015585741537,0.08822015585741537,0.4258880031586274,0.5089567912866442,True,300
734.557589,371,559.218232,0.1767528285493127,0.1767528285493127,0.45549414559357315,0.4435814712771778,True,371
1148.255641,446,559.953062,0.24383528748748057,0.24383528748748057,0.4221597710873959,0.43841053807078656,True,446
1135.772928,448,560.690224,0.1683098108593245,0.1683098108593245,0.42128453292026663,0.48916537163661383,True,448
722.302646,292,561.96349,0.08521123327738231,0.08521123327738231,0.4219063239127773,0.5202668490827099,True,292
707.858224,291,562.44785,0.09813204853670003,0.09813204853670003,0.4164758786251374,0.5286875900192466,True,291
1179.307202,434,563.167719,0.23483797261639205,0.23483797261639205,0.421216390070883,0.4716540655132289,True,434
1133.911148,505,563.996549,0.2570913936879632,0.2570913936879632,0.46167823099223687,0.43155948029214347,True,505
455.383233,265,564.432555,0.03751943093419226,0.03751943093419226,0.41818382287210637,0.5064348468217817,True,265
636.655911,277,564.881662,0.0743905153958179,0.0743905153958179,0.42270049630460355,0.43321804614163295,True,277
1203.79031,437,566.561638,0.17164218985624752,0.17164218985624752,0.4295930744607823,0.5181048009720173,True,437
753.053625,395,567.217052,0.21016755000797835,0.21016755000797835,0.45562592164689497,0.4360987598507163,True,395
620.921644,275,567.668035,0.06628301234400795,0.06628301234400795,0.4132982714510751,0.45104971629308577,True,275
731.349717,351,568.247392,0.15711298981388175,0.15711298981388175,0.4558187830966532,0.433296116158404,True,351
1185.966247,440,568.996954,0.2707360106673656,0.2707360106673656,0.4146714184400603,0.47604299711997594,True,440
745.959783,297,569.487636,0.05988052106402016,0.05988052106402016,0.423087265647397,0.49330141837687647,True,297
576.822792,280,570.73429,0.060406013369793385,0.060406013369793385,0.4280200395698045,0.4864264113191174,True,280
1139.62367,500,571.595894,0.28635022940604565,0.28635022940604565,0.4769208375672557,0.44481797343501595,True,500
1158.29527,462,572.367038,0.22548020887837822,0.22548020887837822,0.4133700872455806,0.44572657992804154,True,462
901.502323,332,572.911864,0.16730889368892712,0.16730889368892712,0.42176064836180654,0.48218284438570896,True,332
1078.657545,556,574.388962,0.29244083365380863,0.29244083365380863,0.4325367609865818,0.4214775412430934,True,556
826.184713,312,574.927237,0.022985344908056184,0.022985344908056184,0.42863366843461903,0.4989886378584526,True,312
801.914646,323,575.463499,0.04487927859111655,0.04487927859111655,0.4600488077265384,0.4212716143666136,True,323
1134.730318,486,576.276229,0.2539426653180483,0.2539426653180483,0.46478279958740887,0.44647274568949,True,486
746.687192,381,576.90775,0.15262295151220437,0.15262295151220437,0.4511958226561774,0.43393349404999865,True,381
699.746681,298,577.399372,-0.35245347772992275,-0.35245347772992275,0.42588042622687605,0.46632687393973665,True,298
696.960788,285,578.461657,-0.3913621066146368,-0.3913621066146368,0.41071647475049955,0.43690243345829244,True,285
611.602459,279,578.923762,-0.1357537132887613,-0.1357537132887613,0.42032923175652587,0.4389073303104113,True,279
617.285957,276,579.380098,-0.2070667308886928,-0.2070667308886928,0.42049305314145513,0.46498218441680245,True,276
1098.736973,451,580.143909,0.23626820684431366,0.23626820684431366,0.42595594578122215,0.46434308519397377,True,451
1508.060173,779,581.444638,0.3108484578946767,0.3108484578946767,0.46693890034272134,0.43796979377205575,True,779
1171.933852,448,583.208548,0.18514391275736583,0.18514391275736583,0.43902678498229397,0.425305960794183,True,448
720.302467,382,583.845495,-0.24342766536980032,-0.24342766536980032,0.4231115112467435,0.49542409785401953,True,382
424.812907,261,584.281424,0.06567624946736798,0.06567624946736798,0.42565092863185877,0.4958365210948018,True,261
805.012456,326,584.830558,0.10382133823377321,0.10382133823377321,0.4310166607923299,0.46533119535109363,True,326
532.547668,269,585.275666,0.04390592192888438,0.04390592192888438,0.4133856567588133,0.4642024070706471,True,269
1177.927573,441,586.004068,0.28936247784132035,0.28936247784132035,0.4131348520087933,0.5203293674546609,True,441
1203.30768,443,587.701631,0.07329416002911077,0.07329416002911077,0.42095982298927814,0.44845432230042487,True,443
768.854721,349,588.304485,0.22422315386630756,0.22422315386630756,0.47065050782461076,0.41986251373613576,True,349
430.336549,258,588.740966,0.05277697073926252,0.05277697073926252,0.4145304031789192,0.49302067861240895,True,258
577.98517,268,589.189595,-0.23233573500219798,-0.23233573500219798,0.4245728360193375,0.43515509505574607,True,268
527.859282,265,589.645052,0.0010580735168416679,0.0010580735168416679,0.42750928366670593,0.47491837286840777,True,265
781.541259,354,590.268305,0.18747431306280424,0.18747431306280424,0.47051077406289277,0.43113040885604803,True,354
842.942445,324,591.614224,0.17841190532661563,0.17841190532661563,0.41655640041234293,0.4326642911904488,True,324
731.862765,305,592.137111,-0.5411759924775307,-0.5411759924775307,0.42429764965531436,0.48525897209523183,True,305
725.150649,294,592.641452,0.06109663147405076,0.06109663147405076,0.42481629182805997,0.5303361681534493,True,294
802.656827,300,593.130916,0.1127728209233637,0.1127728209233637,0.41280458111023965,0.49553979480385185,True,300
797.73356,302,593.631013,-0.20533273961786003,-0.20533273961786003,0.4296285518005447,0.48037808056023784,True,302
1184.03525,583,594.595901,0.2818070540951652,0.2818070540951652,0.4638201433129498,0.44002697368313015,True,583
668.383081,286,595.918462,0.09976684064462249,0.09976684064462249,0.421928706283423,0.5006307938150837,True,286
813.262856,301,596.419262,-0.39966229672455,-0.39966229672455,0.42502200910588395,0.48909701782819787,True,301
1151.958962,449,597.170564,0.2618364764686377,0.2618364764686377,0.4144288521320134,0.43503394880779794,True,449
772.279515,303,597.681118,-0.28286028316772815,-0.28286028316772815,0.4240876814669304,0.4813918665001883,True,303
1175.651618,438,598.441151,0.21279080081184504,0.21279080081184504,0.4289400256786603,0.5159626601458347,True,438
1209.922628,457,599.789723,0.18471905592674331,0.18471905592674331,0.41511405564414844,0.48440243200789784,True,457
1188.734656,440,600.517471,0.25555979345384094,0.25555979345384094,0.41591335618455144,0.500043687131137,True,440
835.921885,307,601.040216,0.12355358971045792,0.12355358971045792,0.4176031275325973,0.4708204428284493,True,307
1194.286868,439,601.778619,0.19170907545800098,0.19170907545800098,0.4288113638572748,0.5293140890974493,True,439
768.005198,428,602.49049,-0.016099486068938178,-0.016099486068938178,0.51514428255322,0.4420828848487893,True,428
782.767959,347,603.151162,0.17885170451026577,0.17885170451026577,0.45884534515741876,0.422007227352327,True,347
454.515538,266,604.152219,0.04012213608142007,0.04012213608142007,0.4172278724951983,0.4746397658571791,True,266
1151.938529,457,604.899297,0.24828534274906,0.24828534274906,0.44382300570405747,0.4372719296445608,True,457
790.268232,298,605.384658,-0.4706394743101149,-0.4706394743101149,0.4187688401552423,0.43629760345684354,True,298
1205.259315,435,606.095911,0.24771798807339435,0.24771798807339435,0.4265806584030774,0.5203349615095297,True,435
862.405322,314,606.602046,-0.18921728105096172,-0.18921728105096172,0.4270116041302947,0.46244316287228115,True,314
785.346052,532,608.199401,0.3149727541063535,0.3149727541063535,0.4605065978424415,0.4365612761858702,True,532
785.388736,363,608.797804,0.20408354056092784,0.20408354056092784,0.46721618294047507,0.4373628152688836,True,363
1160.8866,445,609.52342,0.19346561975977855,0.19346561975977855,0.4266864656732578,0.49747650737725996,True,445
891.912633,324,610.047363,-0.3022883212664607,-0.3022883212664607,0.41292180000270895,0.4312252107291639,True,324
816.767526,310,610.546072,0.10856401067660562,0.10856401067660562,0.42393634359258464,0.47144294968251266,True,310
636.723379,286,611.007158,-0.43121134438592695,-0.43121134438592695,0.4369887138771749,0.4397767777396156,True,286
864.674574,306,612.481712,-0.2246850528494861,-0.2246850528494861,0.4291221432815281,0.4805795732856346,True,306
642.865542,276,612.93066,-0.36155143635670667,-0.36155143635670667,0.42298918926252344,0.433369513877932,True,276
430.447679,259,613.358878,0.06268622894268147,0.06268622894268147,0.41946721076593413,0.48949566168747155,True,259
833.068457,350,613.932506,0.20180272506372401,0.20180272506372401,0.48520921639029185,0.44757513767147705,True,350
690.342443,287,614.39594,-0.09010346649460586,-0.09010346649460586,0.426376150646017,0.49440555993185104,True,287
1171.735488,501,615.270752,0.2556334776762876,0.2556334776762876,0.4441267653102712,0.42712762469953663,True,501
853.288839,402,616.836708,-0.09227128246735535,-0.09227128246735535,0.4267889384934951,0.4807934740962022,True,402
680.493319,294,617.324962,-0.42697672550435467,-0.42697672550435467,0.4154333400876179,0.4424924683878548,True,294
829.73241,304,617.819825,0.05786787892794088,0.05786787892794088,0.4244994768158303,0.4694771364801905,True,304
467.259621,257,618.247524,-0.07717420742335522,-0.07717420742335522,0.4215213173441154,0.493459648549284,True,257
770.435897,352,618.818461,0.16992852732582892,0.16992852732582892,0.46254658826353795,0.42697013137940515,True,352
1147.462279,458,619.567062,0.28401998086781927,0.28401998086781927,0.4526281662297653,0.4489134480238606,True,458
838.809066,310,621.097412,0.02668798911226181,0.02668798911226181,0.42511315961655316,0.4706208633877029,True,310
754.662056,394,621.738348,0.20860633703590695,0.20860633703590695,0.4357445149299765,0.4334570484620114,True,394
788.843573,333,622.287199,0.12417931069809095,0.12417931069809095,0.461708625647809,0.4264228972229156,True,333
836.928384,308,622.782335,-0.11261300301541644,-0.11261300301541644,0.4256067186092878,0.4887221746467528,True,308
1149.994686,483,623.581316,0.24678356619216776,0.24678356619216776,0.44633668545584887,0.41493327478353903,True,483
1097.095427,459,624.958345,0.1435257980680794,0.1435257980680794,0.4433463316273511,0.4106443842824572,True,459
734.786469,383,625.57293,0.18223442796280157,0.18223442796280157,0.4536501844412627,0.4445559198716692,True,383
757.495503,294,626.115375,0.087276116719446,0.087276116719446,0.42967501045238504,0.5103709273361372,True,294
1243.443468,497,626.953874,0.29205065247111617,0.29205065247111617,0.447708204726781,0.4380770879441522,True,497
717.254121,291,627.44666,-0.4407042245140935,-0.4407042245140935,0.42780334808107173,0.4907340551288059,True,291
1159.803105,433,628.172534,0.24656306008138804,0.24656306008138804,0.41924868283373434,0.5125843978165139,True,433
789.877365,297,629.566499,0.09866737971021368,0.09866737971021368,0.4204233056636941,0.4894963326629985,True,297
535.785791,263,629.99991,-0.34925425726873255,-0.34925425726873255,0.4234890851988887,0.46735940959563915,True,263
1056.842416,472,630.780906,0.16667029423927765,0.16667029423927765,0.4245714200526757,0.4483492217452204,True,472
717.521158,291,631.25465,0.09939284740715601,0.09939284740715601,0.4218719912414515,0.5157010751902545,True,291
818.620393,303,631.747898,-0.4744099106024145,-0.4744099106024145,0.41223202785992025,0.4732723259755239,True,303
991.874826,421,632.441537,-0.08860796283204658,-0.08860796283204658,0.424512370358091,0.49572621573072934,True,421
1148.913986,483,633.853183,0.28389945482904627,0.28389945482904627,0.44262107578878385,0.43055444239091895,True,483
1179.999518,434,634.574463,0.2498132087697497,0.2498132087697497,0.4243002994420971,0.5182135438340796,True,434
833.772868,298,635.087375,0.01647455779958793,0.01647455779958793,0.4146448888681547,0.4831651606944097,True,298
1134.400659,508,635.970766,0.2843398836725473,0.2843398836725473,0.46161230657261254,0.44612331308280995,True,508
668.840787,285,636.477997,-0.27131044765643747,-0.27131044765643747,0.42820521267460515,0.45231375150162634,True,285
1083.378875,415,637.813727,-0.04616498761873563,-0.04616498761873563,0.4309712706401096,0.5295602982298718,True,415
805.704883,396,638.463919,0.22316901125072708,0.22316901125072708,0.4435993630224009,0.43951660856983754,True,396
865.688266,299,638.956774,0.08256479199060307,0.08256479199060307,0.4140331805883189,0.4813736152474962,True,299
792.116955,346,639.518862,0.20419269690027708,0.20419269690027708,0.4772775417118728,0.43771818418906433,True,346
867.173166,312,640.022199,0.07302676842961946,0.07302676842961946,0.42214694816647474,0.47731056901768104,True,312
521.906802,275,640.466174,-0.3909214918089791,-0.3909214918089791,0.41288587756031436,0.43645028484557497,True,275
1173.571976,491,642.125546,0.316860267421122,0.316860267421122,0.4516828789418681,0.43497993609027524,True,491
792.384201,399,642.77163,0.20723873934788498,0.20723873934788498,0.43422330263298614,0.43258316081914294,True,399
678.359294,283,643.229555,0.08555553214695232,0.08555553214695232,0.41923539165787294,0.47208897636501784,True,283
720.264189,285,643.690371,0.12877871527679488,0.12877871527679488,0.4203784151210649,0.4766922911067001,True,285
546.345109,271,644.128805,-0.28042630976233685,-0.28042630976233685,0.4219165097910249,0.4169892542802427,True,271
656.306154,283,644.589517,-0.36394974697878346,-0.36394974697878346,0.42518492105039424,0.4317490197971948,True,283
784.803,298,646.064298,0.03300591900687159,0.03300591900687159,0.4179423605849295,0.4793364250742433,True,298
528.466893,266,646.499275,0.07240841476316809,0.07240841476316809,0.4247983880165884,0.49713888890836894,True,266
789.140878,298,646.987839,0.1168690100770002,0.1168690100770002,0.4186187329652636,0.4938018133010532,True,298
1151.958833,480,647.77734,0.29064741109147224,0.29064741109147224,0.4429347228452226,0.41952366825435,True,480
601.466159,280,648.23057,0.09138022738342166,0.09138022738342166,0.4156491063566231,0.46766813273104113,True,280
890.011333,335,648.792484,0.0912019365200041,0.0912019365200041,0.44824868197973056,0.44418645462336215,True,335
828.967438,388,650.139132,-0.10591750661802132,-0.10591750661802132,0.4155561756513335,0.42593411668157555,True,388
1161.764434,460,650.901741,0.24090200418997593,0.24090200418997593,0.4617225345184972,0.44358871656222504,True,460
750.694686,293,651.369744,0.08996413437558765,0.08996413437558765,0.4117867113075239,0.4812278675394677,True,293
1305.214898,503,652.186766,0.3192221882876454,0.3192221882876454,0.41301394161988925,0.42960428114432353,True,503
813.968245,307,652.697909,0.12827620922477218,0.12827620922477218,0.4234128564513391,0.5222987684384113,True,307
463.393182,258,653.114829,-0.05278270096275736,-0.05278270096275736,0.4196508303693256,0.4999883114439365,True,258
683.75561,286,654.513106,0.10996137271807155,0.10996137271807155,0.41532131717051485,0.4688281168090866,True,286
1187.47282,456,655.275988,-0.27517810620223093,-0.27517810620223093,0.4182816565052972,0.48056466107941165,True,456
526.446752,267,655.700344,-0.33678535582025076,-0.33678535582025076,0.41382995347879414,0.4429961561171659,True,267
628.220941,281,656.159349,-0.3722558459146952,-0.3722558459146952,0.4316530648023543,0.4438574016538061,True,281
661.28092,281,656.625415,0.061588439248995354,0.061588439248995354,0.42901231994501443,0.4703254707160411,True,281
440.896409,254,657.044553,0.018715426487400533,0.018715426487400533,0.42761687929746794,0.5032553224657749,True,254
762.152035,351,658.481128,0.1898280330501192,0.1898280330501192,0.4851500974452346,0.4283442230418507,True,351
627.495135,286,658.967888,0.05583955994221216,0.05583955994221216,0.4153987121586301,0.47347173246968294,True,286
513.025762,268,659.40876,-0.3635113905972998,-0.3635113905972998,0.4296714493415171,0.4569000453562009,True,268
625.85901,275,659.889045,-0.328208481159629,-0.328208481159629,0.43907908235856785,0.4403983867327774,True,275
1172.666077,463,660.651587,0.2631526582793903,0.2631526582793903,0.45521103794986667,0.44760994298955586,True,463
849.474412,352,661.229006,0.11194908387425057,0.11194908387425057,0.4939646635698304,0.43757288599340516,True,352
836.372216,303,661.73169,0.13344425061164722,0.13344425061164722,0.429237440325394,0.5085013004919652,True,303
844.178439,301,663.256898,0.1464280848843513,0.1464280848843513,0.4291298551661981,0.5175273522496767,True,301
811.427182,491,664.053343,0.27350426636908726,0.27350426636908726,0.4743902320208048,0.43917033153880947,True,491
863.803669,309,664.542487,-0.4158734911390081,-0.4158734911390081,0.4288329234088837,0.47952559513877024,True,309
792.756402,382,665.170669,0.20444675394013875,0.20444675394013875,0.4433841746382236,0.4265965821041404,True,382
1191.922879,441,665.893728,0.14967615398872852,0.14967615398872852,0.4277404711168044,0.5011351917611285,True,441
823.212692,317,666.835577,0.12191872232337839,0.12191872232337839,0.42564087874563133,0.43754508204571374,True,317
723.90128,282,667.289786,0.04173060515492245,0.04173060515492245,0.4244700749362689,0.47916827939792905,True,282
751.962381,404,667.958849,0.19564367105128905,0.19564367105128905,0.43743173095063753,0.43866190953907747,True,404
796.330112,323,668.495525,0.13820840825743388,0.13820840825743388,0.44954733448244744,0.44148994285750315,True,323
833.035854,304,669.003739,-0.4469431758633223,-0.4469431758633223,0.41741648138693643,0.49252239235461215,True,304
1189.604656,444,669.847093,0.2041387840096305,0.2041387840096305,0.4354777120683765,0.426378298570582,True,444
774.638079,295,670.964535,0.1070980121942577,0.1070980121942577,0.43089765628039617,0.5065494392138583,True,295
688.135947,282,671.411899,-0.16412039846178295,-0.16412039846178295,0.43571120326443963,0.435477733193701,True,282
726.264874,287,671.87098,0.08534474701444023,0.08534474701444023,0.417202907155009,0.491430451436792,True,287
1085.683371,487,672.667588,0.25049314402150796,0.25049314402150796,0.45047096385395746,0.43325161715237775,True,487
729.73539,285,673.132537,0.10720827121894251,0.10720827121894251,0.42213191267621186,0.43955613961807655,True,285
862.724208,308,673.637048,-0.41543127413893643,-0.41543127413893643,0.42261850266145123,0.46323494355143885,True,308
856.468497,308,674.730377,-0.3734295292022099,-0.3734295292022099,0.43047975476255096,0.5001782527167824,True,308
678.334883,285,675.21214,-0.44902067242240595,-0.44902067242240595,0.4180386649756847,0.47138861975432705,True,285
921.381597,408,675.887154,-0.12765013458923968,-0.12765013458923968,0.413155972911527,0.4372000446258522,True,408
531.092628,267,676.32179,0.08719811647716022,0.08719811647716022,0.42377866614384857,0.4815471259445836,True,267
1052.068005,494,677.109532,0.24404852891925333,0.24404852891925333,0.4560696788386964,0.4427152600867362,True,494
1237.418481,455,677.849231,0.25293028336355233,0.25293028336355233,0.4286715210844951,0.41014839763272837,True,455
645.565043,281,678.812475,-0.3453941966765286,-0.3453941966765286,0.4320563587839719,0.4358196392785651,True,281
764.499637,519,679.733013,0.3846574241925045,0.3846574241925045,0.484638053206217,0.44021379335061395,True,519
1142.581515,424,680.425077,0.2098533176160136,0.2098533176160136,0.4293052206501552,0.5130025187508898,True,424
859.310397,302,680.922847,0.1333932932439125,0.1333932932439125,0.4166724886102766,0.4734063344031551,True,302
695.2048,284,681.376967,0.06834602646892665,0.06834602646892665,0.4185717846132065,0.47897260397644453,True,284
1228.995434,493,682.95854,0.287813449873606,0.287813449873606,0.4226084403068973,0.4480245960762589,True,493
770.417175,297,683.45676,0.10432571275483164,0.10432571275483164,0.4203410801264081,0.5017190716158005,True,297
808.601878,335,684.066594,0.1758274294036732,0.1758274294036732,0.4748964094039502,0.42066740111643675,True,335
745.008176,291,684.564863,0.14314480630139195,0.14314480630139195,0.4193423413623643,0.4929917819500649,True,291
844.045104,349,685.177146,0.02292280122395225,0.02292280122395225,0.4742745747679968,0.432619962612019,True,349
1205.86281,450,685.910989,0.2199991224629886,0.2199991224629886,0.4183210726913238,0.41956893927220806,True,450
1226.201462,458,687.208708,0.2534384471289088,0.2534384471289088,0.4168105318420255,0.5119455579884998,True,458
513.19424,265,687.641493,0.06534431349431258,0.06534431349431258,0.4191606032954302,0.5063848662174537,True,265
671.254131,280,688.10313,-0.3877613352653394,-0.3877613352653394,0.42909302510592484,0.4536432813884971,True,280
827.345648,341,688.644174,-0.27780386407018365,-0.27780386407018365,0.48788480907354465,0.4472464443858979,True,341
778.705372,293,689.11991,-0.26919633710326724,-0.26919633710326724,0.4245781709377571,0.480331151411932,True,293
1161.23866,436,689.821945,0.2331620468568469,0.2331620468568469,0.420018496963994,0.5436123355079178,True,436
853.329732,342,690.964999,0.1281637683550715,0.1281637683550715,0.47763982876301053,0.44535821391789254,True,342
1126.963765,508,691.797282,0.23722892110086205,0.23722892110086205,0.45431306446773506,0.4412191257469729,True,508
644.713981,278,692.245452,-0.3691640203135464,-0.3691640203135464,0.4314100154781284,0.42701526632736964,True,278
1166.502195,436,692.94358,0.2584352569761648,0.2584352569761648,0.4233738364463144,0.5217894616153168,True,436
666.718056,283,693.395298,-0.06143276448209329,-0.06143276448209329,0.41435097873184296,0.42142052006120106,True,283
791.593304,303,693.889314,-0.3182942229436948,-0.3182942229436948,0.42348961866520096,0.48151403484171057,True,303
820.82356,347,694.875119,0.10313972522810679,0.10313972522810679,0.4643906724180844,0.42113383211049604,True,347
710.522571,281,695.339845,-0.1186470455544643,-0.1186470455544643,0.42863609026947525,0.4730028806106323,True,281
797.182975,343,695.920381,0.169189767953139,0.169189767953139,0.49531747481953803,0.42978773489733263,True,343
555.338654,270,696.369149,-0.34474972875895726,-0.34474972875895726,0.42427288288118326,0.448552221334979,True,270
816.189849,302,696.86933,0.08858216447059657,0.08858216447059657,0.42461316720032405,0.476730729471575,True,302
1227.504451,448,697.621498,0.13321021700944988,0.13321021700944988,0.4308575833823002,0.42608322008450406,True,448
844.452393,423,698.871083,0.20217917482871847,0.20217917482871847,0.4632002166648305,0.44979994894403974,True,423
355.459861,252,699.288598,-0.11494972882317148,-0.11494972882317148,0.41399815397024814,0.5100295808172404,True,252
474.941358,268,699.751951,-0.3505464549570417,-0.3505464549570417,0.41428611108127766,0.46798413402335903,True,268
827.582614,312,700.301314,0.11104595668173914,0.11104595668173914,0.4178661981451879,0.465630498558499,True,312
819.159317,298,700.810694,0.11959934527495353,0.11959934527495353,0.42825729042360294,0.5392014143738771,True,298
748.673358,337,701.365367,0.10928271019899248,0.10928271019899248,0.4654639373677452,0.42846619140919195,True,337
594.820801,277,702.942142,-0.43823319006849315,-0.43823319006849315,0.41858594105259783,0.46092921884116395,True,277
828.269109,301,703.451694,0.1047324236540501,0.1047324236540501,0.42443358237177276,0.4755104632690558,True,301
414.484219,254,703.877567,-0.23181678245256587,-0.23181678245256587,0.42608978647134255,0.5171454766491873,True,254
1149.838223,429,704.584761,0.23267551116433152,0.23267551116433152,0.4229938530831644,0.5458742476010987,True,429
759.472629,419,705.281362,0.26869351563101634,0.26869351563101634,0.45156172320809473,0.4206936740964608,True,419
662.093275,284,705.753862,0.061587388227642606,0.061587388227642606,0.4304719129728688,0.5362556629508981,True,284
1216.212564,435,707.218911,0.22950811139298993,0.22950811139298993,0.42212235524392383,0.5257182162925422,True,435
887.316662,314,707.73475,0.002611815566700265,0.002611815566700265,0.427364352357371,0.4453315736391114,True,314
1230.432745,436,708.463563,0.23083395332334367,0.23083395332334367,0.4169133109036889,0.5068931597658248,True,436
1166.61682,487,709.281099,0.30022988269845274,0.30022988269845274,0.4520845320091202,0.4263534164468367,True,487
888.573912,304,709.782531,-0.13037026891197656,-0.13037026891197656,0.42788736171210057,0.48018312502855875,True,304
1232.766147,435,710.946042,0.2268724169621629,0.2268724169621629,0.4244473396085383,0.5295987149866117,True,435
453.194201,256,711.400993,-0.1921599915066603,-0.1921599915066603,0.4262866108285698,0.5132402787760924,True,256
685.202258,281,711.86112,-0.17844251833682673,-0.17844251833682673,0.41231335306366873,0.42642305530439656,True,281
932.966131,413,712.551332,-0.01568358566706664,-0.01568358566706664,0.42208995733744387,0.4794061485989647,True,413
903.133532,333,713.099677,-0.09437315824902658,-0.09437315824902658,0.42826554108321574,0.42882373073623686,True,333
538.643084,265,713.529631,0.03132386166975471,0.03132386166975471,0.42577204614825565,0.47620844675576746,True,265
1304.338591,462,714.995127,0.06825653651596511,0.06825653651596511,0.4187871734367554,0.4655790739573393,True,462
534.180447,272,715.51744,-0.35101517447237157,-0.35101517447237157,0.42081756260008535,0.46487841354480297,True,272
751.187216,290,716.003505,0.14590310029469206,0.14590310029469206,0.42119541725904935,0.49000922554546306,True,290
1113.706055,495,716.841402,0.23957069048443783,0.23957069048443783,0.4521104812313085,0.4265484555638971,True,495
479.508373,256,717.266793,-0.06596098093643762,-0.06596098093643762,0.4229079714903024,0.5061229167944016,True,256
746.691293,391,717.910691,0.15117118447877737,0.15117118447877737,0.4396401339024411,0.44846320147608587,True,391
726.271218,287,718.416831,0.15640814903688358,0.15640814903688358,0.42908002015020363,0.48548687612762975,True,287
812.805001,315,719.882322,0.11828980879633709,0.11828980879633709,0.41902973902660934,0.43350152350153554,True,315
874.877341,324,720.426792,0.1457094041292708,0.1457094041292708,0.42705957035889874,0.444378091256386,True,324
535.624479,261,720.87738,-0.07601003758702965,-0.07601003758702965,0.42321169657340824,0.46434407136168454,True,261
848.151621,334,721.434433,0.11870605496618981,0.11870605496618981,0.4636978371843743,0.43583708124168896,True,334
1227.012456,433,722.155536,0.12527481877231395,0.12527481877231395,0.4143634116219005,0.47167376957433294,True,433
798.669526,337,722.712583,0.16022941434129062,0.16022941434129062,0.4715636131235318,0.42737296334643454,True,337
818.73095,298,724.124738,0.09897976062478779,0.09897976062478779,0.4174779894338061,0.5228328564149962,True,298
652.306665,390,724.766133,-0.02220284642910584,-0.02220284642910584,0.42947428572616236,0.5178447551860403,True,390
859.413373,305,725.262444,0.015442978666581442,0.015442978666581442,0.4236145195939683,0.5081204158963784,True,305
817.040347,316,725.776127,0.12430712072021839,0.12430712072021839,0.4185653356945618,0.44646523563022655,True,316
486.467401,257,726.194726,-0.04800269823107709,-0.04800269823107709,0.42127319557241094,0.4649572812185009,True,257
596.799653,268,726.633842,0.0019087648604902384,0.0019087648604902384,0.4147544148458484,0.44319927131250614,True,268
843.938781,350,728.12284,0.17242810985563423,0.17242810985563423,0.48531246512430243,0.4259227159391341,True,350
1172.388464,440,728.881814,0.21835956565850312,0.21835956565850312,0.42967845543794686,0.5418734834852881,True,440
707.068412,284,729.353435,-0.28856131731741586,-0.28856131731741586,0.4271348980150497,0.45680634406354004,True,284
795.676461,345,729.905274,0.170874056368757,0.170874056368757,0.4988340903499998,0.44274520898171166,True,345
668.915624,385,730.537432,0.036830089948672595,0.036830089948672595,0.4131638206177202,0.5143170613557124,True,385
608.927367,273,730.986618,-0.15315623846175083,-0.15315623846175083,0.41686723371382234,0.4258238195053955,True,273
1164.07269,457,732.501231,0.2550411574453282,0.2550411574453282,0.4332776872946438,0.41675809953854875,True,457
865.120644,310,733.006075,0.12832526241938735,0.12832526241938735,0.41430359651406234,0.5054678951527612,True,310
781.870341,293,733.500124,-0.2316189228580597,-0.2316189228580597,0.41634385997510087,0.47377503067027477,True,293
719.409988,285,733.974664,-0.06262435620205851,-0.06262435620205851,0.42620263983190093,0.4368310345778965,True,285
807.21216,371,734.569616,-0.5532884426217792,-0.5532884426217792,0.41801208108738885,0.5055409170743179,True,371
882.740822,322,735.141256,0.16072601623611063,0.16072601623611063,0.42028790466632365,0.49034401086222673,True,322
735.649494,289,735.645435,-0.24095712011418363,-0.24095712011418363,0.42638677421451404,0.45822469568604807,True,289
816.407148,331,736.974532,0.16085728311580613,0.16085728311580613,0.4720053414093883,0.42578615057904357,True,331
1175.589028,523,737.836748,0.2887889960278434,0.2887889960278434,0.4643661582916649,0.44860568739587603,True,523
884.64813,318,738.360125,0.14540995277999516,0.14540995277999516,0.43069294661003693,0.49115528044008566,True,318
834.346486,304,738.861532,0.09583155001315166,0.09583155001315166,0.4140668951833286,0.4778911236687124,True,304
755.857984,337,739.407444,0.11448332546231726,0.11448332546231726,0.46707699815799886,0.42488598906005276,True,337
1225.02447,444,740.713867,0.22062110739024499,0.22062110739024499,0.4223820264466233,0.5348699337857191,True,444
731.098112,285,741.184934,-0.31154444221058847,-0.31154444221058847,0.42947482430413453,0.48317784541380837,True,285
903.400458,321,741.707308,0.15651753871559845,0.15651753871559845,0.4129029497174257,0.4364863360839424,True,321
802.350249,293,742.19519,-0.02940181981783785,-0.02940181981783785,0.4288347386811381,0.52369754139026,True,293
838.996041,295,742.684334,0.14305803766244185,0.14305803766244185,0.42547230489625887,0.5161141698078402,True,295
600.56294,273,743.128986,0.06928249778478744,0.06928249778478744,0.42254585842659775,0.45468425113041455,True,273
758.563832,355,743.749088,0.17691345034998207,0.17691345034998207,0.47644931559767434,0.43379814160111385,True,355
647.969007,275,744.812616,0.0971156860696218,0.0971156860696218,0.4224644214776859,0.47109706217337166,True,275
844.201738,510,745.637383,0.3266079726585646,0.3266079726585646,0.471745183021152,0.43941778644219853,True,510
653.165896,275,746.089418,-0.261178598507588,-0.261178598507588,0.42537812398623054,0.43629510311653447,True,275
891.210089,309,746.600231,0.13798564481204287,0.13798564481204287,0.42460103160199786,0.4813065453568598,True,309
1228.250515,440,747.322294,-0.08616913311176813,-0.08616913311176813,0.4349992492420904,0.4443557708885414,True,440
881.26019,322,748.575558,-0.21296492785572446,-0.21296492785572446,0.4373033760518442,0.4397163658885777,True,322
909.872304,322,749.129953,-0.15365074116075625,-0.15365074116075625,0.4178878219941259,0.4533306372580066,True,322
1161.573057,466,749.912722,0.22106887153647523,0.22106887153647523,0.459275774735116,0.4383782393570145,True,466
1202.354139,429,750.628145,0.2325272994765216,0.2325272994765216,0.427895607653701,0.5305306074453022,True,429
892.979089,313,751.172127,0.16263148747405268,0.16263148747405268,0.41198471245859947,0.45982458252214037,True,313
885.704256,309,751.682652,-0.010437775191878919,-0.010437775191878919,0.43463602940870866,0.44955116026031583,True,309
704.912104,282,752.70234,-0.04270119900012616,-0.04270119900012616,0.4281560996866366,0.47652548325062616,True,282
877.695411,314,753.218664,0.12467849974491478,0.12467849974491478,0.41555321754030494,0.4528908026459343,True,314
857.011952,305,753.733161,0.10648135132144776,0.10648135132144776,0.4146334327442424,0.4941100826179622,True,305
772.903549,287,754.212583,0.004708848691426974,0.004708848691426974,0.41378368330580334,0.45757338507089323,True,287
887.142156,305,754.718551,-0.04879465045550728,-0.04879465045550728,0.4227726707724847,0.4773147575162962,True,305
724.628114,289,755.183595,0.025392500552502483,0.025392500552502483,0.42254055854848505,0.5144999066621927,True,289
646.857527,276,755.630837,0.10978645149125844,0.10978645149125844,0.4158124689734498,0.44656237624689366,True,276
811.193701,339,756.876023,0.12984540407793724,0.12984540407793724,0.4779130889990736,0.43090758628848125,True,339
770.636901,287,757.342136,0.13102750251562761,0.13102750251562761,0.4160600897219445,0.4732575405773085,True,287
415.355711,244,757.739261,0.004151094319469737,0.004151094319469737,0.42137313746382454,0.5017194037096966,True,244
529.205074,264,758.167365,-0.1281698437654776,-0.1281698437654776,0.4158446372027331,0.4435448858669046,True,264
840.188439,493,758.968958,0.28033823294983196,0.28033823294983196,0.4647364589438356,0.4288689258437872,True,493
798.819409,300,759.446959,-0.3552132279992396,-0.3552132279992396,0.42108161007829487,0.4736784800786363,True,300
622.905015,273,760.658959,0.06760722779988829,0.06760722779988829,0.4188989550389357,0.4603770982117029,True,273
876.123088,306,761.187754,-0.4054822242278048,-0.4054822242278048,0.41604615528302924,0.481169176798018,True,306
1042.909661,430,761.87135,-0.2645532838754128,-0.2645532838754128,0.42999464671832854,0.47634156061816596,True,430
777.394769,288,762.33554,0.12398125861348852,0.12398125861348852,0.42821662173378117,0.5186017243385391,True,288
800.958503,290,762.806046,0.08035301115501464,0.08035301115501464,0.42366723713790627,0.4877096281916318,True,290
874.135607,306,763.290369,0.1709680031976891,0.1709680031976891,0.4195492984325598,0.504456141378714,True,306
646.573753,278,763.734968,-0.3194950714846092,-0.3194950714846092,0.4252301759666497,0.4480110492255305,True,278
584.964127,270,764.845337,-0.3422210194321789,-0.3422210194321789,0.4242269987389742,0.4325658817282451,True,270
1143.567617,427,765.527186,0.05144926095219611,0.05144926095219611,0.41468494390295,0.4608360542472014,True,427
1146.801868,549,766.416412,0.2872106752461196,0.2872106752461196,0.4296658315239299,0.42513543144431276,True,549
1193.147634,438,767.119738,0.23178125076736317,0.23178125076736317,0.4252823428527264,0.4840879633018714,True,438
888.117602,308,767.611072,0.1606384065537374,0.1606384065537374,0.4121770640824963,0.4804614362126368,True,308
962.469199,403,768.85226,-0.15742514556938494,-0.15742514556938494,0.42619486067264867,0.4929888224329606,True,403
556.358163,268,769.289241,0.01757802370997768,0.01757802370997768,0.4155432354934528,0.44142536905958774,True,268
1155.139399,428,769.975152,0.23328001231595727,0.23328001231595727,0.4284775870268192,0.535852061275299,True,428
820.013788,405,770.633218,0.23735243960397875,0.23735243960397875,0.4668961982638842,0.4413266027320782,True,405
818.459627,429,771.318394,0.24580132764309393,0.24580132764309393,0.4744586912440555,0.44500809201743186,True,429
1172.904186,449,772.804492,0.2372337255517298,0.2372337255517298,0.44829234122617484,0.4456536967611465,True,449
785.727061,294,773.272856,0.09809326148303787,0.09809326148303787,0.4289690128633487,0.5281425591796901,True,294
875.727003,305,773.763304,0.16374206436661173,0.16374206436661173,0.4218006583061869,0.5075227188848729,True,305
655.508547,275,774.205354,-0.28829514280574775,-0.28829514280574775,0.43077248308915483,0.4368660181966395,True,275
1234.519145,436,774.907003,0.17572273673437178,0.17572273673437178,0.42001818653769896,0.47465658554825746,True,436
674.65753,278,775.34886,-0.23460229905301744,-0.23460229905301744,0.42769470775343416,0.46911968980891683,True,278
649.852792,278,775.795756,-0.3557999175166653,-0.3557999175166653,0.43300695735792816,0.4323854177726151,True,278
884.499492,329,777.15367,-0.07560009500172987,-0.07560009500172987,0.4708617510156526,0.43354599876273386,True,329
844.792051,298,777.627555,-0.18171307080655485,-0.18171307080655485,0.4275872744391195,0.4676901077465687,True,298
921.45871,321,778.144463,0.20473341331934913,0.20473341331934913,0.4285873831133272,0.4712683649610906,True,321
872.395963,310,778.637986,0.15203095596662144,0.15203095596662144,0.429170333136785,0.5002285188113312,True,310
533.543662,264,779.072356,0.04317698968129543,0.04317698968129543,0.4168360845503267,0.4753503640150868,True,264
1039.548158,407,779.744573,-0.0747203125560639,-0.0747203125560639,0.4293258911984382,0.4969494344124499,True,407
874.118975,322,780.799846,-0.14040201136592134,-0.14040201136592134,0.4680983465455665,0.447184467507399,True,322
477.023833,258,781.23107,-0.15046641777761172,-0.15046641777761172,0.43007280206259285,0.49089736527889655,True,258
804.412204,299,781.740581,-0.37965350440727424,-0.37965350440727424,0.42533566958817604,0.5005478125858428,True,299
816.808966,372,782.351927,0.22065340195808372,0.22065340195808372,0.4880694948734658,0.4378030446567408,True,372
717.931116,282,782.816458,0.17585626824093525,0.17585626824093525,0.4193290080496446,0.4480895898617441,True,282
878.859197,337,783.378814,0.185578455443708,0.185578455443708,0.46963445158733635,0.42638567129558824,True,337
889.731972,305,783.885427,0.17775246199784142,0.17775246199784142,0.42415009640393386,0.49631252997772274,True,305
1582.670015,821,786.047443,0.42646995548420125,0.42646995548420125,0.4430531149819645,0.4213878856067241,True,821
463.353048,268,786.4934,-0.37494501136448694,-0.37494501136448694,0.41672710806923896,0.4907308451520679,True,268
1231.18672,445,787.226627,0.22569598877206964,0.22569598877206964,0.41436631167067495,0.5029790735545734,True,445
1196.016857,427,787.936647,0.255005012211373,0.255005012211373,0.4312183200388508,0.5311374255157181,True,427
829.287198,298,789.359664,-0.38521759909249087,-0.38521759909249087,0.43106856811488437,0.4974175442491948,True,298
1162.768003,503,790.192406,0.2306780933121863,0.2306780933121863,0.44050469434059686,0.4228728476663506,True,503
1182.634811,506,791.05002,0.27875965077525144,0.27875965077525144,0.44594828592641683,0.4323577730117341,True,506
734.098971,286,791.518216,-0.312066129846483,-0.312066129846483,0.4188383501371264,0.442800481005586,True,286
1136.811517,499,792.356812,0.28865959956055665,0.28865959956055665,0.4439679028999339,0.4271022237895302,True,499
1089.433158,412,793.655746,-0.4214457782355798,-0.4214457782355798,0.41684407840108517,0.46830833028417995,True,412
1229.701652,444,794.38516,0.17696528504080528,0.17696528504080528,0.4306341048818085,0.43613099209547707,True,444
1250.131309,440,795.11335,0.22248447615085976,0.22248447615085976,0.41913826473384747,0.4881234106643813,True,440
775.0769,289,795.585716,0.13175104804888366,0.13175104804888366,0.4189477669627456,0.48727487121467483,True,289
1171.913534,473,796.379242,0.2578931844034264,0.2578931844034264,0.45299834567926034,0.43593485662044,True,473
1314.316686,457,797.481596,0.22744830177464875,0.22744830177464875,0.41748601849196854,0.44058506858847635,True,457
1176.875742,463,798.266657,0.21742288280111413,0.21742288280111413,0.4573113793643488,0.4371510318739585,True,463
825.656554,294,798.765145,0.05076891682801802,0.05076891682801802,0.4142175198887121,0.4498617090016973,True,294
857.226232,327,799.398754,0.13299008332535817,0.13299008332535817,0.4374902634654121,0.4377688181937968,True,327
1188.251671,443,800.170938,0.23700784672263117,0.23700784672263117,0.41769054171085035,0.42500471887166186,True,443
663.264235,279,801.184016,-0.29274047436098766,-0.29274047436098766,0.4277776441328757,0.4419510358375115,True,279
657.415267,275,801.66978,-0.32484672921057994,-0.32484672921057994,0.4323688548056484,0.4418161868898656,True,275
844.741656,377,802.365185,0.02911605779272624,0.02911605779272624,0.4439065602066125,0.42433739810111504,True,377
1235.216369,435,803.100201,0.23471675748794776,0.23471675748794776,0.42083912731612294,0.4591369596159721,True,435
849.142048,365,803.709923,0.17088693405435273,0.17088693405435273,0.4985814837246188,0.4453141691036425,True,365
2232.869033,1000,806.197602,0.47054315472492714,0.47054315472492714,0.7779753768937525,0.946532694860729,False,1000
760.723257,287,806.703706,0.07139169586238774,0.07139169586238774,0.42027750039279604,0.485162488856142,True,287
614.724805,273,807.183569,-0.31112729013919593,-0.31112729013919593,0.425771295728477,0.43192838120785065,True,273
700.236338,281,807.66966,-0.3232138358088124,-0.3232138358088124,0.43280906706727235,0.44058722494238034,True,281
590.976486,272,808.129851,-0.38076199002991923,-0.38076199002991923,0.4322944113013119,0.43448158899237127,True,272
1269.508958,448,809.860761,0.26682339990090514,0.26682339990090514,0.42471673106968805,0.49840510396251997,True,448
869.866851,315,810.390604,-0.3559601923622159,-0.3559601923622159,0.41386245891938467,0.482702032193113,True,315
837.775048,339,810.970245,0.16017021098475437,0.16017021098475437,0.4742012480576975,0.4332774781567845,True,339
1227.138846,438,811.729943,0.23995586380486422,0.23995586380486422,0.42997239929191217,0.5332425963765409,True,438
568.192811,272,812.18344,-0.3943184811536901,-0.3943184811536901,0.4241944769377049,0.4526293648452947,True,272
800.098337,304,812.693835,0.12507035255204707,0.12507035255204707,0.4125937131934415,0.4778864357398852,True,304
610.481803,270,813.134943,-0.09158845165809602,-0.09158845165809602,0.4203048331753954,0.4315894977934519,True,270
760.483342,292,814.400789,0.09453413807865607,0.09453413807865607,0.4156465518406592,0.5034599676293449,True,292
851.56926,296,814.88558,-0.3088089804478749,-0.3088089804478749,0.42089066845850315,0.4476481646581256,True,296
813.094873,406,815.55917,0.22800485630146716,0.22800485630146716,0.46966751023786657,0.4286703037150143,True,406
1230.660124,436,816.289506,0.21375902388098916,0.21375902388098916,0.42256139401681,0.49771231035665287,True,436
886.484967,326,816.831361,0.2053950787018839,0.2053950787018839,0.48161321186672784,0.4498523765263275,True,326
436.260807,264,817.308441,-0.3125602137169927,-0.3125602137169927,0.426816167284518,0.5142365430965032,True,264
867.657349,348,818.717908,-0.08621994644566291,-0.08621994644566291,0.4792823320593484,0.4441720057545413,True,348
1232.917498,424,819.419673,0.21084148009484474,0.21084148009484474,0.4230429457928871,0.5379642413258595,True,424
1226.867455,440,820.132087,0.20190071958436442,0.20190071958436442,0.41775602926519967,0.49348231917626495,True,440
551.967714,266,820.571815,-0.349048378039491,-0.349048378039491,0.4234240242352127,0.44468082704523626,True,266
1155.353858,529,821.43194,0.29921046547053043,0.29921046547053043,0.4475780739805947,0.4371827010431595,True,529
1223.962884,441,822.874381,0.1778410774110463,0.1778410774110463,0.42053316275040137,0.4994021478606351,True,441
1285.022235,457,823.631991,0.1862442273938545,0.1862442273938545,0.4234741538832479,0.4965246613072549,True,457
869.329876,491,824.446706,0.2776442819522122,0.2776442819522122,0.46014422011758266,0.44237364720056815,True,491
1216.281123,434,825.167894,0.21988698034154136,0.21988698034154136,0.42293956606544525,0.4970055933313811,True,434
842.006793,359,826.206321,0.26037199254683735,0.26037199254683735,0.48292642927013535,0.4470883658318883,True,359
892.960233,333,826.800149,0.12239623821350722,0.12239623821350722,0.48786044684138574,0.44789233945081514,True,333
1156.97521,459,827.56584,0.24510760320325886,0.24510760320325886,0.46661117037924166,0.4276564354098125,True,459
851.679679,295,828.053743,0.20647230909717265,0.20647230909717265,0.42686643159295257,0.5071608096079286,True,295
656.633916,361,828.657538,-0.2663753181817273,-0.2663753181817273,0.4170894218823271,0.49895124772462185,True,361
801.020459,385,829.29533,-0.49925252710039647,-0.49925252710039647,0.4279943137026899,0.5015012361594908,True,385
1190.907158,425,830.749099,0.17678125400848796,0.17678125400848796,0.4213821041546941,0.5257746076547268,True,425
696.233173,284,831.237914,-0.3844462081274003,-0.3844462081274003,0.4282681906374655,0.4491564171630212,True,284
879.296603,307,831.748117,0.1578035080905999,0.1578035080905999,0.413133731648839,0.49254042500761425,True,307
652.01862,279,832.216995,-0.4050515802382591,-0.4050515802382591,0.42367278968249605,0.4331187628676454,True,279
1198.355887,433,832.945747,0.2374366677272319,0.2374366677272319,0.42246994053051956,0.5148021706246618,True,433
916.705463,315,833.461111,0.1732474592135577,0.1732474592135577,0.427377093881855,0.4858354030159647,True,315
787.019404,289,834.875242,-0.32982444099200214,-0.32982444099200214,0.419015452023935,0.4650111721353719,True,289
1225.696391,429,835.59156,0.250526122703175,0.250526122703175,0.4190294297329919,0.5088855068857565,True,429
1252.340666,465,836.374449,0.25429328015048386,0.25429328015048386,0.42799826050612794,0.4399648460152601,True,465
800.414181,382,837.009049,0.18968445745871074,0.18968445745871074,0.4444465495560558,0.4336102216795731,True,382
1069.19967,423,837.716272,-0.031759274343330895,-0.031759274343330895,0.4167656652376407,0.479759306530239,True,423
810.491447,358,838.939592,0.1927240502444638,0.1927240502444638,0.49627299741467445,0.44105618100905264,True,358
1204.01038,433,839.642979,-0.33205370765131764,-0.33205370765131764,0.41668915157979947,0.44418495377086004,True,433
698.349953,280,840.11206,-0.27016841038064593,-0.27016841038064593,0.42981375918515186,0.44115474704895796,True,280
1249.98322,436,840.832431,0.07224756072221834,0.07224756072221834,0.42611806694914567,0.4655583278974999,True,436
798.157517,398,841.500701,0.28021077204218814,0.28021077204218814,0.44736725071173206,0.41654337982296014,True,398
822.672263,334,842.066636,0.1714149479335454,0.1714149479335454,0.49021064127345026,0.42370267661772537,True,334
868.793295,306,843.384398,-0.3678037927467127,-0.3678037927467127,0.41532528354178405,0.49904274184581443,True,306
820.810594,372,843.997054,0.21288188998731553,0.21288188998731553,0.48240145500170006,0.43896642986470674,True,372
1182.721779,437,844.705384,0.21100211232763247,0.21100211232763247,0.4263417270512152,0.4692690390312287,True,437
1285.213609,449,845.417224,0.16906811405221292,0.16906811405221292,0.42854123596194105,0.4756391409145202,True,449
858.040587,410,846.076303,-0.4470305236622281,-0.4470305236622281,0.43066305791347875,0.5049064217165516,True,410
1172.992622,467,847.545344,0.23238630642552327,0.23238630642552327,0.45675588610840534,0.4449420703949744,True,467
919.611068,312,848.054468,0.19453940458686672,0.19453940458686672,0.42041553987202934,0.47928730050489965,True,312
874.821266,318,848.574869,0.17969982783936383,0.17969982783936383,0.4207259973344057,0.4176547081234388,True,318
846.549123,301,849.062708,0.15490342241938457,0.15490342241938457,0.4312821348743203,0.47909799544611426,True,301
888.124036,328,849.593951,-0.1906332084783847,-0.1906332084783847,0.4929866269552303,0.447607374818314,True,328
1197.756225,423,850.289862,0.23055460636580868,0.23055460636580868,0.4167146711627891,0.5093268308586177,True,423
674.782927,284,851.070375,-0.3106320099954759,-0.3106320099954759,0.4411223576866843,0.4396326964472229,True,284
1217.844132,527,851.924912,0.20958546287794122,0.20958546287794122,0.4696274283065014,0.44706972885549895,True,527
742.734034,283,852.382351,-0.12236607588790971,-0.12236607588790971,0.41522981626284317,0.4347369955599519,True,283
1173.503962,459,853.131284,0.2170954060296098,0.2170954060296098,0.46038151449135783,0.4389926592345776,True,459
849.801254,374,853.737106,0.22241725395699333,0.22241725395699333,0.4927919330463943,0.4259359014272727,True,374
1144.955516,474,855.475407,0.2645526269038593,0.2645526269038593,0.4622682296671692,0.4424548418288389,True,474
1211.296418,436,856.193478,0.23269015889337533,0.23269015889337533,0.41765924729300546,0.4707008441823774,True,436
1248.109701,433,856.903217,0.24100841094736666,0.24100841094736666,0.41877024804415786,0.49553890641049325,True,433
818.997679,381,857.534136,0.24044306276786737,0.24044306276786737,0.462293991106313,0.4303519686594573,True,381
1103.80679,428,858.246978,-0.139482350289414,-0.139482350289414,0.4163729786875981,0.5014391059535411,True,428
1211.473928,435,859.531677,0.21565458092029774,0.21565458092029774,0.42572564290243836,0.4764849732965654,True,435
852.766675,318,860.039806,0.15755551972966786,0.15755551972966786,0.42919696060670826,0.4226738974434603,True,318
880.192474,300,860.535972,0.0174144466590569,0.0174144466590569,0.41536291820079024,0.46081227322088825,True,300
892.378893,314,861.104255,0.14106986971733657,0.14106986971733657,0.4242527094515703,0.516822222980997,True,314
869.218089,354,861.673936,-0.050746196008902504,-0.050746196008902504,0.501628145430737,0.4409113443248181,True,354
936.226691,400,862.853695,-0.16732791841135491,-0.16732791841135491,0.4272949770979274,0.500975719707967,True,400
825.713321,373,863.497468,-0.5693378524951104,-0.5693378524951104,0.41895159684830474,0.4963206908761519,True,373
1180.144416,478,864.26763,0.2536060883641465,0.2536060883641465,0.44073023703635944,0.4247303643649438,True,478
1004.956946,395,864.901021,-0.15522354737046481,-0.15522354737046481,0.4221382052380807,0.45824810332765054,True,395
1232.930671,497,865.701455,0.27377431240931116,0.27377431240931116,0.4558378161835704,0.42494063100918505,True,497
891.132258,332,866.881117,0.19928101811804522,0.19928101811804522,0.4909544023280913,0.4491807983063717,True,332
1229.41029,436,867.644758,0.2218179885522298,0.2218179885522298,0.41500079698983394,0.4885695002044428,True,436
1233.751711,453,868.378424,0.20468460549308376,0.20468460549308376,0.432356512868602,0.42598356935873183,True,453
1232.363612,454,869.103828,0.291287967816272,0.291287967816272,0.4643635689124448,0.4385720055689575,True,454
801.597062,477,869.872876,0.3813667374028206,0.3813667374028206,0.4826671568635707,0.43286819735478654,True,477
1211.206856,436,870.99042,0.21346377066891048,0.21346377066891048,0.42295358523331217,0.4905736771423031,True,436
1310.166454,582,871.922288,0.3268141728285911,0.3268141728285911,0.46384247301269904,0.43836047460117783,True,582
1128.817121,494,872.735359,0.18459882808359374,0.18459882808359374,0.4490813510996899,0.42706752648785684,True,494
1202.610959,468,873.492265,0.24422602870449714,0.24422602870449714,0.45077408373436867,0.4464829045802744,True,468
811.745193,347,874.746433,-0.4776658048866743,-0.4776658048866743,0.412242195609797,0.49835686894699593,True,347
838.993441,305,875.237237,-0.43945516614155866,-0.43945516614155866,0.4136013825863302,0.4958822921881261,True,305
795.833348,332,875.768255,-0.46161662528661346,-0.46161662528661346,0.42812965633323674,0.5123309835631973,True,332
1235.764169,446,876.52853,0.22134402229626374,0.22134402229626374,0.41341424929075893,0.42182925442391905,True,446
631.713815,271,876.985827,-0.14294847028356483,-0.14294847028356483,0.4295437363334995,0.43286333504236696,True,271
851.068429,387,877.602331,0.18463633946156865,0.18463633946156865,0.4716227309070867,0.4379889379297734,True,387
904.444149,326,878.698375,-0.041181346793663365,-0.041181346793663365,0.46365634216684937,0.4467374014824451,True,326
628.368027,281,879.154761,-0.3414901651651952,-0.3414901651651952,0.4284608192582778,0.4694329045605311,True,281
1293.338803,431,879.871305,0.19863009997571276,0.19863009997571276,0.42441643469868584,0.4810618475341777,True,431
667.699937,278,880.330739,-0.14941232175444102,-0.14941232175444102,0.42302660851056884,0.4364224826667871,True,278
801.156263,379,880.961009,-0.21089588399155867,-0.21089588399155867,0.4298032768533715,0.5348573363865136,True,379
1253.495696,451,881.703888,0.21523311149830343,0.21523311149830343,0.4363572130124627,0.41398712947097205,True,451
569.938143,272,882.670382,-0.1722230245189736,-0.1722230245189736,0.4328392941630037,0.4495077889534973,True,272
779.017324,286,883.148718,0.19402387305881416,0.19402387305881416,0.4281856534531641,0.49772657065406706,True,286
692.244164,371,883.760498,-0.23301965423189444,-0.23301965423189444,0.4206370666966126,0.5126185355959942,True,371
1162.106831,514,884.609687,0.23811959857659235,0.23811959857659235,0.4572548795447106,0.441197831900351,True,514
666.191989,367,885.221383,-0.1622990173719269,-0.1622990173719269,0.4267010835118929,0.5054297188849834,True,367
1253.221409,429,886.624515,0.23682440509700123,0.23682440509700123,0.424483260674183,0.5236438555786859,True,429
1274.756629,433,887.337659,0.20676534383120715,0.20676534383120715,0.4264758693805814,0.5403892113420766,True,433
843.924238,318,887.867435,0.13238791470581723,0.13238791470581723,0.4392702767077718,0.44560653952302565,True,318
1945.525006,886,889.324423,0.11673421573113558,0.11673421573113558,0.4118728855575439,0.4742147472913621,True,886
1213.153379,431,890.611571,0.22015987663161302,0.22015987663161302,0.42941830342671267,0.5315676027793792,True,431
1155.692117,517,891.462235,0.24430493229582673,0.24430493229582673,0.46066400685687775,0.44589671930139485,True,517
1247.039377,432,892.181037,0.1451308829680138,0.1451308829680138,0.42284753250486706,0.5112537353888323,True,432
1263.400148,459,892.951642,0.2662866356273256,0.2662866356273256,0.4242921451520179,0.5211450796307453,True,459
1192.220903,509,893.794962,0.21804552416601897,0.21804552416601897,0.44781468431080995,0.43174767368170214,True,509
1218.937241,429,894.9356,0.21710971744518068,0.21710971744518068,0.41331448485661376,0.49744673056572786,True,429
1153.682037,414,895.616445,-0.17127361027798801,-0.17127361027798801,0.42675352235618497,0.514842434687933,True,414
1194.196903,452,896.352455,0.23698663048510277,0.23698663048510277,0.4587418228334714,0.4480957593309202,True,452
1250.771931,446,897.090326,0.22688792019781429,0.22688792019781429,0.42491388950182385,0.43765723717692484,True,446
1239.052303,437,898.333426,-0.06974091623342793,-0.06974091623342793,0.4201386664573805,0.42365249971316576,True,437
795.791667,404,899.015194,0.2356412937308479,0.2356412937308479,0.463428319566586,0.44758384609850554,True,404
1240.88175,435,899.73918,0.2217287069484769,0.2217287069484769,0.4272350208085597,0.5007957242331711,True,435
1191.281162,472,900.51596,0.25488191822834577,0.25488191822834577,0.4730477861966914,0.44812370160555326,True,472
864.989748,367,901.118091,0.19502159252325066,0.19502159252325066,0.47688954651871684,0.42941520479282874,True,367
1212.914898,483,902.653377,0.24822063556373167,0.24822063556373167,0.459106470216613,0.43880411016771664,True,483
831.065644,497,903.493468,0.2797650134124974,0.2797650134124974,0.4655936748535228,0.4364235340168334,True,497
1112.255228,415,904.182948,-0.20178251553033266,-0.20178251553033266,0.41400982826195437,0.5102812099923191,True,415
827.545333,335,904.746351,0.20821829826989136,0.20821829826989136,0.49700831887954794,0.4375417842797249,True,335
1200.164506,453,905.573823,0.23223012559555256,0.23223012559555256,0.41663777614378206,0.43024783016112894,True,453
1208.898821,477,906.853402,0.2876814959376544,0.2876814959376544,0.44768806238781783,0.4230863233793234,True,477
1223.711038,447,907.581805,0.2329379439979975,0.2329379439979975,0.4303868857346943,0.4200461934325226,True,447
1251.740409,426,908.291567,0.24407282469624747,0.24407282469624747,0.4193847313613679,0.5312392904512114,True,426
1008.013432,402,908.952842,-0.23294105487166178,-0.23294105487166178,0.4188629141982924,0.47318756238304466,True,402
1247.139691,446,910.032915,0.22443613247712835,0.22443613247712835,0.4636825871648366,0.4460518208378434,True,446
1186.6923,440,910.792179,0.2135868721923691,0.2135868721923691,0.42938982440638146,0.430769366148549,True,440
1215.173383,432,911.512321,0.014477220933817312,0.014477220933817312,0.4159143462630293,0.5036175828688305,True,432
917.645155,389,912.160465,-0.1819494473190296,-0.1819494473190296,0.41460623323513857,0.4953409880373676,True,389
835.876465,391,912.804091,-0.2202432073800144,-0.2202432073800144,0.41302089672965525,0.4986486057643531,True,391
866.517779,481,914.223459,0.25595704188126384,0.25595704188126384,0.47658943268496484,0.430904126689841,True,481
850.579638,488,915.01558,0.42838224890883925,0.42838224890883925,0.4774896000603193,0.4389844029712203,True,488
1261.599188,448,915.772774,0.22840663523078028,0.22840663523078028,0.42324027242754275,0.5062689772834947,True,448
1254.512784,443,916.512558,0.240820759566861,0.240820759566861,0.4154840080605799,0.46397277651582525,True,443
700.911402,366,917.123919,-0.22505655206163022,-0.22505655206163022,0.4245233350758049,0.509380226643914,True,366
1267.102074,466,918.489904,0.2824927472272562,0.2824927472272562,0.45932008952815595,0.4471699853294133,True,466
638.501159,275,918.934408,-0.34709496574052884,-0.34709496574052884,0.440151487037068,0.4281116789236351,True,275
916.492925,323,919.471304,0.14106415760047333,0.14106415760047333,0.44223122485064575,0.4363440205002892,True,323
881.663648,309,919.983466,0.1253125005669412,0.1253125005669412,0.41225322234639644,0.47062630261571403,True,309
1196.716864,431,920.767829,-0.16823739626820713,-0.16823739626820713,0.41730988093026666,0.5102202954042714,True,431
1268.671941,443,921.516714,0.10850994033413688,0.10850994033413688,0.4167688187175289,0.4439587112945744,True,443
1246.799426,432,922.850042,0.22017444043841547,0.22017444043841547,0.4228633645399961,0.5148059058695242,True,432
909.180569,312,923.364168,-0.08437420750940267,-0.08437420750940267,0.43887032257631214,0.4332960925419099,True,312
935.315691,397,924.027914,-0.13821868805891652,-0.13821868805891652,0.4245924276063162,0.49757412851494887,True,397
842.759419,369,924.641106,0.2216295950365508,0.2216295950365508,0.4847066181941876,0.44604426781119516,True,369
842.458908,387,925.338908,-0.0488631041060972,-0.0488631041060972,0.4142940635691315,0.4755085560899255,True,387
919.885338,308,926.503567,0.20657513373860392,0.20657513373860392,0.42867006218604425,0.49881093143256067,True,308
1245.482391,436,927.22784,0.23556340839397233,0.23556340839397233,0.4142724058870008,0.4677239754986796,True,436
1164.739038,484,928.027153,0.1977817906090876,0.1977817906090876,0.428830587183803,0.4225980982288494,True,484
1184.670449,484,928.807403,0.24935302661677528,0.24935302661677528,0.460950489533403,0.43523191113475507,True,484
1239.795161,434,929.517863,0.23317844544929262,0.23317844544929262,0.4268230076623065,0.4829226237053533,True,434
1218.934154,427,930.980274,0.23590560175785955,0.23590560175785955,0.41568531142776377,0.4912510392026965,True,427
1239.485742,481,931.750844,0.23544556129824593,0.23544556129824593,0.4372812077209243,0.44862088579268566,True,481
1168.98539,415,932.4331,-0.04906355000017503,-0.04906355000017503,0.4279805896820465,0.4902620071450593,True,415
1155.769773,418,933.125779,-0.160793537154126,-0.160793537154126,0.41810154836272384,0.5038794950232109,True,418
1263.016012,437,934.337632,0.21524197484899724,0.21524197484899724,0.4184889968543205,0.522665580040803,True,437
1234.284918,423,935.02295,-0.3443539174008328,-0.3443539174008328,0.41370068713152836,0.46136979940847533,True,423
953.258532,403,935.657494,-0.5350401083460241,-0.5350401083460241,0.42141527925742855,0.4942288627295499,True,403
1221.658448,453,936.384441,0.24006484226283348,0.24006484226283348,0.430850938541069,0.43965641233333613,True,453
884.92781,307,936.875069,0.1334715404094584,0.1334715404094584,0.4162732958260623,0.49242234897401266,True,307
873.462925,306,937.363644,-0.4658524400643064,-0.4658524400643064,0.4225231933624889,0.49794636849271817,True,306
1205.533651,437,938.712787,0.18648600697732257,0.18648600697732257,0.4209559831635303,0.5025422197565873,True,437
1155.075274,427,939.420893,-0.08731818632240546,-0.08731818632240546,0.43034643230986114,0.5158355934493493,True,427
1288.629956,442,940.146472,0.2599247003355948,0.2599247003355948,0.41680823840377734,0.5139566693401796,True,442
743.542987,285,940.615983,-0.3603420386256389,-0.3603420386256389,0.42090159246249187,0.4365474152909354,True,285
771.559439,291,941.088113,-0.2443191293436613,-0.2443191293436613,0.4290861305106657,0.5017802190876002,True,291
892.407126,347,942.265097,0.24371210295334436,0.24371210295334436,0.5164310071680313,0.4361765557033329,True,347
1258.402607,433,942.951475,0.20025132804275064,0.20025132804275064,0.4175546996559957,0.5170152141276112,True,433
959.501799,406,943.617577,-0.22842268152608503,-0.22842268152608503,0.4179685369361015,0.48895591098969693,True,406
1316.073949,433,944.330858,0.04132753533514585,0.04132753533514585,0.4290441851388702,0.5356476843325757,True,433
1207.198857,431,945.038093,0.20894940256537584,0.20894940256537584,0.428746184066854,0.5085834701117632,True,431
915.060317,395,946.323255,-0.2535640856096436,-0.2535640856096436,0.4156932667674727,0.4761571018893236,True,395
1116.618684,630,947.358284,0.43720027883551194,0.43720027883551194,0.4675699449854785,0.43394346306755643,True,630
877.115135,312,947.863868,-0.3902375778843085,-0.3902375778843085,0.43006234454473474,0.4965459892092081,True,312
1272.25236,456,948.601282,0.2522983648153115,0.2522983648153115,0.4212747064306152,0.4392866609628185,True,456
1254.17683,437,949.31308,0.2176118880391313,0.2176118880391313,0.42847529380770927,0.4501056763791026,True,437
721.738211,378,950.749645,-0.22605028555956555,-0.22605028555956555,0.41951208753623026,0.5426180743097828,True,378
1258.58301,441,951.459879,0.24630462136677486,0.24630462136677486,0.4229732029535348,0.5150536641104602,True,441
1260.69742,427,952.160898,0.16626337564452542,0.16626337564452542,0.42814008502101064,0.4954079836455641,True,427
1275.997266,444,952.888565,0.22344268032023393,0.22344268032023393,0.41203997493007255,0.4734341392634588,True,444
1232.868058,472,954.417435,0.22483817997918118,0.22483817997918118,0.4270781672885694,0.42833978349547014,True,472
1305.161438,437,955.134476,0.09771170520402506,0.09771170520402506,0.422790477409224,0.4938613409249264,True,437
1260.626228,443,955.847416,0.24438738795770049,0.24438738795770049,0.4337661667009997,0.4413782331905931,True,443
1219.620623,471,956.607252,0.2391396826035195,0.2391396826035195,0.4677808996303319,0.4478349974794256,True,471
1250.346538,447,957.350216,0.2406139168390964,0.2406139168390964,0.4308217954065085,0.5048924735582743,True,447
1188.200442,532,958.619325,0.2983242840795807,0.2983242840795807,0.42800917839519464,0.42655449784172356,True,532
744.25962,376,959.232922,-0.10609161294222694,-0.10609161294222694,0.41791646420406775,0.524416289535109,True,376
1190.766978,447,959.961224,0.23309221689795528,0.23309221689795528,0.44658043238834,0.42849303055780735,True,447
1174.379132,425,960.631703,-0.11862304200764637,-0.11862304200764637,0.4246615100093078,0.5020972191390777,True,425
1014.90205,401,961.275884,-0.13478319842526765,-0.13478319842526765,0.42938778535462785,0.5098990555871423,True,401
1305.59737,444,962.829164,0.23906535611983132,0.23906535611983132,0.4279463648725332,0.49104766708539793,True,444
713.985675,276,963.278685,0.1372921519072287,0.1372921519072287,0.4302431624774696,0.4766717795559689,True,276
921.505737,312,963.785308,-0.46653470933524366,-0.46653470933524366,0.4166573964409468,0.45621179332287665,True,312
1215.256704,441,964.526,0.232590401678564,0.232590401678564,0.41831760385645733,0.46429870146867364,True,441
681.817897,369,965.139068,-0.2166096975910485,-0.2166096975910485,0.42346256617066835,0.5111519279198151,True,369
1225.373641,473,966.445414,0.24522910065716827,0.24522910065716827,0.45919671555099895,0.43613726342571846,True,473
1251.038198,466,967.204713,0.279580824053733,0.279580824053733,0.460512753810916,0.4357526612563128,True,466
1252.546774,447,967.930681,0.25180232533555647,0.25180232533555647,0.4387958170125848,0.43660352541461295,True,447
1294.973014,448,968.652949,0.252882637950696,0.252882637950696,0.43796357024372135,0.4390145036275455,True,448
1048.515174,417,969.347019,-0.18670354874712441,-0.18670354874712441,0.4183540666258189,0.48910781046368046,True,417
917.105144,313,970.643179,0.038042650173043514,0.038042650173043514,0.4219147930907582,0.4635581004428387,True,313
1254.786648,442,971.38863,0.22683559249820848,0.22683559249820848,0.4257118581344178,0.4563438125933119,True,442
1246.962596,436,972.112674,0.22920796179311534,0.22920796179311534,0.4172648977071124,0.4439611311254544,True,436
1238.479983,422,972.795708,0.011476181822372927,0.011476181822372927,0.4166309296468635,0.4643877882866086,True,422
819.537237,367,973.393907,0.2101064864175027,0.2101064864175027,0.4608474754151524,0.42949466398500386,True,367
822.468475,384,974.535371,-0.22305010438883938,-0.22305010438883938,0.416018153843512,0.5128628182764691,True,384
1283.225091,443,975.259944,0.03446030613296777,0.03446030613296777,0.44637857142666004,0.43915107223356087,True,443
1195.85157,472,976.035416,0.17545430329027079,0.17545430329027079,0.42632548865977055,0.4259595615689857,True,472
877.583766,406,976.681149,0.2094449439372958,0.2094449439372958,0.4657349818745255,0.440404264055814,True,406
1230.870148,475,977.483621,0.24137093705280402,0.24137093705280402,0.43322234064914,0.4245540481995493,True,475
807.136261,412,978.747934,0.24332267515229009,0.24332267515229009,0.486256478087391,0.44308555686249573,True,412
457.394387,260,979.206373,-0.2689103465668445,-0.2689103465668445,0.423915866569466,0.46005481197136866,True,260
779.823656,381,979.871271,-0.018081062496573198,-0.018081062496573198,0.42790047000516784,0.5265417205421135,True,381
1294.280892,431,980.591264,0.15431301812290496,0.15431301812290496,0.43084343217635956,0.489220732977791,True,431
894.643074,390,981.242566,-0.14931842219208433,-0.14931842219208433,0.42224477998859417,0.5069839815949844,True,390
1235.222256,465,982.706653,0.24400266397348297,0.24400266397348297,0.44332519271014975,0.4344692899776632,True,465
1207.170633,426,983.528837,0.06481373990560027,0.06481373990560027,0.42443889485168046,0.4963971985670498,True,426
873.045189,313,984.108714,0.1279662972235901,0.1279662972235901,0.4197906810521919,0.4497181775020455,True,313
903.947102,304,984.631914,-0.36736884016654064,-0.36736884016654064,0.4291203746810705,0.4847473955824782,True,304
1197.129584,498,985.470445,0.2534399108069675,0.2534399108069675,0.4489844807282085,0.43910658788547313,True,498
1279.659781,435,986.687511,0.2047706160946405,0.2047706160946405,0.42223119409130666,0.4904199732578151,True,435
683.229794,280,987.234341,-0.2160780514805917,-0.2160780514805917,0.41973825444439944,0.4277153178024659,True,280
1137.360575,425,987.976699,-0.2261264038626788,-0.2261264038626788,0.41489278607926455,0.499063537245495,True,425
1194.242871,458,988.731746,0.20555546854696213,0.20555546854696213,0.4697202575445373,0.4446985823225852,True,458
871.104982,349,989.299479,0.22462161043545203,0.22462161043545203,0.49539610333977496,0.42339293586237875,True,349
785.773393,380,990.895175,-0.20241148701713874,-0.20241148701713874,0.4159782163992316,0.515254172531223,True,380
844.748588,338,991.487312,0.19968819600997276,0.19968819600997276,0.49113842024003435,0.4267566327057698,True,338
1060.84962,405,992.163166,-0.19284748515054104,-0.19284748515054104,0.4270375629777841,0.4894465925149992,True,405
1257.470308,443,992.906796,0.2561202620130392,0.2561202620130392,0.42129134448315886,0.43513009501603267,True,443
1273.684617,432,993.626616,0.21625962111184766,0.21625962111184766,0.41428980034964696,0.5223218829549023,True,432
824.917356,357,994.215296,0.1953495862769192,0.1953495862769192,0.48254105394203417,0.42875858164211555,True,357
1223.917836,451,995.31775,0.25668499188988525,0.25668499188988525,0.430705405473382,0.4390934628249084,True,451
636.288705,272,995.756315,-0.004073014856883394,-0.004073014856883394,0.4447621917808183,0.4462863348971861,True,272
934.541887,389,996.392848,-0.1142735167117232,-0.1142735167117232,0.4275479432604596,0.508881588892452,True,389
781.684414,288,996.86156,-0.29556142924370876,-0.29556142924370876,0.42886395071836253,0.49079140366296126,True,288
1339.487832,450,997.590592,0.24975462505399385,0.24975462505399385,0.41884955401179885,0.5016111775038198,True,450
879.978548,327,998.709988,0.21407764859257358,0.21407764859257358,0.4924955802271753,0.44656124953411536,True,327
1314.206252,433,999.415879,0.2488473934319884,0.2488473934319884,0.4137737185844299,0.46550674410340404,True,433
1243.636634,451,1000.151301,0.220128345782596,0.220128345782596,0.45224320700546744,0.44578419984192497,True,451
1256.351939,435,1000.87371,0.223796126716905,0.223796126716905,0.4197056143462418,0.5208315819337249,True,435
1272.8161,463,1001.630732,0.26004598954400354,0.26004598954400354,0.41192164442888385,0.4614157447882832,True,463
1241.707928,428,1002.970819,0.23473011480961728,0.23473011480961728,0.4235980600612677,0.45993886100836334,True,428
1206.624562,452,1003.742331,0.23447311967250753,0.23447311967250753,0.4619845133432154,0.4412962267557904,True,452
790.94326,285,1004.216519,0.16797559235792883,0.16797559235792883,0.4164932164405818,0.4662547054243164,True,285
875.596938,322,1004.755583,0.1719405264753225,0.1719405264753225,0.4601361954445885,0.4468015084838259,True,322
1269.957231,439,1005.480433,0.22634280220917363,0.22634280220917363,0.4237605425324307,0.48930882357978606,True,439
772.893114,288,1006.282968,-0.31249571415208244,-0.31249571415208244,0.4163007530431967,0.4849940630226598,True,288
834.286478,455,1007.097151,0.24873478038806046,0.24873478038806046,0.4697767172269974,0.4377727499248281,True,455
885.308977,405,1007.748491,0.2450036546417194,0.2450036546417194,0.4577835527565507,0.42511273084664075,True,405
1282.263149,432,1008.453437,0.27302128569441786,0.27302128569441786,0.4248807765114827,0.49081301031590424,True,432
884.236827,469,1009.241338,0.24229752081918238,0.24229752081918238,0.44788162955685434,0.4284143437058134,True,469
1247.33135,466,1010.631213,0.21789633718614693,0.21789633718614693,0.44407105294404614,0.4158089375657505,True,466
1015.838532,403,1011.291841,-0.17203059426438372,-0.17203059426438372,0.4212281531070426,0.445514734553952,True,403
904.506729,325,1011.813497,0.21225122403757088,0.21225122403757088,0.44907532239870546,0.41807231376904674,True,325
1201.340939,461,1012.551707,0.26376929447362085,0.26376929447362085,0.4627493911838485,0.4482808127212531,True,461
1232.877267,456,1013.29856,0.24081357679700888,0.24081357679700888,0.43520312185541626,0.422346142278423,True,456
1290.916926,429,1014.606054,0.2258798474361886,0.2258798474361886,0.42231002572836307,0.49550468712547624,True,429
1173.853775,420,1015.28585,-0.036401931800423414,-0.036401931800423414,0.4246347571632245,0.516627720787949,True,420
1232.180558,429,1015.981709,0.23916017444989598,0.23916017444989598,0.42782072849887837,0.5308250271093312,True,429
1239.158605,419,1016.661624,0.27158023849561214,0.27158023849561214,0.4302448158648156,0.510391601533436,True,419
754.526131,378,1017.276119,-0.0707106608852787,-0.0707106608852787,0.41306998148532303,0.5155922220157555,True,378
1400.68117,749,1019.372516,-0.3931393805184154,-0.3931393805184154,0.41277890386543864,0.48977716941476906,True,749
1292.452717,426,1020.125995,0.1892688409560196,0.1892688409560196,0.41888999962913154,0.5152631034104375,True,426
1275.199331,433,1020.847747,0.2441937915697581,0.2441937915697581,0.41816301981135595,0.47388098041943655,True,433
900.607836,395,1021.494156,-0.15598210138014612,-0.15598210138014612,0.41436440638444155,0.47836579530597517,True,395
1263.104975,458,1023.133553,0.1993741312055736,0.1993741312055736,0.45235568895734474,0.43710742605792957,True,458
1211.591653,533,1023.991902,0.2604516526556355,0.2604516526556355,0.450543815620253,0.445467754023432,True,533
849.421616,310,1024.502538,-0.4365405349911569,-0.4365405349911569,0.42782031011968413,0.49594611261333643,True,310
1240.191834,441,1025.238577,-0.13299215339363016,-0.13299215339363016,0.44897049829610286,0.4330184894935367,True,441
1291.662493,429,1025.937873,-0.09755450014991762,-0.09755450014991762,0.414428416115922,0.49574094379646894,True,429
